wallet,block,side,price_usd,size_eth
0x55555cfddd37d8d82e06e0de90da9366ca3e31e8,50894098,SELL,2451.81718612,0.0000115359
0x55555cfddd37d8d82e06e0de90da9366ca3e31e8,50894098,SELL,2451.81800196,0.0008089565
0x55555cfddd37d8d82e06e0de90da9366ca3e31e8,50894098,BUY,2454.27421909,0.0005501545
0xd83e60d273fd0cb3b05c2611db940fecb7b6ca64,50894099,BUY,2454.28715667,0.0000491295
0x55555cfddd37d8d82e06e0de90da9366ca3e31e8,50894099,SELL,2451.81852794,0.0003783135
0x55555cfddd37d8d82e06e0de90da9366ca3e31e8,50894100,SELL,2451.79317029,0.0000282104
0x55555cfddd37d8d82e06e0de90da9366ca3e31e8,50894102,SELL,2451.81193226,0.0001072395
0x55555cfddd37d8d82e06e0de90da9366ca3e31e8,50894102,SELL,2451.80188280,0.0000440211
0x55555cfddd37d8d82e06e0de90da9366ca3e31e8,50894102,SELL,2451.80722313,0.0000389345
0x55555cfddd37d8d82e06e0de90da9366ca3e31e8,50894103,SELL,2451.79281126,0.0000380407
0x55555cfddd37d8d82e06e0de90da9366ca3e31e8,50894103,SELL,2451.81710173,0.0005414197
0x55555cfddd37d8d82e06e0de90da9366ca3e31e8,50894103,BUY,2462.81836947,0.0000001023
0x55555cfddd37d8d82e06e0de90da9366ca3e31e8,50894103,SELL,2451.81758009,0.0006003204
0x55555cfddd37d8d82e06e0de90da9366ca3e31e8,50894103,SELL,2451.81729416,0.0007964150
0x55555cfddd37d8d82e06e0de90da9366ca3e31e8,50894121,SELL,2451.80860420,0.0000845119
0x55555cfddd37d8d82e06e0de90da9366ca3e31e8,50894121,SELL,2451.79912049,0.0000442214
0x55555cfddd37d8d82e06e0de90da9366ca3e31e8,50894121,SELL,2451.81693572,0.0003672411
0x55555cfddd37d8d82e06e0de90da9366ca3e31e8,50894122,SELL,2451.81723959,0.0002659794
0x55555cfddd37d8d82e06e0de90da9366ca3e31e8,50894122,SELL,2451.81763652,0.0001900639
0x55555cfddd37d8d82e06e0de90da9366ca3e31e8,50894122,SELL,2451.81811606,0.0003079931
0x55555cfddd37d8d82e06e0de90da9366ca3e31e8,50894123,SELL,2451.77657359,0.0000217226
0x55555cfddd37d8d82e06e0de90da9366ca3e31e8,50894123,SELL,2451.81782412,0.0004672570
0x55555cfddd37d8d82e06e0de90da9366ca3e31e8,50894123,BUY,2454.27473127,0.0002137972
0x55555cfddd37d8d82e06e0de90da9366ca3e31e8,50894125,BUY,2454.27332253,0.0001684727
0x55555cfddd37d8d82e06e0de90da9366ca3e31e8,50894125,BUY,2454.27478850,0.0002853425
0x55555cfddd37d8d82e06e0de90da9366ca3e31e8,50894125,SELL,2451.81780647,0.0001262500
0x55555cfddd37d8d82e06e0de90da9366ca3e31e8,50894126,SELL,2451.81808279,0.0005576474
0x55555cfddd37d8d82e06e0de90da9366ca3e31e8,50894126,SELL,2451.81475496,0.0001240465
0x55555cfddd37d8d82e06e0de90da9366ca3e31e8,50894127,SELL,2451.81752998,0.0001890226
0x55555cfddd37d8d82e06e0de90da9366ca3e31e8,50894127,SELL,2451.79933794,0.0000204291
0x55555cfddd37d8d82e06e0de90da9366ca3e31e8,50894127,BUY,2454.30334363,0.0000285975
0x55555cfddd37d8d82e06e0de90da9366ca3e31e8,50894127,SELL,2451.81217118,0.0000750425
0x55555cfddd37d8d82e06e0de90da9366ca3e31e8,50894128,SELL,2451.81347151,0.0000516777
0x55555cfddd37d8d82e06e0de90da9366ca3e31e8,50894128,BUY,2460.85671154,0.0000001280
0x55555cfddd37d8d82e06e0de90da9366ca3e31e8,50894128,SELL,2451.81645502,0.0002636849
0x55555cfddd37d8d82e06e0de90da9366ca3e31e8,50894128,SELL,2451.81731111,0.0011212605
0x55555cfddd37d8d82e06e0de90da9366ca3e31e8,50894130,SELL,2451.81686454,0.0008862628
0x55555cfddd37d8d82e06e0de90da9366ca3e31e8,50894130,SELL,2451.81667150,0.0001333032
0x55555cfddd37d8d82e06e0de90da9366ca3e31e8,50894130,SELL,2451.81592453,0.0002935110
0x55555cfddd37d8d82e06e0de90da9366ca3e31e8,50894131,BUY,2454.27261421,0.0001204483
0x55555cfddd37d8d82e06e0de90da9366ca3e31e8,50894131,SELL,2451.81372149,0.0001266858
0x55555cfddd37d8d82e06e0de90da9366ca3e31e8,50894131,SELL,2451.81710759,0.0000721763
0x55555cfddd37d8d82e06e0de90da9366ca3e31e8,50894131,SELL,2451.81429996,0.0000400891
0x55555cfddd37d8d82e06e0de90da9366ca3e31e8,50894131,BUY,2457.84430819,0.0000002083
0x55555cfddd37d8d82e06e0de90da9366ca3e31e8,50894132,SELL,2451.74533979,0.0000127668
0x55555cfddd37d8d82e06e0de90da9366ca3e31e8,50894132,SELL,2451.79519955,0.0000357677
0x55555cfddd37d8d82e06e0de90da9366ca3e31e8,50894133,SELL,2451.81515305,0.0003893711
0x55555cfddd37d8d82e06e0de90da9366ca3e31e8,50894133,BUY,2454.27419930,0.0002527554
0x55555cfddd37d8d82e06e0de90da9366ca3e31e8,50894133,BUY,2454.27122548,0.0006330637
0xd741b9637b54c208f49ef48457fe9e957c8f0354,50894134,BUY,2454.27379396,0.0238092988
0x55555cfddd37d8d82e06e0de90da9366ca3e31e8,50894135,BUY,2454.28781675,0.0000371419
0x55555cfddd37d8d82e06e0de90da9366ca3e31e8,50894135,SELL,2451.81824191,0.0001193135
0x55555cfddd37d8d82e06e0de90da9366ca3e31e8,50894136,BUY,2454.27916899,0.0003423241
0x55555cfddd37d8d82e06e0de90da9366ca3e31e8,50894136,SELL,2451.73578505,0.0000077912
0x55555cfddd37d8d82e06e0de90da9366ca3e31e8,50894136,SELL,2451.81949230,0.0002126988
0x0de1440eca9c79dd6cacfaf99c1285092f574e12,50894136,BUY,2454.27706788,0.0008080498
0x0de1440eca9c79dd6cacfaf99c1285092f574e12,50894136,BUY,2454.27732437,0.0012128617
0x55555cfddd37d8d82e06e0de90da9366ca3e31e8,50894137,SELL,2451.77638059,0.0000106523
0x55555cfddd37d8d82e06e0de90da9366ca3e31e8,50894137,SELL,2451.82262028,0.0056476010
0x55555cfddd37d8d82e06e0de90da9366ca3e31e8,50894137,SELL,2451.82027068,0.0000890139
0x55555cfddd37d8d82e06e0de90da9366ca3e31e8,50894137,SELL,2451.82147283,0.0013254615
0x55555cfddd37d8d82e06e0de90da9366ca3e31e8,50894137,BUY,2456.92959230,0.0000002576
0x55555cfddd37d8d82e06e0de90da9366ca3e31e8,50894137,SELL,2451.81254101,0.0000878884
0x55555cfddd37d8d82e06e0de90da9366ca3e31e8,50894138,SELL,2451.82128614,0.0001274599
0x55555cfddd37d8d82e06e0de90da9366ca3e31e8,50894138,SELL,2451.81900704,0.0003226604
0x55555cfddd37d8d82e06e0de90da9366ca3e31e8,50894138,SELL,2451.81787377,0.0001729717
0x55555cfddd37d8d82e06e0de90da9366ca3e31e8,50894140,SELL,2451.81776313,0.0001812549
0x55555cfddd37d8d82e06e0de90da9366ca3e31e8,50894140,BUY,2454.27711284,0.0004727135
0x55555cfddd37d8d82e06e0de90da9366ca3e31e8,50894140,SELL,2451.77071702,0.0000193676
0x55555cfddd37d8d82e06e0de90da9366ca3e31e8,50894141,SELL,2451.78541049,0.0000266822
0x55555cfddd37d8d82e06e0de90da9366ca3e31e8,50894141,SELL,2451.82097450,0.0001995998
0x55555cfddd37d8d82e06e0de90da9366ca3e31e8,50894142,BUY,2454.27678789,0.0002840356
0x55555cfddd37d8d82e06e0de90da9366ca3e31e8,50894142,SELL,2451.82109016,0.0001255891
0x55555cfddd37d8d82e06e0de90da9366ca3e31e8,50894142,SELL,2451.76582122,0.0000156393
0xe415ff27730eeddf6b592f64a249cb3e62affa83,50894142,BUY,2454.27525263,0.0004074523
0x55555cfddd37d8d82e06e0de90da9366ca3e31e8,50894143,BUY,2454.28929402,0.0000346459
0x55555cfddd37d8d82e06e0de90da9366ca3e31e8,50894143,SELL,2451.81332747,0.0000123460
0x55555cfddd37d8d82e06e0de90da9366ca3e31e8,50894145,BUY,2454.27553363,0.0013485821
0x55555cfddd37d8d82e06e0de90da9366ca3e31e8,50894145,SELL,2451.82128705,0.0017541564
0x55555cfddd37d8d82e06e0de90da9366ca3e31e8,50894145,SELL,2451.81709457,0.0000276269
0x55555cfddd37d8d82e06e0de90da9366ca3e31e8,50894146,SELL,2451.81289631,0.0000153397
0x55555cfddd37d8d82e06e0de90da9366ca3e31e8,50894146,BUY,2454.42762167,0.0000050741
0x55555cfddd37d8d82e06e0de90da9366ca3e31e8,50894146,SELL,2451.74263144,0.0000096841
0x7fbaf865b1c5d2945980c7458aad9278cf2cf38c,50894147,BUY,2454.28141724,0.0548082017
0x081054d92abe0376af0db655aa93083a97783597,50894158,BUY,2454.29798658,0.0915839948
0xf5f3ef3787a1c068c8cafef35f07fa784977bea1,50894161,SELL,2451.83520814,0.1719864001
0x94b9c74ab053a8dc7a626980cbbb64a6b8e9bcfb,50894162,BUY,2454.27559585,0.0544082589
0x75c67ba3ded290b86005745e57f8e43257162ffb,50894164,SELL,2451.71274299,1.0202614695
0xc418be866c994df205c32cc4e4cdc6f4cf5a7736,50894165,SELL,2451.46468806,1.1690901908
0xaa15e3bda1fc142fba7e06265a49cca92eb4cea0,50894167,SELL,2451.07694000,2.2500000000
0x1278c1e48e3c9548a5d9f2b16dc27ed311b0697c,50894174,SELL,2450.82180617,0.0000816053
0x1278c1e48e3c9548a5d9f2b16dc27ed311b0697c,50894180,SELL,2450.82178767,0.0000816053
0x83113a0febb6cf0627e2730fd96a5a0ebc361d30,50894187,BUY,2453.27657879,0.0185224383
0xf5f3ef3787a1c068c8cafef35f07fa784977bea1,50894193,BUY,2453.29808517,0.1711981119
0x1278c1e48e3c9548a5d9f2b16dc27ed311b0697c,50894194,SELL,2450.86363636,0.0001100000
0x95b04b76f9a907c70b88748b985b64f46b310961,50894202,SELL,2450.86222222,0.0225000000
0x54e2acab04c89a3fe02852bf8dd69ee8f526bc75,50894210,SELL,2450.85967950,0.0001224060
0x0f014545de76a29892b9319e5a4123b28299f33b,50894218,SELL,2450.85927947,0.0033906835
0x1278c1e48e3c9548a5d9f2b16dc27ed311b0697c,50894219,SELL,2450.85148221,0.0001224060
0x93baca9e03dded6bdd372fae04e539ced0d89524,50894220,BUY,2453.31462454,0.0268745367
0x4b8fc070f232ba0d48a612f78d5ca875bf5a862e,50894221,SELL,2450.84229000,0.2000000000
0x25ab8a02cb7c677c2bcec2f7760d77a49a55675d,50894222,SELL,2450.81807760,0.0135575587
0x88776fbd991c76aae24e12da906e47fc8be7aab2,50894227,BUY,2453.26959286,0.0010375631
0x0dfa768499c331acbd6df31887eca6f5860fbd6f,50894227,BUY,2453.27092990,0.0004893830
0xf5f3ef3787a1c068c8cafef35f07fa784977bea1,50894227,BUY,2453.28435399,0.1304373867
0x7e05016d568d384b27c9198f536820905e38a4e9,50894248,BUY,2453.32321900,0.2117960035
0xc12a38fc7d17b1b53d60ed7b00aa370a9bb96f43,50894248,BUY,2453.42282134,0.6653648531
0x501ef174b66883ba40f92e6fb24bfb49331d4d4c,50894250,SELL,2451.04547544,0.0001020067
0x8f2ad01d5149360fea69dd3fc4d0b28c07ad3e23,50894255,BUY,2453.49864298,0.0015625262
0x1d578ba0ec858cced790540e703bfa5585684299,50894276,BUY,2453.50281994,0.0002177385
0x54e2acab04c89a3fe02852bf8dd69ee8f526bc75,50894277,SELL,2451.04580460,0.0001795152
0xdeda0aa0cd222ce330eaf88de0fec0ce4c832828,50894346,BUY,2453.50257822,0.0337714652
0x43a831fdffe4aaaab403ec1134c297015e5e69cf,50894346,BUY,2453.51023233,0.0337660854
0xf997f4b7a44328b3a45c4e58dc5c07ee735c8b1a,50894346,BUY,2453.53639885,0.0000408296
0x54e2acab04c89a3fe02852bf8dd69ee8f526bc75,50894349,SELL,2451.06067085,0.0024479349
0xf73644da46ab85da864fc4284322f489134ee82c,50894369,BUY,2453.51230668,0.0041736086
0xf73644da46ab85da864fc4284322f489134ee82c,50894372,BUY,2453.51321111,0.0037904830
0x3482d9a357ba687c57237ec1587e9f7484856f0e,50894372,BUY,2453.51430860,0.0022376690
0x3482d9a357ba687c57237ec1587e9f7484856f0e,50894372,BUY,2453.53322096,0.0000040134
0xfffff93233905118d37f2cb2117dc2aa5ccf861e,50894378,BUY,2453.51473168,0.0001784379
0xddddd40c0fcdd0d670cbc8a0dfe79a03e19eaf24,50894378,BUY,2453.65906973,0.0000051034
0x404d4c1edfd2775b6817a94534a183be8564016f,50894413,BUY,2454.09336777,0.0000055874
0xca372e59191cf8b72c609ed61f70536b8b978987,50894424,BUY,2454.15261602,0.7504587999
0x98c0aa9b906dce9d3747e01c84e8c5559efd7ceb,50894424,BUY,2454.27320245,0.3147484605
0x35b01f4d927bf314bfca1489d96f7c5a33902d6f,50894424,BUY,2454.32441382,0.1376451182
0x760a1117bbc5bf0ac217be7610ec03853ae408cc,50894425,SELL,2451.88495362,0.0111912278
0xf04a2505afb967a1b4f43304e17994e94bdc13a1,50894435,BUY,2454.43479398,0.8597326962
0xdce041bee255393169fb297f1507746f2047229b,50894452,SELL,2452.14533644,0.0103156484
0x88776fbd991c76aae24e12da906e47fc8be7aab2,50894527,BUY,2454.61874082,0.0010426947
0x9972f4c1e53b5eeb9e2630a7dddb5d5bfbcac451,50894527,BUY,2454.62041606,0.0003474069
0x2d211f5e249729aa5c9f838a9e7b363f19ef1c43,50894541,BUY,2454.62211577,0.0000373752
0xf0523316cf23ef167d874fa030b2214280e38ee6,50894541,BUY,2454.62431521,0.0497168118
0x789088ace0313020819d012997040286855f7341,50894541,BUY,2454.63034786,0.0031669107
0x61994cbbe3b3fdfdac748667348abf9ac1a63aa5,50894542,BUY,2454.63615672,0.0485859119
0x4337020f43d3d7d2f5e4160397efea49aefa5e7d,50894542,SELL,2452.18697241,0.0038192398
0x824ad98fbcb4220f49ed80051815f649ace4b465,50894620,SELL,2451.98347761,1.7996383529
0x3500d208eed9a551f222adb2163aea50c464b5fe,50894620,BUY,2454.23420921,0.0011453927
0x54e2acab04c89a3fe02852bf8dd69ee8f526bc75,50894623,SELL,2451.77821159,0.0001223398
0x0f014545de76a29892b9319e5a4123b28299f33b,50894624,SELL,2451.77968701,0.0028851858
0xbe610cdd7fda3eb07f9aa1dea1db50409cffba9f,50894675,BUY,2454.44913406,0.0034393408
0xcbbf081759ce6af2d6c0fe9047ad5ba3a4daf70c,50894748,BUY,2454.48647516,0.0023680958
0xfde88016a65b2371f2c6e4f698a0c79598e46435,50894797,BUY,2455.29628523,0.0033148358
0x5115114525475047bae8c42aec29bfe2a227db22,50894803,BUY,2455.29716221,0.0033259005
0x98b199b64b46a67e99700729b42cc4c252f7c190,50894804,SELL,2452.84037603,0.0193509298
0x88776fbd991c76aae24e12da906e47fc8be7aab2,50894827,BUY,2455.29304885,0.0010409605
0x0dfa768499c331acbd6df31887eca6f5860fbd6f,50894827,BUY,2455.29466420,0.0004873268
0x048ef1062cbb39b338ac2685da72adf104b4cef5,50894932,BUY,2456.45550458,0.0008752448
0x2d53b7982cf80ffdd822c439a196454078d66369,50894932,SELL,2453.99620500,0.0314101606
0x1278c1e48e3c9548a5d9f2b16dc27ed311b0697c,50894955,BUY,2456.44940781,0.0022593586
0x8dabac4948b2f11f317e7668add98aeac5ef1c1c,50894959,BUY,2456.45937736,0.0855459927
0xfde88016a65b2371f2c6e4f698a0c79598e46435,50894989,BUY,2456.46987574,0.0015063226
0x7c26bd38d2c6d340359f5113bb83a8aeba4563d3,50894999,BUY,2456.48018604,0.0000661849
0xe83f75907fb4c575414fa6f5cfe8cef24dc5870c,50895008,BUY,2456.49409368,0.2170153644
0x0841a1262b83cc1db81799bf08f5ab61d636d2c8,50895036,BUY,2456.51958277,0.0041067847
0xfde88016a65b2371f2c6e4f698a0c79598e46435,50895038,BUY,2456.52080875,0.0081356811
0xc27a2b4bd5b374c3cb3c711e17901628824f8258,50895042,BUY,2456.52261093,0.0072055665
0xecca0eab42bcdc7823a10d4562c4d918a404948b,50895052,BUY,2456.52392708,0.0016204495
0x931ab551bb83390e4fdc46ae0e2c074debd3bc3d,50895068,BUY,2456.55396167,0.0026435458
0x1278c1e48e3c9548a5d9f2b16dc27ed311b0697c,50895072,BUY,2456.55672665,0.0001941360
0xc6537725eef04d9cfe9f799a1ad8aa781978e253,50895084,SELL,2454.05404124,0.3880000000
0x88776fbd991c76aae24e12da906e47fc8be7aab2,50895127,BUY,2456.46614179,0.0010429018
0xc6537725eef04d9cfe9f799a1ad8aa781978e253,50895127,SELL,2453.97636709,0.2999508401
0x2cf7920f4e639f3c3007513b31d438d53ead883e,50895127,BUY,2456.39991598,0.0004789090
0x9972f4c1e53b5eeb9e2630a7dddb5d5bfbcac451,50895127,BUY,2456.39896061,0.0003474851
0x14adbc7ea094914aa9d9de96b7832915ffefe5f3,50895163,BUY,2456.82906911,0.0000006028
0xc6537725eef04d9cfe9f799a1ad8aa781978e253,50895163,SELL,2453.91823766,0.2149647796
0x47eabd3b00b5523c593d2153eb8ae0cd6bb5bacb,50895163,BUY,2456.35033210,0.0016285641
0xd367585417ff3a8a8734574fd8b1486acb0bfe4d,50895174,SELL,2453.89392031,0.0005839486
0xd367585417ff3a8a8734574fd8b1486acb0bfe4d,50895174,SELL,2453.89038244,0.0000431388
0xd367585417ff3a8a8734574fd8b1486acb0bfe4d,50895174,SELL,2453.88576377,0.0001158546
0xd367585417ff3a8a8734574fd8b1486acb0bfe4d,50895174,BUY,2468.61133809,0.0000000741
0xd367585417ff3a8a8734574fd8b1486acb0bfe4d,50895174,SELL,2453.89357499,0.0039039737
0xd367585417ff3a8a8734574fd8b1486acb0bfe4d,50895174,SELL,2453.89201187,0.0104845963
0xd367585417ff3a8a8734574fd8b1486acb0bfe4d,50895174,BUY,2456.38559316,0.0000071023
0xc6537725eef04d9cfe9f799a1ad8aa781978e253,50895240,SELL,2453.85006808,0.2448396436
0x3bb4336f5b638df9942a76609213019751350337,50895240,BUY,2456.27869094,0.0019566990
0x05854d0c70d2f696fb3d9c0863100956b795e2ff,50895240,BUY,2456.27909529,0.0048549458
0x2d93c2f74b2c4697f9ea85d0450148aa45d4d5a2,50895245,SELL,2453.82107882,0.0247005837
0x0e8c44f936d0d8a400671a56b1909995addc7059,50895265,SELL,2453.81717172,0.0099000000
0x048ef1062cbb39b338ac2685da72adf104b4cef5,50895265,BUY,2456.27204828,0.0005682139
0xf5a45a0b9bfc2f914f519adb032633b80dd8db69,50895267,BUY,2456.27362448,0.0152973279
0x1278c1e48e3c9548a5d9f2b16dc27ed311b0697c,50895282,SELL,2453.81300451,0.0000761660
0xe5694f075bff61af4de528b906c3168a40a9f8c6,50895332,SELL,2453.81438296,0.0455400000
0xf5f3ef3787a1c068c8cafef35f07fa784977bea1,50895341,SELL,2453.79071903,0.1634409214
0x0e8c44f936d0d8a400671a56b1909995addc7059,50895347,SELL,2453.77101010,0.0099000000
0xc6537725eef04d9cfe9f799a1ad8aa781978e253,50895356,SELL,2453.74360215,0.2130724529
0x33b34ec46601c5c823303ca8455522e0fe5d2988,50895356,BUY,2456.17560811,0.0015026593
0x0e8c44f936d0d8a400671a56b1909995addc7059,50895356,SELL,2453.71868687,0.0099000000
0x66583507df36ada40eae2d572358e76971c69de3,50895376,SELL,2453.71701368,0.0025357892
0x0f014545de76a29892b9319e5a4123b28299f33b,50895423,SELL,2453.71666483,0.0023735870
0x0dfa768499c331acbd6df31887eca6f5860fbd6f,50895427,BUY,2456.17345198,0.0004854861
0x0e8c44f936d0d8a400671a56b1909995addc7059,50895441,SELL,2453.71515152,0.0099000000
0x048ef1062cbb39b338ac2685da72adf104b4cef5,50895457,BUY,2456.16988413,0.0020356898
0x1278c1e48e3c9548a5d9f2b16dc27ed311b0697c,50895472,BUY,2456.17011960,0.0000407138
0x8dc26f94a8e0e8dc65414cad6767cc52b8cac86f,50895473,BUY,2456.17275595,0.0232068367
0x0a12e60c05c778941e108677231f872af5961eff,50895484,SELL,2453.71868687,0.0099000000
0xb30d9e067db53d14ef0c33e69c56b09ecc8c98db,50895539,SELL,2453.69432821,0.2053415115
0xe955f8eed3321f8431f2924c65824f1910eb0638,50895551,BUY,2456.12453240,0.0001937760
0xb30d9e067db53d14ef0c33e69c56b09ecc8c98db,50895567,SELL,2453.66049363,0.0080710738
0x1764f5ed04299ee64cbc2d724fb7bf206eaa8f70,50895571,SELL,2453.65566368,0.0067938657
0x1ad6afe044188d2348ea99a7a3c6d93e18924d89,50895578,SELL,2453.65373737,0.0099000000
0x68e11f81f75fa5e75eb1614a3875ef033fcce445,50895584,SELL,2453.65030879,0.0203296500
0x54e2acab04c89a3fe02852bf8dd69ee8f526bc75,50895603,SELL,2453.00000000,0.0000010000
0x2f268190f9c97b14f3c81842c5daf10e694dee69,50895613,SELL,2453.56397576,0.2475000000
0xfde88016a65b2371f2c6e4f698a0c79598e46435,50895624,BUY,2455.99209444,0.0008692410
0x98c0aa9b906dce9d3747e01c84e8c5559efd7ceb,50895638,SELL,2453.35053023,1.6396017693
0x4337020f43d3d7d2f5e4160397efea49aefa5e7d,50895672,SELL,2453.10278667,0.1115702442
0xf0523316cf23ef167d874fa030b2214280e38ee6,50895675,BUY,2455.55741440,0.1086657064
0x5e72ea82e6521736147993fe4e806a16c6359ae9,50895675,BUY,2455.57089340,0.0101482267
0xffce21c7b843312716f1c1efdb87c9f16f3ff628,50895676,SELL,2453.11423412,0.0250392318
0x54e2acab04c89a3fe02852bf8dd69ee8f526bc75,50895678,SELL,2453.10722620,0.0001222935
0xf2d1aff8a41cdef7e06c8443866124184c3ef527,50895702,SELL,2452.91277936,0.1535407778
0x483176d904d6e544abaf1cfbf0b6c4d376b9c026,50895705,SELL,2452.89409091,0.0110000000
0xb998df5bc88f1ab6d7d5c4635a2dcaa14f3b79c6,50895711,SELL,2452.89199605,0.0079995960
0x45c86f9ab3a4c81ef75bc96f3fbdc75f6ff8e230,50895711,SELL,2452.88549495,0.0495000000
0x501ef174b66883ba40f92e6fb24bfb49331d4d4c,50895712,BUY,2455.33569959,0.0009473914
0x048ef1062cbb39b338ac2685da72adf104b4cef5,50895713,SELL,2452.86838353,0.0000407682
0xa0664f58560474e27c2bd22fc0c43d8f78c8ac80,50895718,SELL,2452.87823511,0.0165421917
0x88776fbd991c76aae24e12da906e47fc8be7aab2,50895727,BUY,2455.31699779,0.0010404933
0x9972f4c1e53b5eeb9e2630a7dddb5d5bfbcac451,50895727,BUY,2455.31771566,0.0003466729
0x824ad98fbcb4220f49ed80051815f649ace4b465,50895735,BUY,2455.54236446,1.9917287736
0xf2d1aff8a41cdef7e06c8443866124184c3ef527,50895735,SELL,2453.26143722,0.2232046633
0x01da59fa01145599cfe8c6784462bead52998b4b,50895736,SELL,2453.18013737,0.4950000000
0x82e1ff9cc4a4b2e323177006fce9b93703930d18,50895739,SELL,2453.08405927,0.0000197547
0x501ef174b66883ba40f92e6fb24bfb49331d4d4c,50895740,BUY,2455.57954386,0.0018329742
0x9814a48e5ee9fd444b02ccf3a0fe6aaefca0b982,50895743,SELL,2453.11941569,0.0449933938
0xd14602c85a25a4e520441c47a97a2c9da63ae1be,50895747,SELL,2452.89112000,0.2625000000
0xa971283289448b30188cec3f0e60ad92322e4970,50895747,SELL,2452.74460018,1.0321875000
0xa971283289448b30188cec3f0e60ad92322e4970,50895755,SELL,2452.59866303,0.2575781250
0xee603a4cdfe40591e80d41a0cdd13be5c68942ed,50895758,BUY,2455.02685409,0.0256522514
0x4c30ecf511c1db9cd04f5b305b52889482f840f6,50895759,BUY,2455.03195185,0.0192383720
0xd14602c85a25a4e520441c47a97a2c9da63ae1be,50895760,SELL,2452.53799084,0.3684375000
0x7065f484d2a9b7c818eafd8561dda92dccfe7cd4,50895762,BUY,2454.95134508,0.0042143715
0x0f014545de76a29892b9319e5a4123b28299f33b,50895763,SELL,2452.49614340,0.0007808856
0x501ef174b66883ba40f92e6fb24bfb49331d4d4c,50895768,SELL,2452.48973918,0.0001223202
0x100bce1a32c0a9a17218d205ba8088167e0ea97b,50895771,SELL,2452.42704016,0.5676631868
0x1278c1e48e3c9548a5d9f2b16dc27ed311b0697c,50895776,SELL,2452.36045567,0.0001223246
0x297773a41e7ece247dbf1f01ea99863924a76a0f,50895778,SELL,2452.30242803,0.5334825579
0xf2d1aff8a41cdef7e06c8443866124184c3ef527,50895778,SELL,2452.21898411,0.2040849126
0x8682d65528995ce7e9c1d6e60bdaf1e1a6764c35,50895791,BUY,2454.65058957,0.0050032054
0xd14602c85a25a4e520441c47a97a2c9da63ae1be,50895825,SELL,2452.16837293,0.2493750000
0x37cd2fe5816bb366194eaa66b137aa459c28b5cf,50895828,SELL,2452.13552869,0.0407868492
0xd14602c85a25a4e520441c47a97a2c9da63ae1be,50895833,SELL,2452.10770898,0.2053125000
0xbc5c9457aa733b312538c785dde4583b037ca77d,50895840,BUY,2454.54072230,0.0201654157
0x048ef1062cbb39b338ac2685da72adf104b4cef5,50895840,SELL,2452.08732965,0.0003466439
0xada382448603c2274ab76fba8e918faf85bb1780,50895850,BUY,2454.58215832,0.0000197390
0xad58d92a036b8ae55501c24573c93b24b00b883c,50895872,SELL,2452.09436364,0.0990000000
0xb8d0ece4f1a6ee421e90a8d6a38498b34d28261c,50895882,SELL,2452.03173026,0.0587318795
0x1b45335b25c4155760602eb083f5ce4083477b0b,50895888,BUY,2454.48582627,0.0000316017
0x048ef1062cbb39b338ac2685da72adf104b4cef5,50895891,SELL,2452.02499494,0.0008156524
0x55555cfddd37d8d82e06e0de90da9366ca3e31e8,50895898,SELL,2452.02145347,0.0002828038
0x55555cfddd37d8d82e06e0de90da9366ca3e31e8,50895898,SELL,2452.02262691,0.0001217754
0x55555cfddd37d8d82e06e0de90da9366ca3e31e8,50895898,SELL,2452.02444090,0.0000684732
0x55555cfddd37d8d82e06e0de90da9366ca3e31e8,50895899,SELL,2452.02288057,0.0003562985
0x55555cfddd37d8d82e06e0de90da9366ca3e31e8,50895899,SELL,2452.00956486,0.0000563746
0x55555cfddd37d8d82e06e0de90da9366ca3e31e8,50895899,SELL,2452.02353696,0.0004923325
0x55555cfddd37d8d82e06e0de90da9366ca3e31e8,50895900,SELL,2452.02041951,0.0002219708
0x55555cfddd37d8d82e06e0de90da9366ca3e31e8,50895900,SELL,2452.02155982,0.0003110099
0x55555cfddd37d8d82e06e0de90da9366ca3e31e8,50895902,BUY,2454.48352998,0.0000243424
0x55555cfddd37d8d82e06e0de90da9366ca3e31e8,50895902,SELL,2452.01826452,0.0000952256
0x55555cfddd37d8d82e06e0de90da9366ca3e31e8,50895902,SELL,2452.02303025,0.0004257264
0x55555cfddd37d8d82e06e0de90da9366ca3e31e8,50895904,BUY,2454.47956798,0.0004655883
0x55555cfddd37d8d82e06e0de90da9366ca3e31e8,50895904,SELL,2452.02370458,0.0013140497
0x55555cfddd37d8d82e06e0de90da9366ca3e31e8,50895904,SELL,2452.01295221,0.0000690433
0x55555cfddd37d8d82e06e0de90da9366ca3e31e8,50895904,SELL,2452.02258511,0.0002666456
0x55555cfddd37d8d82e06e0de90da9366ca3e31e8,50895904,BUY,2458.69027439,0.0000001838
0x501ef174b66883ba40f92e6fb24bfb49331d4d4c,50895905,SELL,2452.02359760,0.0020391313
0x55555cfddd37d8d82e06e0de90da9366ca3e31e8,50895905,SELL,2452.01068323,0.0000602942
0x55555cfddd37d8d82e06e0de90da9366ca3e31e8,50895905,SELL,2451.98924099,0.0000226816
0x55555cfddd37d8d82e06e0de90da9366ca3e31e8,50895905,SELL,2452.01431507,0.0000804286
0x55555cfddd37d8d82e06e0de90da9366ca3e31e8,50895905,SELL,2452.00356171,0.0000304371
0x55555cfddd37d8d82e06e0de90da9366ca3e31e8,50895905,BUY,2457.40120431,0.0000002409
0x55555cfddd37d8d82e06e0de90da9366ca3e31e8,50895905,SELL,2452.02333270,0.0011283216
0x55555cfddd37d8d82e06e0de90da9366ca3e31e8,50895908,SELL,2452.02119758,0.0002622800
0x55555cfddd37d8d82e06e0de90da9366ca3e31e8,50895908,SELL,2452.02282236,0.0000489233
0x55555cfddd37d8d82e06e0de90da9366ca3e31e8,50895908,SELL,2452.01397626,0.0000728254
0x55555cfddd37d8d82e06e0de90da9366ca3e31e8,50895908,BUY,2460.79823890,0.0000001325
0x55555cfddd37d8d82e06e0de90da9366ca3e31e8,50895908,SELL,2452.02114278,0.0004487906
0x55555cfddd37d8d82e06e0de90da9366ca3e31e8,50895909,SELL,2451.98973386,0.0000235119
0x55555cfddd37d8d82e06e0de90da9366ca3e31e8,50895910,SELL,2452.01168660,0.0000878038
0x55555cfddd37d8d82e06e0de90da9366ca3e31e8,50895910,SELL,2452.02036522,0.0003704541
0x55555cfddd37d8d82e06e0de90da9366ca3e31e8,50895910,BUY,2454.48094807,0.0002095250
0x55555cfddd37d8d82e06e0de90da9366ca3e31e8,50895911,SELL,2452.02263916,0.0000865779
0x55555cfddd37d8d82e06e0de90da9366ca3e31e8,50895911,SELL,2452.02229697,0.0005781587
0x55555cfddd37d8d82e06e0de90da9366ca3e31e8,50895914,SELL,2452.00504004,0.0000509183
0x55555cfddd37d8d82e06e0de90da9366ca3e31e8,50895914,SELL,2452.01968791,0.0002039967
0x55555cfddd37d8d82e06e0de90da9366ca3e31e8,50895914,SELL,2452.01609548,0.0000876430
0x55555cfddd37d8d82e06e0de90da9366ca3e31e8,50895914,SELL,2452.00779406,0.0000373547
0x55555cfddd37d8d82e06e0de90da9366ca3e31e8,50895914,BUY,2457.45729978,0.0000002376
0x55555cfddd37d8d82e06e0de90da9366ca3e31e8,50895914,SELL,2452.02030215,0.0000317718
0x55555cfddd37d8d82e06e0de90da9366ca3e31e8,50895915,BUY,2454.47789674,0.0006235204
0x55555cfddd37d8d82e06e0de90da9366ca3e31e8,50895915,SELL,2452.01998445,0.0000543307
0x55555cfddd37d8d82e06e0de90da9366ca3e31e8,50895915,BUY,2454.48028062,0.0000341233
0x55555cfddd37d8d82e06e0de90da9366ca3e31e8,50895915,SELL,2452.00191696,0.0000122602
0x55555cfddd37d8d82e06e0de90da9366ca3e31e8,50895916,SELL,2452.02255053,0.0015755222
0x55555cfddd37d8d82e06e0de90da9366ca3e31e8,50895916,SELL,2452.00218309,0.0000212357
0x55555cfddd37d8d82e06e0de90da9366ca3e31e8,50895918,SELL,2452.01931536,0.0001530196
0x55555cfddd37d8d82e06e0de90da9366ca3e31e8,50895918,BUY,2454.47712288,0.0013282658
0x55555cfddd37d8d82e06e0de90da9366ca3e31e8,50895918,SELL,2452.02168844,0.0004132105
0x55555cfddd37d8d82e06e0de90da9366ca3e31e8,50895919,SELL,2452.01910185,0.0000813118
0x55555cfddd37d8d82e06e0de90da9366ca3e31e8,50895919,SELL,2452.02171227,0.0003140266
0x55555cfddd37d8d82e06e0de90da9366ca3e31e8,50895919,BUY,2457.79222743,0.0000002201
0x55555cfddd37d8d82e06e0de90da9366ca3e31e8,50895919,SELL,2452.02234606,0.0001686751
0x55555cfddd37d8d82e06e0de90da9366ca3e31e8,50895919,SELL,2452.02178513,0.0008011638
0x55555cfddd37d8d82e06e0de90da9366ca3e31e8,50895920,SELL,2452.01249543,0.0000372086
0x55555cfddd37d8d82e06e0de90da9366ca3e31e8,50895920,SELL,2451.95695779,0.0000140308
0x55555cfddd37d8d82e06e0de90da9366ca3e31e8,50895923,SELL,2452.02136033,0.0007612483
0x55555cfddd37d8d82e06e0de90da9366ca3e31e8,50895924,SELL,2452.02082782,0.0003560463
0x55555cfddd37d8d82e06e0de90da9366ca3e31e8,50895924,BUY,2454.47606631,0.0002810412
0x55555cfddd37d8d82e06e0de90da9366ca3e31e8,50895924,SELL,2452.02154385,0.0001242624
0xada382448603c2274ab76fba8e918faf85bb1780,50895924,BUY,2454.51501312,0.0000118435
0x55555cfddd37d8d82e06e0de90da9366ca3e31e8,50895925,SELL,2452.01643539,0.0001381765
0x55555cfddd37d8d82e06e0de90da9366ca3e31e8,50895925,SELL,2452.01127935,0.0000721008
0x55555cfddd37d8d82e06e0de90da9366ca3e31e8,50895925,BUY,2455.89488575,0.0000003779
0x55555cfddd37d8d82e06e0de90da9366ca3e31e8,50895925,SELL,2452.01753650,0.0000334423
0x55555cfddd37d8d82e06e0de90da9366ca3e31e8,50895925,SELL,2452.02139921,0.0002208484
0x55555cfddd37d8d82e06e0de90da9366ca3e31e8,50895926,SELL,2452.02142715,0.0000970428
0x55555cfddd37d8d82e06e0de90da9366ca3e31e8,50895926,SELL,2452.01909240,0.0000533454
0x55555cfddd37d8d82e06e0de90da9366ca3e31e8,50895928,BUY,2454.47651120,0.0005528898
0x55555cfddd37d8d82e06e0de90da9366ca3e31e8,50895928,BUY,2454.47640537,0.0003371648
0x55555cfddd37d8d82e06e0de90da9366ca3e31e8,50895928,SELL,2452.02187746,0.0004267331
0x55555cfddd37d8d82e06e0de90da9366ca3e31e8,50895929,SELL,2452.02055388,0.0000316971
0x55555cfddd37d8d82e06e0de90da9366ca3e31e8,50895929,BUY,2454.47766677,0.0002489454
0x55555cfddd37d8d82e06e0de90da9366ca3e31e8,50895929,SELL,2452.02120629,0.0004420288
0x55555cfddd37d8d82e06e0de90da9366ca3e31e8,50895931,BUY,2454.47783711,0.0001659335
0x55555cfddd37d8d82e06e0de90da9366ca3e31e8,50895931,SELL,2452.01865981,0.0002543769
0x55555cfddd37d8d82e06e0de90da9366ca3e31e8,50895932,SELL,2452.02119836,0.0004411100
0x55555cfddd37d8d82e06e0de90da9366ca3e31e8,50895932,BUY,2454.48880553,0.0000499794
0x55555cfddd37d8d82e06e0de90da9366ca3e31e8,50895932,SELL,2452.01740828,0.0000719832
0x55555cfddd37d8d82e06e0de90da9366ca3e31e8,50895932,BUY,2454.47796674,0.0002797544
0x55555cfddd37d8d82e06e0de90da9366ca3e31e8,50895932,SELL,2452.01627407,0.0001235983
0x55555cfddd37d8d82e06e0de90da9366ca3e31e8,50895933,SELL,2452.01985804,0.0005324574
0x55555cfddd37d8d82e06e0de90da9366ca3e31e8,50895933,SELL,2452.02047398,0.0002448695
0x55555cfddd37d8d82e06e0de90da9366ca3e31e8,50895935,SELL,2452.01730041,0.0001077052
0x45c86f9ab3a4c81ef75bc96f3fbdc75f6ff8e230,50895935,SELL,2452.01811448,0.0297000000
0x501ef174b66883ba40f92e6fb24bfb49331d4d4c,50895945,SELL,2452.01468470,0.0008156558
0x4ce63e379aea0756cb05c31cbc5ef48d1dc88331,50895958,BUY,2454.47130772,0.0002568969
0xada382448603c2274ab76fba8e918faf85bb1780,50895958,BUY,2454.47158436,0.0000138176
0xdadd11d33b17c4f4a77d3a4ebda04ada64bd2c62,50895960,BUY,2454.46944437,0.0074030512
0x1278c1e48e3c9548a5d9f2b16dc27ed311b0697c,50895966,BUY,3066.55368886,0.0000000016
0x048ef1062cbb39b338ac2685da72adf104b4cef5,50895971,SELL,2452.01623709,0.0008156553
0x9814a48e5ee9fd444b02ccf3a0fe6aaefca0b982,50895973,BUY,2454.47511571,0.0449595481
0xd83e60d273fd0cb3b05c2611db940fecb7b6ca64,50895973,BUY,2454.49799281,0.0000457817
0xc3ad21b8c45140bc3375e48deb3ae2a1edde607f,50895980,SELL,2452.02072727,0.0495000000
0x1278c1e48e3c9548a5d9f2b16dc27ed311b0697c,50895983,SELL,2452.00180668,0.0000407826
0xada382448603c2274ab76fba8e918faf85bb1780,50895994,BUY,2454.48650725,0.0000256616
0x40e0f0856efe77a0123b99d78d04bb525370d45b,50896020,SELL,2452.01210191,0.0015251850
0x31d81616a32b6caffbf7f34d7795e2ae943bfc07,50896020,SELL,2452.01235841,0.0014800064
0x8b32db8e9cc107131f38b107be58b65bfe8b501f,50896020,SELL,2452.01185716,0.0016130542
0xc064c07665d3b63d73fdd738b5521c87eead8db3,50896020,SELL,2452.01101891,0.0014259748
0x4cc889b7327e0c094c4aa4a9068e6f919512140a,50896021,SELL,2452.01083642,0.0015651240
0x468e2a95f9b0b195f9e7aa29985a250c7d26f390,50896021,SELL,2452.01055088,0.0014269857
0xdadd11d33b17c4f4a77d3a4ebda04ada64bd2c62,50896021,SELL,2452.00973701,0.0072569850
0xd1f51aa8fec1075bd52725ce234b4819f9947fdc,50896021,SELL,2452.00853779,0.0014137402
0xa971283289448b30188cec3f0e60ad92322e4970,50896022,SELL,2451.93946401,0.6117187500
0xdedcefb69b0ddb3554fb4f896bb7e07ba0e585d1,50896023,SELL,2451.86939132,0.0012641354
0x3191d8542dcf9e1b3e7db8a0b7d3534dbaa3f1be,50896023,SELL,2451.86962150,0.0011416704
0x8709512ba2297078746a0f99ae18f033dcc11244,50896023,SELL,2451.86925921,0.0011355687
0x3e62f338327c06ebedf70263ba064f7831074b45,50896023,SELL,2451.86906242,0.0014647756
0x4166b3becc120eae8d1fb7c14e28f1012842e857,50896023,SELL,2451.86889459,0.0014694464
0x4e1f14865e8d81c512ad0690c91e8362b924dcd0,50896023,SELL,2451.86805549,0.0013204854
0xef6884caabc548344a90ed25ca7ee3e190b5dae0,50896023,SELL,2451.86789358,0.0016086258
0xbbb0172372ca4d82484780dbb5b2b6b2be4af506,50896023,SELL,2451.86763616,0.0014183433
0x88776fbd991c76aae24e12da906e47fc8be7aab2,50896027,BUY,2454.32171321,0.0010394697
0x0dfa768499c331acbd6df31887eca6f5860fbd6f,50896027,BUY,2454.32323941,0.0004841718
0xada382448603c2274ab76fba8e918faf85bb1780,50896029,BUY,2454.36083289,0.0000118442
0x54e2acab04c89a3fe02852bf8dd69ee8f526bc75,50896036,SELL,2451.86307242,0.0421789953
0xaa1b272196abc18860d3bee19b731e43e43802bb,50896051,SELL,2451.80731425,0.5323725557
0x54e2acab04c89a3fe02852bf8dd69ee8f526bc75,50896052,SELL,2451.67031603,0.0001223562
0x44c5097c199d782fe542f1c9d521218409179a4e,50896053,SELL,2451.66888707,0.0183482685
0x03d9964f4d93a24b58c0fc3a8df3474b59ba8557,50896054,BUY,2454.12077741,0.0031170756
0x83113a0febb6cf0627e2730fd96a5a0ebc361d30,50896056,SELL,2451.66375520,0.0336600000
0x1278c1e48e3c9548a5d9f2b16dc27ed311b0697c,50896057,BUY,2454.11394416,0.0042907543
0xf98deabd31ac2bbb41a309d3832d5a557fde5978,50896057,SELL,2451.59513772,0.5805384230
0x03d9964f4d93a24b58c0fc3a8df3474b59ba8557,50896069,BUY,2453.99844793,0.0000362095
0x4417346e949495bf2d4baac0130be915769f77f7,50896073,SELL,2451.52908973,0.0016973737
0x2997cea7e2427bc891eccc13a841298163ba7503,50896073,SELL,2451.52815163,0.0017640609
0x141d40fcd3c023da259e4673c4774cfb4efe3d3b,50896074,SELL,2451.52775415,0.0020930495
0xf8d13d5ea08f21f2d8f336f4f374adcbd57c5982,50896074,SELL,2451.52724653,0.0022624158
0xe5b6de2ee6488bd6c03e654f02ea3144b954e8fc,50896074,SELL,2451.51336627,0.1205844900
0xaf003b9e2b46183150ade95030e05844032f08f9,50896076,SELL,2451.49938503,0.0020411720
0xd97882de20666ff41d1294e93c02dea5d6811a88,50896077,SELL,2451.49811730,0.0021037883
0x7f0373979c5aef06d3a66ddbe96ba88f22c20e96,50896077,SELL,2451.49749562,0.0020675681
0x4cf6bde99667c5990960df8b69695dc0f7643094,50896077,SELL,2451.49585934,0.0020379753
0xe4fbae3b7113ed2b9de6c43aaf2ca265b9d770a5,50896077,SELL,2451.49570803,0.0022409287
0x67a97002479bbe9b5623d5a0cbc57a77199a8a6d,50896077,SELL,2451.49483755,0.0017979446
0x0f91393728c50914cea8ea43302c3117335d450d,50896079,SELL,2451.49363430,0.0020621261
0x450da2adcce41a3af9fce4f394f68471cdc0389b,50896079,SELL,2451.49272902,0.0022709723
0x0a7ddf0b97f49d47b0827744f9820e1ff8a23f0b,50896079,SELL,2451.49232197,0.0019097221
0x1b78b27918dd128debd852b9da6eeb849fcfd26d,50896079,SELL,2451.49073583,0.0019609113
0x522402f5b87c1236578363e4a89fe53cd22f2aad,50896079,SELL,2451.49027223,0.0022984729
0x55428f943ccc79b6a32e1428efd637b0ea4be753,50896079,SELL,2451.49015901,0.0022892211
0xc064c07665d3b63d73fdd738b5521c87eead8db3,50896079,SELL,2451.48856769,0.0019925898
0x52f9609e3a6e1897db00fc6e9adccb9ed00d1cb5,50896080,SELL,2451.40336915,0.7518984791
0x40e0f0856efe77a0123b99d78d04bb525370d45b,50896080,SELL,2451.31738445,0.0017653858
0x74267ea8d4fa150ff2f3a7850e4dd5cb097adb45,50896080,SELL,2451.31691023,0.0017540082
0x130a4b8da48b20d45bfe7904eee80a38be2b3401,50896080,SELL,2451.31601727,0.0019100552
0xdedcefb69b0ddb3554fb4f896bb7e07ba0e585d1,50896080,SELL,2451.31545550,0.0018459126
0xb35c8f54e09bc9ef13251aa55693237187db6433,50896082,SELL,2451.31535925,0.0017200190
0x3191d8542dcf9e1b3e7db8a0b7d3534dbaa3f1be,50896082,SELL,2451.31406502,0.0017026121
0xc5b6a8d72dd5281a1ab6cdf52fd9c0e591a6f734,50896082,SELL,2451.31375196,0.0022377862
0x457f176b0b6cccfc510099e1f194640e91cee1d3,50896082,SELL,2451.31318890,0.0018670381
0x8709512ba2297078746a0f99ae18f033dcc11244,50896082,SELL,2451.31310170,0.0022673566
0x5f5b2369742015eacff9b7eae3c072900841ffc7,50896082,SELL,2451.31240954,0.0020957149
0xd806613858ba00dbfb7f26539aa630dfeb8d90fe,50896082,SELL,2451.31076339,0.0017175725
0x379800d6ec7e35c405c76badc97e69c93b39e3b7,50896082,SELL,2451.31045606,0.0023326050
0x18945315cd2a6bbc96d4fc2082d03b1b66748fc9,50896084,SELL,2451.31020871,0.0022411231
0x565049f9fc5a9b6527da0305343a1fe95d596243,50896084,SELL,2451.30942572,0.0021821509
0x5a5a6fe6086328518f570debe51262eeaa3bc381,50896084,SELL,2451.30938634,0.0018836394
0xa1ce7f6d7d5ccf2eea42b2e0fb7f8c922139d41c,50896084,SELL,2451.30851267,0.0017419619
0xa8f288dd0bb71a88780c57d73ba25c3418b31b97,50896089,SELL,2451.30425000,0.0400000000
0x0a12e60c05c778941e108677231f872af5961eff,50896093,SELL,2451.29858586,0.0099000000
0x13c9737b53ba3cc0cf7073573ea6af79fe630dc4,50896096,SELL,2451.29703180,0.0024843542
0x6696ff02afb3651f144f5ff0e487bf02b79ba5b6,50896096,SELL,2451.29646879,0.0023857494
0xbde3373b871db1539daf6fedd1b92a6d2b1de385,50896096,SELL,2451.29536072,0.0024495926
0x4875116a45106ecaca24e6898dea50f4df8964fd,50896096,SELL,2451.29468676,0.0027977420
0x0a7ddf0b97f49d47b0827744f9820e1ff8a23f0b,50896096,SELL,2451.29399959,0.0023699801
0x303651fac84e8fd76c748e70ad86f6f5fe8a6fe2,50896096,SELL,2451.29354625,0.0032777853
0xfbb52afd5077902b4485f15333cdbdb3cfba9a0f,50896096,SELL,2451.29290427,0.0025412704
0xc401f382668d67568bf8b30776c3ff9af2830bc4,50896097,SELL,2451.29218504,0.0025060232
0xe8cfae42e68565bbb87650c0f22b93a1f373d5c9,50896097,SELL,2451.29172816,0.0025361380
0xe4fbae3b7113ed2b9de6c43aaf2ca265b9d770a5,50896097,SELL,2451.29122918,0.0024051573
0x45450f66c79f205a7555d55c3f5f3bf408bceab2,50896097,SELL,2451.29051863,0.0023859118
0x13c9737b53ba3cc0cf7073573ea6af79fe630dc4,50896097,SELL,2451.28948040,0.0026184374
0x6696ff02afb3651f144f5ff0e487bf02b79ba5b6,50896097,SELL,2451.28892543,0.0025187161
0xee690b66ae7b57e2be694de1db3a37a5c211d69e,50896097,SELL,2451.28877505,0.0018843243
0x67a97002479bbe9b5623d5a0cbc57a77199a8a6d,50896098,SELL,2451.28811327,0.0026439438
0xfbb52afd5077902b4485f15333cdbdb3cfba9a0f,50896098,SELL,2451.28737678,0.0025438849
0x0a7ddf0b97f49d47b0827744f9820e1ff8a23f0b,50896098,SELL,2451.28677231,0.0024697922
0xe8cfae42e68565bbb87650c0f22b93a1f373d5c9,50896098,SELL,2451.28432352,0.0027183138
0x56c69b2aeb103631a859b5ae9bd570754a7b41c7,50896098,SELL,2451.28386180,0.0023907227
0x28cadbcf5cbf1b9cad6b17878516b750fce704ac,50896098,SELL,2451.28236082,0.0020515262
0x92f19c1b0f019383a2716280d9a963e1e9484ffc,50896099,SELL,2451.28081616,0.0014454492
0xe6c98f5943d86b7f72b5b8f2d6a1ea3ae86a17d0,50896099,SELL,2451.28065803,0.0012874303
0x72aee0df6327348a89529f2915a2b05691ee55dc,50896099,SELL,2451.28053288,0.0014196086
0x13c9737b53ba3cc0cf7073573ea6af79fe630dc4,50896099,SELL,2451.28040841,0.0027051793
0x45450f66c79f205a7555d55c3f5f3bf408bceab2,50896099,SELL,2451.27831796,0.0023947738
0x0a7ddf0b97f49d47b0827744f9820e1ff8a23f0b,50896099,SELL,2451.27755040,0.0028058385
0xbde3373b871db1539daf6fedd1b92a6d2b1de385,50896099,SELL,2451.27570488,0.0026085630
0xe4fbae3b7113ed2b9de6c43aaf2ca265b9d770a5,50896099,SELL,2451.27513401,0.0025730106
0xe8cfae42e68565bbb87650c0f22b93a1f373d5c9,50896099,SELL,2451.27446322,0.0028914571
0xfbb52afd5077902b4485f15333cdbdb3cfba9a0f,50896099,SELL,2451.27287790,0.0025512235
0x13c9737b53ba3cc0cf7073573ea6af79fe630dc4,50896100,SELL,2451.27247474,0.0029076511
0xe986fffe3c29561caf064df932a57cd9bd192fcb,50896100,SELL,2451.27082941,0.0049238888
0x56c69b2aeb103631a859b5ae9bd570754a7b41c7,50896100,SELL,2451.26981338,0.0028983917
0xfc9c9bec2f9da780c7e67205e34e4c078142671e,50896100,SELL,2451.26920031,0.0041198535
0x0a7ddf0b97f49d47b0827744f9820e1ff8a23f0b,50896100,SELL,2451.26811967,0.0028879689
0x67a97002479bbe9b5623d5a0cbc57a77199a8a6d,50896100,SELL,2451.26757249,0.0031133415
0x28cadbcf5cbf1b9cad6b17878516b750fce704ac,50896100,SELL,2451.26622693,0.0025617405
0x4a76e5dfd655d836deb12fb78558d66dcbc4a72f,50896100,SELL,2451.26560249,0.0034334917
0xbde3373b871db1539daf6fedd1b92a6d2b1de385,50896100,SELL,2451.26464909,0.0026369307
0x92f19c1b0f019383a2716280d9a963e1e9484ffc,50896100,SELL,2451.26435603,0.0023020944
0xe8cfae42e68565bbb87650c0f22b93a1f373d5c9,50896101,SELL,2451.26356636,0.0029000823
0xee86da31118c288e6b12a6652878cdb356b490a8,50896101,SELL,2451.26323732,0.0021153921
0xfbb52afd5077902b4485f15333cdbdb3cfba9a0f,50896101,SELL,2451.26240472,0.0026300673
0xe6c98f5943d86b7f72b5b8f2d6a1ea3ae86a17d0,50896101,SELL,2451.26187037,0.0030386619
0x45450f66c79f205a7555d55c3f5f3bf408bceab2,50896101,SELL,2451.26143379,0.0025014521
0x72aee0df6327348a89529f2915a2b05691ee55dc,50896101,SELL,2451.26069888,0.0018368752
0x13c9737b53ba3cc0cf7073573ea6af79fe630dc4,50896101,SELL,2451.26016487,0.0031472730
0x0a7ddf0b97f49d47b0827744f9820e1ff8a23f0b,50896101,SELL,2451.25961302,0.0031242036
0x67a97002479bbe9b5623d5a0cbc57a77199a8a6d,50896101,SELL,2451.25871380,0.0031145713
0xbde3373b871db1539daf6fedd1b92a6d2b1de385,50896102,SELL,2451.25810301,0.0026759565
0x56c69b2aeb103631a859b5ae9bd570754a7b41c7,50896102,SELL,2451.25751372,0.0042084089
0xfbb52afd5077902b4485f15333cdbdb3cfba9a0f,50896102,SELL,2451.25654218,0.0026371862
0xfc9c9bec2f9da780c7e67205e34e4c078142671e,50896102,SELL,2451.25577301,0.0043413630
0x28cadbcf5cbf1b9cad6b17878516b750fce704ac,50896102,SELL,2451.25496604,0.0045323743
0x4a76e5dfd655d836deb12fb78558d66dcbc4a72f,50896102,SELL,2451.25389729,0.0040920918
0xee86da31118c288e6b12a6652878cdb356b490a8,50896102,SELL,2451.25295150,0.0027403080
0xbde3373b871db1539daf6fedd1b92a6d2b1de385,50896103,SELL,2451.25163835,0.0028841062
0x67a97002479bbe9b5623d5a0cbc57a77199a8a6d,50896103,SELL,2451.24966411,0.0033370550
0x1278c1e48e3c9548a5d9f2b16dc27ed311b0697c,50896104,BUY,2453.70205897,0.0020377372
0xfbb52afd5077902b4485f15333cdbdb3cfba9a0f,50896104,SELL,2451.24853749,0.0030492453
0x67a97002479bbe9b5623d5a0cbc57a77199a8a6d,50896104,SELL,2451.24776496,0.0033756914
0x72aee0df6327348a89529f2915a2b05691ee55dc,50896105,SELL,2451.24708368,0.0032115955
0x45450f66c79f205a7555d55c3f5f3bf408bceab2,50896105,SELL,2451.24627842,0.0027782096
0xfbb52afd5077902b4485f15333cdbdb3cfba9a0f,50896105,SELL,2451.24576020,0.0032080598
0x67a97002479bbe9b5623d5a0cbc57a77199a8a6d,50896106,SELL,2451.24484077,0.0034529215
0x6d8a3a60fc4ae7398665a73b2245817ccec9ba80,50896106,SELL,2451.24416555,0.0016842268
0x45450f66c79f205a7555d55c3f5f3bf408bceab2,50896108,SELL,2451.24385614,0.0029142547
0xfbb52afd5077902b4485f15333cdbdb3cfba9a0f,50896108,SELL,2451.24303384,0.0036109920
0x6d8a3a60fc4ae7398665a73b2245817ccec9ba80,50896108,SELL,2451.24223773,0.0030032026
0x443aaaa3986b4fc98ea7597504296e4d56917624,50896109,BUY,2453.69509166,0.0061132290
0x45450f66c79f205a7555d55c3f5f3bf408bceab2,50896110,SELL,2451.24232515,0.0029392557
0x6d8a3a60fc4ae7398665a73b2245817ccec9ba80,50896110,SELL,2451.24146718,0.0037309817
0x45450f66c79f205a7555d55c3f5f3bf408bceab2,50896113,SELL,2451.24074311,0.0030355860
0x621abdd4cfadd6ac815698dc9f9f244cfde31d23,50896113,SELL,2451.23980078,0.0017310281
0x88435ae679fd9ba7ac39ea9c715e8ad69b5812e6,50896116,SELL,2451.23647410,0.0191844677
0x45450f66c79f205a7555d55c3f5f3bf408bceab2,50896117,SELL,2451.21075058,0.0031327812
0x45450f66c79f205a7555d55c3f5f3bf408bceab2,50896119,SELL,2451.21017340,0.0031348132
0xbebc813bd1625951fb196210c6b231b7c9ca9d0e,50896122,SELL,2451.20540404,0.0396000000
0xef762b55ad31e4c47b552a5da8e667059e315979,50896128,SELL,2451.19002658,0.0164429100
0xbebc813bd1625951fb196210c6b231b7c9ca9d0e,50896128,SELL,2451.18371212,0.0396000000
0x137412d48a5fc443fb525041173be4952d2bc3da,50896141,BUY,2453.64380706,0.1017665516
0x0a12e60c05c778941e108677231f872af5961eff,50896150,SELL,2451.20111111,0.0099000000
0x0f014545de76a29892b9319e5a4123b28299f33b,50896153,SELL,2451.19905706,0.0005319935
0xf40769103903af2dcf4c721dbd9304a7216d6e73,50896176,SELL,2451.19425716,0.0121473000
0x9e167b4f7afa9e1f51592f87170e7af7c24e0a4c,50896178,BUY,2453.65137268,0.0479871510
0x824abda7e8bfcf47c543761c50bc7bf6756deda9,50896195,BUY,2453.65693782,0.0005558801
0x845b247ead57cf07f823c94fd3ac3a5361d81755,50896195,BUY,2453.69563184,0.0000150137
0x0a12e60c05c778941e108677231f872af5961eff,50896199,SELL,2451.20272727,0.0099000000
0x0a12e60c05c778941e108677231f872af5961eff,50896202,SELL,2451.20050505,0.0099000000
0x7665b937d55f4e39a3d9c626e5bf1efa4fc1cf93,50896202,BUY,2453.66057790,0.0714174522
0x39dfc0a30251dabe8a24f9c5be480b2e404b76de,50896203,BUY,2453.67351256,0.0423993655
0x0a12e60c05c778941e108677231f872af5961eff,50896215,SELL,2451.21959596,0.0297000000
0x0a12e60c05c778941e108677231f872af5961eff,50896218,SELL,2451.21286195,0.0297000000
0xe62561be7859b4ce1a8ef01ad437fe2e1e6fbe40,50896277,BUY,2453.66396229,0.0122266131
0x501ef174b66883ba40f92e6fb24bfb49331d4d4c,50896278,BUY,2453.66539159,0.0003586471
0xdbf22b34716d4f18887b9988288c606523896088,50896316,SELL,2451.21234314,0.0030585400
0x88776fbd991c76aae24e12da906e47fc8be7aab2,50896327,BUY,2453.66556573,0.0010383033
0x9972f4c1e53b5eeb9e2630a7dddb5d5bfbcac451,50896327,BUY,2453.66724860,0.0003459426
0x7665b937d55f4e39a3d9c626e5bf1efa4fc1cf93,50896327,SELL,2451.20845848,0.0358789285
0xdd0655e7ad2e1047758e96b6b51b30909e6f33ea,50896333,BUY,2453.66011221,0.0232537929
0x71c47c3c8e7abdf81c1f4ca02a8e4ae183d523a5,50896333,SELL,2451.20938808,0.0014995178
0xaba23c3e0f7a3fa2482ea05b990c13f4fa48dd5d,50896333,BUY,2453.66358751,0.0098629890
0xa28669d95a6339da0b0216ae1683ef6f9edc2720,50896333,BUY,2453.66582606,0.0086809808
0xd983b256ddeec0803474cf55453d113add984270,50896334,SELL,2451.21301936,0.0046615447
0x9c08584327cb1ba8f58398d108f2262a314a2328,50896334,BUY,2453.66785931,0.0203122891
0xc45f500f5d11309a0076c7ac6b96af8137249b28,50896334,BUY,2453.67053273,0.0020684994
0x7dbecef0697381954b1356d6b0a13e8a878134d3,50896335,BUY,2453.68113464,0.0925131297
0x7626626c5468af828699a36f5d1a28c9a697e923,50896335,SELL,2451.23329751,0.0463962872
0x5a90ddde8fc47e6063c63baf06fa374993db6257,50896352,SELL,2451.22209495,0.0524009731
0x5a90ddde8fc47e6063c63baf06fa374993db6257,50896352,BUY,2453.67181509,0.0000772715
0x0b659bd163b02a206af600f3928d63c1c44f1d11,50896369,BUY,2453.81456976,0.0297074978
0x3a43bacc495f31a7c1da2f11607a97e42627df37,50896371,BUY,2453.82066100,0.0240317232
0xf5f3ef3787a1c068c8cafef35f07fa784977bea1,50896393,SELL,2451.36937703,0.0127507447
0x3e24f40f05edf67740e7a9cfa33665d2d9d2067c,50896395,BUY,2453.82397837,0.0240785250
0xc0d5ef70de98965f8a31583a89206773dbfe3b4f,50896424,BUY,2453.82943167,0.0239505478
0xc27a2b4bd5b374c3cb3c711e17901628824f8258,50896454,BUY,2453.86644199,0.0000261457
0x34f0df219cee3ea62aebe813e54ea8f96b4bda96,50896459,SELL,2451.37719128,0.0054124290
0xc082b2e4ed816e3abfc127f5fd46877b893c6c9a,50896461,BUY,2453.83058282,0.0044400217
0x34f0df219cee3ea62aebe813e54ea8f96b4bda96,50896485,SELL,2451.37759872,0.0011348370
0x12c51473ecec31920552b2cefc96f7c3ccf1dacd,50896506,BUY,2453.04918537,0.8382029860
0x6abea4998f9ef34ee1cda5715ccca0e4d4efb730,50896507,BUY,2453.14544400,0.0088670405
0x5e4371d357ef0b065cdb103eb662ad3a565df5d1,50896508,BUY,2453.14951780,0.0277728367
0x8d34de6a310817fd6ac30c00a01a5057b347f0a9,50896509,BUY,2453.16884724,0.1426726091
0x26a60c718c3f442288566fddfb7fd60f747c495e,50896514,SELL,2450.73181818,0.0019800000
0xf0ff58dc6e22a6c068de2d0244dd746cf7cbbaea,50896521,BUY,2453.18750721,0.0254006267
0x0f014545de76a29892b9319e5a4123b28299f33b,50896527,SELL,2450.73758388,0.0015891669
0xc0ffeeee46499a3f63426763fbc0e8344162fc97,50896530,BUY,2453.19322427,0.0000910711
0x501ef174b66883ba40f92e6fb24bfb49331d4d4c,50896535,SELL,2450.73724932,0.0017219308
0x17d2195057ec1a5599a11cbdd65604e57f08c74c,50896617,BUY,2453.19168250,0.0023010835
0x6d046a9f585541755081f0d424e97a924d8b95c8,50896623,BUY,2453.20942630,0.1559182008
0xb8d0ece4f1a6ee421e90a8d6a38498b34d28261c,50896727,SELL,2451.05090580,0.0098615696
0xbb0e31d765ee8bd8982d3750e36aaf84d5ff0e9c,50896734,SELL,2451.04898307,0.0068606985
0x1eecd5469953d2c952564f503f36592b51b1248c,50896747,BUY,2453.50139907,0.0004523971
0xd83e60d273fd0cb3b05c2611db940fecb7b6ca64,50896760,BUY,2453.52245766,0.0000432761
0xdc964aed82399f500d3e96ad9767d268cba67afc,50896761,SELL,2451.04789758,0.0053668890
0x39d629a1de0e3ac374234e189f9a61da82673765,50896813,SELL,2450.97539092,0.1462746898
0x54e2acab04c89a3fe02852bf8dd69ee8f526bc75,50896843,SELL,2450.95877724,0.0002040018
0x749fe1885440ba5ec7381c9fde06fd05b83c4c5c,50896843,SELL,2450.94961121,0.0805096486
0x54e2acab04c89a3fe02852bf8dd69ee8f526bc75,50896924,SELL,2450.86914411,0.0005100231
0x88776fbd991c76aae24e12da906e47fc8be7aab2,50896927,BUY,2453.32197372,0.0010450622
0x9972f4c1e53b5eeb9e2630a7dddb5d5bfbcac451,50896927,BUY,2453.32459151,0.0003481993
0x501ef174b66883ba40f92e6fb24bfb49331d4d4c,50896929,SELL,2450.86910942,0.0008160371
0x1278c1e48e3c9548a5d9f2b16dc27ed311b0697c,50896952,SELL,2450.86787690,0.0118243828
0xc4331ca187521d2ccfc36db4ca6017cc9fab51a3,50896988,SELL,2450.85192790,0.0084325498
0x5f7f3e256ab61566db3a8047b4405a52aa3517b2,50896988,SELL,2450.85007001,0.0078907030
0x46bf47d82a51a6fcddd47fc65f3cb9d68cb03ffc,50896995,BUY,2453.30817242,0.0000381232
0x61994cbbe3b3fdfdac748667348abf9ac1a63aa5,50897025,BUY,2453.28889448,0.0018522849
0x1278c1e48e3c9548a5d9f2b16dc27ed311b0697c,50897043,SELL,2450.83582784,0.0009180541
0xf5f3ef3787a1c068c8cafef35f07fa784977bea1,50897047,SELL,2450.82181085,0.1227109403
0x1278c1e48e3c9548a5d9f2b16dc27ed311b0697c,50897054,BUY,2453.26101695,0.0014662610
0x048ef1062cbb39b338ac2685da72adf104b4cef5,50897060,SELL,2450.80807406,0.0014281004
0x048ef1062cbb39b338ac2685da72adf104b4cef5,50897095,SELL,2450.80668463,0.0020401446
0xd83e60d273fd0cb3b05c2611db940fecb7b6ca64,50897095,BUY,2453.26344946,0.0000430553
0xfbd45e17dd91e8ada28bed59ffbae25f9cde80b1,50897109,SELL,2450.71077748,0.8441379424
0x13052c7ac1c388fbae01170f482ee3ae3ab74cc5,50897109,SELL,2450.57836832,0.3240350242
0x1278c1e48e3c9548a5d9f2b16dc27ed311b0697c,50897113,SELL,2450.00000000,0.0000010000
0x496eb57ae5ce39c312aa73cb07dc0f72cd753a6e,50897121,SELL,2450.52554342,0.1420430593
0x9916d51bb10ec4c53b0ef41293083512ddd4977a,50897131,BUY,2452.96945753,0.0674354010
0xc746bd035fce528333ba4409d8dad1dfc953b224,50897140,BUY,2452.97725955,0.0012026019
0xcdce075397bdba4e182f2e1cfcd6c4d094ad128b,50897141,SELL,2450.51858099,0.0567372805
0x5b46509f2b355e14ebd9337e4f6ada0d057cc343,50897145,BUY,2452.96454438,0.0003587496
0x749fe1885440ba5ec7381c9fde06fd05b83c4c5c,50897159,SELL,2450.50766847,0.0402248188
0x501ef174b66883ba40f92e6fb24bfb49331d4d4c,50897159,SELL,2450.00000000,0.0000010000
0x2891d2f99bc447a591f06d896f5f72647aa1bc4c,50897163,BUY,2452.95559675,0.0012230144
0xf9b6a1eb0190bf76274b0876957ee9f4f508af41,50897171,BUY,2453.12578982,1.4980948043
0x8a9dde87eb1f9982e8e79583cb989858516d00b4,50897171,SELL,2450.78356877,0.5257969812
0x2ae7764ade943e61f705095b0a01616546aa6987,50897171,SELL,2450.70098384,0.2027560014
0xaf97d853751852410e57f4a49a4fdcb1e6192600,50897173,SELL,2450.64103388,0.3261706043
0x4337013ef5cd421cef649fc58c1b0defd37bbeb1,50897174,SELL,2450.59732207,0.0593867331
0xb655bb6161c02e227c8d49a872e6b80fa0496956,50897174,SELL,2450.35939092,2.0401520457
0x7c94e9e7cb052d0a55cf5ae6bfba77106678b13e,50897175,SELL,2450.12563616,0.0224225840
0x749fe1885440ba5ec7381c9fde06fd05b83c4c5c,50897175,SELL,2450.11856332,0.0401801437
0x0ec4e45f9ce3020024c0418a74cd31fbc487038f,50897175,SELL,2450.11163876,0.0209450562
0x0c046577bd25f7ef96955f60e71f7863c75046c5,50897178,BUY,2452.56172195,0.0000733629
0x5bec38d86819d2cc4928fb52b0f385de071276f2,50897181,SELL,2449.90765090,1.7796600000
0x29e619b6006a97403990cc7da76bf23cf98aa2fb,50897184,SELL,2449.50241894,1.7975999831
0x59d1373d3a23c0bcb89374916c048b603b52e2f6,50897184,SELL,2449.27506000,0.2097806532
0xd14602c85a25a4e520441c47a97a2c9da63ae1be,50897184,SELL,2449.17857140,0.6403125000
0xa971283289448b30188cec3f0e60ad92322e4970,50897188,SELL,2449.06222838,0.3787500000
0x853dda5a97ba1a002cb7bdd61270c4654719740d,50897195,SELL,2448.71442101,2.6650000000
0xf181a888956b378aea92043ce0b0414c748d8331,50897202,BUY,2450.88325454,0.2016082892
0xe44fa25bcce5a2c1d81dc0de8478068a2fd4d3eb,50897207,BUY,2450.90896497,0.0230050454
0x5247d65a41b54a145d0ac92232caaa7ca66c8d6a,50897220,BUY,2450.95768489,0.4029171842
0x4ccdd67a7eef71dd67945a690e1be63e0b935835,50897222,BUY,2451.07661303,0.6364897575
0x88776fbd991c76aae24e12da906e47fc8be7aab2,50897227,BUY,2451.15037149,0.0010445353
0x0dfa768499c331acbd6df31887eca6f5860fbd6f,50897227,BUY,2451.14977453,0.0004813925
0x533ab12b913474d84cf4d83823360b77b9e8856e,50897230,SELL,2448.69358844,0.0495778065
0x480eff5490fc3e7e8cea1b7cd37056ef9a8af157,50897235,SELL,2448.46840687,1.9214299849
0xf2d1aff8a41cdef7e06c8443866124184c3ef527,50897235,BUY,2450.85368856,1.3521548583
0xf9bb1554b6feea5aa87f1a8495f225b19415968c,50897257,BUY,2451.01063186,0.0049952003
0x89b97f7c0841144a027700e8744146c997e1e652,50897259,SELL,2448.27654197,2.4877539361
0x80a5d8b07e6c65eb8691ebcdfcb1d916ef815f99,50897259,BUY,2450.44375163,0.0133264136
0x749fe1885440ba5ec7381c9fde06fd05b83c4c5c,50897273,BUY,2450.46841011,0.2023385802
0x1278c1e48e3c9548a5d9f2b16dc27ed311b0697c,50897275,SELL,2448.03989722,0.0003594778
0x749fe1885440ba5ec7381c9fde06fd05b83c4c5c,50897277,BUY,2450.51229805,0.1821014619
0x1278c1e48e3c9548a5d9f2b16dc27ed311b0697c,50897279,SELL,2448.08247423,0.0002910000
0x749fe1885440ba5ec7381c9fde06fd05b83c4c5c,50897280,BUY,2450.54116763,0.0708265257
0x22f097eb2f76b91f922513737dd6d30411d447b5,50897283,SELL,2448.09848264,0.0073650440
0x1278c1e48e3c9548a5d9f2b16dc27ed311b0697c,50897286,SELL,2448.09189403,0.0001347985
0x048ef1062cbb39b338ac2685da72adf104b4cef5,50897294,SELL,2448.09743926,0.0015358866
0x8f86ec6bb80e5e2880a773145a643ebe8e0f1463,50897324,BUY,2450.57859400,0.2746015499
0x3a4f3b6a8e3fdaabdb360fa75f434379b1d3d75c,50897324,BUY,2450.92736055,2.7757702764
0xa971283289448b30188cec3f0e60ad92322e4970,50897325,BUY,2451.29120813,0.4059461196
0xf04a2505afb967a1b4f43304e17994e94bdc13a1,50897326,BUY,2451.36594489,0.2475032748
0xd67ebf60eed8c8cac3350b29e1845984f55f2f70,50897326,BUY,2451.41137676,0.1497103275
0x12b618c2e22fa9cf6742a1ad9344fba1c61448b2,50897352,SELL,2448.97756759,0.0010159358
0x3be22b314654c396a12c5e8d79abdd65aac3caaf,50897361,BUY,2451.43782618,0.0835573686
0xba54dff311085d03a0b95561d1305e96f0647562,50897361,BUY,2451.44944731,0.0178723816
0x71c47c3c8e7abdf81c1f4ca02a8e4ae183d523a5,50897370,SELL,2448.95909906,0.0000130790
0x12c51473ecec31920552b2cefc96f7c3ccf1dacd,50897376,BUY,2451.46569082,0.1243484509
0x533ab12b913474d84cf4d83823360b77b9e8856e,50897380,SELL,2449.02415290,0.0426746318
0x943a23bca459f81f1aa58a92ac559aebd05c134d,50897393,BUY,2451.50323444,0.2891691759
0x048ef1062cbb39b338ac2685da72adf104b4cef5,50897396,SELL,2449.07998720,0.0001224035
0xd756c9665c47dec4915156f1238690633c2fada1,50897407,BUY,2451.53704728,0.0056106091
0x34f0df219cee3ea62aebe813e54ea8f96b4bda96,50897411,SELL,2449.08604103,0.0024198570
0x501ef174b66883ba40f92e6fb24bfb49331d4d4c,50897422,BUY,2451.53765173,0.0014670862
0x3482d9a357ba687c57237ec1587e9f7484856f0e,50897431,BUY,2451.53758297,0.0008752727
0x3482d9a357ba687c57237ec1587e9f7484856f0e,50897431,BUY,2451.55799685,0.0000040121
0x71c47c3c8e7abdf81c1f4ca02a8e4ae183d523a5,50897462,SELL,2449.00717822,0.0000124949
0x6ef777eb68ed937d4e54f18b5b2909d017e0c2d6,50897491,SELL,2449.06223940,0.2134500000
0x34f0df219cee3ea62aebe813e54ea8f96b4bda96,50897507,SELL,2449.03733367,0.0022114620
0xbd8c74ee91ca6282e72e7735335c4d424cb00058,50897520,BUY,2451.48847848,0.0019318496
0x88776fbd991c76aae24e12da906e47fc8be7aab2,50897527,BUY,2451.48939088,0.0010429403
0x9972f4c1e53b5eeb9e2630a7dddb5d5bfbcac451,50897527,BUY,2451.48913511,0.0003474925
0x83681c14770b44361e21faf91d8325423365ea5c,50897527,BUY,2451.49143215,0.0000586235
0x83681c14770b44361e21faf91d8325423365ea5c,50897528,BUY,2451.49695843,0.0000332336
0x7a3623f6752c25aaf01934d0f35eba187026bf42,50897537,SELL,2449.03737374,0.0009900000
0x29d4a237fceea7a187b0f6049916a6aa72b4b042,50897565,SELL,2448.96802356,0.6119256942
0x22e0adc1b4e680bb4483ae32ba3f45d2f9bad67c,50897566,BUY,2451.35867659,0.0000169975
0xee763280956336d2426aaf73111141b94dd20442,50897568,SELL,2448.87346463,0.2160733744
0x014e2e429c7656d387f5808ae274dd8a179fd661,50897570,SELL,2448.81459530,0.2994133821
0x23028f6420ba360d6f48fb0767ab310e22abd436,50897577,BUY,2451.23132150,0.0013779254
0xeddab5440c1ebc5ddc841f41ec0095acb6a18649,50897580,BUY,2451.28906477,0.5047251684
0x22f097eb2f76b91f922513737dd6d30411d447b5,50897584,SELL,2448.89509707,0.0073660305
0x9695d4c038e7882dc26ed7d7661a3e6dd09c5e48,50897591,SELL,2448.47000981,3.7165146776
0x666336fe452843ed2d6c4abe4e1ffe0c7657b573,50897591,SELL,2448.02833417,0.1522794070
0x0c28f2bacbd3471b2686e9d88d790100eac694a3,50897594,SELL,2447.99842713,0.1097575926
0xc79b7dc1fc5af53833db4aaecef9e12bc9809004,50897595,SELL,2447.91303042,0.6384388700
0x29e619b6006a97403990cc7da76bf23cf98aa2fb,50897595,SELL,2447.74110261,0.8680099487
0x6a6a7c42f235d86424c3a38efa409c0ca655f695,50897600,SELL,2447.34813196,2.5758866782
0x5d2542681552a6ba8cd122ff7305ecb076050133,50897602,SELL,2447.05047091,0.0331615502
0x12c51473ecec31920552b2cefc96f7c3ccf1dacd,50897608,SELL,2447.03681785,0.0864475742
0x12c51473ecec31920552b2cefc96f7c3ccf1dacd,50897610,SELL,2447.01315747,0.1210322891
0x8b61bc283d08ee0c86df4541ca50340b20a66886,50897614,BUY,2449.45533311,0.0000957903
0xaa05ce3c7b55c8ebe2faa0b68bd0b8ed23ff2524,50897630,SELL,2446.62246093,3.3023920535
0x46bf47d82a51a6fcddd47fc65f3cb9d68cb03ffc,50897638,BUY,2448.69362171,0.0000743131
0x0ad9e753f79880d99dfa7f1d242bc3bc50709007,50897641,BUY,2448.69462390,0.0101667773
0xa28669d95a6339da0b0216ae1683ef6f9edc2720,50897658,SELL,2446.23363428,0.1229042270
0x1278c1e48e3c9548a5d9f2b16dc27ed311b0697c,50897660,SELL,2446.00000000,0.0000010000
0x22f097eb2f76b91f922513737dd6d30411d447b5,50897674,SELL,2446.21862903,0.0073679714
0x9d10ab6a24223b7e749292e99f88eaf100febc6d,50897677,BUY,2448.66601013,0.0003593794
0xfffff93233905118d37f2cb2117dc2aa5ccf861e,50897678,BUY,2448.66787407,0.0001468023
0xf0523316cf23ef167d874fa030b2214280e38ee6,50897695,BUY,2448.66783221,0.0152384335
0x21abf986af48c3f6f7460bab1581ac3270afda1c,50897698,BUY,2448.67553170,0.0520096217
0x55555cfddd37d8d82e06e0de90da9366ca3e31e8,50897698,SELL,2446.22618545,0.0000956056
0x55555cfddd37d8d82e06e0de90da9366ca3e31e8,50897698,BUY,2448.68341597,0.0001671707
0x55555cfddd37d8d82e06e0de90da9366ca3e31e8,50897699,SELL,2446.23079608,0.0000537819
0x55555cfddd37d8d82e06e0de90da9366ca3e31e8,50897699,SELL,2446.22969588,0.0002047510
0x55555cfddd37d8d82e06e0de90da9366ca3e31e8,50897699,SELL,2446.23243246,0.0006505964
0x55555cfddd37d8d82e06e0de90da9366ca3e31e8,50897700,SELL,2446.22009878,0.0000329108
0x55555cfddd37d8d82e06e0de90da9366ca3e31e8,50897700,SELL,2446.16414217,0.0000069435
0x55555cfddd37d8d82e06e0de90da9366ca3e31e8,50897700,SELL,2446.22871331,0.0002063360
0x55555cfddd37d8d82e06e0de90da9366ca3e31e8,50897700,BUY,2495.44622994,0.0000000208
0x55555cfddd37d8d82e06e0de90da9366ca3e31e8,50897701,BUY,2448.68388405,0.0002110873
0x55555cfddd37d8d82e06e0de90da9366ca3e31e8,50897701,SELL,2446.23200640,0.0007700799
0x55555cfddd37d8d82e06e0de90da9366ca3e31e8,50897701,SELL,2446.23266017,0.0005861752
0x55555cfddd37d8d82e06e0de90da9366ca3e31e8,50897703,SELL,2446.20915419,0.0000332335
0x55555cfddd37d8d82e06e0de90da9366ca3e31e8,50897703,BUY,2448.68245735,0.0006281737
0x55555cfddd37d8d82e06e0de90da9366ca3e31e8,50897704,BUY,2448.68275392,0.0005514148
0x55555cfddd37d8d82e06e0de90da9366ca3e31e8,50897704,SELL,2446.21047983,0.0000404822
0x55555cfddd37d8d82e06e0de90da9366ca3e31e8,50897704,SELL,2446.21882014,0.0000532225
0x55555cfddd37d8d82e06e0de90da9366ca3e31e8,50897705,BUY,2448.68157645,0.0003396808
0x55555cfddd37d8d82e06e0de90da9366ca3e31e8,50897705,SELL,2446.23194136,0.0006710275
0x55555cfddd37d8d82e06e0de90da9366ca3e31e8,50897706,SELL,2446.22701324,0.0000594348
0x55555cfddd37d8d82e06e0de90da9366ca3e31e8,50897706,BUY,2448.75040089,0.0000108223
0x55555cfddd37d8d82e06e0de90da9366ca3e31e8,50897706,SELL,2446.22181406,0.0000581390
0x55555cfddd37d8d82e06e0de90da9366ca3e31e8,50897706,SELL,2446.16083542,0.0000059538
0x55555cfddd37d8d82e06e0de90da9366ca3e31e8,50897706,SELL,2446.19946810,0.0000092638
0x55555cfddd37d8d82e06e0de90da9366ca3e31e8,50897706,BUY,2498.44543717,0.0000000196
0x55555cfddd37d8d82e06e0de90da9366ca3e31e8,50897706,SELL,2446.18171935,0.0000116242
0x55555cfddd37d8d82e06e0de90da9366ca3e31e8,50897706,SELL,2446.21489020,0.0000081882
0x55555cfddd37d8d82e06e0de90da9366ca3e31e8,50897706,SELL,2446.23036395,0.0000765435
0x55555cfddd37d8d82e06e0de90da9366ca3e31e8,50897708,SELL,2446.22950333,0.0000567833
0x55555cfddd37d8d82e06e0de90da9366ca3e31e8,50897709,SELL,2446.23257392,0.0006926574
0x55555cfddd37d8d82e06e0de90da9366ca3e31e8,50897709,SELL,2446.16317757,0.0000089741
0x55555cfddd37d8d82e06e0de90da9366ca3e31e8,50897709,SELL,2446.23214892,0.0020980024
0x55555cfddd37d8d82e06e0de90da9366ca3e31e8,50897711,SELL,2446.23099311,0.0003063962
0x55555cfddd37d8d82e06e0de90da9366ca3e31e8,50897711,SELL,2446.23048697,0.0005311352
0x55555cfddd37d8d82e06e0de90da9366ca3e31e8,50897711,SELL,2446.23160243,0.0009740304
0x55555cfddd37d8d82e06e0de90da9366ca3e31e8,50897712,SELL,2446.19243980,0.0000229483
0x55555cfddd37d8d82e06e0de90da9366ca3e31e8,50897712,SELL,2446.23159802,0.0018668527
0x55555cfddd37d8d82e06e0de90da9366ca3e31e8,50897712,BUY,2448.68081479,0.0002831386
0x55555cfddd37d8d82e06e0de90da9366ca3e31e8,50897712,SELL,2446.22794861,0.0001251633
0x55555cfddd37d8d82e06e0de90da9366ca3e31e8,50897713,BUY,2448.70609817,0.0000343773
0x55555cfddd37d8d82e06e0de90da9366ca3e31e8,50897713,SELL,2446.21329080,0.0000122859
0x55555cfddd37d8d82e06e0de90da9366ca3e31e8,50897713,BUY,2448.69827414,0.0000418345
0x55555cfddd37d8d82e06e0de90da9366ca3e31e8,50897713,SELL,2446.22377395,0.0000319284
0x55555cfddd37d8d82e06e0de90da9366ca3e31e8,50897713,SELL,2446.23073446,0.0003228812
0x55555cfddd37d8d82e06e0de90da9366ca3e31e8,50897715,SELL,2446.23120107,0.0022383285
0x55555cfddd37d8d82e06e0de90da9366ca3e31e8,50897715,SELL,2446.22948686,0.0005597660
0x55555cfddd37d8d82e06e0de90da9366ca3e31e8,50897715,SELL,2446.23049262,0.0005625750
0x9d10ab6a24223b7e749292e99f88eaf100febc6d,50897715,BUY,2448.67881631,0.0003593775
0x1278c1e48e3c9548a5d9f2b16dc27ed311b0697c,50897715,SELL,2446.00000000,0.0000010000
0x55555cfddd37d8d82e06e0de90da9366ca3e31e8,50897716,SELL,2446.20429107,0.0000205478
0x55555cfddd37d8d82e06e0de90da9366ca3e31e8,50897716,SELL,2446.18847233,0.0000125485
0x55555cfddd37d8d82e06e0de90da9366ca3e31e8,50897716,SELL,2446.21361717,0.0000478474
0x55555cfddd37d8d82e06e0de90da9366ca3e31e8,50897717,SELL,2446.22289593,0.0001031386
0x55555cfddd37d8d82e06e0de90da9366ca3e31e8,50897717,SELL,2446.22828806,0.0003361264
0x55555cfddd37d8d82e06e0de90da9366ca3e31e8,50897717,SELL,2446.22805821,0.0001598645
0x55555cfddd37d8d82e06e0de90da9366ca3e31e8,50897719,BUY,2448.67930372,0.0013381903
0x55555cfddd37d8d82e06e0de90da9366ca3e31e8,50897719,SELL,2446.22847712,0.0002446006
0x55555cfddd37d8d82e06e0de90da9366ca3e31e8,50897719,BUY,2448.68228194,0.0002818422
0x55555cfddd37d8d82e06e0de90da9366ca3e31e8,50897719,SELL,2446.22782759,0.0001245636
0x55555cfddd37d8d82e06e0de90da9366ca3e31e8,50897720,SELL,2446.23031558,0.0041427027
0x55555cfddd37d8d82e06e0de90da9366ca3e31e8,50897720,BUY,2448.68178532,0.0002508031
0x55555cfddd37d8d82e06e0de90da9366ca3e31e8,50897721,SELL,2446.22890846,0.0006183608
0x3cc81fb1e60223d1f58cadd49f2217ca5ccc3dac,50897723,SELL,2446.22955905,0.0029059239
0x55555cfddd37d8d82e06e0de90da9366ca3e31e8,50897724,SELL,2446.16143101,0.0000100799
0x55555cfddd37d8d82e06e0de90da9366ca3e31e8,50897724,BUY,2448.67885060,0.0004690640
0x55555cfddd37d8d82e06e0de90da9366ca3e31e8,50897725,SELL,2446.20138868,0.0000251778
0x55555cfddd37d8d82e06e0de90da9366ca3e31e8,50897725,SELL,2446.22789725,0.0007113495
0x55555cfddd37d8d82e06e0de90da9366ca3e31e8,50897725,SELL,2446.22289455,0.0001421342
0x55555cfddd37d8d82e06e0de90da9366ca3e31e8,50897726,SELL,2446.21547743,0.0000573175
0x55555cfddd37d8d82e06e0de90da9366ca3e31e8,50897726,SELL,2446.18801516,0.0000175804
0x55555cfddd37d8d82e06e0de90da9366ca3e31e8,50897726,SELL,2446.22812347,0.0001352204
0x55555cfddd37d8d82e06e0de90da9366ca3e31e8,50897727,SELL,2446.21685398,0.0000541947
0x55555cfddd37d8d82e06e0de90da9366ca3e31e8,50897727,SELL,2446.18610025,0.0000100315
0x55555cfddd37d8d82e06e0de90da9366ca3e31e8,50897727,SELL,2446.22843655,0.0000286421
0x1278c1e48e3c9548a5d9f2b16dc27ed311b0697c,50897742,BUY,2448.67759232,0.0020186627
0x501ef174b66883ba40f92e6fb24bfb49331d4d4c,50897744,SELL,2446.22905052,0.0001021981
0xd14602c85a25a4e520441c47a97a2c9da63ae1be,50897745,SELL,2446.17236255,0.5006250000
0xd14602c85a25a4e520441c47a97a2c9da63ae1be,50897752,SELL,2445.80199049,2.7449998958
0x0c28f2bacbd3471b2686e9d88d790100eac694a3,50897752,SELL,2445.47293776,0.1389666169
0xf2d1aff8a41cdef7e06c8443866124184c3ef527,50897752,SELL,2445.36837318,0.7776637466
0x22f097eb2f76b91f922513737dd6d30411d447b5,50897764,SELL,2445.27873475,0.0073660576
0x05854d0c70d2f696fb3d9c0863100956b795e2ff,50897767,SELL,2445.23996860,0.3332565034
0x1278c1e48e3c9548a5d9f2b16dc27ed311b0697c,50897769,SELL,2445.00000000,0.0000010000
0x21abf986af48c3f6f7460bab1581ac3270afda1c,50897769,SELL,2445.18706077,0.1305584166
0x59df828b236ac563ae29667f472eb399095ffb49,50897774,BUY,2447.62351653,0.0000545541
0x05854d0c70d2f696fb3d9c0863100956b795e2ff,50897775,BUY,2447.65973779,0.3548992953
0x83113a0febb6cf0627e2730fd96a5a0ebc361d30,50897782,SELL,2445.25001817,0.0275220000
0xa48977524dd883b36854d0c1aef5711b3d191fc4,50897787,BUY,2447.70012623,0.0001585415
0x54e2acab04c89a3fe02852bf8dd69ee8f526bc75,50897787,SELL,2445.24689704,0.0001226870
0x9d10ab6a24223b7e749292e99f88eaf100febc6d,50897796,BUY,2447.69404238,0.0003595221
0x7fd40e450e1e1914c371cf8f80c5aee6f31ef1cd,50897810,BUY,2447.69435099,0.0011462571
0x048ef1062cbb39b338ac2685da72adf104b4cef5,50897812,SELL,2445.00000000,0.0000010000
0x83681c14770b44361e21faf91d8325423365ea5c,50897820,SELL,2445.24463318,0.0000432971
0x26518093c74f6a4f49900d267acb8db04c409614,50897823,BUY,2447.73104370,0.3212972908
0x88776fbd991c76aae24e12da906e47fc8be7aab2,50897827,BUY,2447.76875281,0.0010499913
0x0dfa768499c331acbd6df31887eca6f5860fbd6f,50897827,BUY,2447.76830618,0.0004803330
0xe415ff27730eeddf6b592f64a249cb3e62affa83,50897831,SELL,2445.32039339,0.0016444054
0xc6967c8497546774c9b16625745b804f559ed278,50897832,BUY,2447.79082148,0.2022231621
0x34f0df219cee3ea62aebe813e54ea8f96b4bda96,50897835,BUY,2447.81647055,0.0219093656
0x9d10ab6a24223b7e749292e99f88eaf100febc6d,50897838,BUY,2447.81897142,0.0003595037
0x87acedb40393280c741eadd796e765d92f52074e,50897844,BUY,2447.86089880,0.3665821683
0x9e6441c6d930f2e98bfb6cae6dc46729c862055f,50897848,BUY,2447.92950976,0.2338580657
0xa5d1d86a84114462ebcf554a080b7fd9e3be4f57,50897848,BUY,2447.99136310,0.3075022499
0x3be22b314654c396a12c5e8d79abdd65aac3caaf,50897849,BUY,2448.02830170,0.0157489196
0x5df1bc5ef8f26688704288b5567c90927774f2fa,50897849,BUY,2448.31466108,2.4900553303
0x1fd2c33c59aeb4951d434d25e19c2e29aff4a63d,50897849,BUY,2448.75514897,1.3636793933
0xf04a2505afb967a1b4f43304e17994e94bdc13a1,50897849,BUY,2448.95397695,0.3754759124
0xd0d08887e8a5b16049534a7f3fc1de92848f5bea,50897853,BUY,2449.00885712,0.1045320842
0x54e2acab04c89a3fe02852bf8dd69ee8f526bc75,50897855,SELL,2446.00000000,0.0000010000
0x05854d0c70d2f696fb3d9c0863100956b795e2ff,50897855,BUY,2449.02635900,0.0484408294
0xf04a2505afb967a1b4f43304e17994e94bdc13a1,50897856,BUY,2449.05568488,0.2081272415
0xd14602c85a25a4e520441c47a97a2c9da63ae1be,50897857,BUY,2449.13061517,0.4471975893
0xc5d3a766cd59a961c7a476f6099830eb217868fd,50897861,BUY,2449.21758121,0.3129916333
0x6fc0ce28d7b077bd7ef13f63b4a8712b0aa759a9,50897864,BUY,2449.35827267,0.9157788842
0x4fbc7ca01887899bdf4b5cd66703c67d11c0a81e,50897866,BUY,2449.47169967,0.0747793902
0xf9e83b90701a01786222fc12d75bcdb9f1506b76,50897867,BUY,2449.59766248,1.0251385317
0x9d10ab6a24223b7e749292e99f88eaf100febc6d,50897876,BUY,2449.71510773,0.0003592254
0x76c9fd2e450fbe09f32f30482348fdcc90235614,50897882,BUY,2449.71695608,0.0154396613
0xafa6dc4f31064e19870e390a0690b102aee785bf,50897896,SELL,2447.26952294,0.0004925330
0x03d9964f4d93a24b58c0fc3a8df3474b59ba8557,50897902,BUY,2449.71890586,0.0009248326
0x501ef174b66883ba40f92e6fb24bfb49331d4d4c,50897905,SELL,2447.00000000,0.0000010000
0xf04a2505afb967a1b4f43304e17994e94bdc13a1,50897910,BUY,2449.77752060,0.5128261025
0xf04a2505afb967a1b4f43304e17994e94bdc13a1,50897910,BUY,2449.89961641,0.5531409050
0x257c20bb0495c774631502c45faac12dd5bb98ed,50897914,BUY,2449.99929854,0.3170617222
0x98b267c74728e49fd14bdeedd7e08f6c610be38a,50897914,BUY,2450.15782744,1.0668006088
0xbf2913b6cec8e955c0d42afd35441547b0a9bbb1,50897918,BUY,2450.37775818,0.8528198626
0xd14602c85a25a4e520441c47a97a2c9da63ae1be,50897918,BUY,2450.53778222,0.5437654998
0xf04a2505afb967a1b4f43304e17994e94bdc13a1,50897921,BUY,2450.61953903,0.1696891563
0xa971283289448b30188cec3f0e60ad92322e4970,50897928,BUY,2450.68152872,0.3712575030
0x03d9964f4d93a24b58c0fc3a8df3474b59ba8557,50897933,BUY,2450.77736179,0.0000179878
0x54e2acab04c89a3fe02852bf8dd69ee8f526bc75,50897945,BUY,2450.72417231,0.0008160853
0x9d10ab6a24223b7e749292e99f88eaf100febc6d,50897947,BUY,2450.72430698,0.0003590775
0x0e8c44f936d0d8a400671a56b1909995addc7059,50897948,SELL,2448.27303030,0.0099000000
0x666c0acd76483721b2e24d713c0ca298a5fafabe,50897948,BUY,2450.72909496,0.0610798547
0x54e2acab04c89a3fe02852bf8dd69ee8f526bc75,50897954,SELL,2448.00000000,0.0000010000
0xafa6dc4f31064e19870e390a0690b102aee785bf,50897966,SELL,2448.28587171,0.0007392421
0x12c51473ecec31920552b2cefc96f7c3ccf1dacd,50897977,BUY,2450.76678292,0.2693708629
0xde1ba46e8734b3345bcee0bdfa9c47219e7aafa5,50897977,BUY,2450.79788658,0.0020401519
0xfffff93233905118d37f2cb2117dc2aa5ccf861e,50897978,BUY,2450.80017118,0.0002770042
0x9d10ab6a24223b7e749292e99f88eaf100febc6d,50897980,BUY,2450.79822504,0.0003590667
0x12c51473ecec31920552b2cefc96f7c3ccf1dacd,50897985,BUY,2450.82566018,0.2390189619
0xa971283289448b30188cec3f0e60ad92322e4970,50897992,BUY,2450.89101216,0.3311779789
0x90cf37640d2dd114b044ddcd9e7bdf5d9ccbcfa6,50897998,SELL,2448.47797980,0.0049500000
0x19b712eb6315e83634b9dbfb321493e9767cbbd3,50898014,BUY,2450.98087306,0.4627234453
0x323c0a430ad398258e9260da0cf1ddf28badd87b,50898014,BUY,2451.08694743,0.4627031188
0x9d10ab6a24223b7e749292e99f88eaf100febc6d,50898014,BUY,2451.14002712,0.0003590166
0xc954cf0726d274e56f5f41cf41d8e30b072f76a4,50898019,BUY,2451.17020068,0.2628350740
0x8380c8817a65e93b3025efdd8bf41d11f2c6009e,50898019,BUY,2451.23618099,0.3127337777
0xa5c6f2a7ebbef4f64d239ba7c992876503133dbf,50898020,BUY,2451.29941678,0.2388747078
0x9d10ab6a24223b7e749292e99f88eaf100febc6d,50898028,BUY,2451.32684115,0.0003589893
0x05854d0c70d2f696fb3d9c0863100956b795e2ff,50898036,BUY,2451.36145808,0.3015698683
0x02ffc20e8a27956ee3234c63aed4a246aae15748,50898053,BUY,2451.39642207,0.0027990589
0x54e2acab04c89a3fe02852bf8dd69ee8f526bc75,50898056,SELL,2448.00000000,0.0000010000
0x6abea4998f9ef34ee1cda5715ccca0e4d4efb730,50898071,BUY,2451.39739478,0.0048088286
0x754dcfb2861547015b221e963b4133a71dbdc024,50898079,BUY,2451.40009673,0.0198859077
0x12c51473ecec31920552b2cefc96f7c3ccf1dacd,50898082,BUY,2451.41397127,0.1014157706
0xe7e800a2ad586da2691ea632f6e929062c0e4477,50898084,BUY,2451.42635424,0.0015371418
0x83681c14770b44361e21faf91d8325423365ea5c,50898085,SELL,2448.97243017,0.0001207711
0x12c51473ecec31920552b2cefc96f7c3ccf1dacd,50898091,BUY,2451.45476646,0.2516271054
0x1278c1e48e3c9548a5d9f2b16dc27ed311b0697c,50898114,SELL,2449.00000000,0.0000010000
0x694834fea7b9cf607b9a9b9b609fa82e0497cf99,50898120,SELL,2449.03150769,0.0000136519
0x3482d9a357ba687c57237ec1587e9f7484856f0e,50898124,BUY,2451.48465738,0.0081543109
0x3482d9a357ba687c57237ec1587e9f7484856f0e,50898124,BUY,2451.50643538,0.0000040106
0x88776fbd991c76aae24e12da906e47fc8be7aab2,50898127,BUY,2451.48591030,0.0010480794
0x9972f4c1e53b5eeb9e2630a7dddb5d5bfbcac451,50898127,BUY,2451.48851167,0.0003492082
0x83681c14770b44361e21faf91d8325423365ea5c,50898128,SELL,2449.01572269,0.0000343028
0x9d10ab6a24223b7e749292e99f88eaf100febc6d,50898130,BUY,2451.48583455,0.0003589660
0x9d10ab6a24223b7e749292e99f88eaf100febc6d,50898156,BUY,2451.48591687,0.0003589660
0x91ac95b0018faaf2db574b6ea877b83206681a48,50898158,BUY,2451.48603342,0.0006575603
0x54e2acab04c89a3fe02852bf8dd69ee8f526bc75,50898164,SELL,2449.00000000,0.0000010000
0xc307646227b2a8d466482ba2841dbd4edd1175b4,50898169,BUY,2451.48680193,0.0006107473
0x4b82847c82087ea19418bed079966810f64f39f4,50898181,BUY,2451.55034152,0.5589787380
0x1722ee8d098037c47bfdcdc260e197cb7c0d5b4b,50898204,SELL,2449.14877630,0.1279435068
0x2891d2f99bc447a591f06d896f5f72647aa1bc4c,50898223,SELL,2449.10945771,0.2155322321
0xd83e60d273fd0cb3b05c2611db940fecb7b6ca64,50898223,BUY,2451.53581419,0.0000644441
0x2891d2f99bc447a591f06d896f5f72647aa1bc4c,50898250,SELL,2449.04401123,0.3562500000
0xc27a2b4bd5b374c3cb3c711e17901628824f8258,50898250,BUY,2451.45586768,0.0004089684
0xe4ec80e2f45d170540217b6271d3622da41634f6,50898257,SELL,2448.99798393,0.0466254336
0x4d321029ccd28c0808f8b2f7eac02d39aa610814,50898264,SELL,2448.96928087,0.2040702821
0x9729585607568dcbf1f5f3802afbf5b221702932,50898268,SELL,2448.94449323,0.0006464699
0x048ef1062cbb39b338ac2685da72adf104b4cef5,50898269,BUY,2451.39690739,0.0015752121
0x90cf37640d2dd114b044ddcd9e7bdf5d9ccbcfa6,50898291,SELL,2448.94545455,0.0049500000
0x47816daf80ddbe0a2eda55d32f93373d53cac541,50898297,SELL,2448.94444444,0.0009900000
0xdc964aed82399f500d3e96ad9767d268cba67afc,50898312,SELL,2448.94089127,0.0337599900
0xdc964aed82399f500d3e96ad9767d268cba67afc,50898315,SELL,2448.93612953,0.0074791530
0x8ac39190d3b2b8a80e03aa2ad624b25b4d3f176e,50898316,SELL,2448.93434343,0.0009900000
0x1278c1e48e3c9548a5d9f2b16dc27ed311b0697c,50898322,BUY,2451.38610249,0.0009218397
0x73f0cdcefbd90351bfbbc36f0af61409f687caec,50898330,SELL,2448.93423498,0.0093264930
0x0f014545de76a29892b9319e5a4123b28299f33b,50898336,SELL,2448.93259565,0.0023323811
0xacc99507f81fa678eb8f3a8b2a8e98165c9a236a,50898360,SELL,2448.92120000,0.1000000000
0x4e30b933c0cd88736aec5b32aaa054897c276061,50898363,BUY,2451.36110148,0.0037647383
0xa0ba9d15defb5e4667fd14d2a65be5b4b191948e,50898389,BUY,2451.38672285,0.2211658968
0x366fec5ae6343fb18707f4fe01ba496d889cf4f5,50898395,BUY,2451.41257019,0.0003107253
0x6735ba2a41fc354eecb1b03e0b2bbd3b8db7c16a,50898410,BUY,2451.41233567,0.0016317124
0x6735ba2a41fc354eecb1b03e0b2bbd3b8db7c16a,50898410,BUY,2451.41577672,0.0001269381
0xd14602c85a25a4e520441c47a97a2c9da63ae1be,50898411,BUY,2451.46108332,0.4232912030
0x54962d5c4716ecb88e161f9d99d1b464d8889527,50898411,BUY,2451.54325391,0.2933725864
0xd14602c85a25a4e520441c47a97a2c9da63ae1be,50898418,BUY,2451.62711764,0.4387605551
0xfb13c64bc02555e769cd06d5f5fc2d54785271b3,50898422,BUY,2451.69783790,0.1835462727
0xfc1919ea4fed965cae7461335397ea9623f3dd4d,50898422,BUY,2451.72195965,0.0000878631
0x88776fbd991c76aae24e12da906e47fc8be7aab2,50898427,BUY,2451.71886588,0.0010465250
0x0dfa768499c331acbd6df31887eca6f5860fbd6f,50898427,BUY,2451.71947072,0.0004778234
0xd14602c85a25a4e520441c47a97a2c9da63ae1be,50898428,BUY,2451.78763550,0.6061135636
0x464fc339add314932920d3e060745bd7ea3e92ad,50898435,BUY,2451.85688316,0.0053021039
0x37f7ff1864f5d5cba2b63592656049f2d7d06fb4,50898442,SELL,2449.28748571,1.0500000000
0xf04a2505afb967a1b4f43304e17994e94bdc13a1,50898442,BUY,2451.68303092,0.5587672292
0x3eef9e104e4dacb3165f28e3bc43dd7e506aa224,50898456,BUY,2451.74676421,0.0018065381
0x4ab990595b8d586bf0aaac3fc43978eca4b71ed3,50898461,BUY,2451.74806775,0.0005093129
0xe7ef47d37d61f9505f5b696926e6c9e2aa79570b,50898462,BUY,2451.76563991,0.1658227770
0x89fc2f2c8891575aa78f4a1d715d70910b9e1233,50898464,BUY,2451.78892503,0.0396922092
0x675aaa99d5d093e1d837b28f1cd4908a1b25971d,50898485,BUY,2451.79397088,0.0001736732
0x675aaa99d5d093e1d837b28f1cd4908a1b25971d,50898486,BUY,2451.79406404,0.0015012093
0x08b49a086db69b9024a3f9952a9cbdc84cbbd4a6,50898486,BUY,2451.79410005,0.0017822055
0x853c336f2653bb76e3e484f6500a62f3c9a45cc4,50898488,BUY,2451.79529831,0.0088605040
0x6abea4998f9ef34ee1cda5715ccca0e4d4efb730,50898488,BUY,2451.80117404,0.0437957695
0x2d93c2f74b2c4697f9ea85d0450148aa45d4d5a2,50898490,SELL,2449.35418911,0.0059956114
0x6abea4998f9ef34ee1cda5715ccca0e4d4efb730,50898490,BUY,2451.80577695,0.0087460178
0x125b5522842130403926fe4f5fc6efca8511070f,50898520,BUY,2451.80990006,0.0276426150
0x048ef1062cbb39b338ac2685da72adf104b4cef5,50898523,SELL,2449.35553338,0.0001224812
0xc6967c8497546774c9b16625745b804f559ed278,50898526,BUY,2451.81526139,0.0201891230
0x501ef174b66883ba40f92e6fb24bfb49331d4d4c,50898567,BUY,2451.83976366,0.0000320482
0x501ef174b66883ba40f92e6fb24bfb49331d4d4c,50898570,SELL,2449.00000000,0.0000010000
0x44cf01a5cd6f9f5fea8eb907300f69c9f43eb737,50898577,BUY,2451.83134974,0.1218482271
0x98d9fdf9c7b268a970635640efd6540d74507b78,50898578,BUY,2451.84970919,0.0403776788
0x533ab12b913474d84cf4d83823360b77b9e8856e,50898580,SELL,2449.39969119,0.0294090124
0x824abda7e8bfcf47c543761c50bc7bf6756deda9,50898634,BUY,2451.84788938,0.0015546340
0xc7c3aa84fd7c769ec7a8a5963b45d365969d2226,50898646,SELL,2449.39068312,0.0535598306
0x6ee62fb521531b587e79262d759dec8ce4fef341,50898654,BUY,2451.83724338,0.0122357224
0x501ef174b66883ba40f92e6fb24bfb49331d4d4c,50898655,SELL,2449.00000000,0.0000010000
0x6ee62fb521531b587e79262d759dec8ce4fef341,50898655,BUY,2451.83908975,0.0040785711
0x6ee62fb521531b587e79262d759dec8ce4fef341,50898657,BUY,2451.84001305,0.0040785695
0x59df828b236ac563ae29667f472eb399095ffb49,50898694,BUY,2451.84425882,0.0000577378
0xf0523316cf23ef167d874fa030b2214280e38ee6,50898694,SELL,2449.38686892,0.0210867612
0x33b34ec46601c5c823303ca8455522e0fe5d2988,50898706,BUY,2451.84857624,0.0000710382
0x88776fbd991c76aae24e12da906e47fc8be7aab2,50898727,BUY,2451.83670255,0.0010450211
0x9972f4c1e53b5eeb9e2630a7dddb5d5bfbcac451,50898727,BUY,2451.83643966,0.0003481880
0x0f014545de76a29892b9319e5a4123b28299f33b,50898732,SELL,2449.38418742,0.0033637002
0x0f014545de76a29892b9319e5a4123b28299f33b,50898733,SELL,2449.38289240,0.0008231996
0x3d774d517eb5bfe1f77b0e0464cb47c1c09d3175,50898738,SELL,2449.38143688,0.0214792136
0x57a6191c7cebec09e9a8cd87f81a05f02f1c2f94,50898739,SELL,2449.35632411,0.2008046364
0x2e2d1f6797b7cc9d7dac3686ced979f3840b6d30,50898740,BUY,2451.78709312,0.0001319042
0x9f6a58630adc0fb929354300a3b4d3959263cfd7,50898745,SELL,2449.33345441,0.0018583844
0x8074bfbe9ef2e631346140d34e69c908f9533807,50898754,BUY,2451.79109905,0.0589908582
0xcb8a917a358b9b8a357a06900597bfcc06dc27a7,50898754,BUY,2451.79832095,0.0047066783
0xcb8a917a358b9b8a357a06900597bfcc06dc27a7,50898754,SELL,2449.34744932,0.0005736414
0xcb8a917a358b9b8a357a06900597bfcc06dc27a7,50898754,SELL,2449.34221957,0.0001434103
0xcb8a917a358b9b8a357a06900597bfcc06dc27a7,50898754,SELL,2449.34691059,0.0047066783
0x8de55ddbf8a87e7e560fdfc40a5011635b87be7f,50898768,BUY,2451.89408079,0.8522921668
0xa8ed15e2423e0dca3af1505ebd12ebfbd63e14df,50898768,BUY,2452.02594808,0.3126331043
0xc51f7bbb5a6013fb3a10e168f4b096ce4d0179e1,50898772,BUY,2452.09105357,0.2624661642
0x5214ccb53636c6ebc18ce12f28dc2287b61270a5,50898781,BUY,2452.13490509,0.1248808882
0xd48f00ba98eecd6dbba40dad5637ff75b507b5ff,50898789,BUY,2452.15327906,0.0373471894
0xb7782f063e9c37f2985fb120e862e154c6d4cf4e,50898790,BUY,2452.40358208,2.1734846218
0x54e2acab04c89a3fe02852bf8dd69ee8f526bc75,50898791,BUY,2452.65102663,0.0110795554
0xd3a322d12b83df724163131fd5c1d35a9a9b029e,50898795,BUY,2452.69708252,0.3962691948
0x05854d0c70d2f696fb3d9c0863100956b795e2ff,50898796,BUY,2452.76737117,0.2243605511
0x5dfe65f8138693515205c1630c27bc079511d4bb,50898800,BUY,2452.86145444,0.6063774749
0xecbb2b34b9bf93ed09ee21e4e582ce6825351298,50898810,BUY,2452.93124830,0.0009287362
0x48719cddf3b027dbfaf29112097343c5ea6a4f4c,50898811,SELL,2450.47383428,0.0370724603
0x92d7ae6f2a3d1ae7fe201276842f39b04b462f74,50898812,SELL,2450.46820905,0.0126667095
0xc8e9cd5ccfa0b783839e6d7e6d91ef0e7758fe14,50898817,SELL,2450.44804223,0.1656176548
0x9e0552ff501f02872acd76f3ea42ccd017ee3a50,50898820,BUY,2452.88186478,0.0009831978
0xc62fd5289f9b4067360b9abf9d7a24b031ed1e2a,50898832,BUY,2452.89358689,0.1039452442
0x4ad856711b1a105e89ec770eb136bb74d4ce9348,50898840,SELL,2450.45235175,0.0012556600
0x14adbc7ea094914aa9d9de96b7832915ffefe5f3,50898850,BUY,2453.06091538,0.0000057875
0xb04e00e3e0f31073464804fe4182844ac2f7d418,50898874,BUY,2452.90507500,0.0000407680
0x680c464b7c2719b4589868312c4dfd8a78509d6c,50898885,SELL,2450.44942761,0.0297000000
0x501ef174b66883ba40f92e6fb24bfb49331d4d4c,50898890,BUY,2452.89888531,0.0017346182
0xa971283289448b30188cec3f0e60ad92322e4970,50898895,SELL,2450.37648808,0.6187500000
0x0a12e60c05c778941e108677231f872af5961eff,50898906,SELL,2450.30535354,0.0099000000
0x66583507df36ada40eae2d572358e76971c69de3,50898920,SELL,2450.30411178,0.0012494172
0xb3186f230498176d785d814303cc94f593158b6d,50898942,SELL,2450.23494286,0.6106339893
0x0f26b8f936ddb85ba2ebac1ec4b6fb55c4efef79,50898942,BUY,2452.61927682,0.0002793948
0x4e30b933c0cd88736aec5b32aaa054897c276061,50898944,BUY,2452.61853926,0.0032131540
0xb3186f230498176d785d814303cc94f593158b6d,50898954,SELL,2450.09805107,0.6070000000
0x0f26b8f936ddb85ba2ebac1ec4b6fb55c4efef79,50898954,BUY,2452.48292049,0.0143845715
0x4f55cb15805ce098bdde722d49d1c464b51cc222,50898971,SELL,2449.99461676,0.3366000000
0x9916d51bb10ec4c53b0ef41293083512ddd4977a,50898973,BUY,2452.41574942,0.0651578400
0xf04a2505afb967a1b4f43304e17994e94bdc13a1,50898981,SELL,2449.94268444,0.2531250000
0xf04a2505afb967a1b4f43304e17994e94bdc13a1,50898985,SELL,2449.88338330,0.2714062500
0x37f7ff1864f5d5cba2b63592656049f2d7d06fb4,50898992,SELL,2449.82443600,0.2500000000
0x8a9dde87eb1f9982e8e79583cb989858516d00b4,50899006,SELL,2449.75152862,0.3949250541
0xa971283289448b30188cec3f0e60ad92322e4970,50899006,SELL,2449.66386076,0.3806250000
0xf04a2505afb967a1b4f43304e17994e94bdc13a1,50899006,SELL,2449.58091183,0.3532031250
0xa971283289448b30188cec3f0e60ad92322e4970,50899009,SELL,2449.52203420,0.1676953125
0x37f7ff1864f5d5cba2b63592656049f2d7d06fb4,50899010,SELL,2449.49554887,0.0665000000
0x149576e60ab2c85294f90656c5914068d23c5f02,50899011,BUY,2451.94086720,0.0126334217
0x0219d164a4e96ff9763d1debcbc5d394a680df9e,50899015,SELL,2449.48496581,0.0525262211
0x37f7ff1864f5d5cba2b63592656049f2d7d06fb4,50899016,SELL,2449.46546667,0.1200000000
0xa971283289448b30188cec3f0e60ad92322e4970,50899017,SELL,2449.42136247,0.2702343750
0xa971283289448b30188cec3f0e60ad92322e4970,50899019,SELL,2449.33190983,0.5212500000
0x7b4836d90131c58337616620098f3eb428302418,50899021,SELL,2449.27216667,0.0060000000
0x88776fbd991c76aae24e12da906e47fc8be7aab2,50899027,BUY,2451.72351461,0.0010436177
0x0dfa768499c331acbd6df31887eca6f5860fbd6f,50899027,BUY,2451.72389008,0.0004760716
0x5a60fa8d7fb51859cc828fee628d063aba235778,50899041,SELL,2449.25187079,0.1780000000
0xd5367f5f3fddcf3d70c8cddebbb740dd3c1f157e,50899047,SELL,2449.22529030,0.0570942900
0xd5367f5f3fddcf3d70c8cddebbb740dd3c1f157e,50899051,SELL,2449.21802062,0.0012692790
0x0f014545de76a29892b9319e5a4123b28299f33b,50899051,SELL,2449.21824540,0.0024692887
0x8cc1665ee965345e79b132adb124782bad8c78e0,50899063,BUY,2451.67830581,0.0815585354
0xe756fc75048de1553453afa4c30cfee0da23940d,50899065,BUY,2451.69092134,0.0295956013
0xb24bcc20e95f3b365a63b9ac18e9646a51770806,50899080,SELL,2449.24242424,0.0049500000
0x4003a42a8d1c0cd24a3e4f742c1fc78105b0139a,50899090,BUY,2451.69486851,0.0148172733
0xb8d0ece4f1a6ee421e90a8d6a38498b34d28261c,50899092,SELL,2449.24424523,0.0097098720
0x54e2acab04c89a3fe02852bf8dd69ee8f526bc75,50899095,SELL,2449.24283379,0.0008165781
0x4e30b933c0cd88736aec5b32aaa054897c276061,50899097,BUY,2451.69474834,0.0018959416
0xd14602c85a25a4e520441c47a97a2c9da63ae1be,50899105,BUY,2451.71912437,0.2175027362
0x048ef1062cbb39b338ac2685da72adf104b4cef5,50899110,SELL,2449.28852498,0.0001551500
0x1278c1e48e3c9548a5d9f2b16dc27ed311b0697c,50899117,BUY,2451.74610457,0.0000936284
0x501ef174b66883ba40f92e6fb24bfb49331d4d4c,50899120,SELL,2449.29255738,0.0001551468
0x13b63a4b9039886673f1e2f918dd8e1d31749099,50899140,BUY,2451.74829912,0.0405287790
0x2a90fd5352ba33b436d3adb195011864a5049511,50899166,SELL,2449.30131840,0.0021122640
0xf5f3ef3787a1c068c8cafef35f07fa784977bea1,50899168,BUY,2451.76162105,0.0815739990
0x68e11f81f75fa5e75eb1614a3875ef033fcce445,50899169,SELL,2449.31947703,0.0008220663
0x1278c1e48e3c9548a5d9f2b16dc27ed311b0697c,50899173,SELL,2449.31323291,0.0001551451
0x0f26b8f936ddb85ba2ebac1ec4b6fb55c4efef79,50899173,BUY,2451.77122608,0.0039199530
0xf04a2505afb967a1b4f43304e17994e94bdc13a1,50899177,BUY,2451.81216284,0.3590696785
0xd14602c85a25a4e520441c47a97a2c9da63ae1be,50899184,BUY,2451.95086421,0.8662895994
0x34f7923b5287536fe0401f74497423d2f88695d8,50899187,BUY,2452.04897345,0.0004078222
0xbd60ce01e6cf712bdfb48a4634be27b34d40f647,50899187,BUY,2452.04955387,0.0020337126
0x0f26b8f936ddb85ba2ebac1ec4b6fb55c4efef79,50899188,BUY,2452.05104377,0.0134029657
0x4a3d08489c7f856cc618a803259275dcf642ea8c,50899193,BUY,2452.05438872,0.0163182045
0xf73644da46ab85da864fc4284322f489134ee82c,50899199,BUY,2452.05661914,0.0036214498
0xc4d12cfb87c1fc85841c27d65ab319c118cb14a0,50899221,BUY,2452.07904845,0.1944959626
0xb8937ccea05366e24ce03ad5136caaa62ee0d1a3,50899222,BUY,2452.10552732,0.0393618990
0xa971283289448b30188cec3f0e60ad92322e4970,50899237,BUY,2452.20359410,0.8269117217
0xa971283289448b30188cec3f0e60ad92322e4970,50899246,BUY,2452.36229407,0.5747060948
0xd14602c85a25a4e520441c47a97a2c9da63ae1be,50899246,BUY,2452.47255187,0.3989155313
0x05854d0c70d2f696fb3d9c0863100956b795e2ff,50899254,BUY,2452.53331650,0.0000088578
0xa971283289448b30188cec3f0e60ad92322e4970,50899259,BUY,2452.57602305,0.5147027098
0xc27a2b4bd5b374c3cb3c711e17901628824f8258,50899260,BUY,2452.63927009,0.0001039586
0xe9a0da4806312550fa8d519b362420618d5f0c64,50899260,BUY,2452.63712114,0.0002676825
0xbb0e31d765ee8bd8982d3750e36aaf84d5ff0e9c,50899314,SELL,2450.18153996,0.0063254109
0x501ef174b66883ba40f92e6fb24bfb49331d4d4c,50899320,BUY,2452.67110352,0.0000166080
0x88776fbd991c76aae24e12da906e47fc8be7aab2,50899327,BUY,2452.63351853,0.0010417814
0x9972f4c1e53b5eeb9e2630a7dddb5d5bfbcac451,50899327,BUY,2452.63421311,0.0003471084
0xb76455d6a7759cb4ea5bdfb1e940c6a15def4708,50899328,BUY,2452.63399269,0.0060782767
0x22e0adc1b4e680bb4483ae32ba3f45d2f9bad67c,50899328,BUY,2452.64447119,0.0000169886
0x09d908802a83f1246fdb45119016369c76e0dfa5,50899329,SELL,2450.18206405,0.0051459768
0x068d1d4bddf7ab47014cef312255f937f9c4c985,50899334,SELL,2450.18025613,0.0108181763
0x048ef1062cbb39b338ac2685da72adf104b4cef5,50899365,SELL,2450.17644533,0.0000367223
0x048ef1062cbb39b338ac2685da72adf104b4cef5,50899365,SELL,2450.17644533,0.0000367223
0x9060c1a7c23360fb61f3914cf6d9a338388f852a,50899365,BUY,2452.63220966,0.0004986019
0x5e7b46d33dae15b8ca77e8d08b14b211e5426f5e,50899369,BUY,2452.63395195,0.0001358715
0xbb0e31d765ee8bd8982d3750e36aaf84d5ff0e9c,50899375,SELL,2450.17658456,0.0225207152
0x6ee62fb521531b587e79262d759dec8ce4fef341,50899379,BUY,2452.62654319,0.0040772616
0xc27a2b4bd5b374c3cb3c711e17901628824f8258,50899387,BUY,2452.62823367,0.0003478607
0x83ac83ae6a86f97a000c391a30ba13807d0708e6,50899408,BUY,2452.64627150,0.1693996847
0x6b29280048f1d870bf79f832941708b715ec71b6,50899408,BUY,2459.05228871,0.0000001314
0x0f014545de76a29892b9319e5a4123b28299f33b,50899409,SELL,2450.21276040,0.0055530382
0xd83e60d273fd0cb3b05c2611db940fecb7b6ca64,50899418,BUY,2452.67454196,0.0000687331
0x4738d4b302a8b30f128b8fc148d430b45a4e3c04,50899418,BUY,2453.05120158,0.0000012397
0x048ef1062cbb39b338ac2685da72adf104b4cef5,50899432,BUY,2452.66481111,0.0021872035
0x048ef1062cbb39b338ac2685da72adf104b4cef5,50899449,BUY,2452.67475720,0.0000202204
0x54e2acab04c89a3fe02852bf8dd69ee8f526bc75,50899458,SELL,2450.21264600,0.0001550886
0x1278c1e48e3c9548a5d9f2b16dc27ed311b0697c,50899474,SELL,2450.21261461,0.0001224384
0x54e2acab04c89a3fe02852bf8dd69ee8f526bc75,50899483,SELL,2450.21241614,0.0016325115
0x1bf52ac03d5d4e0a041c7f44778adcc5269dc390,50899484,BUY,2452.66490414,0.0037993564
0xf9da49b600228cab30639d5cb1d10220bfe3aaee,50899485,BUY,2452.66599014,0.0005655540
0x9f8e1a953a3c9d77815b4a2381ebe842413df7e3,50899485,BUY,2452.66574871,0.0001956329
0x068d1d4bddf7ab47014cef312255f937f9c4c985,50899486,SELL,2450.21231747,0.0080335650
0x1278c1e48e3c9548a5d9f2b16dc27ed311b0697c,50899494,SELL,2450.21141880,0.0002448768
0x55555cfddd37d8d82e06e0de90da9366ca3e31e8,50899494,BUY,2452.66442726,0.0075371126
0x55555cfddd37d8d82e06e0de90da9366ca3e31e8,50899494,SELL,2450.21105889,0.0002989204
0x55555cfddd37d8d82e06e0de90da9366ca3e31e8,50899494,SELL,2450.21236100,0.0034722566
0x55555cfddd37d8d82e06e0de90da9366ca3e31e8,50899494,SELL,2450.21161267,0.0041395861
0x55555cfddd37d8d82e06e0de90da9366ca3e31e8,50899494,BUY,2452.68788816,0.0000367748
0x565e342d7bd4f360eb9614fb8997a00117aed152,50899494,SELL,2450.20922446,0.0184920257
0x565e342d7bd4f360eb9614fb8997a00117aed152,50899494,SELL,2450.20667043,0.0040916699
0x55555cfddd37d8d82e06e0de90da9366ca3e31e8,50899497,SELL,2450.20139667,0.0001232144
0xb6cc827f1f87bc8662603f3ac58774b225778a4b,50899498,BUY,2452.80789019,1.3213312017
0x55555cfddd37d8d82e06e0de90da9366ca3e31e8,50899499,BUY,2452.95795679,0.0019581795
0x55555cfddd37d8d82e06e0de90da9366ca3e31e8,50899499,SELL,2450.50531292,0.0009180094
0x55555cfddd37d8d82e06e0de90da9366ca3e31e8,50899499,SELL,2450.50444764,0.0011305497
0x55555cfddd37d8d82e06e0de90da9366ca3e31e8,50899499,BUY,2452.96532425,0.0000040510
0x55555cfddd37d8d82e06e0de90da9366ca3e31e8,50899501,SELL,2450.49804495,0.0000720841
0x55555cfddd37d8d82e06e0de90da9366ca3e31e8,50899501,SELL,2450.50448831,0.0017578287
0x55555cfddd37d8d82e06e0de90da9366ca3e31e8,50899501,SELL,2450.49690017,0.0001264193
0x55555cfddd37d8d82e06e0de90da9366ca3e31e8,50899502,SELL,2450.49317521,0.0000430371
0x55555cfddd37d8d82e06e0de90da9366ca3e31e8,50899502,SELL,2450.49048988,0.0000667303
0x55555cfddd37d8d82e06e0de90da9366ca3e31e8,50899502,BUY,2452.95829160,0.0002117835
0x55555cfddd37d8d82e06e0de90da9366ca3e31e8,50899503,SELL,2450.50373164,0.0001955255
0x55555cfddd37d8d82e06e0de90da9366ca3e31e8,50899503,SELL,2450.50250593,0.0002503042
0x55555cfddd37d8d82e06e0de90da9366ca3e31e8,50899505,SELL,2450.50458270,0.0000949425
0x09bf0bbabb0916c17a19793109d6dcb842c0668f,50899506,BUY,2452.95947889,0.0216019639
0x55555cfddd37d8d82e06e0de90da9366ca3e31e8,50899506,SELL,2450.50756018,0.0002276463
0x55555cfddd37d8d82e06e0de90da9366ca3e31e8,50899507,BUY,2452.96337678,0.0002516320
0x55555cfddd37d8d82e06e0de90da9366ca3e31e8,50899507,SELL,2450.49821103,0.0000214189
0x55555cfddd37d8d82e06e0de90da9366ca3e31e8,50899507,SELL,2450.47508923,0.0000275596
0x55555cfddd37d8d82e06e0de90da9366ca3e31e8,50899507,BUY,2464.84629488,0.0000000763
0x55555cfddd37d8d82e06e0de90da9366ca3e31e8,50899507,SELL,2450.50881883,0.0007116110
0x55555cfddd37d8d82e06e0de90da9366ca3e31e8,50899509,BUY,2452.96699231,0.0000365337
0x55555cfddd37d8d82e06e0de90da9366ca3e31e8,50899509,SELL,2450.50914746,0.0000369401
0x55555cfddd37d8d82e06e0de90da9366ca3e31e8,50899509,SELL,2450.50528071,0.0000738113
0x55555cfddd37d8d82e06e0de90da9366ca3e31e8,50899509,BUY,2468.41370346,0.0000000600
0x55555cfddd37d8d82e06e0de90da9366ca3e31e8,50899509,SELL,2450.50869752,0.0023106198
0x55555cfddd37d8d82e06e0de90da9366ca3e31e8,50899509,SELL,2450.50853740,0.0019935838
0x55555cfddd37d8d82e06e0de90da9366ca3e31e8,50899510,SELL,2450.50589720,0.0003312312
0x55555cfddd37d8d82e06e0de90da9366ca3e31e8,50899510,SELL,2450.49018798,0.0000487694
0x55555cfddd37d8d82e06e0de90da9366ca3e31e8,50899510,SELL,2450.50560420,0.0000600607
0x55555cfddd37d8d82e06e0de90da9366ca3e31e8,50899510,BUY,2472.33696677,0.0000000485
0x55555cfddd37d8d82e06e0de90da9366ca3e31e8,50899510,SELL,2450.48061967,0.0000242050
0x55555cfddd37d8d82e06e0de90da9366ca3e31e8,50899510,SELL,2450.50772964,0.0003540299
0x55555cfddd37d8d82e06e0de90da9366ca3e31e8,50899511,SELL,2450.50099432,0.0000216368
0x55555cfddd37d8d82e06e0de90da9366ca3e31e8,50899511,SELL,2450.50581413,0.0001427975
0x55555cfddd37d8d82e06e0de90da9366ca3e31e8,50899512,SELL,2450.48650030,0.0000353399
0x55555cfddd37d8d82e06e0de90da9366ca3e31e8,50899512,SELL,2450.50763721,0.0035006404
0x55555cfddd37d8d82e06e0de90da9366ca3e31e8,50899512,BUY,2452.95980345,0.0006302504
0x55555cfddd37d8d82e06e0de90da9366ca3e31e8,50899513,SELL,2450.50070708,0.0000650618
0x55555cfddd37d8d82e06e0de90da9366ca3e31e8,50899513,SELL,2450.48842893,0.0000482830
0x55555cfddd37d8d82e06e0de90da9366ca3e31e8,50899513,SELL,2450.49871976,0.0000326897
0x55555cfddd37d8d82e06e0de90da9366ca3e31e8,50899515,BUY,2452.96855412,0.0000712435
0x55555cfddd37d8d82e06e0de90da9366ca3e31e8,50899515,SELL,2450.50653844,0.0001056267
0x55555cfddd37d8d82e06e0de90da9366ca3e31e8,50899515,SELL,2450.50716931,0.0017723368
0x55555cfddd37d8d82e06e0de90da9366ca3e31e8,50899515,SELL,2450.50660601,0.0036589397
0x55555cfddd37d8d82e06e0de90da9366ca3e31e8,50899516,SELL,2450.50577458,0.0000759406
0x55555cfddd37d8d82e06e0de90da9366ca3e31e8,50899516,SELL,2450.47246977,0.0000215444
0x55555cfddd37d8d82e06e0de90da9366ca3e31e8,50899516,BUY,2453.80280578,0.0000004829
0x55555cfddd37d8d82e06e0de90da9366ca3e31e8,50899516,SELL,2450.50322368,0.0001510531
0x55555cfddd37d8d82e06e0de90da9366ca3e31e8,50899517,SELL,2450.50011032,0.0001120885
0x55555cfddd37d8d82e06e0de90da9366ca3e31e8,50899519,SELL,2450.50582781,0.0004286674
0x55555cfddd37d8d82e06e0de90da9366ca3e31e8,50899519,SELL,2450.50578032,0.0001131391
0x55555cfddd37d8d82e06e0de90da9366ca3e31e8,50899520,SELL,2450.50403239,0.0004200385
0x55555cfddd37d8d82e06e0de90da9366ca3e31e8,50899520,SELL,2450.49608139,0.0000804298
0x55555cfddd37d8d82e06e0de90da9366ca3e31e8,50899521,BUY,2452.95844085,0.0013493710
0x55555cfddd37d8d82e06e0de90da9366ca3e31e8,50899521,SELL,2450.50592703,0.0005682761
0x55555cfddd37d8d82e06e0de90da9366ca3e31e8,50899523,SELL,2450.50496024,0.0006003803
0x55555cfddd37d8d82e06e0de90da9366ca3e31e8,50899523,SELL,2450.49338815,0.0000150072
0x55555cfddd37d8d82e06e0de90da9366ca3e31e8,50899523,SELL,2450.50093180,0.0000325884
0x8fc3f785163acbb1efe5452355a8628626088e78,50899523,BUY,2452.95936219,0.0083311735
0x55555cfddd37d8d82e06e0de90da9366ca3e31e8,50899524,SELL,2450.49671875,0.0000492002
0x55555cfddd37d8d82e06e0de90da9366ca3e31e8,50899524,BUY,2472.68868534,0.0000000477
0x55555cfddd37d8d82e06e0de90da9366ca3e31e8,50899524,SELL,2450.50737457,0.0027108827
0x55555cfddd37d8d82e06e0de90da9366ca3e31e8,50899524,SELL,2450.50117092,0.0001246414
0x55555cfddd37d8d82e06e0de90da9366ca3e31e8,50899526,SELL,2450.50701351,0.0011089644
0x55555cfddd37d8d82e06e0de90da9366ca3e31e8,50899527,BUY,2452.95944976,0.0005560161
0x55555cfddd37d8d82e06e0de90da9366ca3e31e8,50899527,BUY,2452.96210768,0.0003425161
0x55555cfddd37d8d82e06e0de90da9366ca3e31e8,50899527,SELL,2450.50623716,0.0001306012
0x55555cfddd37d8d82e06e0de90da9366ca3e31e8,50899528,BUY,2452.97344508,0.0000346645
0x55555cfddd37d8d82e06e0de90da9366ca3e31e8,50899528,SELL,2450.43256993,0.0000125109
0x55555cfddd37d8d82e06e0de90da9366ca3e31e8,50899528,SELL,2450.50607419,0.0005579178
0x55555cfddd37d8d82e06e0de90da9366ca3e31e8,50899528,BUY,2452.96092071,0.0002841945
0x55555cfddd37d8d82e06e0de90da9366ca3e31e8,50899528,SELL,2450.49956920,0.0001256560
0x55555cfddd37d8d82e06e0de90da9366ca3e31e8,50899530,SELL,2450.50051130,0.0001092381
0x55555cfddd37d8d82e06e0de90da9366ca3e31e8,50899530,SELL,2450.49883772,0.0000120975
0x55555cfddd37d8d82e06e0de90da9366ca3e31e8,50899531,SELL,2450.49488684,0.0000367881
0x55555cfddd37d8d82e06e0de90da9366ca3e31e8,50899531,SELL,2450.49696549,0.0000894284
0x55555cfddd37d8d82e06e0de90da9366ca3e31e8,50899531,SELL,2450.50629072,0.0011444961
0x55555cfddd37d8d82e06e0de90da9366ca3e31e8,50899532,BUY,2452.96202569,0.0002855014
0x55555cfddd37d8d82e06e0de90da9366ca3e31e8,50899532,SELL,2450.49962623,0.0001262567
0x55555cfddd37d8d82e06e0de90da9366ca3e31e8,50899532,BUY,2452.96064915,0.0001685645
0x55555cfddd37d8d82e06e0de90da9366ca3e31e8,50899532,SELL,2450.49980352,0.0000914720
0x55555cfddd37d8d82e06e0de90da9366ca3e31e8,50899532,SELL,2450.49931772,0.0000536691
0x55555cfddd37d8d82e06e0de90da9366ca3e31e8,50899532,BUY,2455.23009736,0.0000002859
0xf0523316cf23ef167d874fa030b2214280e38ee6,50899533,BUY,2452.97343871,0.1265875590
0x40b478d68e306ce3450ce27752e6795ccdb3df35,50899533,BUY,2452.98878074,0.0088267681
0x55555cfddd37d8d82e06e0de90da9366ca3e31e8,50899533,BUY,2452.99173914,0.0004729722
0x55555cfddd37d8d82e06e0de90da9366ca3e31e8,50899533,SELL,2450.53705410,0.0029084102
0x55555cfddd37d8d82e06e0de90da9366ca3e31e8,50899533,SELL,2450.51086514,0.0000277330
0x1278c1e48e3c9548a5d9f2b16dc27ed311b0697c,50899540,SELL,2450.53590040,0.0001224075
0x54e2acab04c89a3fe02852bf8dd69ee8f526bc75,50899543,SELL,2450.53590040,0.0001224075
0x1278c1e48e3c9548a5d9f2b16dc27ed311b0697c,50899565,SELL,2450.53669716,0.0008161477
0x54e2acab04c89a3fe02852bf8dd69ee8f526bc75,50899569,BUY,2452.99576752,0.0000689223
0xca5449ce85dfe7e55dcd15b35b5d34633f65c1dd,50899577,BUY,2452.99070296,0.0146468590
0xd83e60d273fd0cb3b05c2611db940fecb7b6ca64,50899582,BUY,2452.99296737,0.0033168314
0x0034a05dca91cb3234ef72456413746b70ca18c3,50899583,BUY,2452.99791517,0.0001096373
0xf0523316cf23ef167d874fa030b2214280e38ee6,50899586,BUY,2453.00995304,0.1488151279
0x54e2acab04c89a3fe02852bf8dd69ee8f526bc75,50899593,SELL,2450.57438558,0.0000816135
0x54e2acab04c89a3fe02852bf8dd69ee8f526bc75,50899593,BUY,2453.03091117,0.0001121384
0xd845a5159e2c90e1a9ff2ca0e19a1af0bc751a6e,50899593,SELL,2450.56127586,0.1160000000
0x4c3f059296bed9e8b0a04bb1034023c41f0cf202,50899594,BUY,2453.00335925,0.0246273014
0x0bd8fe0aee1a9f2270ea3a969f84aa0f75c80dd6,50899610,BUY,2453.00870454,0.0226821808
0x54e2acab04c89a3fe02852bf8dd69ee8f526bc75,50899613,BUY,2453.01982493,0.0001165942
0x88776fbd991c76aae24e12da906e47fc8be7aab2,50899627,BUY,2453.01162135,0.0010401740
0x0dfa768499c331acbd6df31887eca6f5860fbd6f,50899627,BUY,2453.01208918,0.0004743222
0x13b63a4b9039886673f1e2f918dd8e1d31749099,50899637,BUY,2453.01624469,0.0405364413
0x6523312dba2a71e119fb39a0e456a2a43be7d267,50899641,BUY,2453.06270471,0.3697108428
0x3a4f3b6a8e3fdaabdb360fa75f434379b1d3d75c,50899641,BUY,2453.13741118,0.2897087337
0x6b63ebbf36a78e0d2161b762e5a5b06dfe5d215c,50899641,BUY,2453.19705848,0.2367451926
0xf98deabd31ac2bbb41a309d3832d5a557fde5978,50899641,BUY,2453.27920264,0.4882776851
0x1722ee8d098037c47bfdcdc260e197cb7c0d5b4b,50899641,BUY,2453.35620900,0.1913093905
0xf04a2505afb967a1b4f43304e17994e94bdc13a1,50899641,BUY,2453.51514658,1.2113278535
0x35b01f4d927bf314bfca1489d96f7c5a33902d6f,50899643,BUY,2453.65958943,0.0631949561
0x4249c5ddb041a5702b76810d3a59857c0b39d15c,50899651,SELL,2451.20360720,0.0890963127
0x5827a1b4d068ba78857670b4856d340fabc1aa15,50899651,BUY,2453.69329510,0.0000109928
0xe93685f3bba03016f02bd1828badd6195988d950,50899653,BUY,2454.01480740,0.0000025077
0xcf5412704264151768b4b7061162154c99718f7c,50899653,BUY,2453.64745567,0.0066758409
0xe55070656514343984cfbc5ab465ab0075db0170,50899659,BUY,2453.65407886,0.0529822036
0xe0c10112aa1b8676c1383cb6ec203be38eec3daa,50899668,SELL,2451.20451046,0.0223242984
0x1cc053c54e3199b6d09b7dc120f4e96c99b44e90,50899680,BUY,2453.65742225,0.0208172716
0xaf9127b24a97a135cf68f611769251cabcb871cb,50899681,BUY,2453.66852812,0.0774665827
0xcf5412704264151768b4b7061162154c99718f7c,50899682,BUY,2453.67762752,0.0009755083
0xa85f0000d42f34e01df3d184612aeebf10b318e3,50899683,BUY,2453.69004507,0.1104521496
0x5665c17e72a46d1ead85b607d514d6b27e05cfe4,50899683,BUY,2453.71560202,0.1150744494
0xa6b70dc9d6ed912f5a1d0359480d393badf2ec15,50899684,BUY,2453.72925829,0.0005923033
0x048ef1062cbb39b338ac2685da72adf104b4cef5,50899687,BUY,2453.72899826,0.0018885447
0xbb7c2ba41dcd746566082f09b0fc4354b99b5e13,50899690,BUY,2453.73382899,0.0407606330
0xee0c40c950b65f392118b959d394fc7b659ea6ca,50899693,BUY,2453.74058855,0.0188217244
0x048ef1062cbb39b338ac2685da72adf104b4cef5,50899717,SELL,2451.28885024,0.0054236252
0x1278c1e48e3c9548a5d9f2b16dc27ed311b0697c,50899721,SELL,2451.27731693,0.0000815897
0xbb0e31d765ee8bd8982d3750e36aaf84d5ff0e9c,50899734,SELL,2451.28660870,0.0148792825
0xffc84f0b1d68a6f0d9946d0002fcee52e8635a3c,50899750,SELL,2451.27375758,0.0990000000
0x39d629a1de0e3ac374234e189f9a61da82673765,50899762,BUY,2453.78010719,0.5685844281
0x0f014545de76a29892b9319e5a4123b28299f33b,50899764,SELL,2451.39086996,0.0019032970
0x0f014545de76a29892b9319e5a4123b28299f33b,50899764,SELL,2451.39029734,0.0024987714
0x824abda7e8bfcf47c543761c50bc7bf6756deda9,50899775,BUY,2453.84407118,0.0031285509
0x54e2acab04c89a3fe02852bf8dd69ee8f526bc75,50899777,BUY,2453.84619665,0.0003800413
0xe93685f3bba03016f02bd1828badd6195988d950,50899781,BUY,2453.84588938,0.0002922429
0x89b97f7c0841144a027700e8744146c997e1e652,50899791,BUY,2454.09948881,2.2501426777
0x1278c1e48e3c9548a5d9f2b16dc27ed311b0697c,50899796,BUY,2454.35480277,0.0002256890
0x12c51473ecec31920552b2cefc96f7c3ccf1dacd,50899798,SELL,2451.82717187,0.6512999784
0x54e2acab04c89a3fe02852bf8dd69ee8f526bc75,50899800,SELL,2451.73744521,0.0000611770
0x1278c1e48e3c9548a5d9f2b16dc27ed311b0697c,50899808,SELL,2451.75341509,0.0000652594
0x54e2acab04c89a3fe02852bf8dd69ee8f526bc75,50899817,SELL,2451.75339986,0.0000693381
0x1278c1e48e3c9548a5d9f2b16dc27ed311b0697c,50899824,SELL,2451.75338462,0.0000652594
0xec2e8cd24d36657708133b156a39fdb3bdf6a3f9,50899829,BUY,2454.20747352,0.0040068377
0x6ee62fb521531b587e79262d759dec8ce4fef341,50899829,BUY,2454.20834124,0.0040746337
0x05854d0c70d2f696fb3d9c0863100956b795e2ff,50899829,SELL,2451.75405474,0.0097127373
0x3be22b314654c396a12c5e8d79abdd65aac3caaf,50899830,SELL,2451.75256190,0.0032728046
0x3be22b314654c396a12c5e8d79abdd65aac3caaf,50899832,SELL,2451.75119504,0.0094722585
0x048ef1062cbb39b338ac2685da72adf104b4cef5,50899835,SELL,2451.73999976,0.0000815743
0x1278c1e48e3c9548a5d9f2b16dc27ed311b0697c,50899835,SELL,2451.74154705,0.0000506770
0xb30549b3cf21f944456bf21ba8d08c560f75c73c,50899835,SELL,2451.74898252,0.0090986884
0xa4126af5e015828a238fa5f3daabd472e9ef6ccd,50899839,SELL,2451.74750000,0.0024000000
0x03d9964f4d93a24b58c0fc3a8df3474b59ba8557,50899842,BUY,2454.20206154,0.0009047360
0xddd405336c13db1ccbf577f64b43890d9c386f7d,50899848,SELL,2451.71005587,0.3324559130
0xbb0e31d765ee8bd8982d3750e36aaf84d5ff0e9c,50899854,SELL,2451.67070954,0.0149801920
0x533ab12b913474d84cf4d83823360b77b9e8856e,50899859,BUY,2454.12715797,0.0407476848
0x6ee62fb521531b587e79262d759dec8ce4fef341,50899867,SELL,2451.67361176,0.0409823104
0xc27a2b4bd5b374c3cb3c711e17901628824f8258,50899872,BUY,2454.12310469,0.0002142301
0xbb0e31d765ee8bd8982d3750e36aaf84d5ff0e9c,50899915,SELL,2451.66453693,0.0396653035
0x2d93c2f74b2c4697f9ea85d0450148aa45d4d5a2,50899919,SELL,2451.65962734,0.0034630215
0x1f68479a375ccff6d6c8d556913cdda0b65a18b5,50899921,BUY,2454.11335513,0.0041045439
0x88776fbd991c76aae24e12da906e47fc8be7aab2,50899927,BUY,2454.11477429,0.0010382624
0x9972f4c1e53b5eeb9e2630a7dddb5d5bfbcac451,50899927,BUY,2454.11547285,0.0003459348
0x4f55cb15805ce098bdde722d49d1c464b51cc222,50899937,SELL,2451.64146168,0.1683000000
0x4e30b933c0cd88736aec5b32aaa054897c276061,50899939,BUY,2454.07614474,0.0011172062
0xbd64d9eb61588e8c3c16c225d5130c046a72e436,50899957,BUY,2454.07912732,0.0262711851
0x83113a0febb6cf0627e2730fd96a5a0ebc361d30,50899959,SELL,2451.62626263,0.0207900000
0x384dd248d5cce3e8b48e2dfa372dbfb2132a4710,50899967,SELL,2451.62109091,0.0247500000
0xfc1919ea4fed965cae7461335397ea9623f3dd4d,50900000,BUY,2454.07290628,0.0009535393
0xc01cece6d67e85ffda8f12f08a1b2503698ef105,50900014,BUY,2454.07267477,0.0049251981
0xc746bd035fce528333ba4409d8dad1dfc953b224,50900041,BUY,2454.07374285,0.0012879597
0xc27a2b4bd5b374c3cb3c711e17901628824f8258,50900053,BUY,2454.07403732,0.0026789033
0xa7d20fd31078a5703b0717e548452ea6c0c8a689,50900053,SELL,2451.61809771,0.0216609235
0xec48ec785b6bb8f298fe4f4a7868ac4f679e4c39,50900067,SELL,2451.61332405,0.0204577947
0x9b6d34b3bb579f8fed1ae29e536c05fc2fe8f3d5,50900079,BUY,2454.06926038,0.0422111925
0xabecbfd3cd6f3f86de41d5afc653a206260c977b,50900079,BUY,2454.07594026,0.0163247736
0xe2d3d95fe50517bb969d16c890f04e2d8fb06df5,50900089,BUY,2454.07845387,0.0057729511
0xaa80bff121022c13fd95d023d0a38fc7446da1c1,50900094,BUY,2454.07935080,0.0024016505
0x1278c1e48e3c9548a5d9f2b16dc27ed311b0697c,50900117,SELL,2451.52720505,0.0000019935
0x37cd2fe5816bb366194eaa66b137aa459c28b5cf,50900119,BUY,2454.08420855,0.0407483980
0x13c2d2571a5751d92c31c0f91e29a401418b4b25,50900123,BUY,2454.09876639,0.0000137431
0x9e0552ff501f02872acd76f3ea42ccd017ee3a50,50900123,BUY,2454.08932370,0.0041228283
0x83113a0febb6cf0627e2730fd96a5a0ebc361d30,50900127,SELL,2451.63149055,0.0422730000
0xf2d1aff8a41cdef7e06c8443866124184c3ef527,50900127,SELL,2451.58090459,0.4047841318
0x501ef174b66883ba40f92e6fb24bfb49331d4d4c,50900134,SELL,2451.53508138,0.0000815815
0x0f014545de76a29892b9319e5a4123b28299f33b,50900145,SELL,2451.53493516,0.0010162943
0x000000c557fa9a96d66cd6371abde62d879d0e61,50900152,SELL,2451.52783180,0.0619397822
0xd3ff34fbe635e294eb29810a9edbef0bbae52a63,50900155,SELL,2451.52001832,0.0066132375
0x90cf37640d2dd114b044ddcd9e7bdf5d9ccbcfa6,50900159,SELL,2451.51858586,0.0049500000
0xd3ff34fbe635e294eb29810a9edbef0bbae52a63,50900162,SELL,2451.51719204,0.0086126938
0x7dd444bd0f1a04bfc26838fbb1f9315c503d1177,50900202,SELL,2451.51286195,0.0297000000
0x048ef1062cbb39b338ac2685da72adf104b4cef5,50900205,BUY,2453.96297356,0.0008150082
0x501ef174b66883ba40f92e6fb24bfb49331d4d4c,50900214,BUY,2453.97606546,0.0000717758
0x88776fbd991c76aae24e12da906e47fc8be7aab2,50900227,BUY,2453.96393452,0.0010368844
0x0dfa768499c331acbd6df31887eca6f5860fbd6f,50900227,BUY,2453.96387956,0.0004741382
0x05854d0c70d2f696fb3d9c0863100956b795e2ff,50900240,SELL,2451.49569156,0.1270445639
0x397e13fb730ac26af04a2084585b07f5b5d28d36,50900243,BUY,2453.93509625,0.0040343365
0xf360c2c99c74b9f8c2a8e717b2739f04cc5023a5,50900266,BUY,2453.93641521,0.0073969545
0x17d79b9cd12b042f1da48ee0dbd3d5b9ea6f1c8b,50900284,BUY,2453.93809684,0.0065219009
0x002238ee12a1fec99ba93d941994728b1fc68b98,50900295,BUY,2453.93949958,0.0054443518
0x8cc1665ee965345e79b132adb124782bad8c78e0,50900320,BUY,2453.96304548,0.2037845716
0x9cbcda12971d2cc0df997c437cf4aa08a3f8a8c0,50900327,SELL,2451.52847803,0.0378990197
0x464fc339add314932920d3e060745bd7ea3e92ad,50900331,BUY,2453.97815318,0.0052975207
0xc27a2b4bd5b374c3cb3c711e17901628824f8258,50900332,BUY,2453.99055732,0.0000702301
0xbb0e31d765ee8bd8982d3750e36aaf84d5ff0e9c,50900335,SELL,2451.52473134,0.0053742697
0x397e13fb730ac26af04a2084585b07f5b5d28d36,50900342,BUY,2453.97800912,0.0040342660
0x0034a05dca91cb3234ef72456413746b70ca18c3,50900361,BUY,2453.98937998,0.0000904763
0x8cc1665ee965345e79b132adb124782bad8c78e0,50900362,BUY,2453.98774651,0.0814935850
0x3149712f752cb9e6efbf202e76893cceb8f5e35f,50900376,BUY,2454.20233654,1.8122463799
0x824abda7e8bfcf47c543761c50bc7bf6756deda9,50900379,BUY,2454.41286566,0.0001420034
0x1278c1e48e3c9548a5d9f2b16dc27ed311b0697c,50900382,SELL,2429.26899423,0.0000000123
0x14adbc7ea094914aa9d9de96b7832915ffefe5f3,50900391,BUY,2454.49572001,0.0000091241
0x5ada97eba99aa242bf7cd2a6504a1fc71ab61939,50900392,BUY,2454.40850000,0.0020000000
0xbb0e31d765ee8bd8982d3750e36aaf84d5ff0e9c,50900394,SELL,2451.95159425,0.0246287590
0xb04e00e3e0f31073464804fe4182844ac2f7d418,50900411,BUY,2454.40260172,0.0000407431
0x4ba1e9e275ef61b56c99532d0066506436201d73,50900413,SELL,2451.94666667,0.0003000000
0x8cc1665ee965345e79b132adb124782bad8c78e0,50900439,BUY,2454.41179248,0.0815252154
0x5dfe65f8138693515205c1630c27bc079511d4bb,50900472,BUY,2454.47198924,0.4497957882
0x37cd2fe5816bb366194eaa66b137aa459c28b5cf,50900496,BUY,2454.52757935,0.0407410374
0x479b1142b0f43634c6e4598cefd2c2b8a0356d6c,50900506,BUY,2454.67857601,1.2915465275
0x3d75877b94600ce251ceec80402790d78486e8d1,50900506,BUY,2454.84457973,0.1730073588
0x6f2787e753615c999b5786f49c1a4e2bba9cfeeb,50900509,BUY,2455.00474420,1.2399429244
0x8cc1665ee965345e79b132adb124782bad8c78e0,50900509,BUY,2455.16841749,0.2037680431
0xbb0e31d765ee8bd8982d3750e36aaf84d5ff0e9c,50900514,SELL,2452.73436140,0.0225760681
0xd83e60d273fd0cb3b05c2611db940fecb7b6ca64,50900514,BUY,2455.18716495,0.0002670293
0x297773a41e7ece247dbf1f01ea99863924a76a0f,50900516,BUY,2455.27619321,0.7914505429
0xa971283289448b30188cec3f0e60ad92322e4970,50900517,BUY,2455.38751032,0.1903153054
0x0f0067cd819cb8f20bda62046daff7a2b5c88280,50900519,BUY,2455.46082545,0.4562405103
0x88776fbd991c76aae24e12da906e47fc8be7aab2,50900527,BUY,2455.51318785,0.0010347910
0x9972f4c1e53b5eeb9e2630a7dddb5d5bfbcac451,50900527,BUY,2455.51485591,0.0003447774
0x6d92f83f901592da8d73a943892714463cda72cc,50900542,BUY,2455.69857667,1.6375088507
0x228bafffa0d667bf42c2642e5042f482f27379d9,50900556,SELL,2453.42840843,0.0052112460
0x8cc1665ee965345e79b132adb124782bad8c78e0,50900565,BUY,2455.89698167,0.1221959004
0x8d5acb75bb2425fe3b034301c96715741a01a8e5,50900584,SELL,2453.31158089,1.2711361037
0x4e30b933c0cd88736aec5b32aaa054897c276061,50900587,BUY,2455.62336209,0.0006585509
0x7417fe5e476249519229da84865ee3d8fc66f287,50900600,SELL,2453.16701124,0.0068286215
0x9f4d9aadc3821142cf501cdf088c591347165416,50900619,SELL,2453.16286195,0.0297000000
0xbb0e31d765ee8bd8982d3750e36aaf84d5ff0e9c,50900634,SELL,2453.15590710,0.0316755657
0x000000c557fa9a96d66cd6371abde62d879d0e61,50900641,SELL,2453.14586661,0.0571535121
0xda404bb35b80f29b472e2094f1e643f10fb6fc36,50900651,SELL,2453.13712121,0.0198000000
0x27ddee485ff1d2933401d1da665b71bf47967b60,50900651,BUY,2455.59088740,0.0003564584
0xf73644da46ab85da864fc4284322f489134ee82c,50900654,BUY,2455.59060989,0.0009329731
0x07c986fda4911421859d31306a0d1e24348060cb,50900680,SELL,2453.06646952,0.6070537144
0x9f33171ebcf4e92b74fa84a0cf01999de7c931bb,50900681,SELL,2452.96089870,0.3253600000
0x65d0439d3e26b16b6fc38f89c9337c3f9d215741,50900684,BUY,2455.42502431,0.4073837694
0xcd5adcb3a1f63180f8d4f75d8f12de8883f7c641,50900702,SELL,2453.00842857,0.0700000000
0x8cc1665ee965345e79b132adb124782bad8c78e0,50900708,BUY,2455.46921385,0.1221666447
0x05854d0c70d2f696fb3d9c0863100956b795e2ff,50900711,SELL,2452.99101538,0.3282642525
0x05854d0c70d2f696fb3d9c0863100956b795e2ff,50900715,SELL,2452.92852076,0.2237492040
0x4e30b933c0cd88736aec5b32aaa054897c276061,50900742,BUY,2455.35816841,0.0003884777
0x7c1f8b8044d1ef8976cdfc4a4b6c81ed7d31f914,50900742,BUY,2455.35811423,0.0008145451
0x7c1f8b8044d1ef8976cdfc4a4b6c81ed7d31f914,50900742,BUY,2455.37396631,0.0000144760
0x0e8c44f936d0d8a400671a56b1909995addc7059,50900754,SELL,2452.90232323,0.0099000000
0xf73644da46ab85da864fc4284322f489134ee82c,50900759,BUY,2455.35655152,0.0010804948
0x712eb29a3cd236689212e04077aa5f2fc1115fb8,50900775,SELL,2452.90080000,0.0050000000
0x472b183c7ff518c6cc46da5c31be9ff411188de9,50900802,SELL,2452.89967165,0.0049842540
0x6149a51a0ab0ca12786fe3af59e80c8d6e4d1247,50900813,SELL,2452.89561780,0.0315650982
0xbb0e31d765ee8bd8982d3750e36aaf84d5ff0e9c,50900814,SELL,2452.88937905,0.0235891661
0xd7b396a6c532547000399cb30cb9f5495482ed86,50900816,BUY,2455.34261024,0.0093893846
0x9916d51bb10ec4c53b0ef41293083512ddd4977a,50900817,BUY,2455.35130879,0.0681119217
0x380d2b1db615be1add052a488d72df5d37ab6019,50900818,BUY,2455.35951152,0.0015195477
0x88776fbd991c76aae24e12da906e47fc8be7aab2,50900827,BUY,2455.35976729,0.0010334184
0x0dfa768499c331acbd6df31887eca6f5860fbd6f,50900827,BUY,2455.36016335,0.0004738686
0x987d0e8552c7bb0e4970f2ba89722a36e8f3443f,50900828,SELL,2452.89363944,0.0999895768
0xde92b6d60f5485632b251b301bc6db92082f105d,50900862,BUY,2455.33846229,0.0119064697
0x2d95d735aedc8817f39c7e7631d3258bf033392b,50900871,BUY,2455.35009533,0.0000799670
0xdaf7de4da68208b236673eaf6c6376a2571bd22b,50900885,BUY,2455.34072267,0.0006381473
0x824abda7e8bfcf47c543761c50bc7bf6756deda9,50900903,BUY,2455.34063447,0.0055759897
0xd00b38326006ba4d1ecfe76a9674dbc19ebdbe97,50900905,BUY,2455.34126455,0.0008088489
0x1278c1e48e3c9548a5d9f2b16dc27ed311b0697c,50900937,BUY,2455.34201904,0.0017286337
0x1278c1e48e3c9548a5d9f2b16dc27ed311b0697c,50900945,BUY,2455.34611591,0.0000787319
0x1278c1e48e3c9548a5d9f2b16dc27ed311b0697c,50900959,BUY,2455.34450108,0.0003519278
0xa80aa4ea67601d7730c6d4f74759148c7417b6ea,50901010,BUY,2455.36454584,0.2001849293
0xa05ec35f7d1eba823cff2ed26aeaed419683742f,50901024,SELL,2452.92684848,0.0495000000
0xac612bd99ba27f51c612b0c5eaf798cfee6a0e0f,50901046,SELL,2452.91398668,0.0641061781
0xbb0e31d765ee8bd8982d3750e36aaf84d5ff0e9c,50901054,SELL,2452.90596270,0.0067191194
0xb1a6d525fc68778c9bc0b74c8b18dee160eae3fd,50901058,BUY,2455.36152159,0.0130531084
0xd83e60d273fd0cb3b05c2611db940fecb7b6ca64,50901070,BUY,2455.36352322,0.0041529386
0x9bde3737f42d2924af57b0425bd394c95da7f1e9,50901077,SELL,2452.90606061,0.0267300000
0xc207df8dc9ee5113c6374c70c2a29bb87e94cfdf,50901085,BUY,2455.36276684,0.0435743213
0x9fbcf5a5d406fb262a5aa2956d978d6071e5104b,50901090,SELL,2452.90733333,0.0495000000
0x9fbcf5a5d406fb262a5aa2956d978d6071e5104b,50901092,SELL,2452.89612121,0.0495000000
0x4df189617c1d903069bcf0f6812b273132b12ac6,50901092,SELL,2452.88490909,0.0495000000
0x8778904661ef9cd987f9b2321a85d0f49352720d,50901092,BUY,2455.33595695,0.0166277877
0x88776fbd991c76aae24e12da906e47fc8be7aab2,50901127,BUY,2455.33797708,0.0010319919
0x9972f4c1e53b5eeb9e2630a7dddb5d5bfbcac451,50901127,BUY,2455.34061948,0.0003438439
0x82e1ff9cc4a4b2e323177006fce9b93703930d18,50901139,SELL,2452.86930735,0.0000197850
0xa28669d95a6339da0b0216ae1683ef6f9edc2720,50901164,SELL,2452.88163184,0.0155255413
0xa6b70dc9d6ed912f5a1d0359480d393badf2ec15,50901172,BUY,2455.34843772,0.1220869073
0x1278c1e48e3c9548a5d9f2b16dc27ed311b0697c,50901201,BUY,2455.36232036,0.0003583992
0x54e2acab04c89a3fe02852bf8dd69ee8f526bc75,50901208,SELL,2452.90739463,0.0019242471
0xabecbfd3cd6f3f86de41d5afc653a206260c977b,50901267,SELL,2452.90711846,0.0005151300
0x0f014545de76a29892b9319e5a4123b28299f33b,50901268,SELL,2452.90681876,0.0010304285
0xf66cd1a72472d62e582551f2396d02b31523e30c,50901290,BUY,2455.39962344,0.3355620874
0xac7985d963e764ec6c1b33f4dda79a41dd2fbae9,50901295,BUY,2455.45364373,0.1408337070
0x55555cfddd37d8d82e06e0de90da9366ca3e31e8,50901296,SELL,2453.01281368,0.0002040287
0x55555cfddd37d8d82e06e0de90da9366ca3e31e8,50901296,SELL,2453.01450283,0.0002173346
0x55555cfddd37d8d82e06e0de90da9366ca3e31e8,50901297,BUY,2455.51138754,0.0000220541
0x55555cfddd37d8d82e06e0de90da9366ca3e31e8,50901297,SELL,2453.00158764,0.0000283065
0x55555cfddd37d8d82e06e0de90da9366ca3e31e8,50901299,SELL,2453.01151032,0.0002315933
0x55555cfddd37d8d82e06e0de90da9366ca3e31e8,50901300,SELL,2453.01176390,0.0002918050
0x55555cfddd37d8d82e06e0de90da9366ca3e31e8,50901300,BUY,2455.47061670,0.0002823601
0x55555cfddd37d8d82e06e0de90da9366ca3e31e8,50901300,SELL,2453.01396909,0.0001248077
0x0f7d728c429dbb607ea4a6bc0613c8d06919c765,50901300,BUY,2455.47371738,0.0376630356
0x55555cfddd37d8d82e06e0de90da9366ca3e31e8,50901302,BUY,2455.47832820,0.0003387458
0x55555cfddd37d8d82e06e0de90da9366ca3e31e8,50901302,SELL,2453.02125296,0.0003595036
0x55555cfddd37d8d82e06e0de90da9366ca3e31e8,50901302,SELL,2452.87610183,0.0000061581
0x55555cfddd37d8d82e06e0de90da9366ca3e31e8,50901303,SELL,2452.97124411,0.0000142472
0x55555cfddd37d8d82e06e0de90da9366ca3e31e8,50901303,SELL,2453.01801520,0.0001338351
0x55555cfddd37d8d82e06e0de90da9366ca3e31e8,50901303,SELL,2453.02260083,0.0000440212
0x533ab12b913474d84cf4d83823360b77b9e8856e,50901306,BUY,2455.48254625,0.0407251928
0x55555cfddd37d8d82e06e0de90da9366ca3e31e8,50901307,SELL,2453.03131435,0.0003822780
0x55555cfddd37d8d82e06e0de90da9366ca3e31e8,50901307,BUY,2455.53226694,0.0000204253
0x55555cfddd37d8d82e06e0de90da9366ca3e31e8,50901307,SELL,2453.03192959,0.0002216408
0x55555cfddd37d8d82e06e0de90da9366ca3e31e8,50901308,SELL,2453.02853619,0.0001986190
0x55555cfddd37d8d82e06e0de90da9366ca3e31e8,50901308,SELL,2453.03013795,0.0003917759
0x55555cfddd37d8d82e06e0de90da9366ca3e31e8,50901308,SELL,2453.03056157,0.0003107152
0x55555cfddd37d8d82e06e0de90da9366ca3e31e8,50901309,SELL,2453.03135880,0.0018215792
0x55555cfddd37d8d82e06e0de90da9366ca3e31e8,50901309,SELL,2453.02904244,0.0003716413
0x39b75916b6d8a9ae7dd7fdf637e36ef6f7402228,50901309,BUY,2455.54283874,0.4983223183
0x55555cfddd37d8d82e06e0de90da9366ca3e31e8,50901312,SELL,2453.13617739,0.0001153377
0x55555cfddd37d8d82e06e0de90da9366ca3e31e8,50901312,SELL,2453.13257832,0.0000381867
0x55555cfddd37d8d82e06e0de90da9366ca3e31e8,50901313,SELL,2453.14124702,0.0002028970
0x55555cfddd37d8d82e06e0de90da9366ca3e31e8,50901313,BUY,2455.60253002,0.0002810524
0x55555cfddd37d8d82e06e0de90da9366ca3e31e8,50901313,SELL,2453.13679997,0.0001242919
0x55555cfddd37d8d82e06e0de90da9366ca3e31e8,50901313,SELL,2453.13646704,0.0001075705
0x55555cfddd37d8d82e06e0de90da9366ca3e31e8,50901314,SELL,2453.14380864,0.0036696300
0x55555cfddd37d8d82e06e0de90da9366ca3e31e8,50901314,SELL,2453.14261245,0.0005562457
0x55555cfddd37d8d82e06e0de90da9366ca3e31e8,50901314,SELL,2453.14229837,0.0003979366
0x55555cfddd37d8d82e06e0de90da9366ca3e31e8,50901314,BUY,2455.98686462,0.0000018559
0x55555cfddd37d8d82e06e0de90da9366ca3e31e8,50901314,SELL,2453.14185194,0.0000622386
0xd83e60d273fd0cb3b05c2611db940fecb7b6ca64,50901315,BUY,2455.59874882,0.0025893774
0x55555cfddd37d8d82e06e0de90da9366ca3e31e8,50901316,BUY,2455.60029330,0.0004677488
0x55555cfddd37d8d82e06e0de90da9366ca3e31e8,50901316,SELL,2453.10706633,0.0000226219
0x55555cfddd37d8d82e06e0de90da9366ca3e31e8,50901316,SELL,2453.14334238,0.0035978203
0x55555cfddd37d8d82e06e0de90da9366ca3e31e8,50901319,SELL,2453.14265650,0.0009718954
0x55555cfddd37d8d82e06e0de90da9366ca3e31e8,50901319,BUY,2455.59915740,0.0002513639
0x4abbd76409550e314d31b572598d5991d1c30a69,50901320,SELL,2453.14242424,0.0019800000
0xbfc5330bee0257fd8a5011be89d539b425f46476,50901320,BUY,2455.60705083,0.0867606175
0x55555cfddd37d8d82e06e0de90da9366ca3e31e8,50901321,SELL,2453.16129320,0.0015808051
0x55555cfddd37d8d82e06e0de90da9366ca3e31e8,50901321,SELL,2453.16066301,0.0002147866
0x55555cfddd37d8d82e06e0de90da9366ca3e31e8,50901321,SELL,2453.15614045,0.0001558005
0x55555cfddd37d8d82e06e0de90da9366ca3e31e8,50901321,BUY,2455.65248472,0.0000007912
0x55555cfddd37d8d82e06e0de90da9366ca3e31e8,50901321,SELL,2453.13210525,0.0000256656
0x5e0160a013f1cc21fde66ddc4b8df763605cadc6,50901322,BUY,2455.63172509,0.1347132282
0x55555cfddd37d8d82e06e0de90da9366ca3e31e8,50901323,SELL,2453.18541110,0.0000491712
0x55555cfddd37d8d82e06e0de90da9366ca3e31e8,50901324,BUY,2455.65428598,0.0000218602
0x55555cfddd37d8d82e06e0de90da9366ca3e31e8,50901324,SELL,2453.19078305,0.0001018058
0x55555cfddd37d8d82e06e0de90da9366ca3e31e8,50901324,SELL,2453.17958213,0.0000300651
0x55555cfddd37d8d82e06e0de90da9366ca3e31e8,50901324,BUY,2467.68626554,0.0000000754
0x55555cfddd37d8d82e06e0de90da9366ca3e31e8,50901324,SELL,2453.18454845,0.0001307541
0x55555cfddd37d8d82e06e0de90da9366ca3e31e8,50901324,SELL,2453.19138486,0.0009947300
0x55555cfddd37d8d82e06e0de90da9366ca3e31e8,50901325,SELL,2453.19138219,0.0005296305
0x55555cfddd37d8d82e06e0de90da9366ca3e31e8,50901325,SELL,2453.19083397,0.0007363850
0x55555cfddd37d8d82e06e0de90da9366ca3e31e8,50901325,BUY,2455.64806908,0.0005498557
0x55555cfddd37d8d82e06e0de90da9366ca3e31e8,50901326,BUY,2455.67308963,0.0000342802
0x55555cfddd37d8d82e06e0de90da9366ca3e31e8,50901326,SELL,2453.17906144,0.0000123334
0x55555cfddd37d8d82e06e0de90da9366ca3e31e8,50901326,SELL,2453.18663312,0.0001425232
0x55555cfddd37d8d82e06e0de90da9366ca3e31e8,50901328,SELL,2453.13145390,0.0000148806
0x55555cfddd37d8d82e06e0de90da9366ca3e31e8,50901328,BUY,2455.64772385,0.0002115519
0x55555cfddd37d8d82e06e0de90da9366ca3e31e8,50901329,SELL,2453.18948000,0.0000709093
0x55555cfddd37d8d82e06e0de90da9366ca3e31e8,50901329,SELL,2453.18749547,0.0001729379
0x55555cfddd37d8d82e06e0de90da9366ca3e31e8,50901330,BUY,2455.64847866,0.0001666965
0x55555cfddd37d8d82e06e0de90da9366ca3e31e8,50901330,SELL,2453.18377351,0.0000714207
0x1278c1e48e3c9548a5d9f2b16dc27ed311b0697c,50901352,SELL,2453.19143952,0.0004647008
0xa80aa4ea67601d7730c6d4f74759148c7417b6ea,50901363,BUY,2455.64932973,0.0667205712
0x501ef174b66883ba40f92e6fb24bfb49331d4d4c,50901375,SELL,2453.22579565,0.0003057199
0x88776fbd991c76aae24e12da906e47fc8be7aab2,50901427,BUY,2455.68219794,0.0010304143
0x0dfa768499c331acbd6df31887eca6f5860fbd6f,50901427,BUY,2455.68208609,0.0004738064
0xc723a4c3bd4e2b805d226873862180bb38c181f6,50901448,SELL,2453.22375758,0.0247500000
0x192794495abf009fb3aa804f21c1ed3aadd48a7b,50901454,BUY,2455.67754779,0.0006206808
0x54e2acab04c89a3fe02852bf8dd69ee8f526bc75,50901463,SELL,2453.22086796,0.0020381369
0x1b36385eff75a6c3e04bd28946aaa15c64d3093f,50901510,SELL,2453.21972597,0.0103936723
0x650d9ef87fa2a11e0ea4aac943c058e495926603,50901517,SELL,2453.21773013,0.0070695311
0x53230b27b8e3a0c408a869ec92de8359a54acb0b,50901518,BUY,2455.67214328,0.0012094448
0xbbe06ea75813760ae2387276b64b592a4b6ce29f,50901531,BUY,2455.70816183,0.0139984069
0xae6bbb0ce3329e7e50d028a4c14db645e666688e,50901532,BUY,2455.71106336,0.0122164209
0x2fd1bb93a63963baecd132d5f1624c06a3f38696,50901552,BUY,2455.74249117,0.1429426388
0x566bd93f69754a6bc3cee93104509f5a4adb60dc,50901553,BUY,2455.76750294,0.0774278081
0xcf5412704264151768b4b7061162154c99718f7c,50901573,SELL,2453.32052869,0.0025928100
0xd14602c85a25a4e520441c47a97a2c9da63ae1be,50901574,BUY,2455.83320364,0.5067338369
0xd14602c85a25a4e520441c47a97a2c9da63ae1be,50901575,BUY,2455.91242296,0.1912525193
0x574be013006558d0a5682a6b0508f02d147377bf,50901575,BUY,2455.93477543,0.0057004771
0xf76b2a36217dd793359cfcd405efc37d830f45cb,50901602,BUY,2455.93962827,0.0370554699
0x05854d0c70d2f696fb3d9c0863100956b795e2ff,50901621,BUY,2455.98092541,0.3267799231
0x0f014545de76a29892b9319e5a4123b28299f33b,50901624,SELL,2453.56021274,0.0003077063
0x0d68dd944702801b4dd22aefa5c39346282ff3a4,50901636,BUY,2456.02496543,0.0617111304
0xc8f822586fa350e9cef4e56ac4bc8913e9f83f8c,50901646,BUY,2456.03296076,0.0010253022
0xd14602c85a25a4e520441c47a97a2c9da63ae1be,50901648,BUY,2456.10455272,0.6375240591
0xde92b6d60f5485632b251b301bc6db92082f105d,50901661,BUY,2456.22041990,0.0307720420
0xc8f822586fa350e9cef4e56ac4bc8913e9f83f8c,50901685,SELL,2453.76733771,0.0007290703
0x93430dea286066768e19e1042a6da333caa92ac2,50901722,SELL,2453.76666667,0.0019800000
0x048ef1062cbb39b338ac2685da72adf104b4cef5,50901725,SELL,2453.95131422,0.0004075366
0x88776fbd991c76aae24e12da906e47fc8be7aab2,50901727,BUY,2456.40794095,0.0010286789
0x9972f4c1e53b5eeb9e2630a7dddb5d5bfbcac451,50901727,BUY,2456.40767120,0.0003427403
0xecca0eab42bcdc7823a10d4562c4d918a404948b,50901731,BUY,2456.40899101,0.0001154844
0x909036f525804c91465891ea06c3fa892536a500,50901734,SELL,2453.95153019,0.0024811774
0xecca0eab42bcdc7823a10d4562c4d918a404948b,50901752,BUY,2456.41206667,0.0001056382
0xecca0eab42bcdc7823a10d4562c4d918a404948b,50901768,BUY,2456.41482435,0.0000981068
0xc0471f8a0ca9ac3e234448344284dca8e93e0b58,50901774,SELL,2453.86532089,0.7818940843
0xc0471f8a0ca9ac3e234448344284dca8e93e0b58,50901787,SELL,2453.70670924,0.6185617581
0x4a102aa0e40950cda073fc40ce2166e3e3399542,50901815,SELL,2453.64753276,0.0003297527
0x23efd41e890f909503479ed81e6b992368d41d24,50901819,SELL,2453.64988091,0.0007508581
0xe1f683fec3aced3e55dbb4d3a6f22c25c9e57bd5,50901821,BUY,2456.10899558,0.0001177668
0xa28669d95a6339da0b0216ae1683ef6f9edc2720,50901825,BUY,2456.32197558,0.2769244353
0x82f217fbfd3dcd75d5bd6ac74ad57a3beed7b161,50901863,SELL,2453.86400000,0.0990000000
0x1278c1e48e3c9548a5d9f2b16dc27ed311b0697c,50901874,BUY,2456.31711699,0.0000671098
0x501ef174b66883ba40f92e6fb24bfb49331d4d4c,50901917,BUY,2456.30915581,0.0013453710
0x7813ca140ec95c581c5ba5f09c6fed111d7ba544,50901927,SELL,2453.84974911,0.0296751617
0xdcd36a304042ab3a557be66a412b87b3c486d669,50901928,BUY,2456.32525222,0.2042622737
0x0d68dd944702801b4dd22aefa5c39346282ff3a4,50901940,SELL,2453.88342770,0.0703149873
0x54e2acab04c89a3fe02852bf8dd69ee8f526bc75,50901942,SELL,2453.87301047,0.0004075158
0x3908af794b59318b0bdf154d4103391cbb7a3ab6,50901967,BUY,2456.56273889,0.1424754982
0xb21c1f3429de13abdc5095132ba8e92c94d6614d,50901971,BUY,2456.86520753,2.5259451194
0x54e2acab04c89a3fe02852bf8dd69ee8f526bc75,50901974,SELL,2454.69222577,0.0004074776
0xc0b377c740a9505dbdb14b62a9e33a09d52c6f93,50901975,BUY,2457.20818959,0.5120816402
0x54e2acab04c89a3fe02852bf8dd69ee8f526bc75,50901975,BUY,2457.26800399,0.0003064167
0xf76b2a36217dd793359cfcd405efc37d830f45cb,50901983,BUY,2457.30896165,0.0042712924
0x7ae9bfc7730ee0a448ba767bfa54d16507dc306d,50901984,BUY,2457.32117811,0.0201438869
0x501ef174b66883ba40f92e6fb24bfb49331d4d4c,50901991,SELL,2454.92710807,0.0000081469
0xd39e7e1a967e8a74952a535268015cc81590854c,50901993,BUY,2457.40962230,0.1907182819
0xbd9417f2950fa33317a6d0699c34efd3a298f1ca,50901994,BUY,2457.43622822,0.0438249346
0xcf5412704264151768b4b7061162154c99718f7c,50901998,SELL,2454.98373166,0.0030528630
0xb1e2c361cf6aca3d1dd5449ea5a1bfce96d89019,50902002,BUY,2457.45322490,0.1002916550
0x0a7385d81b0a7278197cfd8f11f598a51d69a7aa,50902008,BUY,2457.48218873,0.1552003057
0xf4335db004d7f6c916f15dbec03243fdac859918,50902008,BUY,2457.54250039,0.3765920796
0xe7e5d7f615cf226740f07c846db2ae059a956864,50902016,SELL,2455.12800357,0.0018664530
0x048ef1062cbb39b338ac2685da72adf104b4cef5,50902017,BUY,2457.58738473,0.0001210024
0x88492ffacdc1e7d2b13e9953877a20f057609edf,50902021,BUY,2457.91844398,2.9414121517
0x2b88a3f9eda010c1b930633863e1e851d360405d,50902021,BUY,2458.38676533,1.1866589607
0x9816c966c85c4c947db966a1c536a527b4fddfc6,50902022,BUY,2458.73099999,0.1220141610
0xf3d8ad6ed471a72384caef2f3f28d546b122ddef,50902025,SELL,2456.27466301,0.0000302381
0x88776fbd991c76aae24e12da906e47fc8be7aab2,50902027,BUY,2458.74527584,0.0010262739
0x0dfa768499c331acbd6df31887eca6f5860fbd6f,50902027,BUY,2458.74563677,0.0004732161
0x50415d1bfb1e7fa88ccc20ab33ed4571d60ae464,50902029,SELL,2456.28332916,0.0325987507
0xeaa93c2ac03b86b978c009d42407e39ac8f34305,50902033,BUY,2458.74062480,0.0247046128
0x048ef1062cbb39b338ac2685da72adf104b4cef5,50902038,SELL,2456.28483535,0.0020355990
0x2b40229289cc22ccc482d086abb41ec762cc3f5b,50902038,BUY,2458.74781638,0.0000178245
0x82acb5f0351eb3a6aa7845def569a6e52a2813fd,50902048,SELL,2456.27631190,0.0748765007
0xde993262b7fc309eb5f915e4c4186382c6475b28,50902056,BUY,2458.93788465,1.8668156384
0x1278c1e48e3c9548a5d9f2b16dc27ed311b0697c,50902080,SELL,2456.69106300,0.0040705159
0x501ef174b66883ba40f92e6fb24bfb49331d4d4c,50902081,SELL,2456.64935889,0.3632380872
0x1278c1e48e3c9548a5d9f2b16dc27ed311b0697c,50902086,SELL,2456.60449545,0.0001953847
0x52b0b1a321be2dcfa3f013ee6ed5e0449cd27fce,50902149,BUY,2459.07096278,0.0001141521
0x9019456ed63ac416c9aae0f8fa8e6130e478748f,50902150,SELL,2456.60682068,0.0003750315
0xa0691e6dde65fd113b3d2423b351e42704ccca46,50902152,BUY,2459.06570279,0.0040331879
0x010fb63a6f20ba626bd36a8131980464360975db,50902166,SELL,2456.56725795,0.3568500000
0x3ff44cb290f72440e44b345a0d2dc89cdbc9c38f,50902167,BUY,2459.15658336,1.5079633367
0xaa1b272196abc18860d3bee19b731e43e43802bb,50902167,BUY,2459.43403164,0.2774709288
0x54e2acab04c89a3fe02852bf8dd69ee8f526bc75,50902171,BUY,2459.55132823,0.0315397549
0xa971283289448b30188cec3f0e60ad92322e4970,50902174,BUY,2459.61425383,0.5217362019
0xd14602c85a25a4e520441c47a97a2c9da63ae1be,50902174,BUY,2459.70186190,0.2484416931
0xce1a1b1881ba114bca2781a18f41e7d715dbb11c,50902175,BUY,2459.76085209,0.2701443246
0xab770ddce9a1d7773a5cafa8d6fba75aaf5789be,50902175,BUY,2459.89561748,0.9145245071
0x1278c1e48e3c9548a5d9f2b16dc27ed311b0697c,50902183,BUY,2460.07169783,0.0000038401
0x1278c1e48e3c9548a5d9f2b16dc27ed311b0697c,50902185,SELL,2457.53703822,0.0284838026
0x501ef174b66883ba40f92e6fb24bfb49331d4d4c,50902189,SELL,2457.00000000,0.0000010000
0x1278c1e48e3c9548a5d9f2b16dc27ed311b0697c,50902195,SELL,2457.53371066,0.0008138240
0x124145edefb05ef65b2969335a96428c9e636e1a,50902214,SELL,2457.53257463,0.0038244755
0x54e2acab04c89a3fe02852bf8dd69ee8f526bc75,50902219,SELL,2457.53234713,0.0001220737
0xbbe06ea75813760ae2387276b64b592a4b6ce29f,50902228,BUY,2459.99228585,0.0016669617
0x54e2acab04c89a3fe02852bf8dd69ee8f526bc75,50902230,SELL,2457.53228704,0.0004069123
0xa646f9cc3ef9930c82e6599746cf2c8d76060ac1,50902241,SELL,2457.53045588,0.0186862417
0x501ef174b66883ba40f92e6fb24bfb49331d4d4c,50902258,SELL,2457.52845693,0.0000854517
0x5fa1f0d808e97373f5f6c35c9aa0a7712d2af018,50902258,SELL,2457.47736566,0.4496695597
0x6523312dba2a71e119fb39a0e456a2a43be7d267,50902260,BUY,2459.92502066,0.3468751140
0x6882e7a59f7ff5592570f2485e457b79f6b52561,50902262,BUY,2459.99469876,0.1383953527
0xc7c2378552d3ab781bfa8a4b21b56d126e894afc,50902264,BUY,2460.02463982,0.1247192073
0xc066ac5d385419b1a8c43a0e146fa439837a8b8c,50902266,BUY,2460.03886901,0.0004064976
0xbbe06ea75813760ae2387276b64b592a4b6ce29f,50902272,BUY,2460.03924911,0.0006088025
0x37cd2fe5816bb366194eaa66b137aa459c28b5cf,50902302,SELL,2457.62225521,0.0406958733
0x3ba2de3d765cbd4f8dfb850d3b5efee05f15da0a,50902311,BUY,2460.12534629,0.0000070407
0x7032efd7a186a587eb9be47da6c1a5f1bd6015d0,50902318,BUY,2460.08010121,0.0261727047
0x88776fbd991c76aae24e12da906e47fc8be7aab2,50902327,BUY,2460.08325315,0.0010242909
0x9972f4c1e53b5eeb9e2630a7dddb5d5bfbcac451,50902327,BUY,2460.08395970,0.0003412774
0x87e5df4826e8201506e26efa8dada64f40af5756,50902327,SELL,2457.62111576,0.0244018826
0x0f014545de76a29892b9319e5a4123b28299f33b,50902345,SELL,2457.61786423,0.0013688389
0xaf483340eb39c784bd51274728d704664729ab9a,50902352,SELL,2457.60717309,0.0956602815
0x048ef1062cbb39b338ac2685da72adf104b4cef5,50902357,SELL,2457.59630142,0.0000854493
0x3fc4cddf6b435bd66a43c22a5171f433e5232e7b,50902379,SELL,2457.58831819,0.0700696385
0x9f4313b2b9fe67d30c3482ed92805a54dffbaa36,50902386,SELL,2457.57950143,0.0076586576
0xbf2143cbd40a18fb66aa0acf93ae135531c8e6dc,50902389,BUY,2460.04225629,0.0369008865
0x501ef174b66883ba40f92e6fb24bfb49331d4d4c,50902394,BUY,2460.04732700,0.0005565324
0xde95c510d7dcf69e8b7849c646f36e2b9986dbd5,50902401,SELL,2457.58134958,0.0509086354
0x03d9964f4d93a24b58c0fc3a8df3474b59ba8557,50902405,BUY,2460.04539010,0.0000459528
0x8ac67b3550399c0a27196b140b7f502403af2535,50902411,SELL,2457.57527288,0.0020569995
0xd14602c85a25a4e520441c47a97a2c9da63ae1be,50902427,SELL,2457.51968953,0.4879687500
0x4fc08b528b0880d5e6ff99646565d8cc1438d1ac,50902427,SELL,2457.41886144,0.3996262120
0x05854d0c70d2f696fb3d9c0863100956b795e2ff,50902431,SELL,2457.37279112,0.0045255645
0x048ef1062cbb39b338ac2685da72adf104b4cef5,50902443,SELL,2457.37242127,0.0001790530
0x54e2acab04c89a3fe02852bf8dd69ee8f526bc75,50902447,SELL,2457.36683634,0.0001790530
0x741e0a1b98cdb709f4803a07f3997dc9442a3bdd,50902452,BUY,2459.85988965,0.2488466967
0x137412d48a5fc443fb525041173be4952d2bc3da,50902459,BUY,2459.91684623,0.2518499623
0x048ef1062cbb39b338ac2685da72adf104b4cef5,50902463,SELL,2457.48475184,0.0001790489
0x31d739cab36520b19b7a23cae724cad1812ba321,50902475,BUY,2459.94602881,0.0050245005
0x501ef174b66883ba40f92e6fb24bfb49331d4d4c,50902479,SELL,2457.48725263,0.0001424219
0x03d9964f4d93a24b58c0fc3a8df3474b59ba8557,50902481,BUY,2459.96188075,0.0000321212
0x5115114525475047bae8c42aec29bfe2a227db22,50902489,BUY,2459.95269065,0.0537465300
0x03d9964f4d93a24b58c0fc3a8df3474b59ba8557,50902497,BUY,2459.96022258,0.0000527858
0x31d739cab36520b19b7a23cae724cad1812ba321,50902501,SELL,2457.49879705,0.0042764444
0x7665b937d55f4e39a3d9c626e5bf1efa4fc1cf93,50902512,SELL,2457.47816939,0.0000443577
0x009e04fc2c14dfa96a7bac1a1208d2fcd8677774,50902515,SELL,2457.49791603,0.0038921323
0x0f8f129b8bb4731df822ba2bc0453608e2bfb40e,50902519,BUY,2459.95832644,0.0121099612
0x501ef174b66883ba40f92e6fb24bfb49331d4d4c,50902537,SELL,2457.50033911,0.0001790437
0x461052831a8a9645714118414429fa1bd6db4c64,50902538,BUY,2459.97364937,0.1229305501
0x048ef1062cbb39b338ac2685da72adf104b4cef5,50902566,SELL,2457.52824817,0.0001220739
0x54e2acab04c89a3fe02852bf8dd69ee8f526bc75,50902577,SELL,2457.52822043,0.0001220739
0x88776fbd991c76aae24e12da906e47fc8be7aab2,50902627,BUY,2459.98850636,0.0010229080
0x0dfa768499c331acbd6df31887eca6f5860fbd6f,50902627,BUY,2459.98837550,0.0004729770
0x845b247ead57cf07f823c94fd3ac3a5361d81755,50902627,BUY,2460.01528266,0.0000174970
0x54e2acab04c89a3fe02852bf8dd69ee8f526bc75,50902636,SELL,2457.43721400,0.0000040803
0x1278c1e48e3c9548a5d9f2b16dc27ed311b0697c,50902637,SELL,2457.43721400,0.0000040803
0x501ef174b66883ba40f92e6fb24bfb49331d4d4c,50902646,SELL,2457.43721400,0.0000040803
0x771b8787f563ca8a08eb998c98e2a48f16feb877,50902650,SELL,2457.52450692,0.0354333109
0xc27a2b4bd5b374c3cb3c711e17901628824f8258,50902685,BUY,2459.98052341,0.0003339799
0xbcc2689ce8a8abb5724cf1852b7ecd5c76cf806c,50902694,SELL,2457.52052512,0.0004246683
0x91ac95b0018faaf2db574b6ea877b83206681a48,50902695,SELL,2457.52047527,0.0000141891
0x048ef1062cbb39b338ac2685da72adf104b4cef5,50902698,BUY,2459.98027399,0.0020305732
0xbcc2689ce8a8abb5724cf1852b7ecd5c76cf806c,50902705,SELL,2457.52087583,0.0005228224
0xbcc2689ce8a8abb5724cf1852b7ecd5c76cf806c,50902717,SELL,2457.52076146,0.0004839564
0xfce544cd0aacf584748bd2f5fdbe8e1a4b7a4490,50902724,SELL,2457.48662667,0.3000000000
0x9f4313b2b9fe67d30c3482ed92805a54dffbaa36,50902726,SELL,2457.45153279,0.0089453744
0x505ed3d7c6df7231d378e84628ecbb365f820cff,50902729,SELL,2457.44861375,0.0167518994
0xe7e800a2ad586da2691ea632f6e929062c0e4477,50902737,BUY,2459.90753671,0.0131781624
0x5d11d7fcccd10a6fe88c27a5ae932ee097b38e9d,50902742,SELL,2457.44954128,0.0010900000
0x12778b3300c90e90798292d8e1a638e50f1d883f,50902751,SELL,2457.44687195,0.0227712325
0x98536f04d343c3bbc46835c45352cfc1b6cf098c,50902764,SELL,2457.42233195,0.1932312740
0x501ef174b66883ba40f92e6fb24bfb49331d4d4c,50902770,BUY,2459.86074052,0.0000081232
0x22e0adc1b4e680bb4483ae32ba3f45d2f9bad67c,50902778,BUY,2459.86946936,0.0000169387
0x048ef1062cbb39b338ac2685da72adf104b4cef5,50902792,SELL,2457.40038012,0.0001058029
0x4337006f33e2940fcbebd899bf2396117e65df9b,50902826,SELL,2457.39817557,0.0190881211
0xcad97616f91872c02ba3553db315db4015cbe850,50902834,BUY,2459.87362958,0.1613279887
0x501ef174b66883ba40f92e6fb24bfb49331d4d4c,50902843,BUY,2459.90572683,0.0000442232
0xf20cfceb628b7c66f237c8587b12cb6d000a4960,50902848,BUY,2459.90308716,0.0975648192
0x501ef174b66883ba40f92e6fb24bfb49331d4d4c,50902859,BUY,2459.92043006,0.0000461092
0x3482d9a357ba687c57237ec1587e9f7484856f0e,50902872,BUY,2459.91656067,0.0004025076
0x3482d9a357ba687c57237ec1587e9f7484856f0e,50902872,BUY,2459.93112921,0.0000040103
0xa971283289448b30188cec3f0e60ad92322e4970,50902873,SELL,2457.42389406,0.2737500000
0x1278c1e48e3c9548a5d9f2b16dc27ed311b0697c,50902876,BUY,2459.86499107,0.0000643669
0x82e1ff9cc4a4b2e323177006fce9b93703930d18,50902886,BUY,2459.85207362,0.0002032643
0x8ab3eb59c3bf3bdd98b379fa74c41111f070f955,50902887,SELL,2457.39060606,0.0198000000
0x8ab3eb59c3bf3bdd98b379fa74c41111f070f955,50902891,SELL,2457.38717172,0.0099000000
0x715cd90a069abe49788fbbefae8f7ab10dc0f82e,50902892,SELL,2457.38270000,0.0300000000
0x048ef1062cbb39b338ac2685da72adf104b4cef5,50902893,BUY,2459.84414556,0.0000744616
0x70e1c1377c5f75a7215d527d7aa0295d24524240,50902894,SELL,2457.37584470,0.0305428680
0x715cd90a069abe49788fbbefae8f7ab10dc0f82e,50902903,SELL,2457.37073171,0.0004100000
0x5cd85bd23051e21ff2bb468696a48f147a9071da,50902905,SELL,2457.36715556,0.0450000000
0xd2fc38df29b091f0cf7007630d8b71b4c2a829c4,50902907,SELL,2457.36113444,0.0081428695
0x501ef174b66883ba40f92e6fb24bfb49331d4d4c,50902911,BUY,2459.81987922,0.0000755872
0xaa80bff121022c13fd95d023d0a38fc7446da1c1,50902912,BUY,2459.81968349,0.0022180488
0x88776fbd991c76aae24e12da906e47fc8be7aab2,50902927,BUY,2459.82061664,0.0010215570
0x9972f4c1e53b5eeb9e2630a7dddb5d5bfbcac451,50902927,BUY,2459.82132542,0.0003403658
0x4e4995d4c89e85bcfa8f6edc9e60807cdc9c6b02,50902928,SELL,2457.17360720,1.6502465427
0x501ef174b66883ba40f92e6fb24bfb49331d4d4c,50902928,BUY,2459.44750046,0.0000754751
0xd14602c85a25a4e520441c47a97a2c9da63ae1be,50902928,SELL,2456.95599648,0.2660156250
0x22e0adc1b4e680bb4483ae32ba3f45d2f9bad67c,50902928,BUY,2459.39439384,0.0000169420
0xf04a2505afb967a1b4f43304e17994e94bdc13a1,50902928,SELL,2456.84360898,0.7237500000
0xf04a2505afb967a1b4f43304e17994e94bdc13a1,50902929,SELL,2456.69883719,0.5512500000
0xa28669d95a6339da0b0216ae1683ef6f9edc2720,50902931,BUY,2459.09974156,0.0440476944
0xa9649e311551e616c7181c177b0382f723e9bacc,50902931,BUY,2459.10556400,0.0061333349
0xf04a2505afb967a1b4f43304e17994e94bdc13a1,50902936,SELL,2456.60347631,0.3890625000
0x7c20bed739b6231116e04b2f8ccbbc2058dce984,50902939,SELL,2456.55533497,0.0349684893
0xaa2d7fcb2fcf5cc0ae3371982d9429c32292c3ca,50902941,SELL,2456.54979990,0.0137852744
0x1278c1e48e3c9548a5d9f2b16dc27ed311b0697c,50902942,SELL,2456.31976650,0.0000000871
0x1278c1e48e3c9548a5d9f2b16dc27ed311b0697c,50902943,SELL,2456.31980746,0.0000000871
0xa971283289448b30188cec3f0e60ad92322e4970,50902944,SELL,2456.42596267,1.0781250000
0x5cd85bd23051e21ff2bb468696a48f147a9071da,50902946,SELL,2456.29857778,0.0450000000
0x048ef1062cbb39b338ac2685da72adf104b4cef5,50902948,BUY,2458.75418531,0.0000795504
0xf3a0803a37064a52c7222de63a2d7eede4b17864,50902953,SELL,2456.28793681,0.0490822286
0x1278c1e48e3c9548a5d9f2b16dc27ed311b0697c,50902966,BUY,2458.75050188,0.0000806869
0x048ef1062cbb39b338ac2685da72adf104b4cef5,50902988,BUY,2458.74121587,0.0000804843
0x8f1e021619e10e6e00848339189f63aa95eefa69,50902995,BUY,2458.74184676,0.0114936833
0xf6dd7a1b80e84c2bdd5640617932b3eb98bddbd4,50902999,BUY,2458.74366711,0.0013506996
0xa28669d95a6339da0b0216ae1683ef6f9edc2720,50903000,BUY,2458.75101936,0.0664596064
0xc8bf09987727d53deffaf02b2bb1b223ca014bf6,50903008,SELL,2455.96022533,3.0000000000
0x9f52fcd1c52539110d00d8e6ab3ba124b75d227f,50903019,SELL,2455.62002938,0.0004993904
0x54e2acab04c89a3fe02852bf8dd69ee8f526bc75,50903046,SELL,2455.61996261,0.0000895904
0x86af469be7674fe3c5a59da8b08461ff2685a624,50903062,BUY,2458.11035685,0.2901290253
0xa308a25470733b1caf04ca0692555c27e7e1ab79,50903089,SELL,2455.68473625,0.0089100000
0x0f014545de76a29892b9319e5a4123b28299f33b,50903097,SELL,2455.68283590,0.0006273673
0x55555cfddd37d8d82e06e0de90da9366ca3e31e8,50903097,SELL,2455.67530766,0.0000749680
0x55555cfddd37d8d82e06e0de90da9366ca3e31e8,50903097,BUY,2458.14165700,0.0013331034
0x55555cfddd37d8d82e06e0de90da9366ca3e31e8,50903097,SELL,2455.68077613,0.0001584229
0x55555cfddd37d8d82e06e0de90da9366ca3e31e8,50903098,BUY,2458.14291789,0.0004672690
0x55555cfddd37d8d82e06e0de90da9366ca3e31e8,50903098,SELL,2455.68305737,0.0011749476
0x55555cfddd37d8d82e06e0de90da9366ca3e31e8,50903098,SELL,2455.68361730,0.0006140877
0x55555cfddd37d8d82e06e0de90da9366ca3e31e8,50903099,SELL,2455.66012430,0.0000130747
0x55555cfddd37d8d82e06e0de90da9366ca3e31e8,50903099,BUY,2458.16766849,0.0000342450
0x55555cfddd37d8d82e06e0de90da9366ca3e31e8,50903099,SELL,2455.62356698,0.0000123166
0x55555cfddd37d8d82e06e0de90da9366ca3e31e8,50903099,SELL,2455.67561932,0.0001068867
0x048ef1062cbb39b338ac2685da72adf104b4cef5,50903099,SELL,2455.67554745,0.0001221656
0x55555cfddd37d8d82e06e0de90da9366ca3e31e8,50903101,SELL,2455.68292489,0.0007593130
0x55555cfddd37d8d82e06e0de90da9366ca3e31e8,50903101,SELL,2455.68242498,0.0005160081
0x55555cfddd37d8d82e06e0de90da9366ca3e31e8,50903101,SELL,2455.68303459,0.0007781249
0x55555cfddd37d8d82e06e0de90da9366ca3e31e8,50903102,BUY,2458.14178182,0.0002820553
0x55555cfddd37d8d82e06e0de90da9366ca3e31e8,50903102,SELL,2455.67772931,0.0001246560
0x55555cfddd37d8d82e06e0de90da9366ca3e31e8,50903102,BUY,2458.14460432,0.0001451676
0x55555cfddd37d8d82e06e0de90da9366ca3e31e8,50903102,SELL,2455.68177925,0.0000833349
0x54e2acab04c89a3fe02852bf8dd69ee8f526bc75,50903102,SELL,2455.67554745,0.0001221656
0x55555cfddd37d8d82e06e0de90da9366ca3e31e8,50903103,SELL,2455.66678299,0.0000558341
0x55555cfddd37d8d82e06e0de90da9366ca3e31e8,50903103,SELL,2455.67737542,0.0000901291
0x55555cfddd37d8d82e06e0de90da9366ca3e31e8,50903104,SELL,2455.67612860,0.0000801787
0x55555cfddd37d8d82e06e0de90da9366ca3e31e8,50903104,SELL,2455.67257900,0.0000449579
0x55555cfddd37d8d82e06e0de90da9366ca3e31e8,50903104,SELL,2455.67574269,0.0000568817
0x55555cfddd37d8d82e06e0de90da9366ca3e31e8,50903104,BUY,2461.79595824,0.0000002047
0x55555cfddd37d8d82e06e0de90da9366ca3e31e8,50903104,SELL,2455.67903564,0.0001441149
0x048ef1062cbb39b338ac2685da72adf104b4cef5,50903105,SELL,2455.66627180,0.0000407686
0x55555cfddd37d8d82e06e0de90da9366ca3e31e8,50903106,BUY,2458.14195278,0.0006257714
0x55555cfddd37d8d82e06e0de90da9366ca3e31e8,50903106,SELL,2455.68267673,0.0015480245
0x55555cfddd37d8d82e06e0de90da9366ca3e31e8,50903106,SELL,2455.68147165,0.0008157475
0x54e2acab04c89a3fe02852bf8dd69ee8f526bc75,50903107,SELL,2455.66627180,0.0000407686
0x55555cfddd37d8d82e06e0de90da9366ca3e31e8,50903107,SELL,2455.67469513,0.0000766836
0x55555cfddd37d8d82e06e0de90da9366ca3e31e8,50903107,SELL,2455.66572022,0.0000161101
0x55555cfddd37d8d82e06e0de90da9366ca3e31e8,50903107,SELL,2455.67183511,0.0000625324
0x55555cfddd37d8d82e06e0de90da9366ca3e31e8,50903108,BUY,2458.14842496,0.0000307081
0x55555cfddd37d8d82e06e0de90da9366ca3e31e8,50903108,SELL,2455.68075903,0.0004806740
0x1278c1e48e3c9548a5d9f2b16dc27ed311b0697c,50903109,SELL,2455.66627180,0.0000407686
0xd14602c85a25a4e520441c47a97a2c9da63ae1be,50903109,SELL,2455.65037765,0.2824218750
0x55555cfddd37d8d82e06e0de90da9366ca3e31e8,50903110,SELL,2455.59159305,0.0000297949
0x55555cfddd37d8d82e06e0de90da9366ca3e31e8,50903110,SELL,2455.58707337,0.0000149040
0x55555cfddd37d8d82e06e0de90da9366ca3e31e8,50903110,SELL,2455.61300858,0.0000301387
0xf04a2505afb967a1b4f43304e17994e94bdc13a1,50903110,SELL,2455.59366085,0.2177343750
0x1278c1e48e3c9548a5d9f2b16dc27ed311b0697c,50903111,SELL,2455.56815700,0.0000407686
0x55555cfddd37d8d82e06e0de90da9366ca3e31e8,50903111,SELL,2455.56716704,0.0001819702
0x55555cfddd37d8d82e06e0de90da9366ca3e31e8,50903111,BUY,2458.02798915,0.0005493253
0x55555cfddd37d8d82e06e0de90da9366ca3e31e8,50903111,SELL,2455.56279384,0.0001181652
0x501ef174b66883ba40f92e6fb24bfb49331d4d4c,50903112,SELL,2455.56815700,0.0000407686
0x55555cfddd37d8d82e06e0de90da9366ca3e31e8,50903113,SELL,2455.55360824,0.0000106306
0x55555cfddd37d8d82e06e0de90da9366ca3e31e8,50903113,BUY,2458.02677460,0.0003383975
0x55555cfddd37d8d82e06e0de90da9366ca3e31e8,50903113,BUY,2458.03023094,0.0002498553
0x54e2acab04c89a3fe02852bf8dd69ee8f526bc75,50903113,SELL,2455.56815700,0.0000407686
0x501ef174b66883ba40f92e6fb24bfb49331d4d4c,50903113,SELL,2455.56815700,0.0000407686
0x55555cfddd37d8d82e06e0de90da9366ca3e31e8,50903114,BUY,2458.02985451,0.0002807769
0x55555cfddd37d8d82e06e0de90da9366ca3e31e8,50903114,SELL,2455.56326132,0.0001240750
0x55555cfddd37d8d82e06e0de90da9366ca3e31e8,50903114,SELL,2455.56299165,0.0000970665
0x55555cfddd37d8d82e06e0de90da9366ca3e31e8,50903114,SELL,2455.56658138,0.0001511969
0x55555cfddd37d8d82e06e0de90da9366ca3e31e8,50903114,SELL,2455.55672611,0.0000420723
0x55555cfddd37d8d82e06e0de90da9366ca3e31e8,50903114,SELL,2455.56324648,0.0000632466
0x55555cfddd37d8d82e06e0de90da9366ca3e31e8,50903114,BUY,2465.66678793,0.0000001127
0x1278c1e48e3c9548a5d9f2b16dc27ed311b0697c,50903114,SELL,2455.56815700,0.0000407686
0x54e2acab04c89a3fe02852bf8dd69ee8f526bc75,50903114,SELL,2455.56815700,0.0000407686
0x55555cfddd37d8d82e06e0de90da9366ca3e31e8,50903115,BUY,2458.02915167,0.0002102847
0x55555cfddd37d8d82e06e0de90da9366ca3e31e8,50903115,SELL,2455.56738719,0.0004147542
0x55555cfddd37d8d82e06e0de90da9366ca3e31e8,50903115,SELL,2455.56593336,0.0001513810
0x45faa295da5cacc61cd63f8609cb6121e5806e1e,50903116,SELL,2455.56825391,0.0052414316
0x000000c557fa9a96d66cd6371abde62d879d0e61,50903116,SELL,2455.56461504,0.0280668232
0xa971283289448b30188cec3f0e60ad92322e4970,50903116,SELL,2455.41031936,1.3331250000
0x6661fac79d361ec48f0ff3c166567b466af70c32,50903116,SELL,2455.24764637,0.1020032714
0x55555cfddd37d8d82e06e0de90da9366ca3e31e8,50903117,BUY,2457.70962761,0.0000393480
0x55555cfddd37d8d82e06e0de90da9366ca3e31e8,50903117,SELL,2455.23558241,0.0024459934
0x55555cfddd37d8d82e06e0de90da9366ca3e31e8,50903117,SELL,2455.23379390,0.0004148900
0x55555cfddd37d8d82e06e0de90da9366ca3e31e8,50903117,SELL,2455.23374993,0.0001984642
0x55555cfddd37d8d82e06e0de90da9366ca3e31e8,50903117,BUY,2458.25276191,0.0000011179
0x55555cfddd37d8d82e06e0de90da9366ca3e31e8,50903117,SELL,2455.23369591,0.0004164422
0x501ef174b66883ba40f92e6fb24bfb49331d4d4c,50903117,SELL,2455.22475520,0.0000407686
0x54e2acab04c89a3fe02852bf8dd69ee8f526bc75,50903118,SELL,2455.22475520,0.0000407686
0x54e2acab04c89a3fe02852bf8dd69ee8f526bc75,50903118,SELL,2455.22475520,0.0000407686
0x55555cfddd37d8d82e06e0de90da9366ca3e31e8,50903118,BUY,2457.69434184,0.0001665577
0x55555cfddd37d8d82e06e0de90da9366ca3e31e8,50903118,SELL,2455.23127580,0.0001931855
0x55555cfddd37d8d82e06e0de90da9366ca3e31e8,50903118,SELL,2455.23390476,0.0000749460
0x048ef1062cbb39b338ac2685da72adf104b4cef5,50903118,SELL,2455.22475520,0.0000407686
0x55555cfddd37d8d82e06e0de90da9366ca3e31e8,50903120,SELL,2455.23219611,0.0001125287
0x55555cfddd37d8d82e06e0de90da9366ca3e31e8,50903120,SELL,2455.23397773,0.0008346080
0x55555cfddd37d8d82e06e0de90da9366ca3e31e8,50903120,SELL,2455.22837467,0.0001004391
0x501ef174b66883ba40f92e6fb24bfb49331d4d4c,50903120,SELL,2455.22475520,0.0000407686
0x54e2acab04c89a3fe02852bf8dd69ee8f526bc75,50903121,SELL,2455.22475520,0.0000407686
0x501ef174b66883ba40f92e6fb24bfb49331d4d4c,50903121,SELL,2455.22475520,0.0000407686
0x55555cfddd37d8d82e06e0de90da9366ca3e31e8,50903121,SELL,2455.23301377,0.0000130688
0x55555cfddd37d8d82e06e0de90da9366ca3e31e8,50903121,SELL,2455.23079964,0.0001704369
0x55555cfddd37d8d82e06e0de90da9366ca3e31e8,50903121,SELL,2455.23354714,0.0002677615
0x54e2acab04c89a3fe02852bf8dd69ee8f526bc75,50903122,SELL,2455.22475520,0.0000407686
0x55555cfddd37d8d82e06e0de90da9366ca3e31e8,50903122,SELL,2455.22904276,0.0000437462
0x55555cfddd37d8d82e06e0de90da9366ca3e31e8,50903122,SELL,2455.23419946,0.0005144752
0x501ef174b66883ba40f92e6fb24bfb49331d4d4c,50903123,SELL,2455.22475520,0.0000407686
0x55555cfddd37d8d82e06e0de90da9366ca3e31e8,50903124,BUY,2457.69703578,0.0000291720
0x55555cfddd37d8d82e06e0de90da9366ca3e31e8,50903124,SELL,2455.21364166,0.0000295298
0x55555cfddd37d8d82e06e0de90da9366ca3e31e8,50903124,SELL,2455.23372090,0.0000759781
0x55555cfddd37d8d82e06e0de90da9366ca3e31e8,50903124,SELL,2455.22866641,0.0000431312
0x55555cfddd37d8d82e06e0de90da9366ca3e31e8,50903124,BUY,2461.33688083,0.0000002052
0x276705a1ff64531279f06de2c3947f536d5106a0,50903124,SELL,2455.23145246,0.0287100000
0x55555cfddd37d8d82e06e0de90da9366ca3e31e8,50903125,SELL,2455.20828674,0.0000308626
0x55555cfddd37d8d82e06e0de90da9366ca3e31e8,50903125,SELL,2455.21896586,0.0000951842
0x55555cfddd37d8d82e06e0de90da9366ca3e31e8,50903125,BUY,2457.71649810,0.0000293630
0x55555cfddd37d8d82e06e0de90da9366ca3e31e8,50903125,SELL,2455.22042012,0.0000392095
0x55555cfddd37d8d82e06e0de90da9366ca3e31e8,50903126,SELL,2455.22442057,0.0001657922
0x55555cfddd37d8d82e06e0de90da9366ca3e31e8,50903126,SELL,2455.22134085,0.0000793073
0x55555cfddd37d8d82e06e0de90da9366ca3e31e8,50903126,BUY,2458.68341732,0.0000004490
0x55555cfddd37d8d82e06e0de90da9366ca3e31e8,50903126,SELL,2455.22722337,0.0005350495
0x1278c1e48e3c9548a5d9f2b16dc27ed311b0697c,50903128,BUY,2457.68619360,0.0096006378
0xb42f812a44c22cc6b861478900401ee759ebead6,50903136,BUY,2457.68729592,0.0004068866
0x048ef1062cbb39b338ac2685da72adf104b4cef5,50903149,BUY,2457.68854306,0.0002260128
0x048ef1062cbb39b338ac2685da72adf104b4cef5,50903157,BUY,2457.68911461,0.0001121448
0x2d93c2f74b2c4697f9ea85d0450148aa45d4d5a2,50903165,SELL,2455.22329940,0.0621630208
0x1278c1e48e3c9548a5d9f2b16dc27ed311b0697c,50903166,BUY,2457.67555450,0.0001104735
0x1278c1e48e3c9548a5d9f2b16dc27ed311b0697c,50903171,SELL,2455.21606129,0.0017106437
0x54e2acab04c89a3fe02852bf8dd69ee8f526bc75,50903174,BUY,2457.68468638,0.0000773842
0x9380c71b198b5a21f0bcea3d489f5984e2f0c456,50903176,SELL,2455.21565657,0.0019800000
0x048ef1062cbb39b338ac2685da72adf104b4cef5,50903181,BUY,2457.68225643,0.0000783165
0x048ef1062cbb39b338ac2685da72adf104b4cef5,50903183,BUY,2457.67666903,0.0000186542
0xff6028cd9102fc531955658846bcd5de0accb396,50903185,SELL,2455.21323232,0.0198000000
0x501ef174b66883ba40f92e6fb24bfb49331d4d4c,50903188,BUY,2457.67973964,0.0000781933
0x1278c1e48e3c9548a5d9f2b16dc27ed311b0697c,50903195,BUY,2457.68187366,0.0000394323
0xff6028cd9102fc531955658846bcd5de0accb396,50903200,SELL,2455.20142263,0.0845925300
0x1278c1e48e3c9548a5d9f2b16dc27ed311b0697c,50903201,SELL,2455.19054720,0.0000488756
0x501ef174b66883ba40f92e6fb24bfb49331d4d4c,50903201,SELL,2455.19036085,0.0129280664
0x08b00ceee2fb66029b53d76110b19eeaabfd1e65,50903204,SELL,2455.13790444,0.4500000000
0x54e2acab04c89a3fe02852bf8dd69ee8f526bc75,50903209,SELL,2455.08660061,0.0000488761
0x0f26b8f936ddb85ba2ebac1ec4b6fb55c4efef79,50903214,BUY,2457.54438090,0.0019241594
0x88776fbd991c76aae24e12da906e47fc8be7aab2,50903227,BUY,2457.54469404,0.0010210830
0x0dfa768499c331acbd6df31887eca6f5860fbd6f,50903227,BUY,2457.54505793,0.0004734473
0x048ef1062cbb39b338ac2685da72adf104b4cef5,50903227,SELL,2455.08732771,0.0000488781
0x048ef1062cbb39b338ac2685da72adf104b4cef5,50903241,SELL,2455.08763846,0.0001995855
0x1278c1e48e3c9548a5d9f2b16dc27ed311b0697c,50903256,BUY,2457.54586929,0.0005934823
0xd3890a8020de54bc6c7800bb271c2b4292233019,50903262,SELL,2455.08187297,0.0518364000
0x501ef174b66883ba40f92e6fb24bfb49331d4d4c,50903268,SELL,2455.07153258,0.0392762108
0x501ef174b66883ba40f92e6fb24bfb49331d4d4c,50903278,BUY,2457.52516321,0.0101687667
0x2873c09d97193113daff8fb12a425119e545a1d4,50903284,SELL,2455.06194818,0.0657460493
0x0d96c15ad1333697b7d66b3ab681df310c509800,50903289,BUY,2457.52979640,0.1620641298
0x1278c1e48e3c9548a5d9f2b16dc27ed311b0697c,50903299,SELL,2455.08718116,0.0359078796
0x91ac95b0018faaf2db574b6ea877b83206681a48,50903305,BUY,2457.54384209,0.0334854657
0x91ac95b0018faaf2db574b6ea877b83206681a48,50903305,BUY,2457.55106146,0.0301226701
0x82e1ff9cc4a4b2e323177006fce9b93703930d18,50903305,BUY,2457.56070344,0.0006103613
0x91ac95b0018faaf2db574b6ea877b83206681a48,50903306,BUY,2457.58298281,0.0585436996
0x05854d0c70d2f696fb3d9c0863100956b795e2ff,50903329,BUY,2457.63863463,0.3420754126
0x824abda7e8bfcf47c543761c50bc7bf6756deda9,50903353,BUY,2457.69667862,0.0000489051
0xcba1fe9c40b3972e4618aa189138e7e088f8df79,50903388,SELL,2455.19122974,0.3258401995
0x048ef1062cbb39b338ac2685da72adf104b4cef5,50903399,BUY,2457.44603304,0.0013550654
0x948a19997fbcaed9976a8a7801968718619fc19a,50903418,BUY,2457.44678511,0.0010942101
0x54e2acab04c89a3fe02852bf8dd69ee8f526bc75,50903427,BUY,2457.44652710,0.0008097836
0xae6bbb0ce3329e7e50d028a4c14db645e666688e,50903432,BUY,2457.44800447,0.0122077863
0x048ef1062cbb39b338ac2685da72adf104b4cef5,50903438,SELL,2454.98947680,0.0000203842
0x05854d0c70d2f696fb3d9c0863100956b795e2ff,50903439,BUY,2457.48746032,0.3355012761
0x91ac95b0018faaf2db574b6ea877b83206681a48,50903440,SELL,2455.07135369,0.0002987677
0x54e2acab04c89a3fe02852bf8dd69ee8f526bc75,50903441,SELL,2455.03853440,0.0000203842
0x0f014545de76a29892b9319e5a4123b28299f33b,50903448,SELL,2455.07093298,0.0013429746
0x048ef1062cbb39b338ac2685da72adf104b4cef5,50903453,SELL,2455.03853440,0.0000203842
0xd14602c85a25a4e520441c47a97a2c9da63ae1be,50903471,BUY,2457.59245602,0.5690805189
0xca7ded7e4f4ba8ab3b10009236ae6d1b95094589,50903481,BUY,2457.72541390,0.2024531464
0x501ef174b66883ba40f92e6fb24bfb49331d4d4c,50903485,SELL,2455.28382240,0.0000203842
0x1278c1e48e3c9548a5d9f2b16dc27ed311b0697c,50903486,SELL,2455.28382240,0.0000203842
0x1278c1e48e3c9548a5d9f2b16dc27ed311b0697c,50903489,SELL,2455.31535661,0.0001221835
0x1278c1e48e3c9548a5d9f2b16dc27ed311b0697c,50903490,SELL,2455.28382240,0.0000203842
0x501ef174b66883ba40f92e6fb24bfb49331d4d4c,50903490,SELL,2455.28382240,0.0000203842
0x54e2acab04c89a3fe02852bf8dd69ee8f526bc75,50903491,SELL,2455.28382240,0.0000203842
0xbbe06ea75813760ae2387276b64b592a4b6ce29f,50903493,BUY,2457.78136612,0.0060199346
0x1278c1e48e3c9548a5d9f2b16dc27ed311b0697c,50903493,SELL,2455.31998150,0.0427652122
0x54e2acab04c89a3fe02852bf8dd69ee8f526bc75,50903493,SELL,2455.28382240,0.0000203842
0x1278c1e48e3c9548a5d9f2b16dc27ed311b0697c,50903496,SELL,2455.33288000,0.0000203842
0x501ef174b66883ba40f92e6fb24bfb49331d4d4c,50903497,SELL,2455.33288000,0.0000203842
0xae6bbb0ce3329e7e50d028a4c14db645e666688e,50903498,BUY,2457.82939059,0.0122058920
0x501ef174b66883ba40f92e6fb24bfb49331d4d4c,50903499,SELL,2455.33288000,0.0000203842
0x54e2acab04c89a3fe02852bf8dd69ee8f526bc75,50903500,SELL,2455.33288000,0.0000203842
0x048ef1062cbb39b338ac2685da72adf104b4cef5,50903501,SELL,2455.33288000,0.0000203842
0x1278c1e48e3c9548a5d9f2b16dc27ed311b0697c,50903503,SELL,2455.33288000,0.0000203842
0x501ef174b66883ba40f92e6fb24bfb49331d4d4c,50903506,SELL,2455.38193760,0.0000203842
0x1278c1e48e3c9548a5d9f2b16dc27ed311b0697c,50903507,SELL,2455.38193760,0.0000203842
0x048ef1062cbb39b338ac2685da72adf104b4cef5,50903508,SELL,2455.38193760,0.0000203842
0x54e2acab04c89a3fe02852bf8dd69ee8f526bc75,50903509,SELL,2455.38193760,0.0000203842
0x05854d0c70d2f696fb3d9c0863100956b795e2ff,50903510,BUY,2457.85140014,0.0208192652
0x048ef1062cbb39b338ac2685da72adf104b4cef5,50903512,SELL,2455.38193760,0.0000203842
0x501ef174b66883ba40f92e6fb24bfb49331d4d4c,50903512,SELL,2455.38193760,0.0000203842
0xbb0e31d765ee8bd8982d3750e36aaf84d5ff0e9c,50903514,SELL,2455.39473153,0.0152350054
0x1278c1e48e3c9548a5d9f2b16dc27ed311b0697c,50903514,SELL,2455.38193760,0.0000203842
0x048ef1062cbb39b338ac2685da72adf104b4cef5,50903515,SELL,2455.38193760,0.0000203842
0x52d9ee3a7ea892c0dcf41b6e4d9c390f29e1f30f,50903515,BUY,2457.85029716,0.0004068596
0x048ef1062cbb39b338ac2685da72adf104b4cef5,50903517,SELL,2455.38193760,0.0000203842
0x4003a42a8d1c0cd24a3e4f742c1fc78105b0139a,50903518,BUY,2457.86045010,0.0000726376
0x048ef1062cbb39b338ac2685da72adf104b4cef5,50903520,SELL,2455.38193760,0.0000203842
0x501ef174b66883ba40f92e6fb24bfb49331d4d4c,50903522,SELL,2455.38193760,0.0000203842
0x1278c1e48e3c9548a5d9f2b16dc27ed311b0697c,50903525,SELL,2455.38193760,0.0000203842
0x88776fbd991c76aae24e12da906e47fc8be7aab2,50903527,BUY,2457.76962410,0.0010195716
0x9972f4c1e53b5eeb9e2630a7dddb5d5bfbcac451,50903527,BUY,2457.77131484,0.0003397037
0x501ef174b66883ba40f92e6fb24bfb49331d4d4c,50903528,SELL,2455.28382240,0.0000203842
0xcf616162fa9de09c4f91314dd57ae98aeca29dc0,50903583,BUY,2457.77099095,0.0004211003
0xcc8d9ab18d019c57f721952f6522a51b19419566,50903583,SELL,2455.31245987,0.0008586512
0x05854d0c70d2f696fb3d9c0863100956b795e2ff,50903595,SELL,2455.31041631,0.0008318337
0x05854d0c70d2f696fb3d9c0863100956b795e2ff,50903596,SELL,2455.29168107,0.0000416965
0x94d5ddf93bcdeba19b3736d7c4cb8afc5484456e,50903598,SELL,2455.17135877,1.2350404969
0xf04a2505afb967a1b4f43304e17994e94bdc13a1,50903601,SELL,2454.97414155,0.5020312500
0xae6bbb0ce3329e7e50d028a4c14db645e666688e,50903622,BUY,2457.33969146,0.0122083244
0x9320649bd68c04b0b8ac4668bcc74f74cfbb79bf,50903632,SELL,2454.88313131,0.0099000000
0xa971283289448b30188cec3f0e60ad92322e4970,50903688,SELL,2454.56700268,1.5862500000
0xa971283289448b30188cec3f0e60ad92322e4970,50903690,SELL,2454.36834659,0.1673437500
0x8de55ddbf8a87e7e560fdfc40a5011635b87be7f,50903690,SELL,2454.22352754,0.1880474300
0xf04a2505afb967a1b4f43304e17994e94bdc13a1,50903694,SELL,2454.07845285,0.2081250000
0xf2d1aff8a41cdef7e06c8443866124184c3ef527,50903694,SELL,2454.02098892,0.3003186241
0x3fe8ca5afdf6c661547d4db5eee5ff87893b13f0,50903705,BUY,2456.34924647,0.2041806444
0x6051b5b8f04807793df003f15f022fc3e65c91ba,50903709,SELL,2453.91556023,0.0085582876
0x4337009be43c7ecc9bfbde0f1780553aa065187e,50903716,SELL,2453.90560235,0.0573519665
0x37cd2fe5816bb366194eaa66b137aa459c28b5cf,50903734,SELL,2453.89450254,0.0407577065
0xfb7acda6d1a822f7591880dbd8610f96af14268b,50903746,BUY,2456.34674565,0.0096858723
0xf8e92650c19cd053da9edf053bba151e4dbf3fe3,50903747,SELL,2453.88731294,0.0551383425
0x54790b303c5fe9701e24a16f634dbd213dd4acc4,50903787,SELL,2453.88969697,0.0099000000
0x88776fbd991c76aae24e12da906e47fc8be7aab2,50903827,BUY,2456.34527562,0.0010187456
0x0dfa768499c331acbd6df31887eca6f5860fbd6f,50903827,BUY,2456.34516336,0.0004736785
0x0cb44086039b0a996e8b29a7be2f647da466f8b9,50903850,SELL,2453.88777778,0.0099000000
0x54e2acab04c89a3fe02852bf8dd69ee8f526bc75,50903890,BUY,2456.35087675,0.0000645751
0x666516400ffd0b833d8b023bf10131a524666d28,50903908,SELL,2453.87552201,0.0817746390
0xc27a2b4bd5b374c3cb3c711e17901628824f8258,50903925,BUY,2456.32504960,0.0001876246
0xb8acb1b5c67386dd4dfa9fb9fbae3ef03eed2d3b,50903928,SELL,2453.86566800,0.0016181550
0x501ef174b66883ba40f92e6fb24bfb49331d4d4c,50903936,SELL,2453.86596274,0.0001222561
0xaa80bff121022c13fd95d023d0a38fc7446da1c1,50903936,BUY,2456.32191988,0.0023286850
0x9b126f195d0aad7474fe475a496c8aedee4bee75,50903940,BUY,2456.32229835,0.0010177817
0xa971283289448b30188cec3f0e60ad92322e4970,50903956,SELL,2453.76496927,0.9009375000
0x1278c1e48e3c9548a5d9f2b16dc27ed311b0697c,50903957,BUY,2456.11937404,0.0003670697
0x54e2acab04c89a3fe02852bf8dd69ee8f526bc75,50903979,SELL,2453.66325163,0.0001222662
0x4337017d2e3f5e4160a27f6fdbdc38719343c62f,50903983,BUY,2456.46589212,0.0000023306
0x1278c1e48e3c9548a5d9f2b16dc27ed311b0697c,50904002,SELL,2453.66316150,0.0006806150
0xde258f38eee6d95ce8815cbe9311bad5e7a344b3,50904003,SELL,2453.66178782,0.0109226700
0xbcd54d6f15196ca6bb0e6e8227df65008b2dc1fb,50904010,SELL,2453.65343434,0.0099000000
0x7dd444bd0f1a04bfc26838fbb1f9315c503d1177,50904011,SELL,2453.65121212,0.0099000000
0x53ce40e24b74faa3f235c2d8d201559c0f449914,50904016,SELL,2453.65017803,0.0000048947
0x433702256b464248dcbe403c1334757be4ed9f26,50904020,BUY,2456.26318045,0.0000015471
0x1278c1e48e3c9548a5d9f2b16dc27ed311b0697c,50904021,SELL,2453.64734985,0.0003586493
0x048ef1062cbb39b338ac2685da72adf104b4cef5,50904044,SELL,2453.65008672,0.0000896623
0x54e2acab04c89a3fe02852bf8dd69ee8f526bc75,50904048,SELL,2453.63475416,0.0000652090
0x0034a05dca91cb3234ef72456413746b70ca18c3,50904060,BUY,2456.11001736,0.0014907736
0xf04a2505afb967a1b4f43304e17994e94bdc13a1,50904105,BUY,2456.22216592,0.9797378117
0xf849fbc43f9a108a297c8730eede2896932fda68,50904111,BUY,2456.33987278,0.0610664679
0xe62561be7859b4ce1a8ef01ad437fe2e1e6fbe40,50904116,SELL,2453.73067183,0.0000011957
0x4af07996aaafe5208d8ff796c5309d49139b7cbd,50904119,BUY,2456.35576064,0.0793897863
0xcd3481752e054b8559910f166c6e8116ba4a90d8,50904119,BUY,2456.37604168,0.0998781354
0x0f014545de76a29892b9319e5a4123b28299f33b,50904121,SELL,2453.93106596,0.0021085576
0x9320649bd68c04b0b8ac4668bcc74f74cfbb79bf,50904122,BUY,2456.38820900,0.0119337155
0x88776fbd991c76aae24e12da906e47fc8be7aab2,50904127,BUY,2456.39020002,0.0010173123
0x9972f4c1e53b5eeb9e2630a7dddb5d5bfbcac451,50904127,BUY,2456.39189694,0.0003389496
0x45c86f9ab3a4c81ef75bc96f3fbdc75f6ff8e230,50904128,SELL,2453.93333333,0.0009900000
0x048ef1062cbb39b338ac2685da72adf104b4cef5,50904159,BUY,2456.39644933,0.0001303649
0x54e2acab04c89a3fe02852bf8dd69ee8f526bc75,50904162,BUY,2456.39024205,0.0001692773
0x0000208d547a446ba9059cbb2cfcfbaead7d3fa3,50904183,SELL,2453.91819837,0.1392772629
0x1278c1e48e3c9548a5d9f2b16dc27ed311b0697c,50904190,SELL,2453.90200958,0.0040751423
0x3e4cbf6341eb85af1f5eeb536257ee370cb4a76d,50904224,SELL,2453.89657684,0.0000411900
0xa28669d95a6339da0b0216ae1683ef6f9edc2720,50904235,BUY,2456.36126045,0.0389854202
0x276705a1ff64531279f06de2c3947f536d5106a0,50904247,BUY,2456.36881665,0.0281097148
0x122ec72203e6b5ab302998bb7f7488761ab072c0,50904255,BUY,2456.37301024,0.0087598797
0x048ef1062cbb39b338ac2685da72adf104b4cef5,50904270,BUY,2456.37515944,0.0002716902
0x4ef57635385d938fbba115660ff6df45b6ff4795,50904275,BUY,2456.37610766,0.0183196701
0x3482d9a357ba687c57237ec1587e9f7484856f0e,50904296,BUY,2456.38937783,0.1221264604
0x3482d9a357ba687c57237ec1587e9f7484856f0e,50904296,BUY,2456.42063115,0.0000040140
0x122ec72203e6b5ab302998bb7f7488761ab072c0,50904315,SELL,2453.95635235,0.0460220305
0xae6bbb0ce3329e7e50d028a4c14db645e666688e,50904316,BUY,2456.40834841,0.0122129531
0xae6bbb0ce3329e7e50d028a4c14db645e666688e,50904318,BUY,2456.41111103,0.0122129394
0xd83e60d273fd0cb3b05c2611db940fecb7b6ca64,50904322,BUY,2456.41280478,0.0015020163
0x811ebabacdaf293e860a66637e5049f8eb36e85e,50904330,BUY,2456.45206177,0.3468386745
0x54e2acab04c89a3fe02852bf8dd69ee8f526bc75,50904338,SELL,2454.05193745,0.0000688865
0xae6bbb0ce3329e7e50d028a4c14db645e666688e,50904340,BUY,2456.51519912,0.0122124219
0xdb88cb1b11d1656a8407cd5e3e6d381d9008e7a1,50904340,BUY,2456.51831916,0.0148960412
0xdb88cb1b11d1656a8407cd5e3e6d381d9008e7a1,50904340,BUY,2456.52072360,0.0059721996
0xf48596a808f4f67cbf8fc633ad688e32079ece7b,50904344,SELL,2454.06227057,0.0040554700
0x05854d0c70d2f696fb3d9c0863100956b795e2ff,50904345,BUY,2456.51913495,0.0124402487
0x05854d0c70d2f696fb3d9c0863100956b795e2ff,50904345,BUY,2456.52160764,0.0090049861
0x18a8c1bb86e578ea9f72d801d08f3b12e2c2306e,50904359,BUY,2456.52179845,0.0399040546
0xcf7607ff3164df3e1e285d2d798724a929bede0d,50904368,SELL,2454.02846061,0.1237500000
0xdbe461035b9d452dc433ffe0617ed19ae8ace068,50904368,BUY,2456.47310126,0.0242090715
0xecebeee37d1f8fa10c0c5d1ab578ac5d699d7412,50904380,BUY,2456.46542994,0.0467699242
0xf0523316cf23ef167d874fa030b2214280e38ee6,50904380,BUY,2456.48583265,0.1337110166
0x45f2042f4f06daf288e18c60f875f0c37054d352,50904390,SELL,2454.05748869,0.0010386872
0x622d0d00104d418c2bda79c1aad9c28da63e9ecb,50904390,SELL,2454.05688851,0.0042754029
0xc5367bb83ce9c177bf40ad51c3623a2c8b3c6b33,50904397,BUY,2456.52991594,0.1557074463
0xad538fc2fbb59c93eb1cb6302a2e8f29d19953be,50904398,BUY,2456.54824148,0.0010936936
0x88776fbd991c76aae24e12da906e47fc8be7aab2,50904427,BUY,2456.54816382,0.0010158339
0x0dfa768499c331acbd6df31887eca6f5860fbd6f,50904427,BUY,2456.54856806,0.0004736393
0x988ce72d127b8a06821bbb3708897dbdc0d66f2f,50904431,BUY,2456.54922693,0.0084402090
0x2d722e852e9184227d4770e25933a8d19620ef0c,50904433,BUY,2456.55164812,0.0142084242
0x94d28b679e807e76f6f6717e860033c58813e8a4,50904433,SELL,2454.09264706,0.0408000000
0x0f014545de76a29892b9319e5a4123b28299f33b,50904469,SELL,2454.09638656,0.0021933772
0x43c6ca9552e39b5719ba31e6cf33929451d9ffae,50904487,BUY,2456.55376692,0.0132299160
0xf99fd62b06a800afd0241b89f46c7313e5b208f6,50904488,SELL,2454.09558677,0.0001918055
0x93430dea286066768e19e1042a6da333caa92ac2,50904492,SELL,2454.09636364,0.0247500000
0x83113a0febb6cf0627e2730fd96a5a0ebc361d30,50904496,SELL,2454.08845077,0.0410850000
0x7e992cc2de1234d98fee0bad24e51a3195f9e6e5,50904500,BUY,2456.54009560,0.0021866559
0xbf8dfb7b8938fcf5aa93a18fd110bcab9b0fbfc4,50904517,BUY,2456.54166353,0.0149145608
0x660f3763065a492b1a062969b0c0639c68e3c7d2,50904520,BUY,2456.55006848,0.0000582976
0x002238ee12a1fec99ba93d941994728b1fc68b98,50904520,BUY,2456.54457090,0.0103829156
0x6b8e8924d1ccdbca5efaddaea60534cc510e299b,50904546,BUY,2456.55031247,0.0407074911
0x54e2acab04c89a3fe02852bf8dd69ee8f526bc75,50904579,BUY,2456.55962514,0.0030530503
0x501ef174b66883ba40f92e6fb24bfb49331d4d4c,50904581,BUY,2456.56937247,0.0828715815
0xbb0e31d765ee8bd8982d3750e36aaf84d5ff0e9c,50904594,SELL,2454.12241824,0.0072107674
0x90c9cfc50580c6c6ceec6e422f1d05422966d789,50904602,SELL,2454.11976225,0.0163591841
0x501ef174b66883ba40f92e6fb24bfb49331d4d4c,50904612,BUY,2456.57416090,0.0023203045
0x88f555826e4c0279600bf2408abbfd6c1f88f2cc,50904644,BUY,2456.57133068,0.0039360408
0x7786ed583b806314c50971c113a5646acdcaf9b8,50904645,BUY,2456.58165647,0.0880156450
0xa2bae9feefa90f4f45d5c6bb9b787b5181515386,50904656,BUY,2457.49323889,5.0524850301
0xaa8ba7971aaa1c4a59254d8f103d9f53e23561e0,50904664,SELL,2455.60215054,0.0306900000
0x7786ed583b806314c50971c113a5646acdcaf9b8,50904675,SELL,2455.60721343,0.0746777042
0x14adbc7ea094914aa9d9de96b7832915ffefe5f3,50904699,SELL,2456.17129091,0.0248061608
0x1773c961caff0b9a98509f553a0f07bd4055b2b6,50904699,SELL,2456.16562071,0.0251964389
0x931ab551bb83390e4fdc46ae0e2c074debd3bc3d,50904700,SELL,2456.16186266,0.0079439793
0x277e5e0f6908ede4a28ca0db822316bf930fda70,50904728,BUY,2458.62349573,0.0603113060
0x16dfcc3edc2da85312250b776941876eb27a22f6,50904779,SELL,2456.16811434,0.0031100823
0x00ccea5e2d201afbbd2376f941b7f95b798a3223,50904785,BUY,2458.64451322,0.1150294516
0x000000c557fa9a96d66cd6371abde62d879d0e61,50904789,BUY,2458.85290563,0.2662562378
0xb594b5a3e59e941348b5d8393847e4167f084a70,50904793,SELL,2456.43669814,0.0083273052
0xf99fd62b06a800afd0241b89f46c7313e5b208f6,50904795,BUY,2458.89467117,0.0040624119
0x54e2acab04c89a3fe02852bf8dd69ee8f526bc75,50904795,SELL,2456.43559899,0.0004885123
0x0566049b317060eb2c8416ba5559056b2feb88fa,50904812,SELL,2456.61520202,0.0198000000
0x0566049b317060eb2c8416ba5559056b2feb88fa,50904823,SELL,2456.61070707,0.0198000000
0x3bf562ab55f09850053f9e6db0a36d4971a6e456,50904824,SELL,2456.60727273,0.0099000000
0x3bf562ab55f09850053f9e6db0a36d4971a6e456,50904840,SELL,2456.60646465,0.0099000000
0x756347337767ed6705b5dbeb09e85b73b4fc6307,50904841,SELL,2456.60521532,0.0013662924
0x54e2acab04c89a3fe02852bf8dd69ee8f526bc75,50904858,SELL,2456.96598027,0.0058883265
0x5ebc696b0e317d78965075ad4286bbf0833cf0ba,50904866,SELL,2456.96464646,0.0009900000
0xd4c6e160b01f51efe6c67b70e9911f19d0b47105,50904887,BUY,2459.44779184,0.2095189899
0x47e4f985b531aaad306b9022279bbbaf2e52b113,50904893,SELL,2457.01217194,0.0039275052
0x0bcf0b05f4bdbb7342f654ebc88f9219d10c7666,50904895,BUY,2459.48148214,0.0000919011
0x55555cfddd37d8d82e06e0de90da9366ca3e31e8,50904899,BUY,2459.47394006,0.0002522328
0x55555cfddd37d8d82e06e0de90da9366ca3e31e8,50904899,SELL,2457.01046865,0.0000223544
0x55555cfddd37d8d82e06e0de90da9366ca3e31e8,50904899,BUY,2459.47227158,0.0001681182
0x55555cfddd37d8d82e06e0de90da9366ca3e31e8,50904904,SELL,2457.00266369,0.0000800996
0x55555cfddd37d8d82e06e0de90da9366ca3e31e8,50904904,SELL,2457.00485005,0.0000429283
0x55555cfddd37d8d82e06e0de90da9366ca3e31e8,50904904,BUY,2464.46363130,0.0000001607
0x55555cfddd37d8d82e06e0de90da9366ca3e31e8,50904904,SELL,2457.00765485,0.0002731648
0x55555cfddd37d8d82e06e0de90da9366ca3e31e8,50904905,BUY,2459.47076683,0.0013458627
0x55555cfddd37d8d82e06e0de90da9366ca3e31e8,50904905,SELL,2456.98536461,0.0000284845
0x55555cfddd37d8d82e06e0de90da9366ca3e31e8,50904905,SELL,2457.00191427,0.0000596776
0x55555cfddd37d8d82e06e0de90da9366ca3e31e8,50904909,SELL,2456.98083318,0.0000126786
0x55555cfddd37d8d82e06e0de90da9366ca3e31e8,50904909,SELL,2457.00930295,0.0001216080
0x55555cfddd37d8d82e06e0de90da9366ca3e31e8,50904909,BUY,2459.51726051,0.0000054812
0x55555cfddd37d8d82e06e0de90da9366ca3e31e8,50904909,SELL,2456.98293799,0.0000107050
0x55555cfddd37d8d82e06e0de90da9366ca3e31e8,50904910,SELL,2457.00950023,0.0006437960
0x55555cfddd37d8d82e06e0de90da9366ca3e31e8,50904910,SELL,2456.99805182,0.0000523777
0x55555cfddd37d8d82e06e0de90da9366ca3e31e8,50904910,BUY,2459.47241025,0.0003416172
0x55555cfddd37d8d82e06e0de90da9366ca3e31e8,50904915,SELL,2457.00854235,0.0002783755
0x55555cfddd37d8d82e06e0de90da9366ca3e31e8,50904915,BUY,2459.48333352,0.0000345727
0x55555cfddd37d8d82e06e0de90da9366ca3e31e8,50904915,SELL,2456.98722931,0.0000124681
0x55555cfddd37d8d82e06e0de90da9366ca3e31e8,50904915,SELL,2457.00864601,0.0003157181
0x55555cfddd37d8d82e06e0de90da9366ca3e31e8,50904919,SELL,2456.98566546,0.0000480621
0x55555cfddd37d8d82e06e0de90da9366ca3e31e8,50904919,BUY,2469.81996164,0.0000000862
0x55555cfddd37d8d82e06e0de90da9366ca3e31e8,50904919,SELL,2456.98176496,0.0000274756
0x55555cfddd37d8d82e06e0de90da9366ca3e31e8,50904922,SELL,2456.99492092,0.0012687401
0x55555cfddd37d8d82e06e0de90da9366ca3e31e8,50904922,SELL,2456.99212968,0.0001513884
0x55555cfddd37d8d82e06e0de90da9366ca3e31e8,50904922,SELL,2456.99269317,0.0000846091
0x55555cfddd37d8d82e06e0de90da9366ca3e31e8,50904922,BUY,2461.51494622,0.0000003039
0x23dbcb310d132457c655f8443d3051860a3efc9f,50904943,SELL,2456.99199713,0.0148848275
0x501ef174b66883ba40f92e6fb24bfb49331d4d4c,50904974,BUY,2459.48826773,0.0067900304
0x501ef174b66883ba40f92e6fb24bfb49331d4d4c,50904983,SELL,2457.03015206,0.0001220986
0x048ef1062cbb39b338ac2685da72adf104b4cef5,50904992,SELL,2457.03012432,0.0001220986
0x23dbcb310d132457c655f8443d3051860a3efc9f,50905006,SELL,2457.02610129,0.0147641708
0x54e2acab04c89a3fe02852bf8dd69ee8f526bc75,50905007,SELL,2457.00000000,0.0000010000
0x9ca0d3b6869ea1028b7fe86b7b4af38cfa831909,50905011,BUY,2459.48531204,0.0171367179
0xbb0e31d765ee8bd8982d3750e36aaf84d5ff0e9c,50905014,SELL,2457.02771691,0.0050955164
0x3482d9a357ba687c57237ec1587e9f7484856f0e,50905022,BUY,2459.49050269,0.0387664148
0x3482d9a357ba687c57237ec1587e9f7484856f0e,50905022,BUY,2459.51098722,0.0000040134
0xd83e60d273fd0cb3b05c2611db940fecb7b6ca64,50905025,BUY,2459.49522889,0.0024508265
0xfa8b4946f08eebf59819b61f4f56ec2392428dff,50905045,SELL,2457.03959596,0.0099000000
0x9ca0d3b6869ea1028b7fe86b7b4af38cfa831909,50905066,SELL,2457.03599430,0.0218740100
0x32ced4117c48afcd3e2828cc88ce6f9bbfce8730,50905091,BUY,2460.32242875,0.8902819339
0xfa8b4946f08eebf59819b61f4f56ec2392428dff,50905310,SELL,2457.81888889,0.0099000000
0x54e2acab04c89a3fe02852bf8dd69ee8f526bc75,50905311,BUY,2460.28122827,0.0326515234
0xfa8b4946f08eebf59819b61f4f56ec2392428dff,50905312,SELL,2457.82414141,0.0099000000
0xfa8b4946f08eebf59819b61f4f56ec2392428dff,50905314,SELL,2457.82181818,0.0099000000
0x4e001755a66dd183e0887e4ef75a5d9f9a95a8e6,50905350,BUY,2460.27683514,0.0126148373
0x54e2acab04c89a3fe02852bf8dd69ee8f526bc75,50905378,SELL,2457.81853178,0.0008137297
0x7c20bed739b6231116e04b2f8ccbbc2058dce984,50905382,BUY,2460.27882695,0.0062284810
0x7c20bed739b6231116e04b2f8ccbbc2058dce984,50905382,BUY,2460.28026836,0.0055159000
0x78e062cd97b4e30e0d68d8c1c1e3beeb6359ddc9,50905382,BUY,2460.28127169,0.0029903329
0x80c77f668f90d2104771f648eec068af7f6ebe36,50905413,BUY,2460.28338256,0.0168059721
0x31081eebc1381b40e4750db5d32510e4f6758b75,50905413,BUY,2460.29129874,0.0001003113
0xbd1943f50978f02fc875440c5e1f912aec71879b,50905440,BUY,2460.29486842,0.1206411312
0x1278c1e48e3c9548a5d9f2b16dc27ed311b0697c,50905442,SELL,2457.84604292,0.0000813729
0x1cc053c54e3199b6d09b7dc120f4e96c99b44e90,50905498,SELL,2457.83061591,0.0728461237
0x6663f9524b76b547f1070e82dde1cc0a2236d758,50905498,SELL,2457.79070775,0.2785133278
0x83681c14770b44361e21faf91d8325423365ea5c,50905502,BUY,2460.22402816,0.0000590877
0x46771c654a640d94858e91bc2ceb0ed2196184e3,50905565,SELL,2457.73364723,0.0000223027
0x36f321e666ad58ec7221a48e72b8ba0cc5e3a458,50905569,BUY,2460.21423969,0.0159427912
0x824abda7e8bfcf47c543761c50bc7bf6756deda9,50905578,BUY,2460.21630730,0.0022907904
0x6662c790726e2f50da645e0e168612c15d472f93,50905594,SELL,2457.75562545,0.0113968039
0x666968d97a51cdd21d105932210079710c81dff7,50905595,SELL,2457.75307130,0.0109828816
0x88776fbd991c76aae24e12da906e47fc8be7aab2,50905627,BUY,2460.20743101,0.0010086995
0x0dfa768499c331acbd6df31887eca6f5860fbd6f,50905627,BUY,2460.20791596,0.0004729348
0xb82edf0d3b98b12918c85811271ed496725f4371,50905627,BUY,2460.20969431,0.0196332671
0x54e2acab04c89a3fe02852bf8dd69ee8f526bc75,50905648,SELL,2457.75207359,0.0008145260
0x964d83cb6b45727a55f30931472ccccef014a1e6,50905653,BUY,2460.25239228,0.0000102303
0xcf5412704264151768b4b7061162154c99718f7c,50905686,SELL,2457.75159541,0.0030004920
0x5af393c7e905d2009193456879c7a97ac59aec8f,50905688,SELL,2457.74949495,0.0002475000
0xa28669d95a6339da0b0216ae1683ef6f9edc2720,50905695,SELL,2457.74014070,0.0993446886
0x048ef1062cbb39b338ac2685da72adf104b4cef5,50905731,SELL,2457.00000000,0.0000010000
0x4c5e529d3bea56b9fb85213b41aa832c903faadd,50905745,SELL,2457.71407906,0.0448243740
0x2af4cf4b152634776ea6eb6c7f1a8cb5a17d7ecf,50905778,SELL,2457.70541263,0.0726712107
0xc27a2b4bd5b374c3cb3c711e17901628824f8258,50905789,BUY,2460.15848884,0.0005179402
0x1278c1e48e3c9548a5d9f2b16dc27ed311b0697c,50905789,BUY,2460.15723249,0.0025849596
0x824abda7e8bfcf47c543761c50bc7bf6756deda9,50905876,BUY,2460.18569935,0.0001951954
0xb9f554fb5c5c9de3269c98efb9463f7b4220db0d,50905876,BUY,2460.43755143,0.0000033636
0x54e2acab04c89a3fe02852bf8dd69ee8f526bc75,50905879,SELL,2404.97631851,0.0000000125
0x2af4cf4b152634776ea6eb6c7f1a8cb5a17d7ecf,50905884,SELL,2457.71414503,0.0655126571
0x501ef174b66883ba40f92e6fb24bfb49331d4d4c,50905885,SELL,2453.28617653,0.0000000640
0x9e10496618700907928e4a7507cad90f5588ccb8,50906018,BUY,2460.27085239,0.6343387008
0x8380c8817a65e93b3025efdd8bf41d11f2c6009e,50906018,BUY,2460.36437466,0.1877978196
0xeec13a4a32e3225bdbb7b82de2c0128220f13e06,50906019,BUY,2460.40710133,0.1877945746
0x5857bd50cecc2095996f57859525cd966c4d62d1,50906099,SELL,2458.08087958,0.0121463322
0x54e2acab04c89a3fe02852bf8dd69ee8f526bc75,50906105,SELL,2458.07857143,0.0007000000
0x501ef174b66883ba40f92e6fb24bfb49331d4d4c,50906134,SELL,2458.10550955,0.0000528863
0xb668850ca0548d310e8be239d2893f5ab9e02e5c,50906199,BUY,2460.63652193,0.0008977263
0x501ef174b66883ba40f92e6fb24bfb49331d4d4c,50906203,SELL,2458.17582359,0.0000528847
0x501ef174b66883ba40f92e6fb24bfb49331d4d4c,50906219,BUY,2460.63603420,0.0049958790
0x1b3ea0f368b7375881b03c88eb542ec8da3d3a22,50906221,SELL,2458.16262502,0.1219800000
0x12a47eb458134042805600f303c3f124937e8f92,50906223,BUY,2460.60939338,0.0048228788
0x54e2acab04c89a3fe02852bf8dd69ee8f526bc75,50906223,BUY,2460.61140280,0.0000081179
0x433702873e33d4846d399a75aaf96eacf181d0b2,50906224,SELL,2458.14912399,0.0051724624
0x1278c1e48e3c9548a5d9f2b16dc27ed311b0697c,50906305,SELL,2458.12918504,0.0000854308
0x1278c1e48e3c9548a5d9f2b16dc27ed311b0697c,50906322,SELL,2458.12916147,0.0001220440
0x69ce5161813ffb7724abb14fba59d2e0a6999f15,50906341,SELL,2458.12643570,0.0238725243
0x501ef174b66883ba40f92e6fb24bfb49331d4d4c,50906345,BUY,2460.58378982,0.0006128489
0x54e2acab04c89a3fe02852bf8dd69ee8f526bc75,50906356,SELL,2458.12385571,0.0000650903
0x1278c1e48e3c9548a5d9f2b16dc27ed311b0697c,50906357,BUY,2460.58618325,0.0205930755
0x0f014545de76a29892b9319e5a4123b28299f33b,50906368,SELL,2458.12800774,0.0004883912
0x9e4aba80ac4f93ae545e8081b2092b01cfc89dc6,50906387,SELL,2458.12750000,0.0004000000
0x048ef1062cbb39b338ac2685da72adf104b4cef5,50906400,SELL,2458.12832060,0.0000610220
0xe5695a90719bb83a37c91088559fe4cc30aa6853,50906412,SELL,2458.12606061,0.0198000000
0x1528af0c7c76dd1285b781f0ad3e21eda1a8ef7b,50906433,BUY,2460.58746342,0.0002423125
0x501ef174b66883ba40f92e6fb24bfb49331d4d4c,50906445,BUY,2460.58685170,0.0000689210
0x26670175f8746a017fb23a8adb4f02f92e7afbc2,50906463,BUY,2460.58487476,0.0089669738
0x28865081bc479bdeafd226d5eb99669005972d59,50906465,BUY,2460.58871528,0.0001662484
0x4c3f059296bed9e8b0a04bb1034023c41f0cf202,50906468,SELL,2458.12585333,0.0009563904
0x0a12e60c05c778941e108677231f872af5961eff,50906499,SELL,2458.12454545,0.0099000000
0x0a12e60c05c778941e108677231f872af5961eff,50906501,SELL,2458.12232323,0.0099000000
0x64c1b17c65d1d7ebe6edb7f1eee935ae478d014b,50906509,BUY,2460.58572907,0.0001635907
0x88776fbd991c76aae24e12da906e47fc8be7aab2,50906527,BUY,2460.58171985,0.0010043499
0x9972f4c1e53b5eeb9e2630a7dddb5d5bfbcac451,50906527,BUY,2460.58243992,0.0003346289
0x8cc1665ee965345e79b132adb124782bad8c78e0,50906528,SELL,2458.10761460,0.1229809261
0x22e0adc1b4e680bb4483ae32ba3f45d2f9bad67c,50906529,BUY,2460.56342456,0.0000169339
0x436d9faf39f8e7ef10b8adb540fd627f1383891f,50906545,BUY,2460.55406493,0.0022056045
0x54e2acab04c89a3fe02852bf8dd69ee8f526bc75,50906557,SELL,2458.09410592,0.0004068192
0x59bbcc7abcb76cc6a9f0f65ffb5f7408c00a306b,50906564,BUY,2460.55451574,0.0024916481
0x8d97497483204a504670cdc5e1b3ff8868888888,50906575,SELL,2458.09343434,0.0099000000
0xfbb81bca57f822f2c9c8dd97ba9ee3110d7de629,50906582,SELL,2458.08752643,0.0425700000
0x4402dc898a46cefdfceecd245347c5b31c72bfbf,50906582,BUY,2460.54391679,0.0004466082
0x45c86f9ab3a4c81ef75bc96f3fbdc75f6ff8e230,50906583,SELL,2458.08181818,0.0009900000
0x8d7b27994e58c1518c1abc77c66ba2e2bfb4237b,50906587,BUY,2460.54447541,0.0004439261
0x45c86f9ab3a4c81ef75bc96f3fbdc75f6ff8e230,50906589,SELL,2458.08232323,0.0019800000
0x0a12e60c05c778941e108677231f872af5961eff,50906597,SELL,2458.07885522,0.0297000000
0x2e7b6a702c62d513a0d7857b552c17323049972a,50906602,BUY,2460.53644111,0.0080104528
0x3cf5b06d8c33884f82ff3153718ba86c4563613f,50906603,BUY,2460.54075335,0.0001102302
0xf99fd62b06a800afd0241b89f46c7313e5b208f6,50906614,BUY,2460.53783308,0.0040596990
0x40e7f2450ed9cab6512f364c8624c5be2012f2ee,50906620,SELL,2458.07777778,0.0009900000
0x64c1b17c65d1d7ebe6edb7f1eee935ae478d014b,50906627,BUY,2460.54448609,0.0001075364
0xcba1fe9c40b3972e4618aa189138e7e088f8df79,50906628,SELL,2457.85276963,1.9833815000
0xe5695a90719bb83a37c91088559fe4cc30aa6853,50906630,SELL,2457.62636364,0.0099000000
0x2891d2f99bc447a591f06d896f5f72647aa1bc4c,50906634,SELL,2457.56524040,0.0000111680
0xc8bbbb8771a2ed46d8703dc659d20e8645509a8b,50906667,BUY,2460.08529565,0.0034888193
0x6f00ca3af87bd880b9f12328554a5145c5c61791,50906680,BUY,2460.09224808,0.0001261363
0xe1f683fec3aced3e55dbb4d3a6f22c25c9e57bd5,50906685,BUY,2460.08674571,0.0002371644
0x7239fcfa8cffa5f990acfa6afd5a7c5de692831d,50906685,BUY,2460.08619601,0.0026870811
0x048ef1062cbb39b338ac2685da72adf104b4cef5,50906692,BUY,2460.08630572,0.0008129796
0x55555cfddd37d8d82e06e0de90da9366ca3e31e8,50906697,SELL,2457.62319593,0.0001829304
0x55555cfddd37d8d82e06e0de90da9366ca3e31e8,50906697,SELL,2457.62292267,0.0002496628
0x55555cfddd37d8d82e06e0de90da9366ca3e31e8,50906697,SELL,2457.62584377,0.0003963256
0x55555cfddd37d8d82e06e0de90da9366ca3e31e8,50906698,SELL,2457.62522611,0.0001642130
0x55555cfddd37d8d82e06e0de90da9366ca3e31e8,50906698,SELL,2457.62480266,0.0002941718
0x55555cfddd37d8d82e06e0de90da9366ca3e31e8,50906699,SELL,2457.59078533,0.0000229949
0x55555cfddd37d8d82e06e0de90da9366ca3e31e8,50906699,SELL,2457.62607930,0.0001816818
0x55555cfddd37d8d82e06e0de90da9366ca3e31e8,50906699,SELL,2457.62375931,0.0001123663
0x55555cfddd37d8d82e06e0de90da9366ca3e31e8,50906699,BUY,2460.69370048,0.0000005442
0x55555cfddd37d8d82e06e0de90da9366ca3e31e8,50906701,SELL,2457.61932714,0.0001344325
0x55555cfddd37d8d82e06e0de90da9366ca3e31e8,50906701,SELL,2457.62593877,0.0005714092
0x55555cfddd37d8d82e06e0de90da9366ca3e31e8,50906702,SELL,2457.62483524,0.0002976427
0x55555cfddd37d8d82e06e0de90da9366ca3e31e8,50906702,SELL,2457.62217542,0.0000432125
0x55555cfddd37d8d82e06e0de90da9366ca3e31e8,50906702,BUY,2460.08734596,0.0002833802
0x55555cfddd37d8d82e06e0de90da9366ca3e31e8,50906702,SELL,2457.62563275,0.0001252754
0x55555cfddd37d8d82e06e0de90da9366ca3e31e8,50906704,SELL,2457.62559004,0.0004895717
0x55555cfddd37d8d82e06e0de90da9366ca3e31e8,50906704,SELL,2457.62137464,0.0001610399
0x55555cfddd37d8d82e06e0de90da9366ca3e31e8,50906705,SELL,2457.62539531,0.0004046577
0x55555cfddd37d8d82e06e0de90da9366ca3e31e8,50906705,SELL,2457.62354209,0.0001339298
0x55555cfddd37d8d82e06e0de90da9366ca3e31e8,50906705,BUY,2460.20728148,0.0000073978
0x55555cfddd37d8d82e06e0de90da9366ca3e31e8,50906706,SELL,2457.62040831,0.0000653555
0x55555cfddd37d8d82e06e0de90da9366ca3e31e8,50906706,SELL,2457.61930715,0.0000651183
0x55555cfddd37d8d82e06e0de90da9366ca3e31e8,50906706,SELL,2457.62522268,0.0002125056
0x55555cfddd37d8d82e06e0de90da9366ca3e31e8,50906708,SELL,2457.59024587,0.0000230376
0x55555cfddd37d8d82e06e0de90da9366ca3e31e8,50906708,BUY,2460.09828970,0.0000201150
0x55555cfddd37d8d82e06e0de90da9366ca3e31e8,50906708,SELL,2457.57564457,0.0000190765
0x54e2acab04c89a3fe02852bf8dd69ee8f526bc75,50906708,BUY,2460.08652295,0.0008700336
0x55555cfddd37d8d82e06e0de90da9366ca3e31e8,50906709,SELL,2457.62295600,0.0001656707
0x55555cfddd37d8d82e06e0de90da9366ca3e31e8,50906709,SELL,2457.62356940,0.0001538348
0x55555cfddd37d8d82e06e0de90da9366ca3e31e8,50906709,BUY,2460.08575302,0.0005544140
0x55555cfddd37d8d82e06e0de90da9366ca3e31e8,50906710,BUY,2460.11012584,0.0000302925
0x55555cfddd37d8d82e06e0de90da9366ca3e31e8,50906710,SELL,2457.60333205,0.0000321455
0x55555cfddd37d8d82e06e0de90da9366ca3e31e8,50906710,SELL,2457.61992564,0.0000643232
0x55555cfddd37d8d82e06e0de90da9366ca3e31e8,50906710,BUY,2460.09020236,0.0002122308
0x55555cfddd37d8d82e06e0de90da9366ca3e31e8,50906711,SELL,2457.61719838,0.0000846621
0x55555cfddd37d8d82e06e0de90da9366ca3e31e8,50906711,SELL,2457.62376235,0.0003455415
0x55555cfddd37d8d82e06e0de90da9366ca3e31e8,50906711,BUY,2460.08833469,0.0003415345
0x55555cfddd37d8d82e06e0de90da9366ca3e31e8,50906713,SELL,2457.62599316,0.0001711180
0x55555cfddd37d8d82e06e0de90da9366ca3e31e8,50906713,SELL,2457.62270863,0.0001331474
0x55555cfddd37d8d82e06e0de90da9366ca3e31e8,50906713,SELL,2457.62550947,0.0001127865
0x55555cfddd37d8d82e06e0de90da9366ca3e31e8,50906714,BUY,2460.08858661,0.0002846837
0x55555cfddd37d8d82e06e0de90da9366ca3e31e8,50906714,SELL,2457.62536053,0.0001259472
0x55555cfddd37d8d82e06e0de90da9366ca3e31e8,50906714,SELL,2457.62521297,0.0011295026
0x55555cfddd37d8d82e06e0de90da9366ca3e31e8,50906714,SELL,2457.62015229,0.0000436422
0x55555cfddd37d8d82e06e0de90da9366ca3e31e8,50906715,BUY,2460.08697683,0.0001680766
0x55555cfddd37d8d82e06e0de90da9366ca3e31e8,50906715,SELL,2457.62422355,0.0001538201
0x55555cfddd37d8d82e06e0de90da9366ca3e31e8,50906716,SELL,2457.62529037,0.0029444004
0x55555cfddd37d8d82e06e0de90da9366ca3e31e8,50906716,SELL,2457.62517933,0.0004552798
0x55555cfddd37d8d82e06e0de90da9366ca3e31e8,50906716,SELL,2457.62269079,0.0002815807
0x55555cfddd37d8d82e06e0de90da9366ca3e31e8,50906716,BUY,2460.38558580,0.0000013063
0x55555cfddd37d8d82e06e0de90da9366ca3e31e8,50906716,SELL,2457.61943937,0.0001579378
0x55555cfddd37d8d82e06e0de90da9366ca3e31e8,50906716,BUY,2460.08782179,0.0002521719
0x55555cfddd37d8d82e06e0de90da9366ca3e31e8,50906718,SELL,2457.62425796,0.0001278804
0x55555cfddd37d8d82e06e0de90da9366ca3e31e8,50906718,SELL,2457.61423988,0.0000302061
0x55555cfddd37d8d82e06e0de90da9366ca3e31e8,50906718,SELL,2457.60656224,0.0000280403
0x55555cfddd37d8d82e06e0de90da9366ca3e31e8,50906719,BUY,2460.08479652,0.0006316034
0x55555cfddd37d8d82e06e0de90da9366ca3e31e8,50906719,SELL,2457.61776456,0.0001242960
0x55555cfddd37d8d82e06e0de90da9366ca3e31e8,50906720,SELL,2457.62057467,0.0001535160
0x55555cfddd37d8d82e06e0de90da9366ca3e31e8,50906720,BUY,2460.08548157,0.0013455476
0x55555cfddd37d8d82e06e0de90da9366ca3e31e8,50906720,SELL,2457.61551223,0.0000967316
0x55555cfddd37d8d82e06e0de90da9366ca3e31e8,50906721,SELL,2457.62432845,0.0009674900
0x55555cfddd37d8d82e06e0de90da9366ca3e31e8,50906721,SELL,2457.62454613,0.0003046393
0x55555cfddd37d8d82e06e0de90da9366ca3e31e8,50906721,BUY,2460.09868309,0.0000345637
0x55555cfddd37d8d82e06e0de90da9366ca3e31e8,50906721,SELL,2457.56547127,0.0000123724
0x55555cfddd37d8d82e06e0de90da9366ca3e31e8,50906722,BUY,2460.08657194,0.0004716232
0x9a7dcc1d6b7dc2c11d5e3d5a6c179f12afa82ce1,50906723,SELL,2457.62414141,0.0099000000
0x4a991fb2eb27aafb4c7f38b8ccf80ac1d51f57ed,50906728,SELL,2457.52764286,0.8400000000
0x2957a69c484d2aa619ff3cf56cbd1bb2203cbac3,50906735,BUY,2459.89303636,0.0001145005
0x0f014545de76a29892b9319e5a4123b28299f33b,50906736,SELL,2457.43048224,0.0004775232
0x0f014545de76a29892b9319e5a4123b28299f33b,50906736,SELL,2457.43168152,0.0004902191
0x824abda7e8bfcf47c543761c50bc7bf6756deda9,50906741,BUY,2459.89514379,0.0001410353
0xa7f9ee2ab0d8cdc8be1b6988617ee42d8b179b10,50906742,SELL,2457.43090909,0.0099000000
0xeee6f39fbff7990c72db0208eb7921368a3e0cf6,50906752,SELL,2457.42984555,0.0000122079
0x1b18cb97bba759fadcf1f9ab0a293650384e2a6b,50906761,BUY,2459.88924849,0.0003577137
0x346b2acacdb25490cd641becdc879be2b07b7c71,50906773,SELL,2457.41288667,0.1500000000
0x9a7dcc1d6b7dc2c11d5e3d5a6c179f12afa82ce1,50906774,SELL,2457.39464646,0.0099000000
0x54e2acab04c89a3fe02852bf8dd69ee8f526bc75,50906775,SELL,2457.38077222,0.0000406929
0xe83f75907fb4c575414fa6f5cfe8cef24dc5870c,50906805,SELL,2457.37231993,0.1874325560
0x048ef1062cbb39b338ac2685da72adf104b4cef5,50906815,SELL,2457.35101519,0.0002034711
0x88776fbd991c76aae24e12da906e47fc8be7aab2,50906827,BUY,2459.81037520,0.0010032692
0x0dfa768499c331acbd6df31887eca6f5860fbd6f,50906827,BUY,2459.81097904,0.0004730111
0x23dbcb310d132457c655f8443d3051860a3efc9f,50906848,BUY,2459.81381685,0.0289126175
0xe17229a3c3210d3708007d80abc92025d4e2ffea,50906891,BUY,2459.81902368,0.0165746624
0x941ffda81c2e850119324ce6d02fcd80eef876bf,50906892,SELL,2457.35881352,0.0250089041
0x03d9964f4d93a24b58c0fc3a8df3474b59ba8557,50906906,BUY,2459.81672731,0.0005335430
0xd53a366be6f832c0c80a5839c5a4d8d3158fc763,50906908,BUY,2459.81593600,0.0049789709
0x78e062cd97b4e30e0d68d8c1c1e3beeb6359ddc9,50906927,SELL,2457.35627744,0.0084385053
0x88a82e8494285bd26111f0c463187110c5de7c9f,50906935,SELL,2457.35446113,0.0075578311
0x0f1496e7bd698dcf5104b7c737a3e1e486a9edcb,50906944,BUY,2459.82824826,0.0000489823
0x39a78508f7904733ad92dad58415a8ee1885b617,50906950,SELL,2457.35078788,0.0247500000
0x83113a0febb6cf0627e2730fd96a5a0ebc361d30,50906961,SELL,2457.34530281,0.0234362700
0x0bc3a5bbaae80d5ca6d208ddd94889527d4aad26,50906961,SELL,2457.33772297,0.0434744130
0xcea68f2bff7ea4092232a2ffde464c93da91a996,50906996,SELL,2457.33215270,0.0056912237
0xa43444e671b5b24af53d28850642ee82dcb0a5b7,50907006,SELL,2457.32868687,0.0247500000
0x16dfcc3edc2da85312250b776941876eb27a22f6,50907007,SELL,2457.32521803,0.0058835700
0x83113a0febb6cf0627e2730fd96a5a0ebc361d30,50907021,SELL,2457.32139250,0.0277200000
0x845b247ead57cf07f823c94fd3ac3a5361d81755,50907033,BUY,2459.80170898,0.0000167440
0xb4e030a75e0d0c15b420f1472b7b22939a81083b,50907039,BUY,2459.78312333,0.0001286849
0x4a991fb2eb27aafb4c7f38b8ccf80ac1d51f57ed,50907040,SELL,2457.22745625,0.8000000000
0xc15449fe5829c96133a8b0bac70060e11c25cc13,50907043,SELL,2457.13567512,0.0084045371
0xa9071aa0965ec14a0d1c42ae0c7871e0ba20ea53,50907043,SELL,2457.13453160,0.0016678285
0x0153d9ffaf9c1460519fc9614b44e66eaa55cdf1,50907050,SELL,2456.96683911,1.4755000980
0xb72eede4e9e81d866189671be69dc4e845546046,50907062,SELL,2456.79841939,0.0078629711
0x4a991fb2eb27aafb4c7f38b8ccf80ac1d51f57ed,50907071,SELL,2456.75823377,0.3465000000
0xb72eede4e9e81d866189671be69dc4e845546046,50907092,BUY,2459.17802793,0.0040709562
0xd34276d339ed5489a05841ea538cffcb7ca87c56,50907103,SELL,2456.71515890,0.0410163468
0xa80ed7d085936cb849cc791215ed6c67623b61f0,50907122,SELL,2456.70276923,0.0682500000
0x88776fbd991c76aae24e12da906e47fc8be7aab2,50907127,BUY,2459.15446478,0.0010021432
0x9972f4c1e53b5eeb9e2630a7dddb5d5bfbcac451,50907127,BUY,2459.15518635,0.0003338931
0x1d68dd52a68da9b37199253454679f773537649a,50907138,BUY,2459.15754594,0.0321045677
0xd14602c85a25a4e520441c47a97a2c9da63ae1be,50907138,SELL,2456.68252266,0.1770703125
0xf04a2505afb967a1b4f43304e17994e94bdc13a1,50907144,SELL,2456.63021239,0.2838281250
0xc6b62a026240ad384fba914ca25169009a5cf65d,50907144,BUY,2459.05907606,0.0231795977
0xf04a2505afb967a1b4f43304e17994e94bdc13a1,50907145,SELL,2456.52328936,0.7050000000
0x667c61dad45a63fc98da717cf1a5c5d9c2e593d3,50907145,BUY,2458.90702440,0.0471958451
0x501ef174b66883ba40f92e6fb24bfb49331d4d4c,50907146,SELL,2456.45306755,0.0000405520
0xced1b5dfdba484fd46dbf347ad0b2f9416bb3223,50907146,SELL,2456.45230356,0.0005774934
0xd14602c85a25a4e520441c47a97a2c9da63ae1be,50907158,SELL,2456.42624082,0.2442187500
0xc933333c5efb91aa4453e2dcf9e6f55307656dfd,50907160,SELL,2456.31947957,0.6976368767
0x5a3d6148a2afe9bc09a9c3dffec5c8563ba960fa,50907161,SELL,2456.23974958,0.0020785736
0xf04a2505afb967a1b4f43304e17994e94bdc13a1,50907161,SELL,2456.20465542,0.3112500000
0xb0f45319366572fb8a191b8cd388450c030a35e5,50907164,SELL,2456.07856787,0.8012626342
0xce07c04fa7ab005dcbe67ad3107adca2932d3c28,50907167,SELL,2455.95994184,0.2454737350
0x64610bf0b0b431321f9a37d62f8bf0c2e01c97d5,50907167,SELL,2455.92298231,0.0806038200
0xf04a2505afb967a1b4f43304e17994e94bdc13a1,50907167,SELL,2455.89090864,0.2025000000
0xf04a2505afb967a1b4f43304e17994e94bdc13a1,50907167,SELL,2455.81681025,0.4514062500
0xd14602c85a25a4e520441c47a97a2c9da63ae1be,50907167,SELL,2455.74685650,0.1659375000
0xa971283289448b30188cec3f0e60ad92322e4970,50907167,SELL,2455.70139283,0.2353125000
0xbba18e6129cbb7eac32279d658e4390914de39d3,50907167,SELL,2455.55652226,1.0433252571
0x6a973f24469c69f2b53d1a8d7e1e6ebfd42d88ba,50907169,SELL,2455.42160680,0.1475242512
0x6ee62fb521531b587e79262d759dec8ce4fef341,50907179,BUY,2457.86260505,0.0040685757
0xe226c3d455be157c544ad62fda8d0728f12c3a5d,50907183,BUY,2457.86369252,0.0050220185
0x1278c1e48e3c9548a5d9f2b16dc27ed311b0697c,50907189,BUY,2457.86888706,0.0001045719
0xe226c3d455be157c544ad62fda8d0728f12c3a5d,50907195,BUY,2457.86486756,0.0050040591
0xdb5e4a7a5e6947ee249110ccf40d3a3055a4845b,50907200,SELL,2455.40729331,0.0071053467
0x1d68dd52a68da9b37199253454679f773537649a,50907235,BUY,2457.86471301,0.0074887612
0x4e48561aed9c1d44c98edd9591450d2bd9d826f2,50907244,SELL,2455.40707071,0.0099000000
0xee929e8b489a1a2890a9e4390c935cc27db1d675,50907306,SELL,2455.40454545,0.0118800000
0xc244cfa9b8de25ffdc690426bd630d587101bb3b,50907335,SELL,2455.35805000,0.4000000000
0x150d9d334dc34ff6ee8fc25300d790a54c37bd1d,50907335,BUY,2457.77127643,0.0107864020
0xc244cfa9b8de25ffdc690426bd630d587101bb3b,50907339,SELL,2455.20222500,1.0000000000
0x70e1c1377c5f75a7215d527d7aa0295d24524240,50907339,BUY,2457.54709534,0.0082958166
0xa28669d95a6339da0b0216ae1683ef6f9edc2720,50907346,SELL,2455.08922920,0.0162167739
0x50e6bcb3bc969f2229a0aabfdd15e7fde58ef599,50907346,BUY,2457.54505712,0.0015813566
0x694834fea7b9cf607b9a9b9b609fa82e0497cf99,50907349,BUY,2457.60116496,0.4989028922
0xc244cfa9b8de25ffdc690426bd630d587101bb3b,50907352,SELL,2455.17799000,0.2000000000
0xd14602c85a25a4e520441c47a97a2c9da63ae1be,50907354,SELL,2455.13584524,0.1728515625
0x18e3533fe402569b877650f753e877474c171c9d,50907355,SELL,2455.10511111,0.0990000000
0xa34e9e4d76d0451062884d6719ee2e74091b7eed,50907362,SELL,2455.09333191,0.0052533009
0xeeba8c7a6ce78e11f4b0630d1364ca545333b8cf,50907364,SELL,2455.02975710,0.5571965301
0xc244cfa9b8de25ffdc690426bd630d587101bb3b,50907369,SELL,2454.92156750,0.4000000000
0x167ef540a2ae840da0824ec684eba2caa19ecc1b,50907373,BUY,2457.34475166,0.1030519404
0xa28669d95a6339da0b0216ae1683ef6f9edc2720,50907373,SELL,2454.89043785,0.0816418553
0x04fed5e4696b5a615eb049d4c5705fcb61dd63ca,50907385,SELL,2454.87355313,0.0677023979
0x694834fea7b9cf607b9a9b9b609fa82e0497cf99,50907396,BUY,2457.32370803,0.0006749738
0xc244cfa9b8de25ffdc690426bd630d587101bb3b,50907398,SELL,2454.82085250,0.4000000000
0xf0523316cf23ef167d874fa030b2214280e38ee6,50907398,BUY,2457.24821788,0.1409372043
0x694834fea7b9cf607b9a9b9b609fa82e0497cf99,50907402,BUY,2457.55536060,0.0000006580
0xc244cfa9b8de25ffdc690426bd630d587101bb3b,50907406,SELL,2454.76231250,0.4000000000
0x88776fbd991c76aae24e12da906e47fc8be7aab2,50907427,BUY,2457.17428058,0.0010015578
0x0dfa768499c331acbd6df31887eca6f5860fbd6f,50907427,BUY,2457.17445827,0.0004735187
0xf1a42507d9fcb632047531ceac69a4e934af50e2,50907427,SELL,2454.69402979,0.2071584457
0xc27a2b4bd5b374c3cb3c711e17901628824f8258,50907427,BUY,2457.13360914,0.0000712533
0x4c5e529d3bea56b9fb85213b41aa832c903faadd,50907444,SELL,2454.65675428,0.1228181083
0xe93685f3bba03016f02bd1828badd6195988d950,50907464,BUY,2457.10115125,0.0003015521
0x1278c1e48e3c9548a5d9f2b16dc27ed311b0697c,50907467,SELL,2454.64000000,0.0003000000
0x233d7ae915dd92082b22fd03b1b9ac0248235900,50907473,BUY,2457.10067488,0.0113000315
0xe27ff138f30e9584e10895b153dd848b208f7ba7,50907474,SELL,2454.64490076,0.0047344151
0xce6925dcbe054faee616682112d48b9392d26ba2,50907475,SELL,2454.64371826,0.0057298605
0xce6925dcbe054faee616682112d48b9392d26ba2,50907475,SELL,2454.64268811,0.0033862570
0x366fec5ae6343fb18707f4fe01ba496d889cf4f5,50907483,BUY,2457.10112870,0.0004354754
0x9b126f195d0aad7474fe475a496c8aedee4bee75,50907496,BUY,2457.09917410,0.0025233007
0x0f014545de76a29892b9319e5a4123b28299f33b,50907511,SELL,2454.64245458,0.0028572361
0x21d97d42ecd139e944e74116f7a5105e8123e6ef,50907515,SELL,2454.64005051,0.0198000000
0xbce58cc4a21bba0d080414e6c310d1ff3b9b693c,50907533,BUY,2457.11402587,0.1739934840
0xa28669d95a6339da0b0216ae1683ef6f9edc2720,50907542,BUY,2457.14945124,0.1389565192
0x91cba162758b7ea8f71ca1bb24c84d830dc0e731,50907542,BUY,2457.16665722,0.0127923769
0x0338e5b40a23f49e2660eb57e46da8f4bed8cfbe,50907552,BUY,2457.17152054,0.0305228998
0x6664f97aef17ede00128abe55cf54da77d855154,50907558,BUY,2457.17572792,0.0061588241
0x78f239859bb33586a3bc5c6eb04dc2638b798a54,50907563,SELL,2454.71881313,0.0079200000
0x0df1ce68a2737b9ab356bcbe7092f876d6c17032,50907570,BUY,2457.19566839,0.1863506459
0x0338e5b40a23f49e2660eb57e46da8f4bed8cfbe,50907592,BUY,2457.22021422,0.0305222949
0x0af2baef51d2427e63b481fcd999c313ec86825a,50907595,SELL,2454.76063313,0.0001002261
0x73521a5bbfe586866295345b99962781fbc1345f,50907595,SELL,2454.76680699,0.0020332498
0x0338e5b40a23f49e2660eb57e46da8f4bed8cfbe,50907598,BUY,2457.22341639,0.0020348170
0xf9e83b90701a01786222fc12d75bcdb9f1506b76,50907599,SELL,2454.64390949,1.0895633989
0xf04a2505afb967a1b4f43304e17994e94bdc13a1,50907599,SELL,2454.50179898,0.1680468750
0x501ef174b66883ba40f92e6fb24bfb49331d4d4c,50907600,SELL,2454.48256723,0.0020368533
0xbe221165fef28b2bb91afb2c4264c0eca32f0e93,50907600,SELL,2454.46281980,0.1728165188
0x8380c8817a65e93b3025efdd8bf41d11f2c6009e,50907600,SELL,2454.40804700,0.3119691100
0xd515f81b40c0e63d99d50099d9b4610a3606a818,50907604,SELL,2454.36698039,0.0515101067
0x772d74fbc6d9f33ab6ae0931ac7dfe177862d68a,50907607,SELL,2454.35538907,0.0509722376
0xea7efba65d22efad6ba68ae42edcdbad533f08d2,50907610,SELL,2454.34777552,0.0164712493
0x3a592626b1452ebb032b1ec9af07cd87590ecfb4,50907613,SELL,2454.34359286,0.0202278907
0x3a592626b1452ebb032b1ec9af07cd87590ecfb4,50907613,BUY,2456.81056858,0.0000451093
0x0338e5b40a23f49e2660eb57e46da8f4bed8cfbe,50907630,BUY,2456.79786564,0.0028492373
0xf99fd62b06a800afd0241b89f46c7313e5b208f6,50907675,BUY,2456.79876587,0.0040658776
0x472b183c7ff518c6cc46da5c31be9ff411188de9,50907684,SELL,2454.34213564,0.0069300000
0x0338e5b40a23f49e2660eb57e46da8f4bed8cfbe,50907684,SELL,2454.34072311,0.0049183966
0x0338e5b40a23f49e2660eb57e46da8f4bed8cfbe,50907694,SELL,2454.33962137,0.0038055748
0xa697de0065e5e7511945ab2058e34caffdf9c9ea,50907697,SELL,2454.33377778,0.0495000000
0xdf424c4cc80fd56205a7a802df075b751dbb0d7a,50907714,SELL,2454.29006519,0.3375000000
0x03c5f9f3a58c657c31d37cdbcff047b2fa99100e,50907720,SELL,2454.20674250,0.4000000000
0x9528b71ba154bd831c23fe5f00e46a5915b264f5,50907726,SELL,2454.15929293,0.0198000000
0x9528b71ba154bd831c23fe5f00e46a5915b264f5,50907726,SELL,2454.15479798,0.0198000000
0x9528b71ba154bd831c23fe5f00e46a5915b264f5,50907726,SELL,2454.15141414,0.0099000000
0x88776fbd991c76aae24e12da906e47fc8be7aab2,50907727,BUY,2456.60668064,0.0010003978
0x9972f4c1e53b5eeb9e2630a7dddb5d5bfbcac451,50907727,BUY,2456.60840503,0.0003333103
0x1e3b4f99c749d49ca78849058b00ea71c9729ebc,50907731,BUY,2456.60738058,0.0044256425
0x9b126f195d0aad7474fe475a496c8aedee4bee75,50907758,SELL,2454.15107814,0.0025182692
0xc4664d40644e1fe45c16ab74711775d97502315e,50907759,BUY,2456.60848598,0.0116030471
0x2d93c2f74b2c4697f9ea85d0450148aa45d4d5a2,50907760,SELL,2454.15235204,0.0119345158
0xe27ff138f30e9584e10895b153dd848b208f7ba7,50907762,SELL,2454.15066353,0.0032138267
0x93ff4110d04f55d6cce4accdaea8dbde8c65786b,50907770,SELL,2454.14700829,0.0291405583
0xd50ea49ba6f59496aa8eb00262ad945b0715d454,50907785,BUY,2456.60032102,0.0005484771
0x501ef174b66883ba40f92e6fb24bfb49331d4d4c,50907789,BUY,2456.61138119,0.0000798486
0x9051d65375fb977dcc88dfff9c79f384ef810c5b,50907793,SELL,2454.13567974,0.0723763627
0xd83e60d273fd0cb3b05c2611db940fecb7b6ca64,50907823,BUY,2456.58404134,0.0029889602
0x346b2acacdb25490cd641becdc879be2b07b7c71,50907831,SELL,2454.12252000,0.0500000000
0x5b899f430aa577cbf45f16813e4510641eb658b9,50907858,BUY,2456.57351902,0.0043289431
0xbf8c8bbfedd0b0639f6d785affe0a350bb56fc63,50907880,SELL,2454.11745133,0.0027004323
0xfd18944c855a0fe1bcda8cb095a77abcb34d1a61,50907881,BUY,2456.59301714,0.1750000000
0x8889f434f6c7f0c54283bff6036828e586ea4543,50907885,SELL,2454.15616162,0.0049500000
0x0f014545de76a29892b9319e5a4123b28299f33b,50907902,SELL,2454.15533383,0.0028401540
0x127f196c91097d2aa90b579d278d9574726934a4,50907906,BUY,2456.61143970,0.0023908722
0x99791716753db8721acb8979751898701deba33f,50907910,BUY,2456.61223105,0.0053641665
0xa169d00eef096e6bb97738db48bfc7d0f8a4c946,50907911,BUY,2456.61502214,0.0195031450
0xf6e6d1f9c2964187ba1244b870318720e0bb576a,50907917,SELL,2454.16090909,0.0011000000
0x8abe48c2cef0ff3be269a97eee891f69c09d39f9,50907918,SELL,2454.16000000,0.0011000000
0x1e2118ba833686f43b0160821b977b068e85bdaa,50907918,SELL,2454.16000000,0.0011000000
0xc4b3c121880b3c570a32f567edfaa74c770611ec,50907918,SELL,2454.16000000,0.0011000000
0xd46bb6886f991ee131769e575112322132b737a9,50907919,SELL,2454.16000000,0.0011000000
0xf61c25b204172b669d2b550b1e049f4c2efd0c66,50907919,SELL,2454.15909091,0.0011000000
0xf665bb53ea83e7d4c02c13960ff3c0cfcdaf8d82,50907919,SELL,2454.15909091,0.0011000000
0x0c00d38b5f7e0251c6d28c106a2d285ec4aef918,50907919,SELL,2454.15909091,0.0011000000
0xe90df2554988d3ce2541795ed5b07b8f16ab4de3,50907920,SELL,2454.15909091,0.0011000000
0x92f31f0d75aaa21275d4842775f8265e070ab0a7,50907920,SELL,2454.15818182,0.0011000000
0xdcda0169544341b9ac1a7a9eabd054601710c1d0,50907921,SELL,2454.15818182,0.0011000000
0x341a566bf0d0410a91951ed0e688a873c212ffa4,50907991,SELL,2454.15727273,0.0099000000
0x341a566bf0d0410a91951ed0e688a873c212ffa4,50907994,SELL,2454.15505051,0.0099000000
0x864e77f5b2f7f064d7193fffb7da44f6b5bf095e,50907997,BUY,2456.61086401,0.0066875244
0xc6b62a026240ad384fba914ca25169009a5cf65d,50907998,BUY,2456.61387336,0.0206778202
0x3203732069469d91d394e3baf11488f649f3faa3,50908006,BUY,2456.61729779,0.0094746137
0x88776fbd991c76aae24e12da906e47fc8be7aab2,50908027,BUY,2456.61937297,0.0009990029
0x501ef174b66883ba40f92e6fb24bfb49331d4d4c,50908027,SELL,2454.16210915,0.0020373552
0x0dfa768499c331acbd6df31887eca6f5860fbd6f,50908027,BUY,2456.61867147,0.0004736258
0x3482d9a357ba687c57237ec1587e9f7484856f0e,50908033,BUY,2456.61911651,0.0012171785
0x3482d9a357ba687c57237ec1587e9f7484856f0e,50908033,BUY,2456.63644708,0.0000040120
0x0f1cd0abd5ec700ef06ff86ca0675b027895a60c,50908042,SELL,2454.16108442,0.0124221072
0x53eda859d867a1a4c6ea60336a23933a8513eab9,50908043,SELL,2454.15805505,0.0143886906
0x4d321029ccd28c0808f8b2f7eac02d39aa610814,50908047,BUY,2456.61473071,0.0203532118
0x34f0df219cee3ea62aebe813e54ea8f96b4bda96,50908061,SELL,2454.15878788,0.0198000000
0xe197bf4b4fa41b38a6617c62cb02481cffa9268c,50908063,BUY,2456.61847688,0.0520988766
0x34f0df219cee3ea62aebe813e54ea8f96b4bda96,50908063,SELL,2454.16606061,0.0198000000
0x34f0df219cee3ea62aebe813e54ea8f96b4bda96,50908064,SELL,2454.16161616,0.0198000000
0x34f0df219cee3ea62aebe813e54ea8f96b4bda96,50908066,SELL,2454.15712121,0.0198000000
0x34f0df219cee3ea62aebe813e54ea8f96b4bda96,50908068,SELL,2454.15262626,0.0198000000
0x34f0df219cee3ea62aebe813e54ea8f96b4bda96,50908069,SELL,2454.14818182,0.0198000000
0x34f0df219cee3ea62aebe813e54ea8f96b4bda96,50908071,SELL,2454.14368687,0.0198000000
0x34f0df219cee3ea62aebe813e54ea8f96b4bda96,50908073,SELL,2454.13924242,0.0198000000
0x30eb4bcfcbfa26f703a876df63e9d52d9f0aa8d1,50908074,SELL,2453.97908786,1.4000000000
0x34f0df219cee3ea62aebe813e54ea8f96b4bda96,50908080,SELL,2453.82010101,0.0099000000
0x048ef1062cbb39b338ac2685da72adf104b4cef5,50908087,SELL,2453.81888423,0.0012225841
0xa28669d95a6339da0b0216ae1683ef6f9edc2720,50908091,BUY,2456.27698058,0.0223955268
0x4e9ce290f499515465041c38cfb828f04c4a305d,50908123,SELL,2453.82262626,0.0099000000
0x69f057b72f52d6216d7206f5d9e6feb50f22327f,50908140,SELL,2453.81902157,0.0222159281
0x07558fb3fb73399f8df84fe2a33429e148703c0a,50908162,BUY,2456.27276487,0.0043266669
0xb04e00e3e0f31073464804fe4182844ac2f7d418,50908173,BUY,2456.27319712,0.0000407121
0x4e30b933c0cd88736aec5b32aaa054897c276061,50908183,BUY,2456.27379433,0.0037572086
0x0c046577bd25f7ef96955f60e71f7863c75046c5,50908190,BUY,2456.27901333,0.0000721762
0x1278c1e48e3c9548a5d9f2b16dc27ed311b0697c,50908194,BUY,2456.27593037,0.0004447330
0x048ef1062cbb39b338ac2685da72adf104b4cef5,50908200,SELL,2453.81836911,0.0003260225
0x21d97d42ecd139e944e74116f7a5105e8123e6ef,50908208,SELL,2453.81777778,0.0049500000
0xc27a2b4bd5b374c3cb3c711e17901628824f8258,50908224,BUY,2456.27350241,0.0025749523
0x0f014545de76a29892b9319e5a4123b28299f33b,50908262,SELL,2453.81729690,0.0022702257
0x05d8fa8346470be95c8fa94300ccb313c0775c6c,50908262,SELL,2453.75542364,0.5500000000
0x048ef1062cbb39b338ac2685da72adf104b4cef5,50908270,BUY,2456.15345792,0.0000795117
0x501ef174b66883ba40f92e6fb24bfb49331d4d4c,50908279,BUY,2456.14967395,0.0002140464
0x05d8fa8346470be95c8fa94300ccb313c0775c6c,50908280,SELL,2453.61242500,0.7200000000
0x1278c1e48e3c9548a5d9f2b16dc27ed311b0697c,50908303,BUY,2455.98702464,0.0020812850
0x8660406a6302ae7c726cb4f3c24442b8ba49748b,50908322,BUY,2456.00335613,0.1435193055
0xd127468833c2f90ab00404d062fa36e51b54af54,50908323,SELL,2453.52282754,0.3667500000
0x9972f4c1e53b5eeb9e2630a7dddb5d5bfbcac451,50908327,BUY,2455.93930228,0.0003324756
0x22e0adc1b4e680bb4483ae32ba3f45d2f9bad67c,50908329,BUY,2455.94696375,0.0000169658
0x501ef174b66883ba40f92e6fb24bfb49331d4d4c,50908347,SELL,2453.48125000,0.0020800000
0x7a9f3a0c7229f9eb5dcddc503e604ffc204f4350,50908353,BUY,2455.93691438,0.0020969594
0x7d97fc3830b1270fb230ce05af843cb7e195ec9f,50908357,BUY,2455.93773344,0.0005453852
0x54640ed756404c14c87c5e28c82d4a86d75e13ab,50908380,SELL,2453.47383333,0.0720000000
0x8660406a6302ae7c726cb4f3c24442b8ba49748b,50908414,BUY,2455.92813711,0.0629105179
0xf1a1c5c483f0fbafa4db60370b1ac2e028b5188e,50908488,BUY,2455.95518594,0.1768924785
0xc746bd035fce528333ba4409d8dad1dfc953b224,50908493,BUY,2455.98082480,0.0001013245
0xbb0e31d765ee8bd8982d3750e36aaf84d5ff0e9c,50908494,SELL,2453.51801389,0.0156038206
0x55555cfddd37d8d82e06e0de90da9366ca3e31e8,50908495,BUY,2455.97212215,0.0014157738
0x55555cfddd37d8d82e06e0de90da9366ca3e31e8,50908495,SELL,2453.51592778,0.0006922992
0x55555cfddd37d8d82e06e0de90da9366ca3e31e8,50908495,SELL,2453.51577128,0.0009222700
0x55555cfddd37d8d82e06e0de90da9366ca3e31e8,50908495,BUY,2455.99774164,0.0000071763
0x55555cfddd37d8d82e06e0de90da9366ca3e31e8,50908496,BUY,2455.97357546,0.0002178977
0x55555cfddd37d8d82e06e0de90da9366ca3e31e8,50908496,SELL,2453.51057574,0.0000958899
0x55555cfddd37d8d82e06e0de90da9366ca3e31e8,50908496,SELL,2453.51401288,0.0001188169
0x55555cfddd37d8d82e06e0de90da9366ca3e31e8,50908496,SELL,2453.51204621,0.0001567924
0x55555cfddd37d8d82e06e0de90da9366ca3e31e8,50908496,BUY,2456.06832163,0.0000007549
0xe53be01d66948a134934e70882c0099f23f42dea,50908497,BUY,2455.97660727,0.0445438514
0x55555cfddd37d8d82e06e0de90da9366ca3e31e8,50908498,BUY,2455.98329907,0.0147376519
0x55555cfddd37d8d82e06e0de90da9366ca3e31e8,50908498,SELL,2453.52894768,0.0019795825
0x55555cfddd37d8d82e06e0de90da9366ca3e31e8,50908498,SELL,2453.52834895,0.0065674114
0x55555cfddd37d8d82e06e0de90da9366ca3e31e8,50908498,SELL,2453.52658402,0.0086664425
0x55555cfddd37d8d82e06e0de90da9366ca3e31e8,50908498,BUY,2455.98293545,0.0002414952
0x002238ee12a1fec99ba93d941994728b1fc68b98,50908498,BUY,2455.98472129,0.0317193406
0x002238ee12a1fec99ba93d941994728b1fc68b98,50908498,BUY,2455.98882270,0.0029913495
0x55555cfddd37d8d82e06e0de90da9366ca3e31e8,50908499,SELL,2453.53167553,0.0001489376
0x000000c557fa9a96d66cd6371abde62d879d0e61,50908499,BUY,2456.00765131,0.1660895852
0xa8323ec48c3860faf8a29f38919ccc5ff70913bb,50908499,BUY,2456.02696729,0.0027746076
0x55555cfddd37d8d82e06e0de90da9366ca3e31e8,50908503,SELL,2453.56749436,0.0001780261
0x55555cfddd37d8d82e06e0de90da9366ca3e31e8,50908503,SELL,2453.57080557,0.0012938363
0x55555cfddd37d8d82e06e0de90da9366ca3e31e8,50908504,SELL,2453.56668397,0.0001174881
0x55555cfddd37d8d82e06e0de90da9366ca3e31e8,50908504,BUY,2456.02886808,0.0000951052
0x55555cfddd37d8d82e06e0de90da9366ca3e31e8,50908504,SELL,2453.56567240,0.0001116440
0x55555cfddd37d8d82e06e0de90da9366ca3e31e8,50908505,SELL,2453.56867182,0.0001836093
0x55555cfddd37d8d82e06e0de90da9366ca3e31e8,50908505,SELL,2453.57076538,0.0009389654
0x55555cfddd37d8d82e06e0de90da9366ca3e31e8,50908505,BUY,2456.04297780,0.0000385669
0x55555cfddd37d8d82e06e0de90da9366ca3e31e8,50908505,SELL,2453.55422411,0.0000319092
0x207b509bfde324e0a551ff75dc2525661d910aba,50908506,BUY,2456.03945111,0.1156959135
0xce979ccf16f0058f1ebfa4b1d72147f8e5c83606,50908506,BUY,2456.06543781,0.1146655043
0x55555cfddd37d8d82e06e0de90da9366ca3e31e8,50908508,BUY,2456.08478679,0.0001101831
0x55555cfddd37d8d82e06e0de90da9366ca3e31e8,50908508,SELL,2453.62135978,0.0001846675
0x55555cfddd37d8d82e06e0de90da9366ca3e31e8,50908508,SELL,2453.61750434,0.0000772146
0x55555cfddd37d8d82e06e0de90da9366ca3e31e8,50908508,SELL,2453.61707905,0.0001211705
0x55555cfddd37d8d82e06e0de90da9366ca3e31e8,50908508,SELL,2453.62111956,0.0003093754
0x55555cfddd37d8d82e06e0de90da9366ca3e31e8,50908509,SELL,2453.62097705,0.0003227939
0x55555cfddd37d8d82e06e0de90da9366ca3e31e8,50908509,BUY,2456.08155704,0.0002525853
0x55555cfddd37d8d82e06e0de90da9366ca3e31e8,50908510,SELL,2453.62242272,0.0004523459
0x55555cfddd37d8d82e06e0de90da9366ca3e31e8,50908510,SELL,2453.60183987,0.0000328325
0x55555cfddd37d8d82e06e0de90da9366ca3e31e8,50908510,SELL,2453.62020833,0.0000886217
0x55555cfddd37d8d82e06e0de90da9366ca3e31e8,50908511,BUY,2456.07904210,0.0013477644
0x55555cfddd37d8d82e06e0de90da9366ca3e31e8,50908511,BUY,2456.08301069,0.0002125771
0x55555cfddd37d8d82e06e0de90da9366ca3e31e8,50908511,SELL,2453.59358843,0.0000271019
0x55555cfddd37d8d82e06e0de90da9366ca3e31e8,50908513,BUY,2456.08011095,0.0002838450
0x55555cfddd37d8d82e06e0de90da9366ca3e31e8,50908513,SELL,2453.61874553,0.0001254800
0x55555cfddd37d8d82e06e0de90da9366ca3e31e8,50908513,SELL,2453.62243696,0.0002927900
0x55555cfddd37d8d82e06e0de90da9366ca3e31e8,50908513,SELL,2453.61994590,0.0002552131
0x55555cfddd37d8d82e06e0de90da9366ca3e31e8,50908514,SELL,2453.62000441,0.0001198869
0x55555cfddd37d8d82e06e0de90da9366ca3e31e8,50908514,SELL,2453.62294543,0.0001640252
0x55555cfddd37d8d82e06e0de90da9366ca3e31e8,50908514,BUY,2456.09309556,0.0000201173
0x55555cfddd37d8d82e06e0de90da9366ca3e31e8,50908514,SELL,2453.61680620,0.0000295474
0x55555cfddd37d8d82e06e0de90da9366ca3e31e8,50908514,BUY,2461.21009667,0.0000001572
0x55555cfddd37d8d82e06e0de90da9366ca3e31e8,50908515,SELL,2453.62081587,0.0000299627
0x55555cfddd37d8d82e06e0de90da9366ca3e31e8,50908515,SELL,2453.60077091,0.0000261640
0x55555cfddd37d8d82e06e0de90da9366ca3e31e8,50908517,BUY,2456.08133054,0.0002851502
0x55555cfddd37d8d82e06e0de90da9366ca3e31e8,50908517,SELL,2453.62109978,0.0001260940
0x55555cfddd37d8d82e06e0de90da9366ca3e31e8,50908517,SELL,2453.62174104,0.0003237105
0x55555cfddd37d8d82e06e0de90da9366ca3e31e8,50908518,SELL,2453.62004527,0.0002088274
0x55555cfddd37d8d82e06e0de90da9366ca3e31e8,50908518,BUY,2456.07986637,0.0001683524
0x55555cfddd37d8d82e06e0de90da9366ca3e31e8,50908518,SELL,2453.62197516,0.0001071934
0x55555cfddd37d8d82e06e0de90da9366ca3e31e8,50908519,BUY,2456.05305493,0.0006326451
0x55555cfddd37d8d82e06e0de90da9366ca3e31e8,50908519,SELL,2453.59689266,0.0010277116
0x55555cfddd37d8d82e06e0de90da9366ca3e31e8,50908519,SELL,2453.59059307,0.0001383059
0x55555cfddd37d8d82e06e0de90da9366ca3e31e8,50908520,SELL,2453.59614465,0.0006951058
0x55555cfddd37d8d82e06e0de90da9366ca3e31e8,50908520,SELL,2453.59691824,0.0001747557
0x55555cfddd37d8d82e06e0de90da9366ca3e31e8,50908520,SELL,2453.59341485,0.0000741932
0x55555cfddd37d8d82e06e0de90da9366ca3e31e8,50908520,BUY,2456.45126295,0.0000006147
0x55555cfddd37d8d82e06e0de90da9366ca3e31e8,50908520,SELL,2453.59682006,0.0004363272
0x55555cfddd37d8d82e06e0de90da9366ca3e31e8,50908522,SELL,2453.59661110,0.0012265097
0x55555cfddd37d8d82e06e0de90da9366ca3e31e8,50908522,SELL,2453.57203547,0.0000396561
0x55555cfddd37d8d82e06e0de90da9366ca3e31e8,50908522,SELL,2453.58028190,0.0000150079
0x55555cfddd37d8d82e06e0de90da9366ca3e31e8,50908522,BUY,2481.50695750,0.0000000375
0x55555cfddd37d8d82e06e0de90da9366ca3e31e8,50908522,SELL,2453.59628342,0.0017646330
0x55555cfddd37d8d82e06e0de90da9366ca3e31e8,50908523,SELL,2453.59509996,0.0007774274
0x55555cfddd37d8d82e06e0de90da9366ca3e31e8,50908523,SELL,2453.58298295,0.0000539562
0x55555cfddd37d8d82e06e0de90da9366ca3e31e8,50908523,SELL,2453.59022767,0.0000677509
0x55555cfddd37d8d82e06e0de90da9366ca3e31e8,50908523,BUY,2460.11405446,0.0000001890
0x55555cfddd37d8d82e06e0de90da9366ca3e31e8,50908523,SELL,2453.59222193,0.0000500136
0x55555cfddd37d8d82e06e0de90da9366ca3e31e8,50908525,SELL,2453.54762790,0.0000079285
0x55555cfddd37d8d82e06e0de90da9366ca3e31e8,50908525,BUY,2456.05415395,0.0003420979
0x55555cfddd37d8d82e06e0de90da9366ca3e31e8,50908525,SELL,2453.59526361,0.0013376257
0x8542ffd44821876327943a188730ac8d604c43bf,50908526,BUY,2456.05193295,0.0023982156
0x55555cfddd37d8d82e06e0de90da9366ca3e31e8,50908526,SELL,2453.59575582,0.0009217790
0x55555cfddd37d8d82e06e0de90da9366ca3e31e8,50908526,SELL,2453.59566651,0.0033278931
0x55555cfddd37d8d82e06e0de90da9366ca3e31e8,50908526,BUY,2456.05277145,0.0004724015
0x3675abef47fd08915031a1f924cb7f253df51278,50908527,SELL,2453.59247352,0.0268975597
0x55555cfddd37d8d82e06e0de90da9366ca3e31e8,50908528,SELL,2453.58683742,0.0002178362
0x55555cfddd37d8d82e06e0de90da9366ca3e31e8,50908528,BUY,2456.06159064,0.0000457920
0x55555cfddd37d8d82e06e0de90da9366ca3e31e8,50908528,SELL,2453.58796671,0.0002347142
0x55555cfddd37d8d82e06e0de90da9366ca3e31e8,50908528,SELL,2453.42489555,0.0000058869
0x55555cfddd37d8d82e06e0de90da9366ca3e31e8,50908528,SELL,2453.49179653,0.0000072431
0x55555cfddd37d8d82e06e0de90da9366ca3e31e8,50908528,BUY,2508.18236354,0.0000000187
0x55555cfddd37d8d82e06e0de90da9366ca3e31e8,50908528,SELL,2453.54358052,0.0000091329
0x55555cfddd37d8d82e06e0de90da9366ca3e31e8,50908528,SELL,2453.58869860,0.0000071687
0x55555cfddd37d8d82e06e0de90da9366ca3e31e8,50908528,BUY,2456.06570641,0.0000280241
0x55555cfddd37d8d82e06e0de90da9366ca3e31e8,50908528,SELL,2453.57135442,0.0000337895
0x55555cfddd37d8d82e06e0de90da9366ca3e31e8,50908529,SELL,2453.58908112,0.0000653475
0x55555cfddd37d8d82e06e0de90da9366ca3e31e8,50908529,SELL,2453.55217828,0.0000263316
0x3675abef47fd08915031a1f924cb7f253df51278,50908529,SELL,2453.58673824,0.0231176967
0x55555cfddd37d8d82e06e0de90da9366ca3e31e8,50908530,SELL,2453.57736362,0.0000713648
0x55555cfddd37d8d82e06e0de90da9366ca3e31e8,50908530,SELL,2453.58197894,0.0004668794
0x55555cfddd37d8d82e06e0de90da9366ca3e31e8,50908530,SELL,2453.56071766,0.0000125670
0x55555cfddd37d8d82e06e0de90da9366ca3e31e8,50908531,BUY,2456.04832842,0.0000501252
0x55555cfddd37d8d82e06e0de90da9366ca3e31e8,50908531,SELL,2453.40582526,0.0000044122
0x55555cfddd37d8d82e06e0de90da9366ca3e31e8,50908531,SELL,2453.57112441,0.0000499232
0x55555cfddd37d8d82e06e0de90da9366ca3e31e8,50908531,SELL,2453.55209851,0.0000172607
0xc4664d40644e1fe45c16ab74711775d97502315e,50908549,BUY,2456.04053796,0.0092863272
0xcba1fe9c40b3972e4618aa189138e7e088f8df79,50908552,SELL,2453.52418364,0.5500000000
0xe487cc453641b0bf3ab6d2850eb817d83f17128d,50908555,SELL,2453.46127124,0.0077250785
0x9b62f67d0e2677d40d93e59eaa0ec828c915dccf,50908563,BUY,2455.93879589,0.2038651740
0x54e2acab04c89a3fe02852bf8dd69ee8f526bc75,50908566,SELL,2453.50575798,0.0002649319
0xf99fd62b06a800afd0241b89f46c7313e5b208f6,50908582,BUY,2455.96230590,0.0040672623
0xcdb3120e67bbce2b217d0043c130cd66e6c63b2b,50908593,BUY,2455.97007013,0.0657496612
0xff6a283fbd14741b53de1cb75cc8c530e611b37d,50908605,SELL,2453.51450036,0.0674219745
0x1278c1e48e3c9548a5d9f2b16dc27ed311b0697c,50908613,SELL,2453.50689414,0.0001059708
0x3675abef47fd08915031a1f924cb7f253df51278,50908613,SELL,2453.50230962,0.0403769218
0x115eb5ec57dfeea405aad8fca80ac112c63d3153,50908620,SELL,2453.49732039,0.0040491000
0x346b2acacdb25490cd641becdc879be2b07b7c71,50908623,SELL,2453.49124000,0.0500000000
0x1278c1e48e3c9548a5d9f2b16dc27ed311b0697c,50908624,SELL,2453.47959984,0.0001100470
0x88776fbd991c76aae24e12da906e47fc8be7aab2,50908627,BUY,2455.94134730,0.0009965051
0x0dfa768499c331acbd6df31887eca6f5860fbd6f,50908627,BUY,2455.94169982,0.0004737564
0xddddd40c0fcdd0d670cbc8a0dfe79a03e19eaf24,50908628,BUY,2455.95704278,0.0000144722
0x574be013006558d0a5682a6b0508f02d147377bf,50908636,BUY,2455.94147723,0.0020358791
0xae6bbb0ce3329e7e50d028a4c14db645e666688e,50908638,BUY,2455.94305175,0.0122152670
0x666d2d59604495f64e16591a3108ed09e8a3846b,50908644,BUY,2455.95205991,0.0675725613
0x574be013006558d0a5682a6b0508f02d147377bf,50908645,BUY,2455.96266048,0.0264662004
0x501ef174b66883ba40f92e6fb24bfb49331d4d4c,50908654,SELL,2453.51028063,0.0001222738
0xae6bbb0ce3329e7e50d028a4c14db645e666688e,50908664,BUY,2455.96699644,0.0122151479
0x51c0e459dc5c074a870a7804d989267f2486dcfd,50908672,BUY,2455.96893279,0.0019327138
0xbb0e31d765ee8bd8982d3750e36aaf84d5ff0e9c,50908674,SELL,2453.50973263,0.0330325305
0xf5f3ef3787a1c068c8cafef35f07fa784977bea1,50908675,BUY,2455.97514112,0.1221510735
0x501ef174b66883ba40f92e6fb24bfb49331d4d4c,50908680,BUY,2455.98915960,0.0021172732
0x5c23aad5357473b394a7c472db2d6425d550c22a,50908692,BUY,2455.99093887,0.0125247750
0x3ddfdee6774fe6674d435826a4f9c75cf6513f0b,50908720,BUY,2455.99449434,0.0190792134
0xae6bbb0ce3329e7e50d028a4c14db645e666688e,50908721,BUY,2455.99798380,0.0122149937
0x385cabd7edc10b230d32699ae9fe2cb0b6d63369,50908721,BUY,2456.00836006,0.0797069575
0x919e15deb891d5c28f1d4c6a40f290d976396df6,50908726,SELL,2452.49226316,9.5000000000
0x83f3eb771147b5fe6a789ebd372e07ca3550a121,50908726,BUY,2454.84553508,8.5990221940
0x288cc27db11af18804b9853ba7b568553853a80a,50908726,BUY,2455.81556928,0.0023655184
0xf9e83b90701a01786222fc12d75bcdb9f1506b76,50908729,BUY,2455.83755109,0.1938537746
0xc0ffee29315bafc6117fe7887a0468bad71c8424,50908730,BUY,2455.93896760,0.0000061186
0x3675abef47fd08915031a1f924cb7f253df51278,50908731,SELL,2453.41749622,0.0949055586
0x75cdbe69f878c253d16a4ff4281751be24b09c38,50908740,BUY,2455.87916184,0.1516062524
0x1278c1e48e3c9548a5d9f2b16dc27ed311b0697c,50908744,BUY,2455.89711876,0.0007568835
0x2d59a36e8e4aebe3a1f6ae06efe8855cecfbe0ce,50908750,SELL,2453.42998990,0.0990000000
0x501ef174b66883ba40f92e6fb24bfb49331d4d4c,50908766,SELL,2453.41441441,0.0001110000
0x9e4aba80ac4f93ae545e8081b2092b01cfc89dc6,50908767,SELL,2453.41750000,0.0004000000
0xf3a5b9ab4004e1a59552623c99fde3b963ee6173,50908774,SELL,2453.41772056,0.0089837531
0x505ed3d7c6df7231d378e84628ecbb365f820cff,50908776,SELL,2453.41604714,0.0058737363
0x20af6113a5cdfe9080c9ccb01810049143154f28,50908778,SELL,2453.40577080,0.0853652378
0x46c4e459fdadfa3f5db2542743fbdbbcfc58050c,50908780,SELL,2453.38421030,0.1060623733
0x54e2acab04c89a3fe02852bf8dd69ee8f526bc75,50908796,BUY,2455.82829971,0.0003898457
0x501ef174b66883ba40f92e6fb24bfb49331d4d4c,50908805,SELL,2453.34973219,0.0000363939
0xf113770174205b006e1a04929ecccdd9c3221b61,50908829,SELL,2453.31603000,0.5000000000
0x4e30b933c0cd88736aec5b32aaa054897c276061,50908832,BUY,2455.71541303,0.0037580629
0xaf86093b060b7d464f58c915a5319a396e1d15fd,50908832,SELL,2453.15840963,0.7430730938
0xaf86093b060b7d464f58c915a5319a396e1d15fd,50908834,SELL,2453.05255644,0.1969179787
0xbce58cc4a21bba0d080414e6c310d1ff3b9b693c,50908856,BUY,2455.49477894,0.0010765256
0x1278c1e48e3c9548a5d9f2b16dc27ed311b0697c,50908856,BUY,2455.49560013,0.0006006559
0xad58d92a036b8ae55501c24573c93b24b00b883c,50908857,SELL,2453.02872727,0.0990000000
0x08b00ceee2fb66029b53d76110b19eeaabfd1e65,50908861,SELL,2453.01636351,0.0005695600
0x66663fc110d78f7d034a66f1db6a30f1e039c9d9,50908866,SELL,2452.99766380,0.1757472130
0xb246505b741443e10c16a56c716e65914963438d,50908881,SELL,2452.97782305,0.0004547677
0x1278c1e48e3c9548a5d9f2b16dc27ed311b0697c,50908890,SELL,2452.97775808,0.0001223003
0x388ce7fa9b28f207fea7cf5ffcde7fd0532845e1,50908896,SELL,2452.97550505,0.0198000000
0x0bd8fe0aee1a9f2270ea3a969f84aa0f75c80dd6,50908909,BUY,2455.42892569,0.0067373589
0x1278c1e48e3c9548a5d9f2b16dc27ed311b0697c,50908918,BUY,2455.43021098,0.0034138979
0x3c73d902fe8bc38586b72619f7abaccea066aa42,50908923,SELL,2452.96230371,0.1178100000
0x88776fbd991c76aae24e12da906e47fc8be7aab2,50908927,BUY,2455.40396448,0.0009953389
0x9972f4c1e53b5eeb9e2630a7dddb5d5bfbcac451,50908927,BUY,2455.40670320,0.0003316233
0x501ef174b66883ba40f92e6fb24bfb49331d4d4c,50908927,BUY,2455.41041547,0.0000372777
0x54e2acab04c89a3fe02852bf8dd69ee8f526bc75,50908961,BUY,2455.40572802,0.0004704400
0x3752914977cf53f7ea4d0cd7e9f1d15a3b90c524,50908962,BUY,2455.40717211,0.0003902489
0xde258f38eee6d95ce8815cbe9311bad5e7a344b3,50908979,SELL,2452.94827790,0.0163181700
0x4e30b933c0cd88736aec5b32aaa054897c276061,50908987,BUY,2455.40179879,0.0032218104
0x83113a0febb6cf0627e2730fd96a5a0ebc361d30,50909022,SELL,2452.94478420,0.0211473900
0x5115114525475047bae8c42aec29bfe2a227db22,50909023,BUY,2455.39797062,0.0003134107
0x71c47c3c8e7abdf81c1f4ca02a8e4ae183d523a5,50909030,SELL,2452.93272480,0.0000696713
0xa6b70dc9d6ed912f5a1d0359480d393badf2ec15,50909078,BUY,2455.39913079,0.0002114618
0xbd4476357ec70360b5eb8be4fee7780276a2908b,50909081,BUY,2455.40134728,0.0355781901
0x81899f2220075e742113b2eacfffa8666dca750a,50909102,SELL,2452.94845371,0.0098550522
0x28744d09dbb107931e7f952d61bbc5dcfd6bd89c,50909103,BUY,2455.40630220,0.0001290805
0x93fa721696017391e94b83e86a477ba68d763cf3,50909103,BUY,2455.41016933,0.0702840178
0x45c86f9ab3a4c81ef75bc96f3fbdc75f6ff8e230,50909156,SELL,2452.96262626,0.0009900000
0x45c86f9ab3a4c81ef75bc96f3fbdc75f6ff8e230,50909163,SELL,2452.96191919,0.0099000000
0x501ef174b66883ba40f92e6fb24bfb49331d4d4c,50909169,BUY,2455.41571938,0.0008104534
0x54e2acab04c89a3fe02852bf8dd69ee8f526bc75,50909196,BUY,2455.41590221,0.0008104533
0xb1e2c361cf6aca3d1dd5449ea5a1bfce96d89019,50909198,BUY,2455.44626092,0.2683140244
0x501ef174b66883ba40f92e6fb24bfb49331d4d4c,50909204,BUY,2455.48242333,0.0522477175
0xccf764f0904b88f7f30863b37bd3c1560a8ec178,50909206,SELL,2453.02868740,0.0420888600
0x9747ef727d052fbb64e8cc018f1c2b37c28bc659,50909218,SELL,2452.87000875,1.4850000000
0x54e2acab04c89a3fe02852bf8dd69ee8f526bc75,50909218,BUY,2455.15740963,0.0008105387
0x8ab3eb59c3bf3bdd98b379fa74c41111f070f955,50909222,SELL,2452.70181818,0.0099000000
0x88776fbd991c76aae24e12da906e47fc8be7aab2,50909227,BUY,2455.15610343,0.0009940570
0x0dfa768499c331acbd6df31887eca6f5860fbd6f,50909227,BUY,2455.15605562,0.0004739080
0x54e2acab04c89a3fe02852bf8dd69ee8f526bc75,50909254,BUY,2455.15590103,0.0014229650
0x048ef1062cbb39b338ac2685da72adf104b4cef5,50909254,BUY,2455.15601264,0.0008105391
0x3bf562ab55f09850053f9e6db0a36d4971a6e456,50909256,BUY,2455.15934979,0.0287312035
0xfa8b4946f08eebf59819b61f4f56ec2392428dff,50909258,SELL,2452.70686869,0.0099000000
0x048ef1062cbb39b338ac2685da72adf104b4cef5,50909258,SELL,2452.70154154,0.0001793940
0x048ef1062cbb39b338ac2685da72adf104b4cef5,50909263,SELL,2452.70244117,0.0001793936
0xfa8b4946f08eebf59819b61f4f56ec2392428dff,50909267,SELL,2452.70454545,0.0099000000
0x1278c1e48e3c9548a5d9f2b16dc27ed311b0697c,50909269,BUY,2455.15813128,0.0008105384
0x6b58f20f0cd7ee19af91a085a3a9f0f4cc112156,50909279,BUY,2455.15838109,0.0006296498
0x501ef174b66883ba40f92e6fb24bfb49331d4d4c,50909281,SELL,2452.70365806,0.0001793939
0xc8c9ac82bf514ab276b785d75dae4a6ed4784d35,50909288,SELL,2452.70322901,0.0014885030
0x048ef1062cbb39b338ac2685da72adf104b4cef5,50909291,BUY,2455.15808011,0.0008105384
0x0dea6264fc8a6f76a15385794d0dcda7f482e3d4,50909302,BUY,2455.18113873,0.2036509617
0xc6cd52700152e307f671cd19b1d222fa4c816661,50909315,BUY,2455.20824484,0.0366165828
0x5d3633fa17542229a5fc39b534cb439ad501d3f8,50909324,SELL,2452.75744119,0.0028915713
0x54640ed756404c14c87c5e28c82d4a86d75e13ab,50909334,SELL,2452.75308868,0.0357189757
0x53eda859d867a1a4c6ea60336a23933a8513eab9,50909338,SELL,2452.74574227,0.0295588421
0x048ef1062cbb39b338ac2685da72adf104b4cef5,50909342,BUY,2455.19708826,0.0008105256
0x7779bc4d7a28783f7e535cc4fedc920764656e43,50909356,SELL,2452.73144444,0.0990000000
0xdbbf3fcd4c4e2c9dc8c7dea0ce542997b924f099,50909367,BUY,2455.17708655,0.0194620572
0xf5060e26bdde6fbf7971403f9470dd0f391d948a,50909370,SELL,2452.72437663,0.0009995326
0xd83e60d273fd0cb3b05c2611db940fecb7b6ca64,50909373,BUY,2455.18459224,0.0000746058
0x54e2acab04c89a3fe02852bf8dd69ee8f526bc75,50909374,BUY,2455.18624211,0.0638264248
0xb01caea8c6c47bbf4f4b4c5080ca642043359c2e,50909377,BUY,2455.21640585,0.2036480364
0x533ab12b913474d84cf4d83823360b77b9e8856e,50909381,SELL,2452.78142105,0.0292491933
0x5a9d55c806c46b04708c9abf03c14b6b41fc9eb4,50909416,BUY,2455.24143836,0.0000080888
0x12081cb9478eb8a2b624056d3b7cab1b2e659581,50909424,SELL,2452.77696970,0.0099000000
0xffe55d878f234a89755fc0fcb6a9651b1d814c27,50909425,SELL,2452.76477778,0.0990000000
0xbb0e31d765ee8bd8982d3750e36aaf84d5ff0e9c,50909454,SELL,2452.75275119,0.0070843696
0xb04e00e3e0f31073464804fe4182844ac2f7d418,50909454,BUY,2455.20738745,0.0060863160
0xb04e00e3e0f31073464804fe4182844ac2f7d418,50909454,BUY,2455.20800999,0.0000407297
0x52652cc02ec71e8565a70e82f66b1066cf0152f2,50909471,BUY,2455.21438042,0.0564209851
0x0f014545de76a29892b9319e5a4123b28299f33b,50909485,SELL,2452.76596707,0.0009282427
0x0f014545de76a29892b9319e5a4123b28299f33b,50909486,SELL,2452.76548802,0.0029430857
0xf99fd62b06a800afd0241b89f46c7313e5b208f6,50909486,BUY,2455.22044321,0.0040684913
0x17e49b3ee0a0eafb2d64e8ccf9913d68525f9f9c,50909494,BUY,2455.22139395,0.0013826639
0xbb0e31d765ee8bd8982d3750e36aaf84d5ff0e9c,50909514,SELL,2452.76369875,0.0245838333
0xaa40c9edcc9c7287dbb7064565ac2f458c356256,50909516,BUY,2455.21805879,0.0221200560
0xcfb07ae4f3913a32a3850271d7dd52ca1e4a06ed,50909518,BUY,2455.22324372,0.0238836363
0x88776fbd991c76aae24e12da906e47fc8be7aab2,50909527,BUY,2455.22645758,0.0009926477
0x9972f4c1e53b5eeb9e2630a7dddb5d5bfbcac451,50909527,BUY,2455.22920260,0.0003307264
0x6ee62fb521531b587e79262d759dec8ce4fef341,50909547,BUY,2455.22760624,0.0122188264
0x6ee62fb521531b587e79262d759dec8ce4fef341,50909549,BUY,2455.22944342,0.0040729391
0xf3a5b9ab4004e1a59552623c99fde3b963ee6173,50909549,BUY,2455.23785066,0.0001149286
0x6ee62fb521531b587e79262d759dec8ce4fef341,50909550,BUY,2455.23038794,0.0040729375
0x8eee59e87f13cbe3eb6e454025408a93edae6612,50909559,BUY,2455.23384614,0.0264786640
0x501ef174b66883ba40f92e6fb24bfb49331d4d4c,50909576,BUY,2455.23732445,0.0020531115
0x8eee59e87f13cbe3eb6e454025408a93edae6612,50909580,BUY,2455.23970479,0.0211802334
0x0a2955b2b7734cc236d2f6ca8eb81fe17e969507,50909594,SELL,2452.78686869,0.0009900000
0xa28669d95a6339da0b0216ae1683ef6f9edc2720,50909598,SELL,2452.78200408,0.0462148666
0xce0b20547404278afd17b795936f39877bff7831,50909625,SELL,2452.77586071,0.0083454666
0x01e19f446c08fcff6d9daa1883211ef0b47812c2,50909641,SELL,2452.69318886,0.7258921589
0x30b1ddac039dc0069a83b54309cc33af699de289,50909641,BUY,2455.06717948,0.0108172254
0x4337012eaf1f862b8dbdc6b62a01782ae01ef038,50909653,SELL,2452.61124898,0.0232661079
0x03d9964f4d93a24b58c0fc3a8df3474b59ba8557,50909661,BUY,2455.06500281,0.0164103969
0xd35d60b1746caec2289c892eac7351d66d63455b,50909683,SELL,2452.60959914,0.0241694785
0x54e2acab04c89a3fe02852bf8dd69ee8f526bc75,50909690,SELL,2452.59903989,0.0000565800
0xbe6071ff6f1f671d0810cd1d1a0ea59692f6baf4,50909709,SELL,2452.59533659,0.1025000000
0x83ac83ae6a86f97a000c391a30ba13807d0708e6,50909710,BUY,2455.03944668,0.0102826718
0x660f3763065a492b1a062969b0c0639c68e3c7d2,50909717,BUY,2455.10525050,0.0000131554
0x3214ab551ce97bab6e321a755e61e45673c36d09,50909719,BUY,2455.10425036,0.0000108423
0x54e2acab04c89a3fe02852bf8dd69ee8f526bc75,50909728,SELL,2452.58609346,0.0001223199
0x1a0bb8cc64de1bcb6e1d5ccf3a4267604a7c95f7,50909741,SELL,2452.58504328,0.0091890355
0x2d93c2f74b2c4697f9ea85d0450148aa45d4d5a2,50909763,SELL,2452.58267555,0.0114534565
0x1278c1e48e3c9548a5d9f2b16dc27ed311b0697c,50909773,BUY,2455.03658951,0.0055586581
0x501ef174b66883ba40f92e6fb24bfb49331d4d4c,50909777,BUY,2455.03799188,0.0075165330
0x3f61e4db63612f728d33bf1d9a91da0303aa710e,50909782,SELL,2452.58323232,0.0099000000
0x0b2e1eaa1a5f715e63b1a9318e5a5bf0894c1864,50909785,SELL,2452.58117763,0.0081180000
0x1278c1e48e3c9548a5d9f2b16dc27ed311b0697c,50909787,BUY,2455.03510322,0.0026181292
0x46d8af2327f8b424bca75c208b541f342608bf6c,50909794,BUY,2455.03624378,0.0009655385
0x501ef174b66883ba40f92e6fb24bfb49331d4d4c,50909802,BUY,2455.04482192,0.0821654681
0x54e2acab04c89a3fe02852bf8dd69ee8f526bc75,50909811,BUY,2455.05843183,0.0381638855
0xaae0c327c03e2f87ebe44f433733922ea87ce6fb,50909823,BUY,2455.11996383,0.5067196782
0x0f014545de76a29892b9319e5a4123b28299f33b,50909826,SELL,2452.72188738,0.0048892706
0x88776fbd991c76aae24e12da906e47fc8be7aab2,50909827,BUY,2455.17631499,0.0009912893
0x0dfa768499c331acbd6df31887eca6f5860fbd6f,50909827,BUY,2455.17688333,0.0004739039
0x1278c1e48e3c9548a5d9f2b16dc27ed311b0697c,50909853,BUY,2455.17785525,0.0007144399
0xa9c3800b219f7964154816c2f883bf199d6f12cf,50909860,BUY,2455.17693455,0.0030547697
0xf5e135e22c64aeca87cd31a7d46b199fe9cbc394,50909865,SELL,2452.72202020,0.0049500000
0x54e2acab04c89a3fe02852bf8dd69ee8f526bc75,50909878,BUY,2455.17678565,0.0012857608
0xc5b0b10005e58c70fe46f4c66feecb739f655d24,50909881,SELL,2452.71389070,0.0709171264
0xa971283289448b30188cec3f0e60ad92322e4970,50909887,BUY,2455.19771850,0.3300072955
0x8a9dde87eb1f9982e8e79583cb989858516d00b4,50909887,BUY,2455.27078771,0.3168119818
0x12c51473ecec31920552b2cefc96f7c3ccf1dacd,50909898,BUY,2455.32701423,0.1809012948
0x000000c557fa9a96d66cd6371abde62d879d0e61,50909899,BUY,2455.35120881,0.0332563210
0xfd150cd1c2305142e371316f8842006e69e05828,50909899,BUY,2455.35555890,0.0050973546
0x12c51473ecec31920552b2cefc96f7c3ccf1dacd,50909899,BUY,2455.37513211,0.1682966642
0x39c30ab9da0edfd7ef2e293714ae69b9b6cb0d68,50909907,BUY,2455.44539152,0.4535899906
0x3d75877b94600ce251ceec80402790d78486e8d1,50909908,BUY,2455.51426545,0.1560064046
0x1d68dd52a68da9b37199253454679f773537649a,50909908,BUY,2455.53872614,0.0604852973
0x88492ffacdc1e7d2b13e9953877a20f057609edf,50909913,BUY,2455.56418049,0.1647905448
0x6b63ebbf36a78e0d2161b762e5a5b06dfe5d215c,50909915,BUY,2455.62152575,0.3427067381
0x1d68dd52a68da9b37199253454679f773537649a,50909916,BUY,2455.67992460,0.1741167351
0x72d6d3574300b76fffd27b31948bf4afe2c468ba,50909916,BUY,2455.71162623,0.1064003669
0x9f4d9aadc3821142cf501cdf088c591347165416,50909918,BUY,2455.72756875,0.0347073259
0x9f4d9aadc3821142cf501cdf088c591347165416,50909921,BUY,2455.74060618,0.0806506597
0xf04a2505afb967a1b4f43304e17994e94bdc13a1,50909921,BUY,2455.77503481,0.2240660896
0x800f09700b9ed1b716594efbe17bbd6df62df820,50909922,SELL,2453.34440559,0.0051480000
0x2b88a3f9eda010c1b930633863e1e851d360405d,50909927,BUY,2455.81997403,0.1838663574
0x65ced2036f2d7d326ffa06a07cd13cfe4eef9215,50909928,BUY,2455.87296024,0.2850310302
0xce07c04fa7ab005dcbe67ad3107adca2932d3c28,50909929,BUY,2455.92350739,0.1622098330
0xd14602c85a25a4e520441c47a97a2c9da63ae1be,50909929,BUY,2455.96300127,0.1872682108
0x5ffc8c0d0aad9863ad6d51039a907cb9be778750,50909929,SELL,2453.52000000,0.0001000000
0xf04a2505afb967a1b4f43304e17994e94bdc13a1,50909929,BUY,2456.03034188,0.4087610511
0xf2d1aff8a41cdef7e06c8443866124184c3ef527,50909935,BUY,2456.09482357,0.1617435464
0xbb0e31d765ee8bd8982d3750e36aaf84d5ff0e9c,50909935,SELL,2453.65308511,0.0399736371
0x6c6f30b1a2f8729f12ceb07222c09e0afc2df955,50909936,BUY,2456.14716748,0.3812597834
0xd14602c85a25a4e520441c47a97a2c9da63ae1be,50909936,BUY,2456.20984036,0.1732054542
0xf3adb9c30b2cdb222889867c979c26b87ba177e3,50909939,BUY,2456.23539815,0.0529265233
0xa971283289448b30188cec3f0e60ad92322e4970,50909948,BUY,2456.35987057,1.0481897518
0xa971283289448b30188cec3f0e60ad92322e4970,50909948,BUY,2456.50330172,0.2205504970
0x6fc62d565fa392ad4d5091e2ae09c5e69323238f,50909952,SELL,2454.07185703,0.0036999271
0x5ffc8c0d0aad9863ad6d51039a907cb9be778750,50909958,SELL,2454.07000000,0.0001000000
0x70e60e6e3b63f387bffe6820c90b83762949ec4b,50909958,BUY,2456.53328603,0.0521509087
0x5ffc8c0d0aad9863ad6d51039a907cb9be778750,50909979,SELL,2454.08000000,0.0001000000
0xea7efba65d22efad6ba68ae42edcdbad533f08d2,50909984,BUY,2456.53937233,0.0020150298
0x70e60e6e3b63f387bffe6820c90b83762949ec4b,50909985,SELL,2454.08036944,0.0292439200
0xbb0e31d765ee8bd8982d3750e36aaf84d5ff0e9c,50909994,SELL,2454.07156793,0.0485979963
0x1278c1e48e3c9548a5d9f2b16dc27ed311b0697c,50910012,SELL,2454.06608619,0.0001222461
0x048ef1062cbb39b338ac2685da72adf104b4cef5,50910077,SELL,2454.06598991,0.0000565800
0x501ef174b66883ba40f92e6fb24bfb49331d4d4c,50910079,SELL,2454.05787837,0.0001222461
0x4b53adc8046428d9eb313b74334672e73505074a,50910083,BUY,2456.54856015,0.0000318756
0x1f34928517ed5144fd03ab5920bccd81065a6b33,50910087,BUY,2456.54107894,0.1691078943
0xec938c0e8a2f73dfecb5076cd6a3aa72e906fc5b,50910088,BUY,2456.56080461,0.0042454089
0x3b690ce6b4b4c764bbda69ebd800657b3ffb417b,50910093,SELL,2454.09625000,0.0792000000
0x824abda7e8bfcf47c543761c50bc7bf6756deda9,50910095,BUY,2456.54366882,0.0005428794
0x399384ded4ae29ec861f57a34f94f1cbbc62eec9,50910100,SELL,2454.07615000,0.1000000000
0x399384ded4ae29ec861f57a34f94f1cbbc62eec9,50910100,SELL,2454.06383812,0.0008203996
0x3b690ce6b4b4c764bbda69ebd800657b3ffb417b,50910101,SELL,2454.06430976,0.0029700000
0x513e6b2a8b129362a6eaf149587690e8724f717b,50910102,SELL,2454.05271000,0.1000000000
0x513e6b2a8b129362a6eaf149587690e8724f717b,50910102,SELL,2454.04028102,0.0008048596
0x54e2acab04c89a3fe02852bf8dd69ee8f526bc75,50910108,SELL,2454.03945133,0.0001222462
0x1278c1e48e3c9548a5d9f2b16dc27ed311b0697c,50910110,BUY,2456.49756597,0.0040708365
0x6473576f9a4a2f3f67eb94ee558f0c9dec2e38d4,50910111,SELL,2454.03854167,0.0316800000
0x979878a78988791cb740edeac750a04f13a31019,50910125,SELL,2454.03387755,0.0098000000
0x88776fbd991c76aae24e12da906e47fc8be7aab2,50910127,BUY,2456.48957044,0.0009893834
0x9972f4c1e53b5eeb9e2630a7dddb5d5bfbcac451,50910127,BUY,2456.48929042,0.0003296383
0x5a3d6148a2afe9bc09a9c3dffec5c8563ba960fa,50910127,SELL,2454.03246289,0.0028722297
0xfb13561937ab7a8df709c031567d400d6012674a,50910132,BUY,2456.49159996,0.0291635436
0x3d4d5270275f3ebb4531d3d31aa48a1fcbc23bd6,50910133,SELL,2454.03766792,0.0118784815
0x6f05e366b6f0a6e2f06af9a209a047332bc9420f,50910138,BUY,2456.49420728,0.0002544276
0x25d00658267608c0ed8ebceb0804f4f1115a5c62,50910149,BUY,2456.49403282,0.0003601718
0x824abda7e8bfcf47c543761c50bc7bf6756deda9,50910153,BUY,2456.49266720,0.0003345477
0x9320649bd68c04b0b8ac4668bcc74f74cfbb79bf,50910156,SELL,2454.03535354,0.0099000000
0x9320649bd68c04b0b8ac4668bcc74f74cfbb79bf,50910160,SELL,2454.03313131,0.0099000000
0x54e2acab04c89a3fe02852bf8dd69ee8f526bc75,50910166,BUY,2456.48843222,0.0023549877
0x675aaa99d5d093e1d837b28f1cd4908a1b25971d,50910168,BUY,2456.48915208,0.0009049419
0xba49c4da38ed3ebc73320b730b21cb8dc4d1541b,50910170,BUY,2456.48957252,0.0012929418
0xc46335fc1b3a4d75c79ac565cfb50565c858f62f,50910170,BUY,2456.48983556,0.0011945036
0xc46335fc1b3a4d75c79ac565cfb50565c858f62f,50910172,BUY,2456.48967947,0.0011737521
0x1278c1e48e3c9548a5d9f2b16dc27ed311b0697c,50910181,SELL,2454.03336382,0.0001222477
0x501ef174b66883ba40f92e6fb24bfb49331d4d4c,50910183,SELL,2454.02544875,0.0001222477
0xd5125dd532fab26a7bc1eb54046811be33b54bb1,50910189,BUY,2456.48983088,0.0032566795
0xd5125dd532fab26a7bc1eb54046811be33b54bb1,50910189,BUY,2456.49056700,0.0032566785
0xd5125dd532fab26a7bc1eb54046811be33b54bb1,50910189,BUY,2456.49130312,0.0032566775
0xd5125dd532fab26a7bc1eb54046811be33b54bb1,50910189,BUY,2456.49190122,0.0020354230
0xd5125dd532fab26a7bc1eb54046811be33b54bb1,50910189,BUY,2456.49259133,0.0040708448
0xd5125dd532fab26a7bc1eb54046811be33b54bb1,50910189,BUY,2456.49328145,0.0020354218
0x048ef1062cbb39b338ac2685da72adf104b4cef5,50910195,SELL,2454.03357368,0.0001222477
0xbbe06ea75813760ae2387276b64b592a4b6ce29f,50910206,BUY,2456.49438236,0.0006004504
0xd24b0d03d7a880a1ba03558e5de9bbcb32496a12,50910216,SELL,2454.02656566,0.0990000000
0xbbe06ea75813760ae2387276b64b592a4b6ce29f,50910220,BUY,2456.47174360,0.0028280545
0x54e2acab04c89a3fe02852bf8dd69ee8f526bc75,50910222,BUY,2456.48591529,0.0000507143
0xbbe06ea75813760ae2387276b64b592a4b6ce29f,50910225,BUY,2456.47231380,0.0018242656
0x0a2b7f7c865e6bb2224622dbb8a13db73994ff7e,50910226,BUY,2456.49053545,0.1612055875
0xbbe06ea75813760ae2387276b64b592a4b6ce29f,50910227,BUY,2456.50906317,0.0017975187
0x7e23a9d1714e6d3b9d15a039837b658eada46244,50910257,SELL,2454.04774657,0.0487860272
0x0f014545de76a29892b9319e5a4123b28299f33b,50910257,SELL,2454.04141531,0.0063271455
0x67cc5cc94c31281390eb818b710be1659b93dc6e,50910271,BUY,2456.55510750,0.0000170987
0xee690b66ae7b57e2be694de1db3a37a5c211d69e,50910271,BUY,2457.35273371,0.0000004798
0x6f30212a99f96150e7c958c943636b0c4f2d27da,50910283,SELL,2454.03026992,0.0935313308
0x048ef1062cbb39b338ac2685da72adf104b4cef5,50910287,SELL,2454.01850119,0.0001792961
0x501ef174b66883ba40f92e6fb24bfb49331d4d4c,50910290,SELL,2454.01412377,0.0001792977
0x1278c1e48e3c9548a5d9f2b16dc27ed311b0697c,50910291,SELL,2454.01412377,0.0001792977
0x05854d0c70d2f696fb3d9c0863100956b795e2ff,50910293,BUY,2456.47594829,0.0041448995
0x048ef1062cbb39b338ac2685da72adf104b4cef5,50910307,SELL,2454.02052207,0.0001222484
0x29b475f5d017930445307e8fcbbc3edc66231bd4,50910311,BUY,2456.50257409,0.2318540212
0xf357072ab7b41e69b9034175e2a8c76bdc585628,50910319,SELL,2454.07232323,0.0024750000
0x55555cfddd37d8d82e06e0de90da9366ca3e31e8,50910320,SELL,2454.06936921,0.0000357639
0x55555cfddd37d8d82e06e0de90da9366ca3e31e8,50910320,SELL,2454.07148308,0.0010999810
0x55555cfddd37d8d82e06e0de90da9366ca3e31e8,50910320,SELL,2454.06293376,0.0000465807
0x55555cfddd37d8d82e06e0de90da9366ca3e31e8,50910320,BUY,2462.90123472,0.0000001316
0x55555cfddd37d8d82e06e0de90da9366ca3e31e8,50910322,SELL,2454.07196662,0.0001131723
0x55555cfddd37d8d82e06e0de90da9366ca3e31e8,50910322,BUY,2456.53003060,0.0004746752
0x55555cfddd37d8d82e06e0de90da9366ca3e31e8,50910322,SELL,2454.05090531,0.0000287358
0x55555cfddd37d8d82e06e0de90da9366ca3e31e8,50910323,BUY,2456.52922227,0.0005579974
0x55555cfddd37d8d82e06e0de90da9366ca3e31e8,50910323,SELL,2454.06104700,0.0000730956
0x55555cfddd37d8d82e06e0de90da9366ca3e31e8,50910323,SELL,2454.06871732,0.0001401143
0x55555cfddd37d8d82e06e0de90da9366ca3e31e8,50910324,SELL,2454.06907338,0.0001671139
0x55555cfddd37d8d82e06e0de90da9366ca3e31e8,50910326,SELL,2454.01238330,0.0000147575
0x55555cfddd37d8d82e06e0de90da9366ca3e31e8,50910326,SELL,2454.07189889,0.0011403064
0x55555cfddd37d8d82e06e0de90da9366ca3e31e8,50910327,SELL,2454.07148877,0.0004638496
0x55555cfddd37d8d82e06e0de90da9366ca3e31e8,50910327,SELL,2454.06921237,0.0001435167
0x55555cfddd37d8d82e06e0de90da9366ca3e31e8,50910327,SELL,2454.06688019,0.0001411657
0x55555cfddd37d8d82e06e0de90da9366ca3e31e8,50910328,SELL,2454.04744410,0.0000182095
0x55555cfddd37d8d82e06e0de90da9366ca3e31e8,50910328,BUY,2456.58468361,0.0000085582
0x55555cfddd37d8d82e06e0de90da9366ca3e31e8,50910328,SELL,2454.01794315,0.0000180300
0x55555cfddd37d8d82e06e0de90da9366ca3e31e8,50910328,SELL,2454.06968377,0.0004263673
0x55555cfddd37d8d82e06e0de90da9366ca3e31e8,50910329,SELL,2454.07017067,0.0000801574
0x55555cfddd37d8d82e06e0de90da9366ca3e31e8,50910329,SELL,2454.05371058,0.0000341476
0x55555cfddd37d8d82e06e0de90da9366ca3e31e8,50910329,BUY,2458.65347887,0.0000002981
0x55555cfddd37d8d82e06e0de90da9366ca3e31e8,50910329,BUY,2456.52857021,0.0002538037
0x55555cfddd37d8d82e06e0de90da9366ca3e31e8,50910331,BUY,2456.52795900,0.0006356907
0x55555cfddd37d8d82e06e0de90da9366ca3e31e8,50910331,SELL,2454.07106688,0.0018186103
0x9960bf9de3f01ecffed1d62c813e6e13e0888201,50910331,SELL,2454.06897985,0.0210273368
0x55555cfddd37d8d82e06e0de90da9366ca3e31e8,50910332,SELL,2454.06508962,0.0003287794
0x55555cfddd37d8d82e06e0de90da9366ca3e31e8,50910332,SELL,2454.06389530,0.0003448533
0x55555cfddd37d8d82e06e0de90da9366ca3e31e8,50910332,SELL,2454.06445890,0.0003528404
0x55555cfddd37d8d82e06e0de90da9366ca3e31e8,50910333,SELL,2454.06528678,0.0000274386
0x55555cfddd37d8d82e06e0de90da9366ca3e31e8,50910333,SELL,2454.06543272,0.0000956816
0x55555cfddd37d8d82e06e0de90da9366ca3e31e8,50910333,SELL,2454.06363453,0.0003443554
0x55555cfddd37d8d82e06e0de90da9366ca3e31e8,50910334,SELL,2454.06548777,0.0071283896
0x55555cfddd37d8d82e06e0de90da9366ca3e31e8,50910334,SELL,2454.06437308,0.0008849165
0x55555cfddd37d8d82e06e0de90da9366ca3e31e8,50910334,SELL,2454.06398668,0.0011386761
0x55555cfddd37d8d82e06e0de90da9366ca3e31e8,50910334,BUY,2456.64675157,0.0000036904
0x55555cfddd37d8d82e06e0de90da9366ca3e31e8,50910334,SELL,2454.06387987,0.0014555937
0x55555cfddd37d8d82e06e0de90da9366ca3e31e8,50910334,BUY,2456.52094982,0.0001813931
0x55555cfddd37d8d82e06e0de90da9366ca3e31e8,50910334,SELL,2454.06249133,0.0002276882
0x55555cfddd37d8d82e06e0de90da9366ca3e31e8,50910336,SELL,2454.06213220,0.0004263849
0x55555cfddd37d8d82e06e0de90da9366ca3e31e8,50910336,SELL,2454.06281884,0.0008595037
0x55555cfddd37d8d82e06e0de90da9366ca3e31e8,50910336,SELL,2454.06109236,0.0002802302
0x55555cfddd37d8d82e06e0de90da9366ca3e31e8,50910337,BUY,2456.53377231,0.0000539203
0x55555cfddd37d8d82e06e0de90da9366ca3e31e8,50910337,SELL,2454.06313978,0.0001386028
0x55555cfddd37d8d82e06e0de90da9366ca3e31e8,50910337,BUY,2456.51971033,0.0002865269
0x55555cfddd37d8d82e06e0de90da9366ca3e31e8,50910337,SELL,2454.06229303,0.0001267307
0x55555cfddd37d8d82e06e0de90da9366ca3e31e8,50910337,SELL,2454.05267947,0.0000276339
0xbd99453b379b14194aeffb8a6d870f024562203f,50910337,BUY,2456.51995211,0.0041032767
0x55555cfddd37d8d82e06e0de90da9366ca3e31e8,50910338,SELL,2454.06379356,0.0014899107
0x55555cfddd37d8d82e06e0de90da9366ca3e31e8,50910338,SELL,2454.06388678,0.0011556949
0x55555cfddd37d8d82e06e0de90da9366ca3e31e8,50910338,SELL,2454.04652788,0.0000231833
0x55555cfddd37d8d82e06e0de90da9366ca3e31e8,50910339,BUY,2456.52037514,0.0013542815
0x55555cfddd37d8d82e06e0de90da9366ca3e31e8,50910339,BUY,2456.52784676,0.0000347893
0x55555cfddd37d8d82e06e0de90da9366ca3e31e8,50910339,SELL,2454.01268964,0.0000124038
0x55555cfddd37d8d82e06e0de90da9366ca3e31e8,50910339,BUY,2456.52252024,0.0002852150
0x55555cfddd37d8d82e06e0de90da9366ca3e31e8,50910339,SELL,2454.05959466,0.0001261929
0x56f436e5b81d73b1595ba8684c1878895339a024,50910340,BUY,2456.52137292,0.0107442407
0x58fd66b1f813c1f9bc971d6299c4652311b855ff,50910340,BUY,2456.52406280,0.0006375590
0x55555cfddd37d8d82e06e0de90da9366ca3e31e8,50910341,BUY,2456.52504425,0.0003437457
0x55555cfddd37d8d82e06e0de90da9366ca3e31e8,50910341,SELL,2454.05434566,0.0000355697
0x55555cfddd37d8d82e06e0de90da9366ca3e31e8,50910342,SELL,2454.03970301,0.0000333519
0x55555cfddd37d8d82e06e0de90da9366ca3e31e8,50910342,SELL,2454.06447525,0.0003203441
0x55555cfddd37d8d82e06e0de90da9366ca3e31e8,50910342,SELL,2454.06495609,0.0004122063
0x55555cfddd37d8d82e06e0de90da9366ca3e31e8,50910342,BUY,2456.78782956,0.0000013391
0x55555cfddd37d8d82e06e0de90da9366ca3e31e8,50910342,SELL,2454.06533031,0.0003402941
0x55555cfddd37d8d82e06e0de90da9366ca3e31e8,50910343,BUY,2456.52555265,0.0002136017
0x55555cfddd37d8d82e06e0de90da9366ca3e31e8,50910343,SELL,2454.06592452,0.0009954121
0x55555cfddd37d8d82e06e0de90da9366ca3e31e8,50910344,SELL,2454.05724457,0.0000826737
0x55555cfddd37d8d82e06e0de90da9366ca3e31e8,50910344,SELL,2454.06562493,0.0012774622
0x55555cfddd37d8d82e06e0de90da9366ca3e31e8,50910344,BUY,2456.60118040,0.0000091785
0x55555cfddd37d8d82e06e0de90da9366ca3e31e8,50910346,SELL,2454.06483474,0.0001928865
0x55555cfddd37d8d82e06e0de90da9366ca3e31e8,50910346,SELL,2454.06532909,0.0012270712
0x55555cfddd37d8d82e06e0de90da9366ca3e31e8,50910346,SELL,2454.06393218,0.0001772912
0x55555cfddd37d8d82e06e0de90da9366ca3e31e8,50910347,SELL,2454.06394851,0.0000581537
0x55555cfddd37d8d82e06e0de90da9366ca3e31e8,50910347,BUY,2456.52300831,0.0001691635
0x55555cfddd37d8d82e06e0de90da9366ca3e31e8,50910348,SELL,2454.06427413,0.0002020795
0x55555cfddd37d8d82e06e0de90da9366ca3e31e8,50910348,SELL,2454.05711773,0.0000866818
0x55555cfddd37d8d82e06e0de90da9366ca3e31e8,50910348,SELL,2454.03465037,0.0000266924
0x55555cfddd37d8d82e06e0de90da9366ca3e31e8,50910348,BUY,2456.92805918,0.0000006117
0x55555cfddd37d8d82e06e0de90da9366ca3e31e8,50910349,SELL,2454.06235094,0.0001808907
0x55555cfddd37d8d82e06e0de90da9366ca3e31e8,50910349,SELL,2454.06475957,0.0004850883
0x7f2b58dde63168c8cb3a6a7b5ec193fc8e751cb6,50910355,BUY,2456.53079421,0.0823519088
0x9828ce0fe863e85ebd226a93d0b7115b90fbd812,50910357,SELL,2454.08303030,0.0099000000
0x8fc617a4c8b4cb98bd5238423ce3f0b5a34cfe08,50910358,BUY,2456.56091373,0.2035365772
0x1278c1e48e3c9548a5d9f2b16dc27ed311b0697c,50910359,SELL,2454.11465629,0.0000407487
0xa28669d95a6339da0b0216ae1683ef6f9edc2720,50910368,BUY,2456.58525036,0.0101566351
0x8fc617a4c8b4cb98bd5238423ce3f0b5a34cfe08,50910373,BUY,2456.61394486,0.2442386201
0x950c7d71d6e4ab153b29d5e491cd9c9ffeb3822e,50910377,BUY,2456.64223509,0.0022202720
0xc5b0b10005e58c70fe46f4c66feecb739f655d24,50910387,SELL,2454.18366272,0.0215493591
0xde95feb6ae7644e627602e243e5950cf7992ff8e,50910388,BUY,2456.68640657,0.0000101763
0xde95feb6ae7644e627602e243e5950cf7992ff8e,50910388,BUY,2456.68640888,0.0000101763
0xde95feb6ae7644e627602e243e5950cf7992ff8e,50910388,BUY,2456.68641118,0.0000101763
0xde95feb6ae7644e627602e243e5950cf7992ff8e,50910388,BUY,2456.68641349,0.0000101763
0xde95feb6ae7644e627602e243e5950cf7992ff8e,50910388,BUY,2456.68641580,0.0000101763
0x8fc617a4c8b4cb98bd5238423ce3f0b5a34cfe08,50910389,BUY,2456.67186016,0.3052910778
0xde95feb6ae7644e627602e243e5950cf7992ff8e,50910389,BUY,2456.70736517,0.0071146553
0xf9da49b600228cab30639d5cb1d10220bfe3aaee,50910390,SELL,2454.25151515,0.0039600000
0x000000c557fa9a96d66cd6371abde62d879d0e61,50910394,BUY,2456.72741631,0.1785131407
0x195e765b9e1e695a2fcdfe79cbfa70bc3551192e,50910394,SELL,2454.29039668,0.0098467679
0xb41e21d9f69a34af8faabcbf374a037d69dfdf5d,50910394,SELL,2454.28820119,0.0095522192
0xfc907b9af1c07e0f0cbd408ce9551e3600878672,50910398,SELL,2454.28554000,0.0004842615
0xf99fd62b06a800afd0241b89f46c7313e5b208f6,50910400,BUY,2456.74368823,0.0039968496
0xbbe06ea75813760ae2387276b64b592a4b6ce29f,50910402,BUY,2456.74529693,0.0002691948
0xaf2bfb6b69dfe6efd257fe8cd694175156a23812,50910407,SELL,2454.27996202,0.0707923198
0x99b5787c5182ababf1b081e958cc5d8f648cd1af,50910415,SELL,2454.27157895,0.0028500000
0x5ffc8c0d0aad9863ad6d51039a907cb9be778750,50910421,SELL,2454.27000000,0.0001000000
0x88776fbd991c76aae24e12da906e47fc8be7aab2,50910427,BUY,2456.72799891,0.0009879136
0x0dfa768499c331acbd6df31887eca6f5860fbd6f,50910427,BUY,2456.72818504,0.0004736047
0x533ab12b913474d84cf4d83823360b77b9e8856e,50910431,SELL,2454.26779543,0.0336045998
0xe4b39f95609f52ef5169208ea48f0aef336525da,50910434,SELL,2454.26168099,0.0205766371
0xe1a5a23e98de34d289d69808cc4cff1e2fe00a1e,50910434,SELL,2454.25758428,0.0156219466
0xe1a5a23e98de34d289d69808cc4cff1e2fe00a1e,50910434,SELL,2454.25514565,0.0059257800
0x8fc617a4c8b4cb98bd5238423ce3f0b5a34cfe08,50910436,BUY,2456.80284351,0.8140661369
0xafc1e7b68f3311bff2bf0f052f5d27b367cafe42,50910447,SELL,2454.43871505,0.0002037333
0xafc1e7b68f3311bff2bf0f052f5d27b367cafe42,50910447,SELL,2454.43454184,0.0374597523
0xafc1e7b68f3311bff2bf0f052f5d27b367cafe42,50910447,SELL,2454.42514416,0.0455402477
0xafc1e7b68f3311bff2bf0f052f5d27b367cafe42,50910447,BUY,2456.87721985,0.0001472292
0x8fc617a4c8b4cb98bd5238423ce3f0b5a34cfe08,50910447,BUY,2456.94550517,0.6105141513
0x8dd82a1df8019bf74683272e55747c2d9ab11c71,50910447,SELL,2454.55726791,0.0092333401
0xbbe06ea75813760ae2387276b64b592a4b6ce29f,50910451,BUY,2457.01335280,0.0060681270
0x4f36e4132ae6730bb7613ec83fc030e3301d8dae,50910453,BUY,2457.01464173,0.0035979826
0x4003a42a8d1c0cd24a3e4f742c1fc78105b0139a,50910458,BUY,2457.01972873,0.0001191818
0xa577ed7a97862a89acb3d10c7b993ade4f803d43,50910458,BUY,2457.01589828,0.0007881402
0xd35c3a5b658136cea32f7c8478b3faf1c649e439,50910458,BUY,2457.04799037,0.2908390519
0xd35c3a5b658136cea32f7c8478b3faf1c649e439,50910458,BUY,2457.09967523,0.1650553179
0xca5a260b12fea3f5f0e69a8bb9d1d4b32f44e16e,50910458,BUY,2457.12515521,0.0597038790
0xca5a260b12fea3f5f0e69a8bb9d1d4b32f44e16e,50910458,BUY,2457.13257786,0.0037776920
0x1952be82fd83b5d02f4d242c203d4ce3b6b7ca6a,50910458,BUY,2457.13314990,0.0015625515
0x1952be82fd83b5d02f4d242c203d4ce3b6b7ca6a,50910458,BUY,2457.13351935,0.0010042006
0x505ed3d7c6df7231d378e84628ecbb365f820cff,50910464,BUY,2457.13508009,0.0150930978
0x514c15e8c1bfc445ed20f8eb419c833968cc8c97,50910464,BUY,2457.13742186,0.0052270280
0x7ca6ee2ec77f0c1220f1181285e6b22653bff2d6,50910465,BUY,2457.13866117,0.0061046616
0xf8cdbcc2f45b24e88d309e83dcd6f7cc18a28e31,50910467,SELL,2454.66784930,0.0000215003
0x8fc617a4c8b4cb98bd5238423ce3f0b5a34cfe08,50910468,BUY,2457.30083523,1.4243270298
0x0000208d547a446ba9059cbb2cfcfbaead7d3fa3,50910468,SELL,2455.00261655,0.0253322667
0x4bccaa26eeaef8f07981f5c16c865e7c3909c8f2,50910472,BUY,2457.45797486,0.0122077367
0xbbe06ea75813760ae2387276b64b592a4b6ce29f,50910472,BUY,2457.45998371,0.0009070561
0x462eae21cbfb7466f8ac112f3678c4a7e455ad8f,50910477,SELL,2454.99711111,0.0495000000
0xf73644da46ab85da864fc4284322f489134ee82c,50910479,BUY,2457.45140289,0.0267230106
0xd40e89f1b04bcc38f07180dbd38de14c81ec14f9,50910479,SELL,2454.99746242,0.0009054853
0x7b5cb95e372246b074e5e17d58e98bef46897b9a,50910484,SELL,2454.99613395,0.0105190785
0x8fc617a4c8b4cb98bd5238423ce3f0b5a34cfe08,50910485,BUY,2457.68252554,2.0344368925
0x8682d65528995ce7e9c1d6e60bdaf1e1a6764c35,50910486,SELL,2455.45390758,0.0181099266
0x91ac95b0018faaf2db574b6ea877b83206681a48,50910486,SELL,2455.45177409,0.0007282713
0x000000c557fa9a96d66cd6371abde62d879d0e61,50910487,SELL,2455.39724006,0.4808044799
0x4337021d22bcd0775a0fd1b4a6665051dc15d995,50910492,SELL,2455.33746750,0.0469099826
0x0e8c44f936d0d8a400671a56b1909995addc7059,50910493,SELL,2455.32989899,0.0198000000
0xbbe06ea75813760ae2387276b64b592a4b6ce29f,50910495,BUY,2457.78530740,0.0030813680
0x99830709bc350d6320be7b42d4b64154f7c06a00,50910495,SELL,2455.27895196,0.4364635013
0x436d9faf39f8e7ef10b8adb540fd627f1383891f,50910496,BUY,2457.68691609,0.0014589161
0x8fc617a4c8b4cb98bd5238423ce3f0b5a34cfe08,50910503,BUY,2457.89457942,1.8308352350
0x14e3c6340e34bdcb94b96a901f4f4b179fd30efd,50910503,SELL,2455.64421643,0.0047842830
0xf2d1aff8a41cdef7e06c8443866124184c3ef527,50910503,SELL,2455.59045482,0.4698569457
0x2998f6fea60b2b225d54a85e2d8ffa96d29e62a0,50910505,BUY,2458.06643799,0.0000084562
0x91ac95b0018faaf2db574b6ea877b83206681a48,50910507,SELL,2455.53715720,0.0007452545
0x4337021d22bcd0775a0fd1b4a6665051dc15d995,50910508,SELL,2455.53011541,0.0613953460
0x43370250bfc02c7f085cb105558da41e9cdb2d79,50910508,SELL,2455.43425769,0.7850209147
0x43370240c309f6cc0815929a176609267971224f,50910510,SELL,2455.33982325,0.0486748709
0x5a3d6148a2afe9bc09a9c3dffec5c8563ba960fa,50910513,SELL,2455.33287512,0.0123620798
0x8fc617a4c8b4cb98bd5238423ce3f0b5a34cfe08,50910513,BUY,2457.97328567,1.6273569869
0x53eda859d867a1a4c6ea60336a23933a8513eab9,50910514,SELL,2455.69886206,0.0130211462
0x37d534b691fb5624c98ff8fd7370b5e5f442e263,50910514,SELL,2455.69642598,0.0084856433
0x24f4d2829289fd296c5b4e4d39c501cdf2fdec95,50910514,SELL,2455.64442777,0.4505856318
0x12c51473ecec31920552b2cefc96f7c3ccf1dacd,50910515,SELL,2455.56816687,0.2226976927
0x54e2acab04c89a3fe02852bf8dd69ee8f526bc75,50910516,SELL,2455.54251479,0.0020363500
0x53258be4256f4089b8d81fbefe06bb1fc53d83fc,50910516,SELL,2455.54185657,0.0031005014
0x12c51473ecec31920552b2cefc96f7c3ccf1dacd,50910516,SELL,2455.54098433,0.0068667280
0x8529e9b7799339ddf2f70e2adf4ad9aec1b0dd54,50910517,SELL,2455.53018941,0.0885747986
0x4337005db25dbad41da5692ba1188751ee5d98b6,50910518,SELL,2455.51713298,0.0267331818
0x824abda7e8bfcf47c543761c50bc7bf6756deda9,50910519,BUY,2457.99419469,0.0000215704
0x43370250bfc02c7f085cb105558da41e9cdb2d79,50910520,SELL,2455.51352080,0.0028123148
0xceac58ee82815b0a5bdfd698d1cc63094f9693bc,50910520,SELL,2455.51236326,0.0097371475
0x501ef174b66883ba40f92e6fb24bfb49331d4d4c,50910520,BUY,2457.96992522,0.0003698455
0x433702256b464248dcbe403c1334757be4ed9f26,50910524,SELL,2455.44127155,0.6187911312
0x9df75ab163a9a51f1ad06439d69f2e25a9a53f01,50910524,BUY,2457.82910818,0.0017374084
0x5a3d6148a2afe9bc09a9c3dffec5c8563ba960fa,50910526,SELL,2455.36696831,0.0405819278
0x048ef1062cbb39b338ac2685da72adf104b4cef5,50910527,SELL,2455.27067585,0.8099396203
0x9006b27ab5f442b1f73b7b25cd2336a2a00362d2,50910530,BUY,2457.64027417,0.0377782485
0x4e30b933c0cd88736aec5b32aaa054897c276061,50910530,BUY,2457.64514437,0.0037551121
0x3bfceead5112fb738f75e2665c221e914215e285,50910533,BUY,2457.64740000,0.0175402175
0x4e30b933c0cd88736aec5b32aaa054897c276061,50910534,BUY,2457.64997438,0.0037551047
0x4e30b933c0cd88736aec5b32aaa054897c276061,50910537,BUY,2457.65082608,0.0037551034
0xc6bf0a8bc65139fae29ba68b2a9f934b075bb47d,50910537,SELL,2455.19326599,0.0059400000
0x8fc617a4c8b4cb98bd5238423ce3f0b5a34cfe08,50910543,BUY,2457.74202434,0.8137550565
0x47816daf80ddbe0a2eda55d32f93373d53cac541,50910549,SELL,2455.37676768,0.0009900000
0x2be9354ad0aa69e0ebfb2021ccaecb8ed24b5980,50910551,SELL,2455.37678967,0.0007225974
0x666d5113677e07ecbcf37e61db6127848fb2d751,50910561,SELL,2455.37368868,0.0264910149
0x8fc617a4c8b4cb98bd5238423ce3f0b5a34cfe08,50910561,BUY,2458.03557624,1.8307302154
0x8d0b70d0c2fb9044b98dabc2daaee1a892ae0247,50910561,SELL,2455.78216186,0.0305295230
0x12c51473ecec31920552b2cefc96f7c3ccf1dacd,50910562,SELL,2455.77817469,0.0033795345
0x12c51473ecec31920552b2cefc96f7c3ccf1dacd,50910563,SELL,2455.77359699,0.0382653992
0x12c51473ecec31920552b2cefc96f7c3ccf1dacd,50910564,SELL,2455.76621081,0.0267396126
0x7f574c91c5ecad99519b434091ab883df1f61bd4,50910564,BUY,2458.22174370,0.0075220639
0xf04a2505afb967a1b4f43304e17994e94bdc13a1,50910565,SELL,2455.74464545,0.1789453125
0x05212522e46c3ae5ed322c18b47c3c6e6c00def1,50910568,SELL,2455.72148032,0.0255350000
0xc0ffee722c49a8c105b0d38d32d374eb6ea1321b,50910571,SELL,2455.70753419,0.0975786634
0x60d66e148c895b81002c7eb47d4fce55eb1c4838,50910573,SELL,2455.69114894,0.0470000000
0x3be22b314654c396a12c5e8d79abdd65aac3caaf,50910574,SELL,2455.68522802,0.0016061297
0x19e4364ed334a8744c667c520bcb49cd51bd1c33,50910576,SELL,2455.68461538,0.0013000000
0x4337001fff419768e088ce247456c1b892888084,50910577,SELL,2455.68230102,0.0250939794
0xe451629f6c64f75a7d7ebf002e185d31a4102cc2,50910577,SELL,2455.67570393,0.0333564554
0xf65b81c75c2134da3ebef36ec94fd1da4c49ce70,50910581,BUY,2458.13005098,0.0034231594
0xada5bb90d0de0bd1b6f3938708f49295a8d1f7cb,50910582,SELL,2455.55515979,1.0378889869
0x8b1fb4937bab5d02248a0825bf2564863237b00f,50910582,SELL,2455.43715375,0.0025178763
0xd0d08887e8a5b16049534a7f3fc1de92848f5bea,50910582,SELL,2455.42009726,0.1496010363
0x4337012eaf1f862b8dbdc6b62a01782ae01ef038,50910583,SELL,2455.40238471,0.0061216818
0x8fc617a4c8b4cb98bd5238423ce3f0b5a34cfe08,50910586,BUY,2458.04359216,1.6272654093
0x1952be82fd83b5d02f4d242c203d4ce3b6b7ca6a,50910586,SELL,2455.76784260,0.0240820101
0xa971283289448b30188cec3f0e60ad92322e4970,50910586,SELL,2455.74413402,0.1852148649
0x12c51473ecec31920552b2cefc96f7c3ccf1dacd,50910588,SELL,2455.70126001,0.1932587505
0x433700890211c1c776c391d414cffd38efdd1811,50910590,SELL,2455.66924892,0.0893650487
0x433700890211c1c776c391d414cffd38efdd1811,50910590,SELL,2455.64890902,0.0901568991
0x433700890211c1c776c391d414cffd38efdd1811,50910590,SELL,2455.62863041,0.0889024583
0x12c51473ecec31920552b2cefc96f7c3ccf1dacd,50910590,SELL,2455.60738577,0.0986855457
0xe5a9b6af5bdb942c7b522a7cca7714e3013ce736,50910592,SELL,2455.59540071,0.0063458459
0x272013922dc96c814f7ebaf6753c06eb353aaca9,50910597,SELL,2455.59370958,0.0086516474
0x5fd3c33e7ed49ba0115c4ca7f2805355170d3ede,50910598,SELL,2455.48996695,0.9080677820
0xadf1a20c14594ab10f1e6f42d2e7fc155eda3642,50910599,SELL,2455.38155348,0.0491575474
0xafc1e7b68f3311bff2bf0f052f5d27b367cafe42,50910608,SELL,2455.37397401,0.0004098292
0xafc1e7b68f3311bff2bf0f052f5d27b367cafe42,50910608,SELL,2455.37233722,0.0001278731
0xafc1e7b68f3311bff2bf0f052f5d27b367cafe42,50910608,SELL,2455.37307929,0.0001764371
0xafc1e7b68f3311bff2bf0f052f5d27b367cafe42,50910608,BUY,2460.05927134,0.0000002894
0xafc1e7b68f3311bff2bf0f052f5d27b367cafe42,50910608,SELL,2455.37498632,0.0063030947
0xafc1e7b68f3311bff2bf0f052f5d27b367cafe42,50910608,SELL,2455.37340015,0.0086969053
0xafc1e7b68f3311bff2bf0f052f5d27b367cafe42,50910608,BUY,2457.87793832,0.0000148762
0x5ffc8c0d0aad9863ad6d51039a907cb9be778750,50910622,SELL,2455.37242428,0.0001018175
0x9960bf9de3f01ecffed1d62c813e6e13e0888201,50910623,SELL,2455.37167157,0.0058391803
0x5ffc8c0d0aad9863ad6d51039a907cb9be778750,50910638,SELL,2455.37107867,0.0001018176
0x0f8aa33c9ed2cd59e4cc532940b25f3cb3be4817,50910649,BUY,2457.82899935,0.0015307546
0x726ca7c9d83535661d3a7d8bab715cb9a99c99d6,50910659,SELL,2455.28715819,0.7440203774
0x0f014545de76a29892b9319e5a4123b28299f33b,50910665,SELL,2455.20133012,0.0136955783
0x4b48ab6687cc63ff60ef00a41c2dc9c1fa0933fc,50910674,SELL,2455.19783432,0.0173907880
0x3ea80b80bb57c93c412d724e50c305b82a0ce301,50910676,SELL,2455.13981414,0.4950000000
0x5ffc8c0d0aad9863ad6d51039a907cb9be778750,50910683,SELL,2455.07800413,0.0001018249
0x0f84d2da979180394fbf9c4499febd0f602a6767,50910695,SELL,2455.07129857,0.1098900000
0x9bf846f7145c626e619ddf5ae786b5d7aba15521,50910701,SELL,2455.02633649,0.2872149368
0xa28669d95a6339da0b0216ae1683ef6f9edc2720,50910703,BUY,2457.45286389,0.0189693425
0xa169d00eef096e6bb97738db48bfc7d0f8a4c946,50910706,SELL,2454.99300247,0.0451622363
0x5ffc8c0d0aad9863ad6d51039a907cb9be778750,50910708,SELL,2454.98398668,0.0001018333
0x88776fbd991c76aae24e12da906e47fc8be7aab2,50910727,BUY,2457.44497918,0.0009862532
0x9972f4c1e53b5eeb9e2630a7dddb5d5bfbcac451,50910727,BUY,2457.44571396,0.0003285944
0x83681c14770b44361e21faf91d8325423365ea5c,50910735,SELL,2454.96576027,0.0000280566
0x501ef174b66883ba40f92e6fb24bfb49331d4d4c,50910750,SELL,2454.98811149,0.0004073339
0x5cd85bd23051e21ff2bb468696a48f147a9071da,50910759,SELL,2454.98154783,0.0575000000
0x8cc1665ee965345e79b132adb124782bad8c78e0,50910759,BUY,2457.44571327,0.1220768583
0x92d7ae6f2a3d1ae7fe201276842f39b04b462f74,50910767,SELL,2455.00228738,0.0036291987
0x54e2acab04c89a3fe02852bf8dd69ee8f526bc75,50910768,SELL,2455.00053410,0.0114052888
0x5cb0076aeeb17d064ae2f9325cbbd5521e783ed5,50910774,SELL,2454.99367677,0.0495000000
0x3bf562ab55f09850053f9e6db0a36d4971a6e456,50910778,SELL,2454.98580808,0.0198000000
0x1278c1e48e3c9548a5d9f2b16dc27ed311b0697c,50910781,SELL,2454.98191443,0.0003258672
0x458b6483cac084f9d42363cb57c3d3d6efc9c9f9,50910786,SELL,2454.96954555,0.0000381764
0x47355e9f3adb451f6de6644ecd4414684a02ed2b,50910786,SELL,2454.97244361,0.0978303128
0x54e2acab04c89a3fe02852bf8dd69ee8f526bc75,50910793,SELL,2454.96136314,0.0000611008
0x677f42ef7e942edb2ed74303e7ecf950909a5f99,50910802,SELL,2454.96115783,0.0017523019
0x3bf562ab55f09850053f9e6db0a36d4971a6e456,50910809,SELL,2454.95868687,0.0198000000
0x54e2acab04c89a3fe02852bf8dd69ee8f526bc75,50910809,BUY,2457.41351481,0.0021160460
0x7f2b58dde63168c8cb3a6a7b5ec193fc8e751cb6,50910817,BUY,2457.41791672,0.0367051934
0x597c134f0fd23ed893581e8c5e6eefb1129d1f08,50910817,BUY,2457.42339120,0.0108692141
0x3e7662e685b50dd4f2d590a5e6d547790141e9ef,50910820,SELL,2454.95876263,0.0792000000
0x048ef1062cbb39b338ac2685da72adf104b4cef5,50910820,BUY,2457.40669418,0.0009033914
0x3e7662e685b50dd4f2d590a5e6d547790141e9ef,50910821,SELL,2454.94103535,0.0792000000
0x3e7662e685b50dd4f2d590a5e6d547790141e9ef,50910821,SELL,2454.92309343,0.0792000000
0x501ef174b66883ba40f92e6fb24bfb49331d4d4c,50910828,BUY,2457.37105539,0.0014283557
0x1278c1e48e3c9548a5d9f2b16dc27ed311b0697c,50910833,BUY,2457.37155003,0.0029340292
0x05854d0c70d2f696fb3d9c0863100956b795e2ff,50910854,SELL,2454.91481131,0.0023481964
0x45c86f9ab3a4c81ef75bc96f3fbdc75f6ff8e230,50910861,SELL,2454.91414141,0.0019800000
0x45c86f9ab3a4c81ef75bc96f3fbdc75f6ff8e230,50910868,SELL,2454.91363636,0.0019800000
0x5ffc8c0d0aad9863ad6d51039a907cb9be778750,50910871,SELL,2454.91000000,0.0001000000
0x45c86f9ab3a4c81ef75bc96f3fbdc75f6ff8e230,50910872,SELL,2454.91313131,0.0019800000
0x3f980a57e5a2234cb2005beee4946838d3af64da,50910876,BUY,2457.38542850,0.0000385812
0x3bf562ab55f09850053f9e6db0a36d4971a6e456,50910895,SELL,2454.91272727,0.0024750000
0xbcc4521e1c9dba7df87afa9fcc0fc2b554226392,50910909,SELL,2454.90534082,0.0646367986
0xa28669d95a6339da0b0216ae1683ef6f9edc2720,50910927,SELL,2454.89445705,0.0316326267
0x8cc1665ee965345e79b132adb124782bad8c78e0,50910928,BUY,2457.36607215,0.1627757218
0xb8fc4efa40fa2e12f76277869cadf9a1fa5e5ebc,50910935,SELL,2454.92192518,0.0514642025
0xb8fc4efa40fa2e12f76277869cadf9a1fa5e5ebc,50910935,SELL,2454.91097203,0.0452811557
0x67e8e91de82c5fd9a6e49b56cc97f69ee55eb1fb,50910935,SELL,2454.90537071,0.0041935515
0x1f68479a375ccff6d6c8d556913cdda0b65a18b5,50910935,SELL,2454.90469705,0.0017566694
0x30f8251e1d4527944825dda2b1766f1757a8191d,50910939,SELL,2454.90352377,0.0004395798
0xbed58fa98f5890a66905eb5a7984677d3b7fbaf9,50910945,SELL,2454.90351658,0.0077908642
0x62253fb4b010925674cfb29da811be2c3ad4af42,50910952,BUY,2457.36026497,0.0076365286
0x501ef174b66883ba40f92e6fb24bfb49331d4d4c,50910966,BUY,2457.36315881,0.0000227508
0x3342ddf6262e48e8b2ae003f713c8ed7ea49657d,50910970,BUY,2457.36163844,0.0015508206
0x1278c1e48e3c9548a5d9f2b16dc27ed311b0697c,50910973,BUY,2457.36354630,0.0000788137
0x55428edf3ca306908bf06d4c16346f6dcee23b7e,50910975,BUY,2457.36157832,0.0008138810
0x55428edf3ca306908bf06d4c16346f6dcee23b7e,50910975,BUY,2457.36200494,0.0003734826
0x4f55cb15805ce098bdde722d49d1c464b51cc222,50910976,SELL,2454.88034894,0.2178000000
0x83681c14770b44361e21faf91d8325423365ea5c,50910979,SELL,2454.84460674,0.0000833401
0xae6bbb0ce3329e7e50d028a4c14db645e666688e,50910986,BUY,2457.31375532,0.0122084532
0xaedce07a16eb2f17977a9b13a800d364e3d62058,50910992,SELL,2454.80317326,0.4881655059
0xd56d34984f0662039259cb0fd91eb5916ff81b04,50910993,SELL,2454.74696970,0.0079200000
0x0000208d547a446ba9059cbb2cfcfbaead7d3fa3,50910997,SELL,2454.74226231,0.0340470331
0x67e8e91de82c5fd9a6e49b56cc97f69ee55eb1fb,50910997,SELL,2454.73740762,0.0088373652
0x54e2acab04c89a3fe02852bf8dd69ee8f526bc75,50911022,BUY,2457.19725562,0.0002311735
0x88776fbd991c76aae24e12da906e47fc8be7aab2,50911027,BUY,2457.19401489,0.0009849841
0x0dfa768499c331acbd6df31887eca6f5860fbd6f,50911027,BUY,2457.19382454,0.0004735149
0x501ef174b66883ba40f92e6fb24bfb49331d4d4c,50911036,BUY,2457.19625494,0.0000787674
0x048ef1062cbb39b338ac2685da72adf104b4cef5,50911037,SELL,2454.61716901,0.0000049837
0xd14602c85a25a4e520441c47a97a2c9da63ae1be,50911041,SELL,2454.71091148,0.2287500000
0xf04a2505afb967a1b4f43304e17994e94bdc13a1,50911041,SELL,2454.61571822,0.6121875000
0xf04a2505afb967a1b4f43304e17994e94bdc13a1,50911045,SELL,2454.51501261,0.2775000000
0x6669ef3d571f2157e64111489fb9cd1542701756,50911048,SELL,2454.48061038,0.0263958863
0xa971283289448b30188cec3f0e60ad92322e4970,50911048,SELL,2454.44640408,0.2758593750
0xd14602c85a25a4e520441c47a97a2c9da63ae1be,50911049,SELL,2454.38629103,0.2552343750
0xf04a2505afb967a1b4f43304e17994e94bdc13a1,50911049,SELL,2454.33873333,0.1650000000
0x3bf562ab55f09850053f9e6db0a36d4971a6e456,50911049,BUY,2456.77829459,0.0181691197
0x5a3d6148a2afe9bc09a9c3dffec5c8563ba960fa,50911049,SELL,2454.32344142,0.0063140085
0x12c51473ecec31920552b2cefc96f7c3ccf1dacd,50911054,SELL,2454.30346255,0.1703713560
0xab770ddce9a1d7773a5cafa8d6fba75aaf5789be,50911058,SELL,2453.98009751,2.6878671321
0x344daadde53a81f95bcc46a99d39107a509251a1,50911058,SELL,2453.58260478,0.8270387714
0xd83e60d273fd0cb3b05c2611db940fecb7b6ca64,50911059,BUY,2455.94909133,0.0000275832
0xc33faf5f0ccda6c2b2091f4391775423b0a1fb3e,50911061,SELL,2453.48305404,0.0534737494
0xe5778194edf5674eed2ea658b8b619b09d922b16,50911063,BUY,2455.93426792,0.0167963718
0x45c86f9ab3a4c81ef75bc96f3fbdc75f6ff8e230,50911068,SELL,2453.48030303,0.0019800000
0x45c86f9ab3a4c81ef75bc96f3fbdc75f6ff8e230,50911069,SELL,2453.47979798,0.0019800000
0x45c86f9ab3a4c81ef75bc96f3fbdc75f6ff8e230,50911070,SELL,2453.47929293,0.0019800000
0xfbcf6cfa9928b8bd29c7a5dad2331480babc0007,50911071,SELL,2453.47385859,0.0495000000
0x49b3e70dfc8b18654f5335532c17406794ac5ddd,50911071,SELL,2453.46266667,0.0495000000
0x49b3e70dfc8b18654f5335532c17406794ac5ddd,50911072,SELL,2453.45147475,0.0495000000
0xfbcf6cfa9928b8bd29c7a5dad2331480babc0007,50911072,SELL,2453.44028283,0.0495000000
0xfbcf6cfa9928b8bd29c7a5dad2331480babc0007,50911077,SELL,2453.42628956,0.0742500000
0x49b3e70dfc8b18654f5335532c17406794ac5ddd,50911077,SELL,2453.40950842,0.0742500000
0x2def23609f0a8e63d0c742983c7002755c5be5c9,50911082,SELL,2453.39338311,0.0683100000
0x45c86f9ab3a4c81ef75bc96f3fbdc75f6ff8e230,50911082,SELL,2453.38454545,0.0099000000
0xcf7607ff3164df3e1e285d2d798724a929bede0d,50911082,SELL,2453.36943838,0.1237500000
0x417c19056b8ef9f6af6dd36928332b6337b4843f,50911082,SELL,2453.34146263,0.1237500000
0x8ba3badfe22d44378a42584f7b1d5af1ee7c3cec,50911087,SELL,2453.30894864,0.1638301671
0x8f832cd92bb7d7e5375ac935717b4a2edccd1fdc,50911089,SELL,2453.28707071,0.0297000000
0x2de309ea217444f397e83164a1649b96fc1bd472,50911090,BUY,2455.73932578,0.0040500268
0x5cd85bd23051e21ff2bb468696a48f147a9071da,50911095,SELL,2453.28293333,0.0150000000
0x0f014545de76a29892b9319e5a4123b28299f33b,50911100,SELL,2453.28073311,0.0040685735
0x533ab12b913474d84cf4d83823360b77b9e8856e,50911101,BUY,2455.74005553,0.0407209223
0xf9066f2dc390f1d8a95c6fb7cdd8bb4ea1530dcf,50911101,SELL,2453.28391919,0.0495000000
0x0f26b8f936ddb85ba2ebac1ec4b6fb55c4efef79,50911106,BUY,2455.74401605,0.0000904386
0x824abda7e8bfcf47c543761c50bc7bf6756deda9,50911107,BUY,2455.73775633,0.0001525823
0xf9da49b600228cab30639d5cb1d10220bfe3aaee,50911110,SELL,2453.27777778,0.0039600000
0x73521a5bbfe586866295345b99962781fbc1345f,50911116,BUY,2455.73787488,0.0462862194
0x3d193f0986e98e5b53ac449348d01833bec79c59,50911116,BUY,2455.74462426,0.0130424079
0x8e66e074fa7a88463a75a365ac08124d4f3b7362,50911116,BUY,2455.74677993,0.0020091668
0x8e66e074fa7a88463a75a365ac08124d4f3b7362,50911116,BUY,2455.74689136,0.0007140687
0xae6bbb0ce3329e7e50d028a4c14db645e666688e,50911124,BUY,2455.74805545,0.0122162369
0xf04a2505afb967a1b4f43304e17994e94bdc13a1,50911125,BUY,2455.77401372,0.2170349275
0xc45f500f5d11309a0076c7ac6b96af8137249b28,50911126,BUY,2455.79928940,0.0060508797
0xcc1312ef7cc2896c503fa7bb2b2615db253f89d0,50911127,BUY,2456.29543518,4.3752392978
0x64ddc0430eec16dbf928e985177b5a93f4cb3d27,50911128,BUY,2456.81155830,0.1804001913
0x9f4313b2b9fe67d30c3482ed92805a54dffbaa36,50911128,SELL,2454.37561516,0.0015137439
0xd821359c0cefc9557ad058c2d4696ea1b8e5289f,50911130,BUY,2456.87036490,0.3414347016
0xf04a2505afb967a1b4f43304e17994e94bdc13a1,50911131,BUY,2457.05488744,1.2863479038
0x1222615a1a92827faf092f373bc7ebb4c49eb2a3,50911131,BUY,2457.21335526,0.1114224902
0x5284dd8f438ed8802c2d3f509fdc30b2c7260720,50911133,BUY,2457.23257063,0.0000647672
0x574be013006558d0a5682a6b0508f02d147377bf,50911134,BUY,2457.22664324,0.0056974801
0xfa4ed0653798b1603f8a48dfd6604c0e781bc053,50911145,SELL,2454.77013333,0.0037500000
0x3f980a57e5a2234cb2005beee4946838d3af64da,50911170,BUY,2457.22671845,0.0001009048
0x987c979c9e8e3d2b136e334b05f64f7562f28531,50911186,BUY,2457.24809695,0.1908199455
0x2d93c2f74b2c4697f9ea85d0450148aa45d4d5a2,50911186,SELL,2454.81196572,0.0098040853
0x2be5b44aef8b17439a468082bba4aace92eba4e3,50911187,BUY,2457.26760186,0.0008139122
0x2be5b44aef8b17439a468082bba4aace92eba4e3,50911187,BUY,2457.28399395,0.0000337368
0x1cd1eee26e61d2144bb9550b2543d2a3901e953e,50911188,BUY,2457.27676505,0.0798683953
0x0db9c77bcfb9529a9b30e77b111e9206d0fb2e6b,50911190,SELL,2454.82848485,0.0049500000
0x4e1b032a4673b66630e6471161952f03a99c6d45,50911191,BUY,2457.32147776,0.3244449297
0x09e5a47d9b8af58766dceeb7ddae8eda53fe8322,50911192,BUY,2457.35893864,0.0050847273
0x9320649bd68c04b0b8ac4668bcc74f74cfbb79bf,50911195,SELL,2454.90151515,0.0099000000
0x058e41960282a2c98cc3d17d60766cacb3a4dda1,50911195,BUY,2457.35826062,0.0090132625
0x9320649bd68c04b0b8ac4668bcc74f74cfbb79bf,50911197,SELL,2454.90131313,0.0099000000
0xafc1e7b68f3311bff2bf0f052f5d27b367cafe42,50911197,SELL,2454.89969107,0.0014423331
0xafc1e7b68f3311bff2bf0f052f5d27b367cafe42,50911197,SELL,2454.89020647,0.0000971791
0xafc1e7b68f3311bff2bf0f052f5d27b367cafe42,50911197,SELL,2454.89958392,0.0002785698
0xafc1e7b68f3311bff2bf0f052f5d27b367cafe42,50911197,BUY,2458.28806544,0.0000004629
0xafc1e7b68f3311bff2bf0f052f5d27b367cafe42,50911197,SELL,2454.89925588,0.0015000408
0xafc1e7b68f3311bff2bf0f052f5d27b367cafe42,50911197,SELL,2454.89886422,0.0042999592
0xafc1e7b68f3311bff2bf0f052f5d27b367cafe42,50911197,BUY,2457.37291251,0.0000072211
0x9320649bd68c04b0b8ac4668bcc74f74cfbb79bf,50911201,SELL,2454.89737374,0.0099000000
0xa971283289448b30188cec3f0e60ad92322e4970,50911203,BUY,2457.99200025,5.6341692368
0xf04a2505afb967a1b4f43304e17994e94bdc13a1,50911208,BUY,2458.68068645,0.4364198808
0xf5e135e22c64aeca87cd31a7d46b199fe9cbc394,50911214,BUY,2458.73071712,0.0043867813
0xbce58cc4a21bba0d080414e6c310d1ff3b9b693c,50911215,BUY,2458.73168450,0.0003935598
0x4ce63e379aea0756cb05c31cbc5ef48d1dc88331,50911215,BUY,2460.39651298,0.0000003455
0x8cc1665ee965345e79b132adb124782bad8c78e0,50911224,BUY,2458.75439637,0.2035212833
0x37cd2fe5816bb366194eaa66b137aa459c28b5cf,50911225,BUY,2458.78210196,0.0406705417
0xa971283289448b30188cec3f0e60ad92322e4970,50911233,BUY,2458.82480722,0.3356334756
0x2bd0d303861a9bef7a5a6596d8457c83b9d48b57,50911236,BUY,2458.89427472,0.2764671686
0xf04a2505afb967a1b4f43304e17994e94bdc13a1,50911238,BUY,2458.97428375,0.4284506487
0x2be5b44aef8b17439a468082bba4aace92eba4e3,50911239,BUY,2459.02302735,0.0008133311
0x2be5b44aef8b17439a468082bba4aace92eba4e3,50911239,BUY,2459.12391130,0.0000082688
0x15d8bda51d79274fd67a7e86f62338188b90709c,50911249,BUY,2459.06253135,0.3465963924
0xbb0e31d765ee8bd8982d3750e36aaf84d5ff0e9c,50911254,SELL,2456.64254908,0.0072580584
0x16006747b0a835296b1e3f57bd49dcce0189fd41,50911265,BUY,2459.10110728,0.0072587499
0x45c86f9ab3a4c81ef75bc96f3fbdc75f6ff8e230,50911276,SELL,2456.64222222,0.0099000000
0x8ba3badfe22d44378a42584f7b1d5af1ee7c3cec,50911284,SELL,2456.64017794,0.0080939297
0x90c91885173634408c1f1022bd4087449a83babd,50911286,SELL,2456.63707071,0.0198000000
0x2be5b44aef8b17439a468082bba4aace92eba4e3,50911299,BUY,2459.09343547,0.0008133079
0x2be5b44aef8b17439a468082bba4aace92eba4e3,50911299,BUY,2459.12173781,0.0000095408
0x3bf562ab55f09850053f9e6db0a36d4971a6e456,50911304,SELL,2456.63474747,0.0024750000
0x8cc1665ee965345e79b132adb124782bad8c78e0,50911311,BUY,2459.11610473,0.2034227465
0xbb0e31d765ee8bd8982d3750e36aaf84d5ff0e9c,50911314,SELL,2456.67893045,0.0153721174
0x6becf720ccf5120d528b892c1af081bc50761abc,50911322,BUY,2459.16841714,0.2902115658
0x88776fbd991c76aae24e12da906e47fc8be7aab2,50911327,BUY,2459.20206628,0.0009828127
0xd83e60d273fd0cb3b05c2611db940fecb7b6ca64,50911337,BUY,2459.20627200,0.0001522768
0xf04a2505afb967a1b4f43304e17994e94bdc13a1,50911339,BUY,2459.14672969,0.2039097326
0xae6bbb0ce3329e7e50d028a4c14db645e666688e,50911340,BUY,2459.17130064,0.0121992315
0xea9ca94b305dfe62dba7e9454858e487b6ac741a,50911342,SELL,2456.87839195,0.0446336316
0x1587874ff71aca687624ba7908498287ffd8bb49,50911342,BUY,2459.38447971,0.4611419318
0xc27a2b4bd5b374c3cb3c711e17901628824f8258,50911342,BUY,2459.44299776,0.0001124551
0xdcd33e3b1e4af29bb53eadf317f7ee7b2282913d,50911345,BUY,2459.98650724,4.8367076579
0xc066ac5d385419b1a8c43a0e146fa439837a8b8c,50911356,BUY,2460.53372825,0.0004064159
0x9e0552ff501f02872acd76f3ea42ccd017ee3a50,50911370,BUY,2460.53592571,0.0001777023
0x62253fb4b010925674cfb29da811be2c3ad4af42,50911385,SELL,2458.07214560,0.0120886297
0x2b30d3b611df04ec6e448b22985d2ed0ee9c9ecb,50911392,SELL,2458.07037037,0.0013500000
0xac480d97c4fe044872c12b6e0ef0b83840f1c5a6,50911396,BUY,2460.53160144,0.0008031549
0x83681c14770b44361e21faf91d8325423365ea5c,50911398,BUY,2460.56345326,0.0000174167
0x6abea4998f9ef34ee1cda5715ccca0e4d4efb730,50911403,BUY,2460.53274599,0.0188291938
0xb01caea8c6c47bbf4f4b4c5080ca642043359c2e,50911408,BUY,2460.54594378,0.0004064139
0x64f7b44f8b77fbb6b9e60c30cbb753ab682626e3,50911414,BUY,2460.54622111,0.0020320691
0x501ef174b66883ba40f92e6fb24bfb49331d4d4c,50911419,SELL,2458.02944240,0.0000049837
0x0000208d547a446ba9059cbb2cfcfbaead7d3fa3,50911429,SELL,2458.07603265,0.0725498913
0xd0a634c148e7e184281dcd3dccd6fa2642150453,50911429,SELL,2458.06592505,0.0164584231
0xd0a634c148e7e184281dcd3dccd6fa2642150453,50911429,SELL,2458.06256870,0.0130980429
0xb01caea8c6c47bbf4f4b4c5080ca642043359c2e,50911431,BUY,2460.52103340,0.0004064180
0xd157ea97098f0cf18281621f8e3c3943941cdadb,50911431,SELL,2458.03148653,0.0255098734
0xd157ea97098f0cf18281621f8e3c3943941cdadb,50911431,SELL,2458.01391880,0.1291977533
0x054f3688a0581bd1fe4839f4138aed23f6c663d7,50911431,SELL,2457.99910014,0.0013016339
0x0f014545de76a29892b9319e5a4123b28299f33b,50911439,SELL,2457.99821364,0.0036058012
0x04b436555dc69ea4bf8ba50d8c591e60443b3ff9,50911454,SELL,2457.96191919,0.0990000000
0x8ab3eb59c3bf3bdd98b379fa74c41111f070f955,50911458,SELL,2457.94272727,0.0099000000
0x048d2a26c9d60325e7b199299a38c7017ecd9a3c,50911466,BUY,2460.40267770,0.0105673759
0x048d2a26c9d60325e7b199299a38c7017ecd9a3c,50911466,BUY,2460.44883068,0.0000219582
0x616dec3b012ef85d887d6eebb0005cad5cf17bc2,50911472,SELL,2457.93515000,0.0800000000
0x54e2acab04c89a3fe02852bf8dd69ee8f526bc75,50911479,SELL,2457.92515115,0.0081369443
0xc2717dc0bdf61633331f97430caa30519fd0b665,50911484,BUY,2460.39629299,0.0000879342
0x1278c1e48e3c9548a5d9f2b16dc27ed311b0697c,50911499,SELL,2457.92665335,0.0044753166
0xd9dbdd82361b24729498711e732cf74e83923eb5,50911503,BUY,2460.59464318,0.4609152650
0x2d50c922e0f5872d17041508e12d00ccbce2f893,50911506,BUY,2461.13969783,0.3114755090
0xaea2f764c17c5e97d70381fc9dd82be9bf5bbe7b,50911506,BUY,2461.21057171,0.3114665680
0xe7a9317834b1436edf8ce311d617925db26dff64,50911521,BUY,2461.60979020,3.1216665572
0x048ef1062cbb39b338ac2685da72adf104b4cef5,50911521,BUY,2462.11142710,0.0042210060
0x6b06fd0181285dd1bd4b3cface9e4a6685de0c1a,50911530,SELL,2459.65218855,0.0742500000
0xb172dc0084342ba6223db8bf974f792e97cebf08,50911530,BUY,2462.13370761,0.3991487067
0x048ef1062cbb39b338ac2685da72adf104b4cef5,50911535,SELL,2459.71666652,0.0044721626
0xbbe06ea75813760ae2387276b64b592a4b6ce29f,50911549,BUY,2462.17829796,0.0027395477
0x2a7b7b953ee6d3e16d17eab320d06c8130ae7c26,50911553,SELL,2459.60790664,0.9639407690
0xd2dae6eb2f26a0407d1aadae75e6dd9b00d96653,50911578,SELL,2459.38799126,1.2597169007
0x52f9609e3a6e1897db00fc6e9adccb9ed00d1cb5,50911578,SELL,2459.16295241,0.7283625814
0x8ba3badfe22d44378a42584f7b1d5af1ee7c3cec,50911580,SELL,2458.99131727,0.1579892651
0x340373b2828710ef1bf78894bedb9101a1a19408,50911581,SELL,2458.89530303,0.0198000000
0x9b87f2f71148b73fec75a5b8edb56b3569b3bdb6,50911581,SELL,2458.86371343,0.2582517838
0x110f72913a6b509f4d7b566cc56de9ce216e51c6,50911582,SELL,2458.80530374,0.2558769501
0xf7ae6949406095a617ec22d496c75decc8f13358,50911585,SELL,2458.75777778,0.0099000000
0xf2d1aff8a41cdef7e06c8443866124184c3ef527,50911587,SELL,2458.68600403,0.6026684138
0xa00a566a69d241a789cd7cf0f29d4ba63f609a29,50911604,SELL,2458.56972561,0.2446888655
0xd83e60d273fd0cb3b05c2611db940fecb7b6ca64,50911606,BUY,2461.00324991,0.0012604705
0xa75ea297fda4c3a11f600d284d1934e0140f34eb,50911607,SELL,2458.54150000,0.0020000000
0xbb0e31d765ee8bd8982d3750e36aaf84d5ff0e9c,50911614,SELL,2458.54101683,0.0063147232
0x91ac95b0018faaf2db574b6ea877b83206681a48,50911620,BUY,2460.22133404,0.0000768711
0x9f0be71beb11892f3b566eab723fb5d7e980026a,50911635,BUY,2460.18989593,0.0686521651
0x2891d2f99bc447a591f06d896f5f72647aa1bc4c,50911642,SELL,2457.69304440,0.2030230818
0x54e2acab04c89a3fe02852bf8dd69ee8f526bc75,50911650,BUY,2460.13207880,0.0222126997
0x5b23bfbfc430ecd888bc91e96f957ec5f9b7f066,50911657,SELL,2457.45027374,1.9800000000
0xc27a2b4bd5b374c3cb3c711e17901628824f8258,50911657,BUY,2459.68903835,0.0000899313
0x824abda7e8bfcf47c543761c50bc7bf6756deda9,50911658,BUY,2459.71555721,0.0000293469
0x666ba0568e8856a2d1dea0e85314f2b7f2afcaef,50911660,BUY,2459.69622808,0.1020585124
0xae6bbb0ce3329e7e50d028a4c14db645e666688e,50911661,BUY,2459.70921035,0.0121965637
0x048ef1062cbb39b338ac2685da72adf104b4cef5,50911662,BUY,2459.71364083,0.0002003445
0x462eae21cbfb7466f8ac112f3678c4a7e455ad8f,50911663,BUY,2459.71490130,0.0373673993
0x41c5abfc235fd1ba1ec5af60ee19ae6a77e73904,50911668,BUY,2459.72047019,0.0105793822
0xcf5412704264151768b4b7061162154c99718f7c,50911680,SELL,2457.53635993,0.0010254420
0x1278c1e48e3c9548a5d9f2b16dc27ed311b0697c,50911728,SELL,2457.53383422,0.0122073599
0x048ef1062cbb39b338ac2685da72adf104b4cef5,50911738,SELL,2457.52994471,0.0004069122
0x34ed24663c2301d553e90cc12d74f45dd088e22d,50911747,SELL,2457.53053480,0.0044856871
0x0f014545de76a29892b9319e5a4123b28299f33b,50911756,SELL,2457.52931334,0.0055896985
0xdccbea1434bc64039e3783b9bba5e20a2509df46,50911761,BUY,2459.94884770,0.0002767411
0xbbe06ea75813760ae2387276b64b592a4b6ce29f,50911780,BUY,2460.08368375,0.0012923276
0x9f0be71beb11892f3b566eab723fb5d7e980026a,50911788,BUY,2460.16616841,0.2742834263
0xf04a2505afb967a1b4f43304e17994e94bdc13a1,50911795,BUY,2460.53175444,0.5901799123
0xd1e0b0c911609c4e83051d539837abac81cc4739,50911802,BUY,2460.72684438,0.7638010002
0x8854da34c95bb229b892d22a88f539498d14e001,50911806,BUY,2460.81930155,0.0489539402
0xa761c47da00486e1cf4667c01d39a65917621f25,50911819,BUY,2460.82789303,0.0265794159
0xd83e60d273fd0cb3b05c2611db940fecb7b6ca64,50911845,BUY,2461.39709052,0.0002935300
0xbb0e31d765ee8bd8982d3750e36aaf84d5ff0e9c,50911854,SELL,2458.69243330,0.0239876896
0x6ee62fb521531b587e79262d759dec8ce4fef341,50911871,BUY,2461.14778491,0.0040631449
0xbb0e31d765ee8bd8982d3750e36aaf84d5ff0e9c,50911914,SELL,2458.68483291,0.0329724196
0x978db60a9c968dda80ee2d23912216298e93f0f1,50911915,SELL,2458.55032380,1.1512193790
0x88776fbd991c76aae24e12da906e47fc8be7aab2,50911927,BUY,2460.89347324,0.0009794114
0x9320649bd68c04b0b8ac4668bcc74f74cfbb79bf,50911943,SELL,2458.43131313,0.0099000000
0x45c86f9ab3a4c81ef75bc96f3fbdc75f6ff8e230,50911944,SELL,2458.42909091,0.0099000000
0xee690b66ae7b57e2be694de1db3a37a5c211d69e,50911945,BUY,2460.88909946,0.0000495414
0xd24cbefd00375557a7c4138c78f0ed09d4005b3c,50911952,SELL,2458.39762020,0.2475000000
0x91bbf528ae4d464b1a8b78f0b0cc22d3bee5b0ed,50911964,SELL,2458.46939394,0.0099000000
0x031889d0fa51812502bf6ca5c94f5b870319d0cf,50911964,SELL,2458.46720892,0.0095179516
0xfa374de73bf033408a98c0bd461348699dd239ad,50911970,SELL,2458.46494181,0.0104415026
0x3675abef47fd08915031a1f924cb7f253df51278,50911970,SELL,2458.46128887,0.0215856704
0xbb0e31d765ee8bd8982d3750e36aaf84d5ff0e9c,50911974,SELL,2458.45416249,0.0410848665
0x901648073264db52846bfdedb4e98b96b48ae3e9,50911975,SELL,2458.32458182,1.1000000000
0x7bde79682ce6a80b96be4f1aee7a055e894663eb,50911976,SELL,2458.19635680,0.0287895500
0xd83e60d273fd0cb3b05c2611db940fecb7b6ca64,50911991,BUY,2460.65751464,0.0002057739
0x71c47c3c8e7abdf81c1f4ca02a8e4ae183d523a5,50912000,SELL,2458.19297615,0.0024345469
0xae7b373ebdf5d10a19911b00892f13497e7a72f6,50912022,SELL,2458.23056843,0.0199970799
0x433702256b464248dcbe403c1334757be4ed9f26,50912023,BUY,2461.04175635,0.0000023230
0x43370188473a398394e4ba4a7c7cbb2c6265e22a,50912027,BUY,2461.38870863,0.0000015410
0xcfcd99edcf3e0ac189757dbe2e36d0f021e49e35,50912048,BUY,2460.68665084,0.0000284343
0xf04a2505afb967a1b4f43304e17994e94bdc13a1,50912077,BUY,2460.84055800,0.2568802542
0xba49c4da38ed3ebc73320b730b21cb8dc4d1541b,50912082,BUY,2461.48396272,0.8255706906
0xba49c4da38ed3ebc73320b730b21cb8dc4d1541b,50912083,BUY,2461.61381955,0.3195577547
0x6679d32703321e4d79196ef63640983a1e167e0e,50912099,BUY,2461.65226790,0.0324984975
0x1278c1e48e3c9548a5d9f2b16dc27ed311b0697c,50912100,BUY,2461.65648921,0.0040620513
0x501ef174b66883ba40f92e6fb24bfb49331d4d4c,50912109,SELL,2459.19514086,0.0060995566
0x52652cc02ec71e8565a70e82f66b1066cf0152f2,50912110,SELL,2459.19211430,0.0203069678
0x55555cfddd37d8d82e06e0de90da9366ca3e31e8,50912118,SELL,2459.18821533,0.0000345748
0x55555cfddd37d8d82e06e0de90da9366ca3e31e8,50912119,SELL,2459.17601708,0.0000685600
0x55555cfddd37d8d82e06e0de90da9366ca3e31e8,50912119,SELL,2459.18475539,0.0001998841
0x55555cfddd37d8d82e06e0de90da9366ca3e31e8,50912124,SELL,2459.18828591,0.0024118401
0x55555cfddd37d8d82e06e0de90da9366ca3e31e8,50912124,SELL,2459.18592158,0.0000192926
0x55555cfddd37d8d82e06e0de90da9366ca3e31e8,50912127,SELL,2459.17319348,0.0000192756
0x55555cfddd37d8d82e06e0de90da9366ca3e31e8,50912129,BUY,2461.64951703,0.0005512986
0x55555cfddd37d8d82e06e0de90da9366ca3e31e8,50912129,SELL,2459.17819328,0.0000487826
0x55555cfddd37d8d82e06e0de90da9366ca3e31e8,50912129,BUY,2461.65259494,0.0001304014
0x55555cfddd37d8d82e06e0de90da9366ca3e31e8,50912129,SELL,2459.18326997,0.0001191949
0x55555cfddd37d8d82e06e0de90da9366ca3e31e8,50912129,SELL,2459.17996859,0.0000415264
0x55555cfddd37d8d82e06e0de90da9366ca3e31e8,50912129,BUY,2472.65880941,0.0000000817
0x55555cfddd37d8d82e06e0de90da9366ca3e31e8,50912134,SELL,2459.18631299,0.0005028342
0x55555cfddd37d8d82e06e0de90da9366ca3e31e8,50912134,SELL,2459.18396073,0.0003263570
0x34ed24663c2301d553e90cc12d74f45dd088e22d,50912135,SELL,2459.18533927,0.0080499585
0x55555cfddd37d8d82e06e0de90da9366ca3e31e8,50912139,SELL,2459.18252025,0.0009564711
0x55555cfddd37d8d82e06e0de90da9366ca3e31e8,50912142,SELL,2459.18073729,0.0002932814
0x55555cfddd37d8d82e06e0de90da9366ca3e31e8,50912142,SELL,2459.17452480,0.0000758234
0x55555cfddd37d8d82e06e0de90da9366ca3e31e8,50912143,BUY,2461.64547080,0.0001671321
0x55555cfddd37d8d82e06e0de90da9366ca3e31e8,50912143,SELL,2459.15120983,0.0000166204
0x55555cfddd37d8d82e06e0de90da9366ca3e31e8,50912143,SELL,2459.17670808,0.0000828237
0x55555cfddd37d8d82e06e0de90da9366ca3e31e8,50912143,SELL,2459.16167286,0.0000298398
0x55555cfddd37d8d82e06e0de90da9366ca3e31e8,50912143,BUY,2464.42662674,0.0000002491
0x55555cfddd37d8d82e06e0de90da9366ca3e31e8,50912144,SELL,2459.12480040,0.0000134755
0x55555cfddd37d8d82e06e0de90da9366ca3e31e8,50912144,BUY,2461.66395594,0.0000343711
0x55555cfddd37d8d82e06e0de90da9366ca3e31e8,50912144,SELL,2459.14836311,0.0000122831
0x55555cfddd37d8d82e06e0de90da9366ca3e31e8,50912144,BUY,2461.64667700,0.0003396194
0x55555cfddd37d8d82e06e0de90da9366ca3e31e8,50912150,SELL,2459.19269911,0.0006031797
0x55555cfddd37d8d82e06e0de90da9366ca3e31e8,50912150,BUY,2461.68203628,0.0000190833
0x55555cfddd37d8d82e06e0de90da9366ca3e31e8,50912150,SELL,2459.18710158,0.0000670417
0x55555cfddd37d8d82e06e0de90da9366ca3e31e8,50912150,SELL,2459.19395172,0.0004739464
0x55555cfddd37d8d82e06e0de90da9366ca3e31e8,50912151,SELL,2459.17783297,0.0000582130
0x292c08946571c600032912a7268ce5387139ec70,50912158,BUY,2461.74544015,0.7957849614
0x2d93c2f74b2c4697f9ea85d0450148aa45d4d5a2,50912160,SELL,2459.37384805,0.0037436370
0x7c40c792f376d2921854faa4c52985b906aae2f3,50912208,SELL,2459.35107890,0.1989530735
0x464fc339add314932920d3e060745bd7ea3e92ad,50912212,BUY,2461.70779602,0.0073119970
0x4be88c9e357ca6e0355042dc9168e059a5c722cc,50912213,SELL,2459.24525253,0.0198000000
0xb246505b741443e10c16a56c716e65914963438d,50912227,BUY,2461.70746115,0.0004784610
0x4ab6e6ce2c95cf2a1468295bf83d140df4022508,50912227,SELL,2459.10613389,0.2756740588
0xd056c0eee354b24fe7c5d4ee762c4d7574badac1,50912227,SELL,2459.06855619,0.0564813062
0x4e30b933c0cd88736aec5b32aaa054897c276061,50912229,BUY,2461.48310785,0.0037492571
0x4e30b933c0cd88736aec5b32aaa054897c276061,50912238,SELL,2458.45380516,0.0037494843
0x464fc339add314932920d3e060745bd7ea3e92ad,50912249,BUY,2460.89159540,0.0097525629
0x54e2acab04c89a3fe02852bf8dd69ee8f526bc75,50912251,BUY,2460.89486217,0.0186471363
0xd1f24c0f230ddb1818ae26e1daedd770c2d227fc,50912253,SELL,2458.40854980,0.2475335070
0x46565eedb0bb948ae787dd105cce300f736da28e,50912254,BUY,2460.84155171,0.0066254668
0x71d1be9180c6ed1dc402aa19f7fced5c6f0176f3,50912259,SELL,2458.38112518,0.0059766266
0x048ef1062cbb39b338ac2685da72adf104b4cef5,50912267,BUY,2460.88810782,0.0003641807
0xd782268f600403843484b70710daee6846fc0db8,50912269,SELL,2458.41863476,0.0595820667
0xc27a2b4bd5b374c3cb3c711e17901628824f8258,50912273,BUY,2460.87387588,0.0001728683
0xcdbe33f1fffcb1e429c3189fa096b1ecf3309458,50912292,SELL,2458.40343434,0.0247500000
0xf5f3ef3787a1c068c8cafef35f07fa784977bea1,50912293,BUY,2460.87475670,0.1219078700
0xbbe06ea75813760ae2387276b64b592a4b6ce29f,50912304,BUY,2460.88907201,0.0037522350
0x5bcff1fb37c66bf553e662f7e4e21cebfb3ec1cb,50912311,SELL,2458.42691919,0.0198000000
0x9f0be71beb11892f3b566eab723fb5d7e980026a,50912342,BUY,2460.89270567,0.0679181297
0x564af80460f6d4eb1f243e7a4fcf5dfe1ec87faf,50912354,SELL,2458.43898990,0.0099000000
0x564af80460f6d4eb1f243e7a4fcf5dfe1ec87faf,50912357,SELL,2458.43737374,0.0019800000
0x564af80460f6d4eb1f243e7a4fcf5dfe1ec87faf,50912357,SELL,2458.43686869,0.0019800000
0x564af80460f6d4eb1f243e7a4fcf5dfe1ec87faf,50912358,SELL,2458.43636364,0.0019800000
0x6919844d9feaf7de61da05a8b32920455f2b87b0,50912364,SELL,2458.43567046,0.0076748272
0x04247605e28b48251ddafa69a4376a55e4bcbefb,50912374,BUY,2460.89522051,0.0002762974
0x52652cc02ec71e8565a70e82f66b1066cf0152f2,50912388,SELL,2458.43255326,0.0203060909
0xb418d731b4fff733ab2d6abb9dc63b10c7c0a3f3,50912388,BUY,2461.26713922,3.3113561259
0x9bde3737f42d2924af57b0425bd394c95da7f1e9,50912393,SELL,2459.17900433,0.0277200000
0x03d9964f4d93a24b58c0fc3a8df3474b59ba8557,50912395,BUY,2461.63751343,0.0027966936
0xe79fc23723b0641050619ed29af64f7b451de1ce,50912404,SELL,2459.16979798,0.0594000000
0xf2d1aff8a41cdef7e06c8443866124184c3ef527,50912420,SELL,2459.14821776,0.1314946979
0xf2d1aff8a41cdef7e06c8443866124184c3ef527,50912420,SELL,2459.09799586,0.3125127646
0x3482d9a357ba687c57237ec1587e9f7484856f0e,50912421,BUY,2461.52700277,0.0303207826
0x3482d9a357ba687c57237ec1587e9f7484856f0e,50912421,BUY,2461.54601552,0.0000040117
0xa971283289448b30188cec3f0e60ad92322e4970,50912428,SELL,2459.02565224,0.3876562500
0x9f0be71beb11892f3b566eab723fb5d7e980026a,50912434,BUY,2461.45028431,0.0678949996
0x4b5c33c3c7a31bd108f5a99b64683b0056a62226,50912437,SELL,2458.99265567,0.0394373260
0x501ef174b66883ba40f92e6fb24bfb49331d4d4c,50912442,BUY,2461.44948450,0.0027053917
0x96d07513fad530ca141a78bcc53a479fc1d72d69,50912444,BUY,2461.52309465,0.6478299759
0x68c082421ac880c3d59594d5a0c47c0e69b80887,50912447,SELL,2459.13212121,0.0297000000
0x048ef1062cbb39b338ac2685da72adf104b4cef5,50912448,SELL,2459.12850229,0.0001789353
0xc954cf0726d274e56f5f41cf41d8e30b072f76a4,50912456,SELL,2459.02901196,0.8811471168
0x0f0067cd819cb8f20bda62046daff7a2b5c88280,50912456,SELL,2458.78775167,1.2440229922
0xa971283289448b30188cec3f0e60ad92322e4970,50912456,SELL,2458.62970651,0.1472270078
0xf2d1aff8a41cdef7e06c8443866124184c3ef527,50912456,SELL,2458.59722264,0.1387904964
0xf2d1aff8a41cdef7e06c8443866124184c3ef527,50912456,SELL,2458.56695886,0.1276274583
0xf04a2505afb967a1b4f43304e17994e94bdc13a1,50912456,SELL,2458.52816123,0.2139843750
0xf04a2505afb967a1b4f43304e17994e94bdc13a1,50912456,SELL,2458.45594074,0.4218750000
0xf265ab17ff7264f3673a64b738510c84cbccabd5,50912458,BUY,2460.86832001,0.0003575974
0x45c86f9ab3a4c81ef75bc96f3fbdc75f6ff8e230,50912462,SELL,2458.40696970,0.0099000000
0x428996ae1cd1d7649d0b8dfe24e823f063b4f368,50912464,BUY,2460.88371990,0.1548224310
0x7372e84887bd82fd9c0433f981c8a75972a59290,50912464,SELL,2458.43192628,0.0802788667
0xda404bb35b80f29b472e2094f1e643f10fb6fc36,50912466,SELL,2458.41155556,0.0990000000
0xda404bb35b80f29b472e2094f1e643f10fb6fc36,50912469,SELL,2458.38907071,0.0990000000
0xc0c0e4f7cb82c826a2596f50ae01cafeac61085d,50912470,SELL,2458.36658586,0.0990000000
0x52652cc02ec71e8565a70e82f66b1066cf0152f2,50912472,SELL,2458.30671702,0.4281933685
0x83ac83ae6a86f97a000c391a30ba13807d0708e6,50912475,BUY,2460.71842443,0.0010126169
0xc27a2b4bd5b374c3cb3c711e17901628824f8258,50912476,BUY,2460.73094494,0.0000772405
0x20db1ca67e7c2d0ac3d1f9bd4bdfb448ccb999bb,50912476,SELL,2458.25811455,0.0009358126
0x96c10db3d006b6e549796901faa83c67e4d54c96,50912476,SELL,2458.25436364,0.0330000000
0x3016506ee11656d0b192cd78e92fba00c3e0fa08,50912476,SELL,2458.24687879,0.0330000000
0xc724012a70e8fa9163bcac72767f4e0c56012dd8,50912476,SELL,2458.23936364,0.0330000000
0xf4e62acab8b86c3148ad1da11e56d387de84557b,50912483,SELL,2458.18195839,0.4727175090
0x23cdc9b13af476e64073b619f2a61d0600c98b47,50912483,SELL,2458.12820478,0.0006484934
0x05854d0c70d2f696fb3d9c0863100956b795e2ff,50912487,SELL,2458.09172137,0.3206280499
0x824abda7e8bfcf47c543761c50bc7bf6756deda9,50912490,BUY,2460.51858853,0.0001840128
0x8768462035983b52b0314ed297289be995e9e714,50912490,SELL,2457.94181300,1.0000000000
0x5eda278fe10cc808a7090f36eba4bbe842f729c8,50912501,SELL,2457.82820863,0.0005849668
0xe756fc75048de1553453afa4c30cfee0da23940d,50912501,BUY,2460.29127458,0.0002253607
0xa28669d95a6339da0b0216ae1683ef6f9edc2720,50912501,BUY,2460.28860626,0.0050204362
0xc27a2b4bd5b374c3cb3c711e17901628824f8258,50912501,BUY,2460.29962003,0.0000354623
0x9b6d34b3bb579f8fed1ae29e536c05fc2fe8f3d5,50912504,SELL,2457.82900444,0.0029733594
0xfc1919ea4fed965cae7461335397ea9623f3dd4d,50912507,BUY,2460.28955171,0.0005961237
0xc31b77fe8805a2fb18cbc0fb3f6d718d75cbd9c6,50912509,BUY,2460.28986076,0.0116858930
0x533ab12b913474d84cf4d83823360b77b9e8856e,50912514,BUY,2460.29575473,0.0406455199
0x8768462035983b52b0314ed297289be995e9e714,50912516,SELL,2457.72716200,1.0000000000
0x501ef174b66883ba40f92e6fb24bfb49331d4d4c,50912518,SELL,2457.60606877,0.0000895095
0x048ef1062cbb39b338ac2685da72adf104b4cef5,50912520,SELL,2457.61023841,0.0001220588
0x9e44ee0e13304ba993a0328d14cd66842927d3e8,50912520,SELL,2457.61242424,0.0099000000
0x610953fca72e5c22cca803e5f471c9a9bc81e6da,50912520,SELL,2457.61062839,0.0007198610
0x14adbc7ea094914aa9d9de96b7832915ffefe5f3,50912520,BUY,2460.36782988,0.0000006548
0x2b40229289cc22ccc482d086abb41ec762cc3f5b,50912520,BUY,2466.52447666,0.0000001301
0x9cbcda12971d2cc0df997c437cf4aa08a3f8a8c0,50912523,BUY,2460.07240254,0.0004554492
0x0f014545de76a29892b9319e5a4123b28299f33b,50912526,SELL,2457.61057590,0.0055790995
0x88776fbd991c76aae24e12da906e47fc8be7aab2,50912527,BUY,2460.06981940,0.0009770194
0x9972f4c1e53b5eeb9e2630a7dddb5d5bfbcac451,50912527,BUY,2460.07158328,0.0003255165
0x464fc339add314932920d3e060745bd7ea3e92ad,50912532,BUY,2460.07046012,0.0060973863
0x68c8bc38b8716810ab09d67b1fbe9c3a0e8723c3,50912543,SELL,2457.61126805,0.0037803411
0x7f2b58dde63168c8cb3a6a7b5ec193fc8e751cb6,50912543,BUY,2460.07327959,0.0262593804
0x54e2acab04c89a3fe02852bf8dd69ee8f526bc75,50912557,SELL,2457.61678988,0.0001220695
0x0cb44086039b0a996e8b29a7be2f647da466f8b9,50912571,SELL,2457.61605671,0.0059480190
0x13701f58031e900030fc78ffec9395c147df8275,50912574,BUY,2460.08107096,0.0543352480
0xc042e5f195435b4d8edaae8d520cbd65fccb3e68,50912575,BUY,2460.08875316,0.0132995096
0x824abda7e8bfcf47c543761c50bc7bf6756deda9,50912575,BUY,2460.09477200,0.0000445507
0x7f85e06020bdf0d909fa1dedcd18e3c6920a8344,50912579,BUY,2460.09061706,0.0022761836
0x7f85e06020bdf0d909fa1dedcd18e3c6920a8344,50912579,BUY,2460.09136583,0.0025895595
0x555ce236c0220695b68341bc48c68d52210cc35b,50912580,SELL,2457.28684203,3.0400957415
0x4fc08b528b0880d5e6ff99646565d8cc1438d1ac,50912580,BUY,2459.56712570,1.4651259737
0xf2d1aff8a41cdef7e06c8443866124184c3ef527,50912580,BUY,2459.74059152,0.0609683828
0x9e6e354a37bb58554c0ca1e87472d395468808fa,50912580,BUY,2459.83980757,0.8119877749
0xf2d1aff8a41cdef7e06c8443866124184c3ef527,50912580,BUY,2459.93475435,0.0226823101
0x6332685fb57d440b9812cc5f625376f8bee6eba1,50912581,BUY,2459.93777295,0.0019849640
0x2fcda703b41c0362af5745cdefa1917b7a3d9652,50912582,BUY,2459.95787343,0.1772585200
0x048ef1062cbb39b338ac2685da72adf104b4cef5,50912586,BUY,2459.99001509,0.1054641874
0x6098890f987b41287d64cf2ba4e173ca9c5ce75a,50912588,BUY,2460.01847323,0.1448657963
0xa3e26d513cbd41c37b26ed3da5b034a3e1dbdf20,50912589,BUY,2460.05312876,0.1599946413
0xc5b0b10005e58c70fe46f4c66feecb739f655d24,50912589,BUY,2460.08480249,0.1185972324
0xc2270067a24ccc201a51b9402bac365ddf773a48,50912593,BUY,2460.12258464,0.2137195741
0x611df6821fbf58ba1c482e6148cdf01ed2fbd0b3,50912593,BUY,2460.14753671,0.0040901718
0x468b83d6c8941115e9c61385aff8b71add5b8ce8,50912597,BUY,2460.15243066,0.0406478878
0xf5f3ef3787a1c068c8cafef35f07fa784977bea1,50912599,BUY,2461.38836198,0.0000004063
0xf3a5b9ab4004e1a59552623c99fde3b963ee6173,50912600,BUY,2460.15809624,0.0007871437
0xfc0eb530d7c701c7ec2f33abd04ca6313625738f,50912601,BUY,2460.40179797,2.1508677877
0xf2d1aff8a41cdef7e06c8443866124184c3ef527,50912601,BUY,2460.68253561,0.3178288270
0xa971283289448b30188cec3f0e60ad92322e4970,50912601,BUY,2460.71958731,0.0065541434
0xf2d1aff8a41cdef7e06c8443866124184c3ef527,50912601,BUY,2460.74445269,0.2134653578
0xf04a2505afb967a1b4f43304e17994e94bdc13a1,50912601,BUY,2460.82380765,0.4842352883
0xa971283289448b30188cec3f0e60ad92322e4970,50912601,BUY,2460.91567630,0.3234454056
0xc86818e2b099498c0772daa0791db7bfa92c2f15,50912602,BUY,2460.95332134,0.0002103457
0x1278c1e48e3c9548a5d9f2b16dc27ed311b0697c,50912605,SELL,2458.49143293,0.0008137698
0x8f1e021619e10e6e00848339189f63aa95eefa69,50912612,BUY,2460.95246889,0.0012190402
0x183376283448b6083df29ec6b1528139c06038b0,50912614,BUY,2460.95489553,0.0201141435
0x2d7bd4e7469a012ea56deec9530b77667089ad80,50912616,BUY,2461.12403907,1.4667569386
0x7acb9cbeb4de986a917267549cd1d6d131ed98a9,50912621,BUY,2461.36912755,0.6874954752
0x8e8e0bc0b1a187f0011e69024fbab427563ab5c0,50912623,BUY,2461.45146367,0.0359390528
0xe5a017e7979cca5ed54e9424cf6fb3a96cd81c11,50912628,BUY,2461.45931609,0.0331009290
0x6a6a7c42f235d86424c3a38efa409c0ca655f695,50912630,BUY,2461.58288678,1.0576928545
0x2c21a908ac7183ac6fa3e24006e3a44253ab1149,50912633,SELL,2459.24003143,0.0138162768
0xb7d18afc90b84585225cf599af45188b4d399ed4,50912636,BUY,2461.74059068,0.3620333236
0x983b7fad7ea96d28715c0694051fcf47ce9ad633,50912637,BUY,2461.79820814,0.1465437836
0xc31b77fe8805a2fb18cbc0fb3f6d718d75cbd9c6,50912646,BUY,2461.81532706,0.0017372875
0x0d96c15ad1333697b7d66b3ab681df310c509800,50912649,BUY,2462.01618659,1.7738542629
0xacdb2d4c3d048e32fa21b35d5edf339a554aef3a,50912654,BUY,2462.28465086,0.5952833181
0x98403460c1446f75eb994790bbfbf1a1e03f6872,50912654,BUY,2462.37338052,0.1876445602
0xd14602c85a25a4e520441c47a97a2c9da63ae1be,50912654,BUY,2462.42928436,0.3056321165
0x8bb3e054536e730867eb78151a7ac726d2142182,50912656,BUY,2462.49441391,0.2690166379
0xd47f280af706f13136bf2d6a355a7134c56fe769,50912670,SELL,2460.06250000,0.0000480000
0x40e3c7140393fda8e139f0d7bf740e972a79ae6e,50912690,BUY,2462.53315408,0.0727854160
0x5115114525475047bae8c42aec29bfe2a227db22,50912692,BUY,2462.54223950,0.0008733641
0x3ecf9447a053a4c639497b8853274c8bf06ef8de,50912692,SELL,2460.07742424,0.0198000000
0xc0ffeefc06e7d4abc67b8fdba7ef9100b0c85f5b,50912692,BUY,2462.57047802,0.0000094889
0x0306709029e47fe5ccf8e61bddf8dd055abfe84a,50912711,BUY,2462.53753827,0.0036465933
0xc31b77fe8805a2fb18cbc0fb3f6d718d75cbd9c6,50912724,BUY,2462.53879758,0.0074523581
0xafd08372f8631944c4b9eaac585a7cebd9f32e5b,50912727,SELL,2460.07656566,0.0099000000
0x27b224dd3a8a52cdb039e5e5c88f5e529fbc1fb0,50912729,SELL,2460.07422963,0.0108598105
0x7582802d44aa5885f208d759beb2b80c7c65b0df,50912731,SELL,2460.07200299,0.0087217370
0x824abda7e8bfcf47c543761c50bc7bf6756deda9,50912733,BUY,2462.53316018,0.0018980435
0x4003a42a8d1c0cd24a3e4f742c1fc78105b0139a,50912733,BUY,2472.85751629,0.0000000865
0x2327fc6eddb0229d23fcdffdcff7583ac684dc52,50912734,BUY,2462.63802083,0.9232228004
0x698dd6c03b50c3d4af12932a0388338bcdd3aaed,50912736,SELL,2460.27827943,0.0198240814
0xae1d42f8a0f9541306581a4a82289984fab599fb,50912739,SELL,2460.27514286,0.0070000000
0xafd08372f8631944c4b9eaac585a7cebd9f32e5b,50912749,SELL,2460.27333333,0.0099000000
0x8adec8ef07824240c48389dc73175749883ae954,50912750,SELL,2460.26566231,0.0580434773
0xc3a45fa7ccaa8ac2d79bf4b7ed3d66ce45996335,50912757,SELL,2460.25897786,0.0002109298
0x26518093c74f6a4f49900d267acb8db04c409614,50912770,SELL,2460.20799036,0.4512022322
0xf2d1aff8a41cdef7e06c8443866124184c3ef527,50912770,SELL,2460.09721183,0.5278313181
0xd83e60d273fd0cb3b05c2611db940fecb7b6ca64,50912771,BUY,2462.50068590,0.0002612507
0x44d83cc035a304300f5d93a7f42b261a09989981,50912773,SELL,2460.03244444,0.0450000000
0x4e30b933c0cd88736aec5b32aaa054897c276061,50912776,BUY,2462.48991467,0.0038660735
0x12284128317ea3eb7d7f1fa66ed2e66852220657,50912777,SELL,2460.02725762,0.0006890631
0xa803cf3e858d3cf5ed0749144bfff3e6c32c458d,50912779,SELL,2460.02418729,0.0343748238
0x1c991bd0dfe3c9a3635a995ae9d5f782aa91231a,50912788,SELL,2460.01988865,0.0024654862
0x83113a0febb6cf0627e2730fd96a5a0ebc361d30,50912788,SELL,2460.01717172,0.0227700000
0xcc4bc7882d5ec4a3716e589ab3d816b61ae47a1a,50912790,SELL,2460.00502826,0.0845463544
0xc27a2b4bd5b374c3cb3c711e17901628824f8258,50912791,BUY,2462.46144575,0.0001521835
0x272013922dc96c814f7ebaf6753c06eb353aaca9,50912791,SELL,2459.99426414,0.0100609039
0xcc2ba2b5e06f9d938546b8ceaf2c5f81be704907,50912796,SELL,2459.98993631,0.0287989422
0x4a991fb2eb27aafb4c7f38b8ccf80ac1d51f57ed,50912799,SELL,2459.92254662,0.5670910257
0x4e30b933c0cd88736aec5b32aaa054897c276061,50912801,BUY,2462.36119098,0.0000193339
0x98d9fdf9c7b268a970635640efd6540d74507b78,50912803,SELL,2459.85156934,0.0602508175
0x501ef174b66883ba40f92e6fb24bfb49331d4d4c,50912810,BUY,2462.30922458,0.0002147659
0xbf6ea5fad1ec60d036ecfa33082dd50107d2c4d3,50912819,BUY,2462.30692539,0.0031342811
0xbf6ea5fad1ec60d036ecfa33082dd50107d2c4d3,50912819,BUY,2462.30837606,0.0007595966
0x824abda7e8bfcf47c543761c50bc7bf6756deda9,50912824,BUY,2462.30806829,0.0007379710
0x14adbc7ea094914aa9d9de96b7832915ffefe5f3,50912825,BUY,2462.43911927,0.0000073383
0x15948c335d03edb4616d2c5588fbe07ef054fd28,50912826,BUY,2462.30891571,0.0002758651
0xd6ba972014d11a8e16c00b178afe62ab493d8c1b,50912826,BUY,2462.33062750,0.2030883950
0x88776fbd991c76aae24e12da906e47fc8be7aab2,50912827,BUY,2462.35467029,0.0009747572
0xf620c997dc8720808171c0d95852d327ab313933,50912827,BUY,2462.36338557,0.0841061889
0x0dfa768499c331acbd6df31887eca6f5860fbd6f,50912827,BUY,2462.37347906,0.0004725189
0x8cc1665ee965345e79b132adb124782bad8c78e0,50912829,SELL,2459.89735320,0.1229249821
0xd086d9b35673e31e170ce8dfd4cde868d0bad37a,50912829,SELL,2459.88336407,0.0007657148
0x45a5c35436c3fc0b37d4672284b026ac53ea2458,50912844,SELL,2459.88212121,0.0099000000
0x5e730ff2f09eefec4bfc9f8a4427281178d3fa30,50912846,SELL,2459.87989899,0.0099000000
0xc6eff2fc33d61beb3043fc5c80d3e7b89e8837e4,50912849,SELL,2459.87596000,0.0250000000
0xc848a7530ed12eb545a01eaa906de55f9491fb59,50912853,SELL,2459.82833838,0.3960000000
0x1278c1e48e3c9548a5d9f2b16dc27ed311b0697c,50912854,BUY,2462.24526334,0.0008122668
0xd7b396a6c532547000399cb30cb9f5495482ed86,50912855,BUY,2462.24586675,0.0023616037
0xd7b396a6c532547000399cb30cb9f5495482ed86,50912855,BUY,2462.24674956,0.0014304038
0x787ae9bfe394d4b012c95c40c7df780244977472,50912863,BUY,2462.24668098,0.0024957223
0x83681c14770b44361e21faf91d8325423365ea5c,50912866,SELL,2459.75284051,0.0000166517
0x824abda7e8bfcf47c543761c50bc7bf6756deda9,50912874,BUY,2462.24967312,0.0001296591
0x048ef1062cbb39b338ac2685da72adf104b4cef5,50912874,BUY,2462.24698979,0.0016245324
0x9081d8816b8116ab3e66d879640b690cb5ceb2ab,50912875,SELL,2459.77312004,0.0000742162
0xbd5a76237c894482a0feaaa7268f6d3df31e12fd,50912877,SELL,2459.78434343,0.0099000000
0xd127468833c2f90ab00404d062fa36e51b54af54,50912886,SELL,2459.77672414,0.0580000000
0x9320649bd68c04b0b8ac4668bcc74f74cfbb79bf,50912888,SELL,2459.76898990,0.0099000000
0x0a12e60c05c778941e108677231f872af5961eff,50912895,SELL,2459.76676768,0.0099000000
0xccaf35e73c5fe5fcf703846bbefd7d6ba7d06244,50912899,SELL,2459.70968687,0.4950000000
0xf9da49b600228cab30639d5cb1d10220bfe3aaee,50912909,SELL,2459.65303030,0.0019800000
0x0ec492d493fb1f48a924e113d1d6622fd00c3b8c,50912928,SELL,2459.50492269,1.3112939190
0x6e74dcf9bf077023b097a165c8814b5e5984b245,50912929,SELL,2459.35323232,0.0297000000
0x37cd2fe5816bb366194eaa66b137aa459c28b5cf,50912930,SELL,2459.34528737,0.0406672851
0xf04a2505afb967a1b4f43304e17994e94bdc13a1,50912936,SELL,2459.31834812,0.1975781250
0xdaf7de4da68208b236673eaf6c6376a2571bd22b,50912939,BUY,2461.75929828,0.0004533729
0xa971283289448b30188cec3f0e60ad92322e4970,50912941,SELL,2459.27548380,0.1823437500
0xf2d1aff8a41cdef7e06c8443866124184c3ef527,50912941,SELL,2459.23926666,0.1378754490
0xf04a2505afb967a1b4f43304e17994e94bdc13a1,50912942,SELL,2459.12137285,0.9046875000
0x8c0f73c5d0753b545ba3b484a3090e661e34b1e2,50912943,SELL,2459.01725022,0.0161115283
0x4e1f753f81ae14c05a91637dd0613f928fda6808,50912945,SELL,2459.00137759,0.1239228806
0xabecbfd3cd6f3f86de41d5afc653a206260c977b,50912947,SELL,2458.98649523,0.0072902340
0xfc1919ea4fed965cae7461335397ea9623f3dd4d,50912952,BUY,2461.44798112,0.0005494489
0x7f2b58dde63168c8cb3a6a7b5ec193fc8e751cb6,50912953,SELL,2458.97483077,0.0964155237
0x501ef174b66883ba40f92e6fb24bfb49331d4d4c,50912960,SELL,2458.96379700,0.0008133507
0x501ef174b66883ba40f92e6fb24bfb49331d4d4c,50912973,SELL,2458.96368429,0.0001789372
0x1278c1e48e3c9548a5d9f2b16dc27ed311b0697c,50912976,SELL,2458.95809574,0.0001789372
0x83ac83ae6a86f97a000c391a30ba13807d0708e6,50912978,BUY,2461.42492821,0.0023120445
0x02e378bea8f9f52d593b9f03c3f9ec046eb116a3,50912980,SELL,2458.96179112,0.0204640284
0x824abda7e8bfcf47c543761c50bc7bf6756deda9,50912998,BUY,2461.42052505,0.0004094619
0x0f26b8f936ddb85ba2ebac1ec4b6fb55c4efef79,50913000,BUY,2461.42066379,0.0009684241
0x1278c1e48e3c9548a5d9f2b16dc27ed311b0697c,50913000,SELL,2458.95947972,0.0001789375
0x501ef174b66883ba40f92e6fb24bfb49331d4d4c,50913001,SELL,2458.95947972,0.0001789375
0x8768462035983b52b0314ed297289be995e9e714,50913011,BUY,2461.52169682,0.8916543189
0x8cc1665ee965345e79b132adb124782bad8c78e0,50913012,BUY,2461.64570562,0.2031484360
0xa971283289448b30188cec3f0e60ad92322e4970,50913021,SELL,2459.17118760,0.3225000000
0xa971283289448b30188cec3f0e60ad92322e4970,50913040,SELL,2459.09024648,0.3932812500
0x6b63ebbf36a78e0d2161b762e5a5b06dfe5d215c,50913041,SELL,2459.01022315,0.3141145461
0xf04a2505afb967a1b4f43304e17994e94bdc13a1,50913046,SELL,2458.95496606,0.1728515625
0x2838edce0bab8b4850c637b3c48877b51fb1fed9,50913048,SELL,2458.88403372,0.4516742440
0xf04a2505afb967a1b4f43304e17994e94bdc13a1,50913048,SELL,2458.76240828,0.6192187500
0xf04a2505afb967a1b4f43304e17994e94bdc13a1,50913048,SELL,2458.67206809,0.1762500000
0xb86c26992f14bd4beecd8b42cb0303e0bd524d06,50913051,SELL,2458.57986595,0.6356694300
0xa971283289448b30188cec3f0e60ad92322e4970,50913051,SELL,2458.46478767,0.3777680700
0x36dd185be8ef0ead2195f76c6689a1dabde9dcf3,50913051,SELL,2458.35259511,0.6103068921
0x048ef1062cbb39b338ac2685da72adf104b4cef5,50913052,SELL,2458.28146144,0.0001789392
0xf04a2505afb967a1b4f43304e17994e94bdc13a1,50913056,SELL,2458.20077282,0.7265625000
0xa971283289448b30188cec3f0e60ad92322e4970,50913056,SELL,2458.09617585,0.1947656250
0x4a991fb2eb27aafb4c7f38b8ccf80ac1d51f57ed,50913056,SELL,2457.85839211,1.9000000000
0x98bc7a19be56c0244c9699181ee52266fc3c774e,50913075,BUY,2460.10316118,0.0075634405
0x83681c14770b44361e21faf91d8325423365ea5c,50913089,SELL,2457.58902283,0.0000023873
0x3d532d4975168fd83513c0dd0909bbb821be1aef,50913095,SELL,2457.63882828,0.0495000000
0x3a1f6bfc1c7a6997e276fa8942aa0f475d1f7bb1,50913099,SELL,2457.60000000,0.0000300000
0xcfd9b58b0c0dad97fd3e6e2f0b9010e756e11804,50913104,SELL,2457.58628683,0.4134601900
0x7a63c4f7435db0e26ca4bdfc9f5bc456a2407db9,50913104,SELL,2457.49152440,0.4215736574
0x0be17b95ce99866a1b6dbba47d4b7c693a8a3857,50913109,SELL,2457.40173462,0.3696705993
0xf04a2505afb967a1b4f43304e17994e94bdc13a1,50913109,SELL,2457.33771309,0.1945312500
0xa971283289448b30188cec3f0e60ad92322e4970,50913113,SELL,2457.28755556,0.2475000000
0x8a0f7342d8da780662ea365e045f874a3f882790,50913113,SELL,2457.19680188,0.5523428099
0xee28a8f82591be54c231f69149ab65d307c91653,50913113,SELL,2457.12789506,0.0549878215
0xdabe43dd061114f1593662f8230acf37d3966721,50913113,SELL,2457.08096992,0.3586015706
0xd2b54b1526d89dba3309a810009a7b1f6ea38d9d,50913121,BUY,2459.49985926,0.0042912310
0x88776fbd991c76aae24e12da906e47fc8be7aab2,50913127,BUY,2459.50084042,0.0009745327
0x9972f4c1e53b5eeb9e2630a7dddb5d5bfbcac451,50913127,BUY,2459.50260812,0.0003246876
0x50475cf586312f87724ac316668fe0e4095c8572,50913131,SELL,2457.03649832,0.0445500000
0xee28a8f82591be54c231f69149ab65d307c91653,50913134,SELL,2457.01480961,0.1466573879
0xd08327b02ec16cfc22b9d57acf53f3a472f3e42a,50913139,BUY,2459.47878887,0.1916503578
0xf04a2505afb967a1b4f43304e17994e94bdc13a1,50913142,BUY,2459.52149848,0.1842216152
0xd14602c85a25a4e520441c47a97a2c9da63ae1be,50913143,BUY,2459.60959606,0.5911175246
0xf04a2505afb967a1b4f43304e17994e94bdc13a1,50913143,BUY,2459.69583387,0.1678149413
0x3a26ea2b60623a69b96607118421e5080d631a28,50913146,SELL,2457.25441667,0.0120000000
0xa971283289448b30188cec3f0e60ad92322e4970,50913149,BUY,2459.78755533,0.6633107312
0xafd08372f8631944c4b9eaac585a7cebd9f32e5b,50913149,SELL,2457.40303030,0.0049500000
0xfc0eb530d7c701c7ec2f33abd04ca6313625738f,50913152,BUY,2460.11040561,2.1872197308
0x1e848086007ab64d1d0872d671fb37b4222ffcad,50913152,BUY,2460.39343416,0.3026684300
0xee28a8f82591be54c231f69149ab65d307c91653,50913154,SELL,2457.95138427,0.1466255819
0x0f13937d96e3d6669066dba1f74594e2318b8ae2,50913168,BUY,2460.39820093,0.0321656974
0x58899791276309f4e2e09f1603e55894dc136cea,50913168,SELL,2457.94203221,0.0001249562
0x731cf550ce3b70bb9a11d50ccf062692661b6e8c,50913180,BUY,2460.40275309,0.0076551715
0x0711de882846c873b7125facd54631358ad1699f,50913185,SELL,2457.94349414,0.0008859276
0x7372e84887bd82fd9c0433f981c8a75972a59290,50913185,BUY,2460.40888268,0.0000865885
0x1278c1e48e3c9548a5d9f2b16dc27ed311b0697c,50913192,SELL,2457.94355504,0.0001790114
0xd14602c85a25a4e520441c47a97a2c9da63ae1be,50913201,SELL,2457.90932006,0.3014062500
0xf04a2505afb967a1b4f43304e17994e94bdc13a1,50913201,SELL,2457.84228028,0.2892187500
0x09768a0de04f4994646b640ce74ab47a4aee14b0,50913205,SELL,2457.71462423,0.8354859505
0xfcab913452d4f7daa6fa7b09e5cf246cdaf62c8f,50913205,SELL,2457.59646074,0.2056510135
0xf04a2505afb967a1b4f43304e17994e94bdc13a1,50913206,SELL,2457.49301036,0.7059375000
0xf04a2505afb967a1b4f43304e17994e94bdc13a1,50913206,SELL,2457.39367155,0.1694531250
0xf04a2505afb967a1b4f43304e17994e94bdc13a1,50913206,SELL,2457.35250230,0.1933593750
0x3be22b314654c396a12c5e8d79abdd65aac3caaf,50913208,SELL,2457.32801723,0.0220966731
0xf04a2505afb967a1b4f43304e17994e94bdc13a1,50913211,SELL,2457.27113509,0.4795312500
0xb7782f063e9c37f2985fb120e862e154c6d4cf4e,50913213,SELL,2457.12676953,0.7928394050
0x82417135e1615e859673a4f1764991b72faf6023,50913213,SELL,2457.00000000,0.0000260000
0x29ceb6a69608c750227817340bae18e5f55e6fff,50913215,BUY,2459.49647440,0.0060568849
0x89d9d1d4c56bc467946e177386e42221a7a41fc1,50913219,BUY,2459.49820514,0.0093957145
0xc35867873cc8e58c5890abd56af99f9e3808d3a8,50913220,SELL,2457.02008816,0.1783339445
0x29ffb0d7339cf7671f2e2fa58d2a446c270db949,50913221,SELL,2456.99947781,0.0029389831
0xa971283289448b30188cec3f0e60ad92322e4970,50913229,SELL,2456.93282564,0.5850000000
0x6fc0ce28d7b077bd7ef13f63b4a8712b0aa759a9,50913230,SELL,2456.73385150,1.1690695731
0x666c0acd76483721b2e24d713c0ca298a5fafabe,50913230,SELL,2456.59423148,0.0617766044
0x5ab93ddc5ec0fb1d6a69574d38c77bb8a762e430,50913230,SELL,2456.55188388,0.3117018000
0xf9e83b90701a01786222fc12d75bcdb9f1506b76,50913230,SELL,2456.45169126,0.5721248592
0x6a6a7c42f235d86424c3a38efa409c0ca655f695,50913230,SELL,2456.36430740,0.1987877444
0xbb0e31d765ee8bd8982d3750e36aaf84d5ff0e9c,50913234,BUY,2458.80079406,0.0067443865
0xd056c0eee354b24fe7c5d4ee762c4d7574badac1,50913235,SELL,2456.33781770,0.0484076584
0xbefea1c9e6d0a95bf2a352ac1aa5ff1fadb01c8e,50913242,SELL,2456.23419069,0.8659009145
0x3b6d0911b2c093c973d3e220021a4881ec6e6ed6,50913242,BUY,2458.60232682,0.0000977714
0xf93e3b13103a22b49d272a8b638da0acfe79edd7,50913261,SELL,2456.13445081,0.0139624848
0x0f02e7f28e1865801ec70926c4b18e332e04afba,50913263,SELL,2456.13239548,0.0021113520
0x897f69ea23e16ffff0134ed69d155711538c171d,50913270,BUY,2458.59930661,0.0783326834
0x4c6e39e2d34790c3e17979b1ea3e828ba126ab72,50913280,BUY,2458.61869031,0.0000863046
0x731cf550ce3b70bb9a11d50ccf062692661b6e8c,50913286,SELL,2456.14935065,0.0069300000
0xf4c0063cd141e1f49a7c793ba0502cef4e41767e,50913291,SELL,2456.14344702,0.0458580064
0xb76455d6a7759cb4ea5bdfb1e940c6a15def4708,50913299,BUY,2458.60573197,0.0000952544
0xc27a2b4bd5b374c3cb3c711e17901628824f8258,50913310,BUY,2458.61176563,0.0000417736
0x824abda7e8bfcf47c543761c50bc7bf6756deda9,50913310,BUY,2458.61141490,0.0000610715
0x1eecd5469953d2c952564f503f36592b51b1248c,50913311,SELL,2456.13759406,0.0022285352
0xe2cad575ac456415c86c9d1eb7ad1c2d76a9e126,50913312,SELL,2456.13600000,0.0005000000
0x54e2acab04c89a3fe02852bf8dd69ee8f526bc75,50913321,BUY,2458.59819372,0.0220787004
0xf4c0063cd141e1f49a7c793ba0502cef4e41767e,50913323,SELL,2456.13358712,0.0802588060
0x7c0fef6c18e8494ffe2669ef691c4e5e8877717f,50913325,SELL,2456.08186375,0.3761162739
0x428996ae1cd1d7649d0b8dfe24e823f063b4f368,50913326,BUY,2458.50945606,0.1086600628
0x7c0fef6c18e8494ffe2669ef691c4e5e8877717f,50913334,SELL,2456.06013322,0.0330296139
0x4402dc898a46cefdfceecd245347c5b31c72bfbf,50913334,BUY,2458.51982023,0.0000623595
0x0bcf0b05f4bdbb7342f654ebc88f9219d10c7666,50913336,SELL,2456.05614667,0.0022607378
0x048ef1062cbb39b338ac2685da72adf104b4cef5,50913370,SELL,2456.06388857,0.0203577766
0xf0523316cf23ef167d874fa030b2214280e38ee6,50913370,BUY,2458.57729972,0.5096687796
0x7ad74bc13a79b7504864f1fc05cc6fa9a26780da,50913370,BUY,2458.64133489,0.0548152917
0xa8fb7801f2cded07f9c11117bda1a2857ba449c8,50913374,BUY,2458.64950997,0.0002306575
0x048ef1062cbb39b338ac2685da72adf104b4cef5,50913379,SELL,2456.18725863,0.0203567541
0xc550e73a39aaba568179579b9a1f8020ca376fcd,50913381,BUY,2458.64320856,0.0017806203
0x54e2acab04c89a3fe02852bf8dd69ee8f526bc75,50913384,SELL,2456.18468202,0.0040713478
0x40e3c7140393fda8e139f0d7bf740e972a79ae6e,50913385,BUY,2458.64346511,0.0088080811
0xc550e73a39aaba568179579b9a1f8020ca376fcd,50913387,BUY,2458.64549511,0.0006461924
0x21cca169b32063ae2b6f28998e44740ce6127a09,50913389,SELL,2456.18629076,0.0025269403
0xcef3d88c0e74796bd002d5ed4ed4e367662aacf3,50913389,BUY,2458.66056667,0.1457245513
0xcdbe33f1fffcb1e429c3189fa096b1ecf3309458,50913392,SELL,2456.21730640,0.0148500000
0x824abda7e8bfcf47c543761c50bc7bf6756deda9,50913407,BUY,2458.68303860,0.0000306558
0x6f00ca3af87bd880b9f12328554a5145c5c61791,50913407,BUY,2458.67680497,0.0001840575
0x048ef1062cbb39b338ac2685da72adf104b4cef5,50913418,SELL,2456.21451742,0.0024427834
0x54e2acab04c89a3fe02852bf8dd69ee8f526bc75,50913421,SELL,2456.21478026,0.0001221392
0x88776fbd991c76aae24e12da906e47fc8be7aab2,50913427,BUY,2458.67397528,0.0009735069
0x0dfa768499c331acbd6df31887eca6f5860fbd6f,50913427,BUY,2458.67441048,0.0004732298
0x7c40c792f376d2921854faa4c52985b906aae2f3,50913429,SELL,2456.16732237,0.4288482362
0x6b935558d64c18a5df8cdfa6bbd122e7cb255616,50913430,SELL,2456.11757576,0.0099000000
0x29e619b6006a97403990cc7da76bf23cf98aa2fb,50913441,SELL,2455.40290296,5.2394736349
0x987c979c9e8e3d2b136e334b05f64f7562f28531,50913441,SELL,2454.53742174,2.4073257587
0x9960bf9de3f01ecffed1d62c813e6e13e0888201,50913442,SELL,2454.26407160,0.0085438394
0x92c6a79f2130144b56f1e0b9ea86b9fc816a6133,50913442,SELL,2454.19107901,0.6368057000
0x629da79c6f759b2292ce09184eab5dbe14eac356,50913442,SELL,2454.04710573,0.6368057000
0xe78703fb1be73f268f0e0624b1a76726ab05a36b,50913443,SELL,2453.66148563,1.1071227400
0xc79b7dc1fc5af53833db4aaecef9e12bc9809004,50913443,SELL,2453.49506273,0.3675806700
0xf04a2505afb967a1b4f43304e17994e94bdc13a1,50913443,SELL,2453.39238813,0.5423437500
0x323c0a430ad398258e9260da0cf1ddf28badd87b,50913444,SELL,2453.29597537,0.3121155000
0xf04a2505afb967a1b4f43304e17994e94bdc13a1,50913444,SELL,2453.21865128,0.3731970000
0x48818282c88013ab9bf611448b2bb91e48ea87cf,50913458,BUY,2452.57809134,0.0039158871
0x000000c557fa9a96d66cd6371abde62d879d0e61,50913462,BUY,2452.58869550,0.0918782254
0x978db60a9c968dda80ee2d23912216298e93f0f1,50913463,BUY,2452.73756125,1.2218446883
0xf48596a808f4f67cbf8fc633ad688e32079ece7b,50913465,SELL,2450.42335626,0.0035907832
0x54e2acab04c89a3fe02852bf8dd69ee8f526bc75,50913472,SELL,2450.42285756,0.0008161857
0xbb0e31d765ee8bd8982d3750e36aaf84d5ff0e9c,50913473,BUY,2452.87675787,0.0151991929
0xf2d1aff8a41cdef7e06c8443866124184c3ef527,50913474,BUY,2452.90066348,0.1958040165
0x16ac592001cc6bd6dc8d2232281d3a191bce1908,50913474,BUY,2453.02126698,0.8682934016
0x16ac592001cc6bd6dc8d2232281d3a191bce1908,50913475,BUY,2453.16526892,0.4021664775
0xf2d1aff8a41cdef7e06c8443866124184c3ef527,50913476,BUY,2453.30202019,0.8042399039
0x89d9d1d4c56bc467946e177386e42221a7a41fc1,50913476,BUY,2453.39427811,0.0094773792
0xf04a2505afb967a1b4f43304e17994e94bdc13a1,50913477,BUY,2453.41821699,0.2018000631
0x41610a00cc45a649c85274273cbb72a5c57493b9,50913477,BUY,2453.56278218,1.0733017260
0x1d475c7c337db91bcf4c5475cfe07aa07d21a0b6,50913479,BUY,2453.69408880,0.0847550935
0xe27ff138f30e9584e10895b153dd848b208f7ba7,50913480,SELL,2451.25046951,0.0011812130
0x821cadbae24f8d99ffe6f9e94744f03ca2ac53b0,50913480,BUY,2453.71887777,0.1362624028
0x92f0001be3a27f8a31b0d0178b233809902eeb7a,50913481,BUY,2453.76495678,0.2701036426
0xc0131a74a61679d706e3e0b3c4c815c3cc08dbd9,50913482,BUY,2453.88558898,0.7937061613
0x7a6e8c39400556a324060620e5ede7b20c91325c,50913483,SELL,2451.52207912,0.0013698086
0xc13180b1a980b721b19e416dacacf4504af9ecae,50913483,SELL,2451.52182248,0.0008965933
0x048ef1062cbb39b338ac2685da72adf104b4cef5,50913483,SELL,2451.51949200,0.0002937240
0x1d475c7c337db91bcf4c5475cfe07aa07d21a0b6,50913486,BUY,2454.01700953,0.3702635901
0x04e4b1e0ef24cafa40980e7dd138f6397a300ac7,50913487,BUY,2454.06889084,0.0871535053
0x4337015333e7c8a3c5af4acd2c4aa4befb0d663c,50913488,BUY,2454.25048670,0.0000015410
0xf04a2505afb967a1b4f43304e17994e94bdc13a1,50913488,BUY,2454.13165408,0.4668890917
0x21299b954e937a13fdd4b4b790887ad944251a7a,50913489,BUY,2454.18636149,0.0162986807
0x331d9a049d496385998067abf6cbb6371c8d2466,50913490,BUY,2454.19823710,0.0884957807
0x6b935558d64c18a5df8cdfa6bbd122e7cb255616,50913493,SELL,2451.75382395,0.0069300000
0x9aec386bbde7b8863e7fc343251fef3cbe4336e9,50913493,SELL,2451.70007122,0.4689267095
0x2f9994048ee63271f5beb337c902b74b93a0136a,50913494,SELL,2451.64621212,0.0066000000
0x29e619b6006a97403990cc7da76bf23cf98aa2fb,50913501,SELL,2451.27176115,3.3014301153
0xf2d1aff8a41cdef7e06c8443866124184c3ef527,50913501,SELL,2450.88455981,0.1187589456
0xdc251ec95c99971739eed1f93e4c10f8f0821037,50913510,SELL,2450.83016091,0.3618191469
0xfe0322f79a2b345ce38899837bc2b20dbb829873,50913514,SELL,2450.76119596,0.2475000000
0x048ef1062cbb39b338ac2685da72adf104b4cef5,50913518,SELL,2450.73201106,0.0001224095
0x9f0be71beb11892f3b566eab723fb5d7e980026a,50913525,BUY,2453.20037247,0.1291359852
0x9729585607568dcbf1f5f3802afbf5b221702932,50913532,SELL,2450.76202827,0.0021072205
0x9f0be71beb11892f3b566eab723fb5d7e980026a,50913532,BUY,2453.22913187,0.1288251081
0x981e3e4e6512894ee9ffe1c976d446c0c51b1328,50913532,SELL,2450.78326340,0.0691772400
0x9f0be71beb11892f3b566eab723fb5d7e980026a,50913537,BUY,2453.24995408,0.1931284577
0x048ef1062cbb39b338ac2685da72adf104b4cef5,50913542,SELL,2450.81742379,0.0002856239
0x9f0be71beb11892f3b566eab723fb5d7e980026a,50913543,BUY,2453.30803257,0.3198161925
0x9f0be71beb11892f3b566eab723fb5d7e980026a,50913550,BUY,2453.38041369,0.3188453134
0xc46335fc1b3a4d75c79ac565cfb50565c858f62f,50913555,BUY,2453.41677268,0.0010172573
0x9f0be71beb11892f3b566eab723fb5d7e980026a,50913557,BUY,2453.44575315,0.2558056603
0x75c1e7e3945d8572ce53b85c23592b737fd07d93,50913560,BUY,2453.53907370,0.5678009003
0x05854d0c70d2f696fb3d9c0863100956b795e2ff,50913561,BUY,2453.60389933,0.0036050790
0xf04a2505afb967a1b4f43304e17994e94bdc13a1,50913563,BUY,2453.66515840,0.5376747220
0xd0d08887e8a5b16049534a7f3fc1de92848f5bea,50913565,BUY,2453.72832469,0.0196450436
0xf04a2505afb967a1b4f43304e17994e94bdc13a1,50913568,BUY,2453.78982747,0.5231424520
0xf04a2505afb967a1b4f43304e17994e94bdc13a1,50913568,BUY,2453.86918494,0.1770727575
0x7f2b58dde63168c8cb3a6a7b5ec193fc8e751cb6,50913573,BUY,2453.92999861,0.0315412420
0x12c51473ecec31920552b2cefc96f7c3ccf1dacd,50913573,BUY,2453.95849529,0.2198664008
0x4a991fb2eb27aafb4c7f38b8ccf80ac1d51f57ed,50913579,BUY,2453.98452142,0.0097800128
0x744d6e01c2b44e53c73ed0d75b06b5090af05dd1,50913580,BUY,2453.98835962,0.0002634805
0x3f6fd56cc1f00e72822331f6efba37a1ee78a544,50913584,BUY,2453.98645490,0.0038200382
0x697021c56fa9964db42b7478efc5ec4634c753f4,50913586,BUY,2453.98780263,0.0110024997
0x60c9353c14ddacc7313c3bfce8bf98747f533d78,50913588,SELL,2451.53106677,0.0405900000
0xe412450bc6f1c2b76974b7401b563e5dbfac8f3d,50913593,SELL,2451.54047267,0.0004250340
0xa971283289448b30188cec3f0e60ad92322e4970,50913604,BUY,2454.02920487,0.2967249459
0xa971283289448b30188cec3f0e60ad92322e4970,50913605,BUY,2454.09388424,0.2739898356
0xd14602c85a25a4e520441c47a97a2c9da63ae1be,50913606,BUY,2454.14637887,0.1898466065
0x6ec9418e1df3b50efe9780a36058f25a44255bfa,50913610,BUY,2454.52964522,3.1966932000
0x6e2c48e40dc605cba0b2e2b46e394a3c77b0fa48,50913611,BUY,2454.89919041,0.0679629728
0xebc2ec61954c46ac9ab903752c58148da4c2d0fe,50913611,BUY,2454.92266863,0.1395268569
0x45f2042f4f06daf288e18c60f875f0c37054d352,50913611,BUY,2454.93927545,0.0064665408
0x9c08584327cb1ba8f58398d108f2262a314a2328,50913611,BUY,2454.94108930,0.0101378050
0x9c08584327cb1ba8f58398d108f2262a314a2328,50913611,BUY,2454.94308296,0.0065746856
0xb130a459e0c132265f370bf62916930a33e1e396,50913611,BUY,2454.94433978,0.0053865995
0xd9e13d843cb632223ca420274cb44ba6ba4b6fd1,50913611,BUY,2454.95027494,0.0471895008
0xd9e13d843cb632223ca420274cb44ba6ba4b6fd1,50913611,BUY,2454.96057337,0.0436113986
0x93ff4110d04f55d6cce4accdaea8dbde8c65786b,50913611,BUY,2454.96609647,0.0041144560
0x0bc3a5bbaae80d5ca6d208ddd94889527d4aad26,50913624,SELL,2452.50987995,0.0189990121
0xdbc7bb6ac01fff862f9f0c4474a70df15238a4ed,50913654,SELL,2452.50523232,0.0495000000
0x59bbcc7abcb76cc6a9f0f65ffb5f7408c00a306b,50913656,SELL,2452.49850670,0.0100270940
0x1278c1e48e3c9548a5d9f2b16dc27ed311b0697c,50913673,SELL,2452.49733864,0.0003058107
0x83681c14770b44361e21faf91d8325423365ea5c,50913676,SELL,2452.49051760,0.0001131507
0x1278c1e48e3c9548a5d9f2b16dc27ed311b0697c,50913725,BUY,2454.95771206,0.0002915183
0x88776fbd991c76aae24e12da906e47fc8be7aab2,50913727,BUY,2454.95819952,0.0009736259
0x9972f4c1e53b5eeb9e2630a7dddb5d5bfbcac451,50913727,BUY,2454.95997019,0.0003243845
0x501ef174b66883ba40f92e6fb24bfb49331d4d4c,50913729,BUY,2454.95893540,0.0002058707
0x72736cae12928e8f8310697d74846ce3cf8dba45,50913731,BUY,2454.95795671,0.0038851777
0x1278c1e48e3c9548a5d9f2b16dc27ed311b0697c,50913734,BUY,2454.95887093,0.0008665465
0xe55070656514343984cfbc5ab465ab0075db0170,50913736,BUY,2454.96549835,0.0611006550
0x82e1ff9cc4a4b2e323177006fce9b93703930d18,50913737,SELL,2452.48559562,0.0000210399
0xd83e60d273fd0cb3b05c2611db940fecb7b6ca64,50913740,BUY,2454.98111816,0.0000517719
0x501ef174b66883ba40f92e6fb24bfb49331d4d4c,50913741,BUY,2454.97257534,0.0006191075
0x721e66687e03954d2d2303574c82db70285085a3,50913742,BUY,2454.97329547,0.0065173825
0x82e1ff9cc4a4b2e323177006fce9b93703930d18,50913745,SELL,2452.50352754,0.0000204289
0xc27a2b4bd5b374c3cb3c711e17901628824f8258,50913749,BUY,2454.97715101,0.0002600399
0xa19af1e663b9cbcda34ea45b858fca0527fc11ae,50913750,SELL,2452.51854150,0.0098953490
0xa28669d95a6339da0b0216ae1683ef6f9edc2720,50913753,BUY,2454.97252058,0.0047345927
0xd83e60d273fd0cb3b05c2611db940fecb7b6ca64,50913754,BUY,2454.97322481,0.0022280353
0x2a90fd5352ba33b436d3adb195011864a5049511,50913787,BUY,2456.74830410,0.1125519772
0x2a90fd5352ba33b436d3adb195011864a5049511,50913790,BUY,2456.77524550,0.1250398275
0x586eb1950b87bb4c9a80561d154d779c4ad872f8,50913791,BUY,2456.78945766,0.0003581911
0x574be013006558d0a5682a6b0508f02d147377bf,50913793,SELL,2454.33075633,0.0225277501
0x3083b4ef585cadeddfa521ac8ad8c9eefa127992,50913799,SELL,2454.32796019,0.0011078031
0x3083b4ef585cadeddfa521ac8ad8c9eefa127992,50913799,SELL,2454.32119030,0.0001161841
0xc27a2b4bd5b374c3cb3c711e17901628824f8258,50913801,BUY,2456.78466612,0.0012304652
0x22132a8a6b5c9335c7c6603b813536756d892e07,50913804,SELL,2454.32690140,0.0003216609
0x47273b6a561be6b81e5007ae21166fecb6aca163,50913808,BUY,2456.78660303,0.0198114850
0x54e2acab04c89a3fe02852bf8dd69ee8f526bc75,50913814,SELL,2454.33171649,0.0081488577
0x54e2acab04c89a3fe02852bf8dd69ee8f526bc75,50913821,SELL,2454.32987148,0.0081488639
0xee690b66ae7b57e2be694de1db3a37a5c211d69e,50913837,BUY,2456.82928584,0.0000101887
0x048ef1062cbb39b338ac2685da72adf104b4cef5,50913837,SELL,2454.32466745,0.0081488811
0xecca0eab42bcdc7823a10d4562c4d918a404948b,50913840,BUY,2456.78046600,0.0012467431
0xc27a2b4bd5b374c3cb3c711e17901628824f8258,50913842,BUY,2456.78527630,0.0000543185
0x19450158d1bda08ee4d13a729e1dd934387057c1,50913842,BUY,2456.78654130,0.0558075859
0x048ef1062cbb39b338ac2685da72adf104b4cef5,50913843,SELL,2454.33570994,0.0081488873
0x7f2b58dde63168c8cb3a6a7b5ec193fc8e751cb6,50913849,BUY,2456.79185557,0.0074080350
0x048ef1062cbb39b338ac2685da72adf104b4cef5,50913849,SELL,2454.33551166,0.0081488504
0x613a9792ebb8e2d8f690953d7f0754ef702761d7,50913853,SELL,2454.33386883,0.0070943339
0x54e2acab04c89a3fe02852bf8dd69ee8f526bc75,50913856,SELL,2454.33203142,0.0081488510
0x740044895a9bbc4a29f3adae77fcdf51f3723ab1,50913869,BUY,2456.78624874,0.0053969005
0x1278c1e48e3c9548a5d9f2b16dc27ed311b0697c,50913869,SELL,2454.32955763,0.0081488686
0x1278c1e48e3c9548a5d9f2b16dc27ed311b0697c,50913875,SELL,2454.31973143,0.0081488706
0x574be013006558d0a5682a6b0508f02d147377bf,50913877,SELL,2454.31792871,0.0069724056
0xd83e60d273fd0cb3b05c2611db940fecb7b6ca64,50913878,BUY,2456.77587477,0.0003404271
0x14adbc7ea094914aa9d9de96b7832915ffefe5f3,50913878,BUY,2456.77706465,0.0000194812
0xc27a2b4bd5b374c3cb3c711e17901628824f8258,50913880,BUY,2456.77654593,0.0000747101
0x824abda7e8bfcf47c543761c50bc7bf6756deda9,50913881,BUY,2456.77637100,0.0002737140
0x048ef1062cbb39b338ac2685da72adf104b4cef5,50913881,SELL,2454.31643989,0.0081489036
0x048ef1062cbb39b338ac2685da72adf104b4cef5,50913898,SELL,2454.31129670,0.0081489255
0x6ec9418e1df3b50efe9780a36058f25a44255bfa,50913900,SELL,2454.25444370,0.4945995735
0x4e30b933c0cd88736aec5b32aaa054897c276061,50913903,BUY,2456.65518203,0.0031002043
0xcdd75ce0861ff22193ebb335d180620d557b45f7,50913904,SELL,2454.12848800,0.6250000000
0x1278c1e48e3c9548a5d9f2b16dc27ed311b0697c,50913904,SELL,2454.05680642,0.0081489316
0xcb5b28eb105f46d4a4f7a2023966613aa72f9842,50913917,SELL,2454.05543151,0.0047657701
0xa7ec4067ed7139cf5012406331ba69ebe94e8e11,50913920,SELL,2454.05481798,0.0006605557
0x55555cfddd37d8d82e06e0de90da9366ca3e31e8,50913921,SELL,2454.05350764,0.0005958974
0x55555cfddd37d8d82e06e0de90da9366ca3e31e8,50913921,SELL,2454.05317975,0.0004166707
0x55555cfddd37d8d82e06e0de90da9366ca3e31e8,50913921,BUY,2456.51162676,0.0002114771
0x55555cfddd37d8d82e06e0de90da9366ca3e31e8,50913922,SELL,2454.05100150,0.0001091534
0x55555cfddd37d8d82e06e0de90da9366ca3e31e8,50913922,BUY,2456.55864626,0.0000156683
0x55555cfddd37d8d82e06e0de90da9366ca3e31e8,50913922,SELL,2454.04667193,0.0000879164
0x55555cfddd37d8d82e06e0de90da9366ca3e31e8,50913922,SELL,2454.03877789,0.0000067892
0x55555cfddd37d8d82e06e0de90da9366ca3e31e8,50913922,SELL,2454.00431689,0.0000096035
0x55555cfddd37d8d82e06e0de90da9366ca3e31e8,50913922,BUY,2485.59428395,0.0000000330
0x55555cfddd37d8d82e06e0de90da9366ca3e31e8,50913922,SELL,2454.04890311,0.0000121428
0x55555cfddd37d8d82e06e0de90da9366ca3e31e8,50913922,SELL,2453.96810024,0.0000090845
0x501ef174b66883ba40f92e6fb24bfb49331d4d4c,50913923,SELL,2454.05420722,0.0024449334
0x83ac83ae6a86f97a000c391a30ba13807d0708e6,50913923,BUY,2456.51059469,0.0006257510
0x55555cfddd37d8d82e06e0de90da9366ca3e31e8,50913924,SELL,2454.04391615,0.0000544901
0x55555cfddd37d8d82e06e0de90da9366ca3e31e8,50913924,BUY,2456.52346229,0.0000338238
0x55555cfddd37d8d82e06e0de90da9366ca3e31e8,50913924,SELL,2454.05367869,0.0000558203
0x55555cfddd37d8d82e06e0de90da9366ca3e31e8,50913925,SELL,2454.03890151,0.0000447805
0x55555cfddd37d8d82e06e0de90da9366ca3e31e8,50913925,BUY,2456.51290399,0.0003403320
0x55555cfddd37d8d82e06e0de90da9366ca3e31e8,50913925,SELL,2454.05324798,0.0012614665
0x4e30b933c0cd88736aec5b32aaa054897c276061,50913926,BUY,2456.65571984,0.0000077512
0x55555cfddd37d8d82e06e0de90da9366ca3e31e8,50913926,SELL,2454.05305113,0.0005649177
0x55555cfddd37d8d82e06e0de90da9366ca3e31e8,50913926,SELL,2454.05255629,0.0007260264
0x55555cfddd37d8d82e06e0de90da9366ca3e31e8,50913926,SELL,2454.00277498,0.0000161349
0x55555cfddd37d8d82e06e0de90da9366ca3e31e8,50913928,SELL,2454.05265741,0.0005737538
0x55555cfddd37d8d82e06e0de90da9366ca3e31e8,50913928,SELL,2454.04653857,0.0000409467
0x501ef174b66883ba40f92e6fb24bfb49331d4d4c,50913928,SELL,2454.05300918,0.0024449337
0x4738d4b302a8b30f128b8fc148d430b45a4e3c04,50913929,BUY,2456.50980278,0.0085100047
0x55555cfddd37d8d82e06e0de90da9366ca3e31e8,50913929,SELL,2454.04547027,0.0001054817
0x55555cfddd37d8d82e06e0de90da9366ca3e31e8,50913929,SELL,2454.05191116,0.0003104095
0x55555cfddd37d8d82e06e0de90da9366ca3e31e8,50913929,SELL,2454.04021604,0.0000168029
0x55555cfddd37d8d82e06e0de90da9366ca3e31e8,50913929,SELL,2454.05223455,0.0002098818
0x55555cfddd37d8d82e06e0de90da9366ca3e31e8,50913929,BUY,2467.25928801,0.0000000835
0x824abda7e8bfcf47c543761c50bc7bf6756deda9,50913929,BUY,2456.51111238,0.0031193574
0x55555cfddd37d8d82e06e0de90da9366ca3e31e8,50913930,SELL,2454.03363063,0.0000372990
0x55555cfddd37d8d82e06e0de90da9366ca3e31e8,50913930,SELL,2454.05469021,0.0004372233
0x55555cfddd37d8d82e06e0de90da9366ca3e31e8,50913930,BUY,2456.52219247,0.0000508357
0x55555cfddd37d8d82e06e0de90da9366ca3e31e8,50913930,SELL,2454.05130261,0.0000388252
0x55555cfddd37d8d82e06e0de90da9366ca3e31e8,50913931,SELL,2454.05158518,0.0001158672
0x55555cfddd37d8d82e06e0de90da9366ca3e31e8,50913931,BUY,2456.51316382,0.0002836810
0x55555cfddd37d8d82e06e0de90da9366ca3e31e8,50913931,SELL,2454.05409721,0.0001254182
0x55555cfddd37d8d82e06e0de90da9366ca3e31e8,50913933,SELL,2454.05395164,0.0001449190
0x55555cfddd37d8d82e06e0de90da9366ca3e31e8,50913933,BUY,2456.51174098,0.0002823825
0x55555cfddd37d8d82e06e0de90da9366ca3e31e8,50913933,SELL,2454.05521299,0.0001248138
0xd83e60d273fd0cb3b05c2611db940fecb7b6ca64,50913933,BUY,2456.51242720,0.0005628541
0x83ac83ae6a86f97a000c391a30ba13807d0708e6,50913933,BUY,2456.51344809,0.0001918101
0x83ac83ae6a86f97a000c391a30ba13807d0708e6,50913933,BUY,2456.51184153,0.0028410154
0x55555cfddd37d8d82e06e0de90da9366ca3e31e8,50913934,SELL,2454.05004858,0.0000302598
0x55555cfddd37d8d82e06e0de90da9366ca3e31e8,50913934,SELL,2454.05107642,0.0000243434
0x55555cfddd37d8d82e06e0de90da9366ca3e31e8,50913934,BUY,2472.57444712,0.0000000578
0x55555cfddd37d8d82e06e0de90da9366ca3e31e8,50913934,SELL,2454.05120902,0.0001259509
0x55555cfddd37d8d82e06e0de90da9366ca3e31e8,50913934,BUY,2456.51281355,0.0005524535
0x55555cfddd37d8d82e06e0de90da9366ca3e31e8,50913935,SELL,2454.05526245,0.0004703077
0x55555cfddd37d8d82e06e0de90da9366ca3e31e8,50913935,SELL,2454.05536135,0.0001059312
0x55555cfddd37d8d82e06e0de90da9366ca3e31e8,50913935,SELL,2454.05530926,0.0005555808
0x55555cfddd37d8d82e06e0de90da9366ca3e31e8,50913946,BUY,2456.51229522,0.0004699630
0x55555cfddd37d8d82e06e0de90da9366ca3e31e8,50913946,SELL,2454.05436917,0.0008354644
0x55555cfddd37d8d82e06e0de90da9366ca3e31e8,50913946,SELL,2454.05425965,0.0018528788
0x55555cfddd37d8d82e06e0de90da9366ca3e31e8,50913947,SELL,2454.04801831,0.0001254486
0x55555cfddd37d8d82e06e0de90da9366ca3e31e8,50913947,SELL,2454.02814663,0.0000284064
0x19450158d1bda08ee4d13a729e1dd934387057c1,50913950,SELL,2454.05186869,0.0198000000
0x55555cfddd37d8d82e06e0de90da9366ca3e31e8,50913950,SELL,2454.02914862,0.0000427831
0x55555cfddd37d8d82e06e0de90da9366ca3e31e8,50913950,SELL,2454.04784294,0.0003828340
0x55555cfddd37d8d82e06e0de90da9366ca3e31e8,50913951,SELL,2454.04475755,0.0000744913
0x55555cfddd37d8d82e06e0de90da9366ca3e31e8,50913951,SELL,2454.03581774,0.0000406058
0x55555cfddd37d8d82e06e0de90da9366ca3e31e8,50913951,BUY,2458.31962214,0.0000003287
0x55555cfddd37d8d82e06e0de90da9366ca3e31e8,50913951,SELL,2454.04855604,0.0000439307
0x2882e824ef219dacb42cb49a08994a6a8eba545a,50913952,SELL,2454.04929203,0.0018295521
0x55555cfddd37d8d82e06e0de90da9366ca3e31e8,50913953,SELL,2454.03314606,0.0000328333
0x0e8c44f936d0d8a400671a56b1909995addc7059,50913953,BUY,2456.50556284,0.0024084830
0xf9da49b600228cab30639d5cb1d10220bfe3aaee,50913953,BUY,2456.50672730,0.0007727481
0x54e2acab04c89a3fe02852bf8dd69ee8f526bc75,50913954,BUY,2456.50628783,0.0022008745
0x4e30b933c0cd88736aec5b32aaa054897c276061,50913955,BUY,40709.76663940,0.0000000000
0xc27a2b4bd5b374c3cb3c711e17901628824f8258,50913957,BUY,2456.51299873,0.0000688228
0xae6bbb0ce3329e7e50d028a4c14db645e666688e,50913961,BUY,2456.50758589,0.0122124597
0xc27a2b4bd5b374c3cb3c711e17901628824f8258,50913962,BUY,2456.53346959,0.0000263420
0x83113a0febb6cf0627e2730fd96a5a0ebc361d30,50913964,BUY,2456.51156142,0.0228037974
0x4e30b933c0cd88736aec5b32aaa054897c276061,50913971,BUY,12764.26675178,0.0000000002
0xd83e60d273fd0cb3b05c2611db940fecb7b6ca64,50913973,BUY,2456.53755832,0.0007414684
0xfbb81bca57f822f2c9c8dd97ba9ee3110d7de629,50913975,BUY,2456.53889815,0.0142760235
0x048ef1062cbb39b338ac2685da72adf104b4cef5,50913989,BUY,2456.54366282,0.0002363186
0xa971283289448b30188cec3f0e60ad92322e4970,50913992,BUY,2456.56502877,0.2158632211
0x1278c1e48e3c9548a5d9f2b16dc27ed311b0697c,50913993,BUY,2456.59238186,0.0002282377
0xb0d95c09558a18c4e66e56acb57a6b868d9caa6c,50914007,BUY,2456.59838588,0.0000407067
0x1278c1e48e3c9548a5d9f2b16dc27ed311b0697c,50914009,BUY,2456.60165056,0.0002679596
0xb0d95c09558a18c4e66e56acb57a6b868d9caa6c,50914011,SELL,2454.14178750,0.0000407067
0xbb0e31d765ee8bd8982d3750e36aaf84d5ff0e9c,50914013,BUY,2456.60410751,0.0498575666
0x501ef174b66883ba40f92e6fb24bfb49331d4d4c,50914018,BUY,2456.61084175,0.0004205440
0x3bf562ab55f09850053f9e6db0a36d4971a6e456,50914021,SELL,2454.15212121,0.0148500000
0x1278c1e48e3c9548a5d9f2b16dc27ed311b0697c,50914022,BUY,2456.60746838,0.0002578764
0xb071fdb6536d90955a3231f8bbc21c681def9c15,50914024,SELL,2454.14986027,0.0007967431
0x19450158d1bda08ee4d13a729e1dd934387057c1,50914025,SELL,2454.14919192,0.0099000000
0x0051391747b6c11110da7de76b3f4aed532d7e40,50914025,BUY,2456.60920800,0.0001410749
0xc46335fc1b3a4d75c79ac565cfb50565c858f62f,50914025,BUY,2456.69996418,0.8325843497
0x88776fbd991c76aae24e12da906e47fc8be7aab2,50914027,BUY,2456.79497835,0.0009715467
0x0dfa768499c331acbd6df31887eca6f5860fbd6f,50914027,BUY,2456.79508020,0.0004735918
0x048ef1062cbb39b338ac2685da72adf104b4cef5,50914028,BUY,2456.79723144,0.0001933416
0x048ef1062cbb39b338ac2685da72adf104b4cef5,50914033,BUY,2456.79762572,0.0001210063
0xe049b41dfc93cca27f21d5799f7130019e3c9225,50914036,SELL,2454.33715272,0.0121549266
0x2d722e852e9184227d4770e25933a8d19620ef0c,50914037,SELL,2454.33306122,0.0240095963
0x2d722e852e9184227d4770e25933a8d19620ef0c,50914037,SELL,2454.32700311,0.0295377849
0x30b1ddac039dc0069a83b54309cc33af699de289,50914037,SELL,2454.32275589,0.0080033023
0x048ef1062cbb39b338ac2685da72adf104b4cef5,50914039,BUY,2456.77846770,0.0002343720
0xd40d00e6322e3768464a150900ef4565875f1f5e,50914054,BUY,2456.83262705,0.4815131829
0x0f014545de76a29892b9319e5a4123b28299f33b,50914089,SELL,2454.42030065,0.0908550178
0x1d8d40e0da02f9d706d3d3024225c665c48b166f,50914089,BUY,2456.88011655,0.1221060800
0xa9649e311551e616c7181c177b0382f723e9bacc,50914095,BUY,2456.89733007,0.0296107978
0x89776c033265cbeab907563e9518a2a5095eb18e,50914109,SELL,2454.44626263,0.0099000000
0x1278c1e48e3c9548a5d9f2b16dc27ed311b0697c,50914114,BUY,2456.90960435,0.0001172644
0x17e49b3ee0a0eafb2d64e8ccf9913d68525f9f9c,50914119,SELL,2454.43970747,0.0490667135
0xf8bd656561b5feb5248669950b364ce72835fa62,50914125,SELL,2451.45018916,0.0000000991
0x501ef174b66883ba40f92e6fb24bfb49331d4d4c,50914126,BUY,2456.89498777,0.0001159814
0x54e2acab04c89a3fe02852bf8dd69ee8f526bc75,50914132,BUY,2456.89368004,0.0001851228
0x501ef174b66883ba40f92e6fb24bfb49331d4d4c,50914146,BUY,2456.89255708,0.0001690440
0x1278c1e48e3c9548a5d9f2b16dc27ed311b0697c,50914160,BUY,2456.89068349,0.0002474595
0xaeb7513acb7ee5021f55a0e630832bc4497972b6,50914161,SELL,2454.43401776,0.0023152140
0x048ef1062cbb39b338ac2685da72adf104b4cef5,50914165,BUY,2456.89173462,0.0002577232
0x501ef174b66883ba40f92e6fb24bfb49331d4d4c,50914166,SELL,2454.43375707,0.0010226391
0xb2d1af0746c410e146272e804b1741f07f83b851,50914167,SELL,2454.42249495,0.0990000000
0x06970464c8b936cda744a454a33f2206dbbbfe49,50914168,SELL,2454.40088392,0.0920163049
0x048ef1062cbb39b338ac2685da72adf104b4cef5,50914169,BUY,2456.86237173,0.0000048228
0x54e2acab04c89a3fe02852bf8dd69ee8f526bc75,50914169,BUY,2456.84860912,0.0001552460
0x54e2acab04c89a3fe02852bf8dd69ee8f526bc75,50914175,BUY,2456.84850061,0.0001804645
0x501ef174b66883ba40f92e6fb24bfb49331d4d4c,50914186,BUY,2456.81900715,0.0000793835
0xc2779ffb5278d5b02bfded34de4827f681f0228c,50914190,SELL,2454.34550505,0.0990000000
0x5e250d294bc7dffbaa8213eb5d37b18c6994583f,50914193,SELL,2454.33383838,0.0019800000
0x1278c1e48e3c9548a5d9f2b16dc27ed311b0697c,50914203,SELL,2454.33358548,0.0024446555
0x1278c1e48e3c9548a5d9f2b16dc27ed311b0697c,50914206,BUY,2456.79039637,0.0000870416
0xb76455d6a7759cb4ea5bdfb1e940c6a15def4708,50914210,BUY,2456.79255352,0.0003215831
0x464fc339add314932920d3e060745bd7ea3e92ad,50914211,BUY,2456.79040694,0.0073266323
0x501ef174b66883ba40f92e6fb24bfb49331d4d4c,50914267,SELL,2454.33455528,0.0001222327
0x048ef1062cbb39b338ac2685da72adf104b4cef5,50914273,BUY,2456.79215095,0.0003301374
0xd83e60d273fd0cb3b05c2611db940fecb7b6ca64,50914274,BUY,2456.79117818,0.0006331849
0x45c86f9ab3a4c81ef75bc96f3fbdc75f6ff8e230,50914286,SELL,2454.33434343,0.0009900000
0xecca0eab42bcdc7823a10d4562c4d918a404948b,50914293,BUY,2456.80482187,0.0005568770
0xac2a980db5e3b873b176946b1232e715314091fd,50914294,SELL,2454.34159596,0.0495000000
0x9d6640983525b0a573d73f421e368f9a83858713,50914294,SELL,2454.33040404,0.0495000000
0xe04db5a9354709d3e59c754f6317e79dcfbdac56,50914296,SELL,2454.32424242,0.0039600000
0x7f065824efc9363d88705f3817b1394636e1c411,50914297,BUY,2456.78141768,0.0111611394
0x20b5d81ab672b49bf06ee0acdfe5978cb096c95d,50914298,SELL,2454.31290909,0.0990000000
0x2fc1fea11e49d739fea04632a06938e9ada6089a,50914299,BUY,2456.76096707,0.0272092120
0x6ee62fb521531b587e79262d759dec8ce4fef341,50914300,BUY,2456.76448414,0.0040703942
0x6ee62fb521531b587e79262d759dec8ce4fef341,50914301,BUY,2456.76540652,0.0040703927
0xf8bd656561b5feb5248669950b364ce72835fa62,50914302,SELL,2451.45018916,0.0000000991
0x7f065824efc9363d88705f3817b1394636e1c411,50914303,BUY,2456.76630442,0.0032023913
0x291c854811e92906a658fb94aa511bf919f968ad,50914305,SELL,2454.31117688,0.0003004542
0x2b423d3eb5a6e693add96aaca229edf53d184f80,50914308,BUY,2456.76937899,0.0130493225
0x2b423d3eb5a6e693add96aaca229edf53d184f80,50914311,BUY,2456.77209105,0.0108977707
0xb290052d2dc6bfe8dc5fff61ce67200147bb42bd,50914313,SELL,2454.31573941,0.0117931860
0xe5d05cb1c9402a6ad6f3bcf4a5345c6f3c34ca74,50914313,SELL,2454.31311078,0.0117931860
0x96b32ba2a8c879ce3c6ccc8043df7f586762b71e,50914313,SELL,2454.31039735,0.0117931860
0xc06aff4273c51f33d73dd931f41578542ce79515,50914313,SELL,2454.30776871,0.0117931860
0x63993c0094399d77a7c49b6669edc1a971c68287,50914313,SELL,2454.30505528,0.0117931860
0x05ecde3dab8971a81137d3c31e0c6ad984c36d97,50914313,SELL,2454.30242664,0.0117931860
0x49d501f603e3f2728b79e087095516e3af4c7d47,50914313,SELL,2454.29708457,0.0117931860
0x1d3ec927cc89557d7854f616e3cc964439bfdb26,50914313,SELL,2454.29437114,0.0117931860
0x9b5c716ab00c152a16cb3bd73bd16c297689de40,50914313,SELL,2454.29174251,0.0117931860
0x2eb84c206561b0f8773f8039508efcd6a3f62cde,50914313,SELL,2454.28911387,0.0117931860
0xc4210bfd73206c3208ae1f0854ee146ed8f1271b,50914313,SELL,2454.28640044,0.0117931860
0x72b1143c421ce0f6de954997f8221e6e3c0db84b,50914313,SELL,2454.28377180,0.0117931860
0x2fe4093c894749e596f458764c377bf4f1337b58,50914313,SELL,2454.28105837,0.0117931860
0x3376159ca1f8669f04d1ea5c8ac6f05c6cf35dcd,50914313,SELL,2454.27842973,0.0117931860
0x1303db2ebcec8ebe990989f99b94ef081507e753,50914313,SELL,2454.27571630,0.0117931860
0x7f065824efc9363d88705f3817b1394636e1c411,50914314,BUY,2456.73077736,0.0018031878
0x54e2acab04c89a3fe02852bf8dd69ee8f526bc75,50914317,BUY,2456.73620783,0.0001224067
0x2b423d3eb5a6e693add96aaca229edf53d184f80,50914319,BUY,2456.68764629,0.0128045757
0x7f065824efc9363d88705f3817b1394636e1c411,50914320,BUY,2456.68937273,0.0024943361
0x2b423d3eb5a6e693add96aaca229edf53d184f80,50914321,BUY,2456.69125269,0.0139514752
0x24f5553e41b7a65644c977aa5d06df2028434e6d,50914323,SELL,2454.21989899,0.1485000000
0x2b423d3eb5a6e693add96aaca229edf53d184f80,50914323,BUY,2456.66050281,0.0113708988
0x24f5553e41b7a65644c977aa5d06df2028434e6d,50914323,SELL,2454.18887542,0.1485000000
0xc4210bfd73206c3208ae1f0854ee146ed8f1271b,50914324,SELL,2454.16802700,0.0117931860
0x1d3ec927cc89557d7854f616e3cc964439bfdb26,50914324,SELL,2454.16539836,0.0117931860
0x9b5c716ab00c152a16cb3bd73bd16c297689de40,50914324,SELL,2454.16268493,0.0117931860
0x1303db2ebcec8ebe990989f99b94ef081507e753,50914324,SELL,2454.16005629,0.0117931860
0xe5d05cb1c9402a6ad6f3bcf4a5345c6f3c34ca74,50914324,SELL,2454.15734286,0.0117931860
0x3376159ca1f8669f04d1ea5c8ac6f05c6cf35dcd,50914324,SELL,2454.15200079,0.0117931860
0x72b1143c421ce0f6de954997f8221e6e3c0db84b,50914324,SELL,2454.14937216,0.0117931860
0x96b32ba2a8c879ce3c6ccc8043df7f586762b71e,50914324,SELL,2454.14665873,0.0117931860
0x05ecde3dab8971a81137d3c31e0c6ad984c36d97,50914324,SELL,2454.14403009,0.0117931860
0x49d501f603e3f2728b79e087095516e3af4c7d47,50914324,SELL,2454.14131666,0.0117931860
0x2eb84c206561b0f8773f8039508efcd6a3f62cde,50914324,SELL,2454.13868802,0.0117931860
0x5f3ada916b3d4f6964e99828bf4f9c58aae85ce2,50914324,SELL,2454.13597459,0.0117931860
0x2fe4093c894749e596f458764c377bf4f1337b58,50914324,SELL,2454.13334595,0.0117931860
0xc06aff4273c51f33d73dd931f41578542ce79515,50914324,SELL,2454.13071732,0.0117931860
0x0a56e201461257acc2eaa33d9ed902f8c32a8631,50914325,SELL,2454.10697980,0.1980000000
0x919bfbf285776a00db6ac60434f3e4a91e42543b,50914325,SELL,2454.06220707,0.1980000000
0x794931047ff82dc9f731e2a8e16fbe912b216ea3,50914326,SELL,2454.01743434,0.1980000000
0x2b423d3eb5a6e693add96aaca229edf53d184f80,50914326,BUY,2456.36292724,0.0142325381
0x0f84d2da979180394fbf9c4499febd0f602a6767,50914326,BUY,2456.42063263,0.0000077861
0x88776fbd991c76aae24e12da906e47fc8be7aab2,50914327,BUY,2456.38384801,0.0009703597
0x4ce63e379aea0756cb05c31cbc5ef48d1dc88331,50914327,BUY,2456.38522531,0.0006896553
0x4003a42a8d1c0cd24a3e4f742c1fc78105b0139a,50914327,BUY,2456.41813856,0.0000039606
0x9972f4c1e53b5eeb9e2630a7dddb5d5bfbcac451,50914327,BUY,2456.38682650,0.0003232956
0x59495c0497abb3c2a60eb7df89b6ad94df8b6993,50914327,BUY,2456.41705293,0.2920593452
0x5744b8f25239daef1ccac7008dc9a6159d40e929,50914327,BUY,2456.46588791,0.1391878526
0x7f065824efc9363d88705f3817b1394636e1c411,50914328,BUY,2456.48351259,0.0164274044
0x4f47b1993c7cbf4beebb57d170c5f2d4a37d5116,50914328,BUY,2456.49863263,0.1171425464
0x5744b8f25239daef1ccac7008dc9a6159d40e929,50914329,BUY,2456.53108551,0.1191056110
0x501ef174b66883ba40f92e6fb24bfb49331d4d4c,50914329,BUY,2456.54885118,0.0001752483
0x30f5f2c24b4036f09259a56ae487e7973790a7bc,50914329,BUY,2456.54492717,0.0019448490
0x65a06e2670ecb6c47af1aeac96dda8f7d2972bb9,50914329,BUY,2456.54892147,0.0338569117
0x0dea6264fc8a6f76a15385794d0dcda7f482e3d4,50914330,BUY,2456.56241513,0.0814145811
0x7f065824efc9363d88705f3817b1394636e1c411,50914330,BUY,2456.57326332,0.0137403311
0x59495c0497abb3c2a60eb7df89b6ad94df8b6993,50914331,BUY,2456.59731299,0.1990973467
0x0f84d2da979180394fbf9c4499febd0f602a6767,50914331,BUY,2456.66029715,0.0787858363
0xe90f7ad91d9d311a74e74f6c6e20968fd6a28e34,50914331,BUY,2456.67503895,0.0514378035
0xce979ccf16f0058f1ebfa4b1d72147f8e5c83606,50914331,BUY,2456.67879650,0.0269350450
0x2b423d3eb5a6e693add96aaca229edf53d184f80,50914332,BUY,2456.68247937,0.0050381598
0x2b423d3eb5a6e693add96aaca229edf53d184f80,50914332,BUY,2456.68425416,0.0105296442
0xe756fc75048de1553453afa4c30cfee0da23940d,50914333,BUY,2456.70846723,0.0000287665
0x59495c0497abb3c2a60eb7df89b6ad94df8b6993,50914334,BUY,2456.70176665,0.1447913670
0x54e2acab04c89a3fe02852bf8dd69ee8f526bc75,50914336,BUY,2456.73819335,0.0000128166
0x7f065824efc9363d88705f3817b1394636e1c411,50914336,BUY,2456.71899391,0.0060382702
0x37160b8a52c2eb7ca3df2e7c4b05283935eb1607,50914338,BUY,2456.72036790,0.0058940827
0xcfd5615337dcce9a1f0109f3eede05fcf102ea2e,50914340,SELL,2454.25356566,0.0990000000
0x96582575ce217def03fffd38d4834147c4b44e35,50914340,SELL,2454.24141414,0.0009900000
0xccf764f0904b88f7f30863b37bd3c1560a8ec178,50914341,SELL,2454.24149347,0.0035991450
0xd3160bebe82b70662ab4744b9e48fc7132f3095c,50914345,BUY,2456.69984059,0.0199110210
0xebbdfe1881f01b4355758e8f1e09f40a0d62dd8f,50914348,BUY,2456.70651039,0.0390317206
0xce979ccf16f0058f1ebfa4b1d72147f8e5c83606,50914349,BUY,2456.71272297,0.0154925363
0x207b509bfde324e0a551ff75dc2525661d910aba,50914349,BUY,2456.71616546,0.0151958067
0x7f065824efc9363d88705f3817b1394636e1c411,50914349,BUY,2456.71842968,0.0036907079
0x7f065824efc9363d88705f3817b1394636e1c411,50914351,BUY,2456.72421814,0.0023168058
0xe290df2efddf76075677f5fac76bcac25c58be9e,50914354,BUY,2456.72573292,0.0112659474
0xbf6ea5fad1ec60d036ecfa33082dd50107d2c4d3,50914355,SELL,2454.27062206,0.0021685612
0x7f065824efc9363d88705f3817b1394636e1c411,50914355,BUY,2456.72710912,0.0017309749
0x1303db2ebcec8ebe990989f99b94ef081507e753,50914358,BUY,2456.72863965,0.0151268864
0x1d3ec927cc89557d7854f616e3cc964439bfdb26,50914358,BUY,2456.73212347,0.0155949115
0xe5d05cb1c9402a6ad6f3bcf4a5345c6f3c34ca74,50914358,BUY,2456.73568152,0.0160095407
0x72b1143c421ce0f6de954997f8221e6e3c0db84b,50914358,BUY,2456.73917189,0.0149930153
0x96b32ba2a8c879ce3c6ccc8043df7f586762b71e,50914358,BUY,2456.74264666,0.0156597070
0x3376159ca1f8669f04d1ea5c8ac6f05c6cf35dcd,50914358,BUY,2456.74608120,0.0146722290
0xc4210bfd73206c3208ae1f0854ee146ed8f1271b,50914358,BUY,2456.74947266,0.0148955803
0xb290052d2dc6bfe8dc5fff61ce67200147bb42bd,50914358,BUY,2456.75630069,0.0154748116
0x5f3ada916b3d4f6964e99828bf4f9c58aae85ce2,50914358,BUY,2456.75972154,0.0146679733
0x2eb84c206561b0f8773f8039508efcd6a3f62cde,50914358,BUY,2456.77288457,0.0140303038
0x2fe4093c894749e596f458764c377bf4f1337b58,50914358,BUY,2456.77601784,0.0137096564
0x63993c0094399d77a7c49b6669edc1a971c68287,50914358,BUY,2456.77922940,0.0146018073
0xebbdfe1881f01b4355758e8f1e09f40a0d62dd8f,50914360,BUY,2456.78375060,0.0252242608
0x54e2acab04c89a3fe02852bf8dd69ee8f526bc75,50914360,BUY,2456.79342245,0.0001044345
0x8f3752d994caba457252933b2f38773182ae20f6,50914361,BUY,2456.79178103,0.0455948180
0x0a56e201461257acc2eaa33d9ed902f8c32a8631,50914361,BUY,2456.80439147,0.0656698875
0x919bfbf285776a00db6ac60434f3e4a91e42543b,50914361,BUY,2456.81855806,0.0594400228
0x73824fa9d78ca457a4680f742815f1fec05ff01b,50914361,BUY,2456.83106591,0.0509556940
0x794931047ff82dc9f731e2a8e16fbe912b216ea3,50914361,BUY,2456.84307993,0.0550270874
0x20b5d81ab672b49bf06ee0acdfe5978cb096c95d,50914363,BUY,2456.85513705,0.0400189386
0x9d6640983525b0a573d73f421e368f9a83858713,50914366,BUY,2456.86732227,0.0676028125
0xac2a980db5e3b873b176946b1232e715314091fd,50914366,BUY,2456.88259440,0.0671340545
0x2fe4093c894749e596f458764c377bf4f1337b58,50914367,BUY,2456.89068308,0.0043379989
0x3376159ca1f8669f04d1ea5c8ac6f05c6cf35dcd,50914367,BUY,2456.89178109,0.0043742342
0x5f3ada916b3d4f6964e99828bf4f9c58aae85ce2,50914367,BUY,2456.89278848,0.0044702610
0x05ecde3dab8971a81137d3c31e0c6ad984c36d97,50914367,BUY,2456.89385033,0.0045319658
0x9b5c716ab00c152a16cb3bd73bd16c297689de40,50914367,BUY,2456.89473291,0.0044575760
0xb290052d2dc6bfe8dc5fff61ce67200147bb42bd,50914367,BUY,2456.89582107,0.0046396982
0x1d3ec927cc89557d7854f616e3cc964439bfdb26,50914367,BUY,2456.89697725,0.0044536524
0x1303db2ebcec8ebe990989f99b94ef081507e753,50914367,BUY,2456.89785856,0.0042782251
0x96b32ba2a8c879ce3c6ccc8043df7f586762b71e,50914367,BUY,2456.89889470,0.0045312280
0x63993c0094399d77a7c49b6669edc1a971c68287,50914367,BUY,2456.90182581,0.0044778269
0x72b1143c421ce0f6de954997f8221e6e3c0db84b,50914367,BUY,2456.90286585,0.0042505421
0xc06aff4273c51f33d73dd931f41578542ce79515,50914367,BUY,2456.90395705,0.0043673441
0x49d501f603e3f2728b79e087095516e3af4c7d47,50914367,BUY,2456.90483710,0.0042773468
0xc4210bfd73206c3208ae1f0854ee146ed8f1271b,50914367,BUY,2456.90590482,0.0042607183
0x7f065824efc9363d88705f3817b1394636e1c411,50914369,BUY,2456.90785631,0.0013229422
0x824abda7e8bfcf47c543761c50bc7bf6756deda9,50914370,BUY,2456.90974770,0.0001689956
0xe90f7ad91d9d311a74e74f6c6e20968fd6a28e34,50914378,SELL,2454.44883838,0.0198000000
0x0c49881ee8b4c760b51d3c2f3af5cec9473a9047,50914378,BUY,2456.90340097,0.0025630222
0x6ee62fb521531b587e79262d759dec8ce4fef341,50914380,BUY,2456.90397654,0.0040701631
0x4abbd76409550e314d31b572598d5991d1c30a69,50914380,SELL,2454.44525253,0.0049500000
0xebbdfe1881f01b4355758e8f1e09f40a0d62dd8f,50914387,SELL,2454.44251212,0.0197918451
0xb071fdb6536d90955a3231f8bbc21c681def9c15,50914396,SELL,2454.43891737,0.0010149595
0xd515f81b40c0e63d99d50099d9b4610a3606a818,50914407,BUY,2456.91038278,0.0000402172
0x048ef1062cbb39b338ac2685da72adf104b4cef5,50914407,SELL,2454.43928097,0.0001222275
0xd40d00e6322e3768464a150900ef4565875f1f5e,50914407,BUY,2456.94444471,0.4314117009
0x501ef174b66883ba40f92e6fb24bfb49331d4d4c,50914408,SELL,2454.52927707,0.0001222275
0xfdb50d7fabea0050251d9b174866b0fc452795dc,50914411,SELL,2454.53535354,0.0005940000
0x048ef1062cbb39b338ac2685da72adf104b4cef5,50914417,SELL,2454.53677453,0.0001222227
0x501ef174b66883ba40f92e6fb24bfb49331d4d4c,50914419,BUY,2456.99642237,0.0001607455
0xa443932e910602ca59f19eb620cd134880f28f84,50914423,BUY,2456.99751711,0.0381655929
0x501ef174b66883ba40f92e6fb24bfb49331d4d4c,50914423,BUY,2457.00423050,0.0002486032
0x9bde3737f42d2924af57b0425bd394c95da7f1e9,50914430,SELL,2454.54314574,0.0207900000
0x1278c1e48e3c9548a5d9f2b16dc27ed311b0697c,50914431,BUY,2456.99830042,0.0000292784
0xee8c8a847b839f52b14379575db549a47124856a,50914434,SELL,2454.54041077,0.0006048880
0x464fc339add314932920d3e060745bd7ea3e92ad,50914439,BUY,2456.99778212,0.0061050116
0x501ef174b66883ba40f92e6fb24bfb49331d4d4c,50914440,BUY,2457.00306431,0.0001613856
0xf1e7bf1fe8e1a1c0a636544aecf12af5314ab91d,50914452,BUY,2456.99880625,0.0003849436
0xd83e60d273fd0cb3b05c2611db940fecb7b6ca64,50914458,BUY,2456.99952133,0.0003302463
0x277c90ab73237f3031be35cd381eb15310ef0fae,50914477,SELL,2454.54214764,0.0012421119
0xcf5412704264151768b4b7061162154c99718f7c,50914478,SELL,2454.54181956,0.0016506270
0x533ab12b913474d84cf4d83823360b77b9e8856e,50914483,SELL,2454.53774148,0.0343076684
0x824abda7e8bfcf47c543761c50bc7bf6756deda9,50914485,BUY,2456.99143936,0.0004822573
0xdd1fbdbbaaed09bcfdfb0b7a7d001ab5791c3511,50914487,BUY,2456.99104271,0.0060683982
0x1278c1e48e3c9548a5d9f2b16dc27ed311b0697c,50914488,BUY,2456.99321827,0.0005049082
0xbb0e31d765ee8bd8982d3750e36aaf84d5ff0e9c,50914493,BUY,2456.99337053,0.0132191106
0x501ef174b66883ba40f92e6fb24bfb49331d4d4c,50914495,BUY,2456.99681340,0.0004063640
0x2b423d3eb5a6e693add96aaca229edf53d184f80,50914497,SELL,2454.54878788,0.0099000000
0x501ef174b66883ba40f92e6fb24bfb49331d4d4c,50914497,SELL,2454.54660391,0.0001792600
0x03598eba554a9d6ca044eb1a4703d33a98dfbe2d,50914500,SELL,2454.54701186,0.0061273946
0x7f2b58dde63168c8cb3a6a7b5ec193fc8e751cb6,50914509,BUY,2457.00473630,0.0179079834
0x42928c36b31d2d1ef5861d2a9ff2f0936aade43b,50914521,SELL,2454.54484848,0.0099000000
0x55fb05826f06cdb58c174caf215497adc0b25c79,50914521,BUY,2457.00065530,0.0013182650
0x501ef174b66883ba40f92e6fb24bfb49331d4d4c,50914532,BUY,2457.00391251,0.0001095794
0x08b49a086db69b9024a3f9952a9cbdc84cbbd4a6,50914537,BUY,2457.34943220,0.0020051406
0x048ef1062cbb39b338ac2685da72adf104b4cef5,50914540,BUY,2457.35306544,0.0002581436
0xa28669d95a6339da0b0216ae1683ef6f9edc2720,50914542,BUY,2457.35168801,0.0006663828
0xabb772f3a0b9edd0165bd869c7ddd5d1cb8f6cef,50914542,BUY,2457.35159238,0.0005852931
0x5214ccb53636c6ebc18ce12f28dc2287b61270a5,50914544,BUY,2457.35583187,0.0497399161
0xc27a2b4bd5b374c3cb3c711e17901628824f8258,50914553,BUY,2457.36311326,0.0004121047
0x75c67ba3ded290b86005745e57f8e43257162ffb,50914553,BUY,2457.40557315,0.3882158446
0x048ef1062cbb39b338ac2685da72adf104b4cef5,50914553,BUY,2457.45182748,0.0002745856
0x048ef1062cbb39b338ac2685da72adf104b4cef5,50914562,BUY,2457.45557849,0.0000777544
0xa971283289448b30188cec3f0e60ad92322e4970,50914571,BUY,2457.47568935,0.2289885924
0xae6bbb0ce3329e7e50d028a4c14db645e666688e,50914572,BUY,2457.50302880,0.0122075129
0xa971283289448b30188cec3f0e60ad92322e4970,50914572,BUY,2457.53727713,0.2899283985
0x8095640e015907710e085b68718c59a6202c4335,50914588,BUY,2457.59595723,0.0015051026
0x501ef174b66883ba40f92e6fb24bfb49331d4d4c,50914596,BUY,2457.59873360,0.0001867282
0x54e2acab04c89a3fe02852bf8dd69ee8f526bc75,50914613,BUY,2457.60311735,0.0001310590
0xd598e2906913ac80ffde233772f56cf26ed90d55,50914616,BUY,2457.60968326,0.1220698315
0x75c67ba3ded290b86005745e57f8e43257162ffb,50914621,BUY,2457.63083906,0.0644795327
0x464fc339add314932920d3e060745bd7ea3e92ad,50914621,BUY,2457.63933915,0.0105792577
0x1278c1e48e3c9548a5d9f2b16dc27ed311b0697c,50914622,BUY,2457.64504081,0.0001467600
0x3708e7f0650c10c32e7d39c91611893c02cc564d,50914630,BUY,2457.66791284,0.2379727843
0x36a3012b711702fdcb6c02a7738055c2ab6f6842,50914634,SELL,2455.23763722,0.0014892318
0xf3d6c61088265789ded4457ec014a20db1ff765c,50914641,SELL,2455.23736840,0.0012042261
0x501ef174b66883ba40f92e6fb24bfb49331d4d4c,50914643,BUY,2457.69922416,0.0001069911
0xabba8c10dd2229e7224576a6d56cf5d9b05e98a6,50914647,BUY,2457.69508280,0.0005066951
0x048ef1062cbb39b338ac2685da72adf104b4cef5,50914650,BUY,2457.69637767,0.0001218759
0x13c2d2571a5751d92c31c0f91e29a401418b4b25,50914656,BUY,2457.73315799,0.0000031558
0xe473be11e59e2d00190eba8eb88018fd36bca6af,50914669,BUY,2457.69673203,0.0194630218
0xf04a2505afb967a1b4f43304e17994e94bdc13a1,50914674,BUY,2457.89037311,0.3496966168
0x574be013006558d0a5682a6b0508f02d147377bf,50914675,BUY,2457.93025205,0.0020342318
0x2944eadc6a4a67dfc64ecbbd32d13e404f17fc55,50914677,BUY,2457.94393984,0.1186277507
0xaa05ce3c7b55c8ebe2faa0b68bd0b8ed23ff2524,50914678,BUY,2457.99241905,0.3089834054
0x501ef174b66883ba40f92e6fb24bfb49331d4d4c,50914680,BUY,2458.02865107,0.0105775822
0xc27a2b4bd5b374c3cb3c711e17901628824f8258,50914684,BUY,2458.03130310,0.0001706695
0x1278c1e48e3c9548a5d9f2b16dc27ed311b0697c,50914684,BUY,2458.03256192,0.0000990520
0xd14602c85a25a4e520441c47a97a2c9da63ae1be,50914685,BUY,2458.05808270,0.2484423864
0x12c51473ecec31920552b2cefc96f7c3ccf1dacd,50914687,BUY,2458.11390197,0.2438059162
0x907e78aaa743a15092a653de63604ebf6d88a589,50914695,BUY,2458.14228165,0.0008872037
0x2be9354ad0aa69e0ebfb2021ccaecb8ed24b5980,50914702,SELL,2455.68414327,0.0006740183
0xc659f36ab99193910084405a238435e1ebd582ce,50914709,SELL,2455.67788797,0.0544500000
0xd14602c85a25a4e520441c47a97a2c9da63ae1be,50914714,BUY,2458.14933091,0.1770730315
0xf3d6c61088265789ded4457ec014a20db1ff765c,50914717,SELL,2455.71184333,0.0001068818
0xf0523316cf23ef167d874fa030b2214280e38ee6,50914727,BUY,2458.21537134,0.2427699000
0x1764f5ed04299ee64cbc2d724fb7bf206eaa8f70,50914727,BUY,2458.24335051,0.0008930666
0x1764f5ed04299ee64cbc2d724fb7bf206eaa8f70,50914727,BUY,2458.24373096,0.0012760183
0xd124ed882cfacea86f0365dd0a883ae194886ab6,50914739,SELL,2455.80606061,0.0009900000
0xdccbea1434bc64039e3783b9bba5e20a2509df46,50914741,BUY,2458.26462470,0.0060980786
0x1278c1e48e3c9548a5d9f2b16dc27ed311b0697c,50914742,BUY,2458.26813201,0.0001509693
0x824abda7e8bfcf47c543761c50bc7bf6756deda9,50914742,BUY,2458.26667035,0.0006729449
0x54e2acab04c89a3fe02852bf8dd69ee8f526bc75,50914746,BUY,2458.26702538,0.0000138134
0x370a7e2d300c14d79d4a7ee07aaca46c4b3012cf,50914761,BUY,2458.30172399,0.0489507369
0x4d501b0a6aababf8e8a3c45816f2bbcc1dfda4a9,50914762,BUY,2458.30842393,0.0099888280
0x1410359b650a6d8f24042db2eb47ced551308c2d,50914764,SELL,2455.85267562,0.0001250409
0x88a82e8494285bd26111f0c463187110c5de7c9f,50914764,BUY,2458.31082443,0.0002927807
0x88a82e8494285bd26111f0c463187110c5de7c9f,50914764,BUY,2458.31407941,0.0001273527
0x048ef1062cbb39b338ac2685da72adf104b4cef5,50914770,SELL,2455.83228569,0.0000488629
0xd7b396a6c532547000399cb30cb9f5495482ed86,50914773,SELL,2455.84222227,0.0036072692
0x0f0067cd819cb8f20bda62046daff7a2b5c88280,50914774,BUY,2458.40825485,0.9269775252
0x9cb2fb36f8129f022496811c0f19b3f48389727f,50914774,BUY,2458.54045103,0.2377687993
0x7e00219e1ca7a8bdeeed965d4722a06c26c20527,50914777,SELL,2456.10913699,0.0030396390
0xe743a49f04f2f77eb2d3b753ae3ad599de8cea84,50914779,BUY,2458.56933113,0.0001152731
0x1278c1e48e3c9548a5d9f2b16dc27ed311b0697c,50914785,BUY,2458.56689137,0.0005433800
0x8cc1665ee965345e79b132adb124782bad8c78e0,50914788,BUY,2458.58998225,0.2033672831
0x1278c1e48e3c9548a5d9f2b16dc27ed311b0697c,50914793,BUY,2458.61433811,0.0004428970
0xb54ec1f8be3730f6e32102dbddce35b973d66d65,50914797,BUY,2458.62842383,0.1344157302
0x05854d0c70d2f696fb3d9c0863100956b795e2ff,50914805,BUY,2458.64481410,0.0007875668
0x54e2acab04c89a3fe02852bf8dd69ee8f526bc75,50914805,BUY,2458.64676952,0.0002978403
0x05854d0c70d2f696fb3d9c0863100956b795e2ff,50914814,BUY,2458.64490692,0.0075326172
0xaf0f601e0063e2d19c1e34c567776fe08887fdfa,50914815,SELL,2456.18668163,0.0080190000
0x1278c1e48e3c9548a5d9f2b16dc27ed311b0697c,50914816,BUY,2458.64596873,0.0002899031
0xddc0bb780ba0525c269db3b16f7e3e9ac273a5f6,50914819,SELL,2456.18525253,0.0049500000
0x8e26568ca5fd1ea8d09cf26ba1069e8671ca870c,50914819,SELL,2456.18247475,0.0198000000
0x614817d2a4be5a152b344f17fbd94df0f08830e9,50914819,SELL,2456.17797980,0.0198000000
0xb788e1f1a967c50bd685b1783f5c39283961b641,50914819,SELL,2456.17348485,0.0198000000
0x886cfef64a5321ae98df08dc8ce0a8c5f69f1ee5,50914819,SELL,2456.16898990,0.0198000000
0x376709923441b50dd337b5c9e3ffacc266599216,50914824,BUY,2458.61385182,0.0000246802
0xecca0eab42bcdc7823a10d4562c4d918a404948b,50914824,BUY,2458.58896942,0.0001193986
0x5861cd9bf29e26bf67344580d756ea2689280847,50914829,BUY,2458.60141750,0.1260723055
0xb54ec1f8be3730f6e32102dbddce35b973d66d65,50914836,BUY,2458.62817932,0.1096737117
0x96c0ef484155601034bdd3a35b54606d5b8d83c7,50914836,BUY,2458.64808893,0.0656700000
0xb54ec1f8be3730f6e32102dbddce35b973d66d65,50914849,BUY,2458.66324894,0.0679087256
0xd367585417ff3a8a8734574fd8b1486acb0bfe4d,50914850,SELL,2456.21237923,0.0008938848
0xd367585417ff3a8a8734574fd8b1486acb0bfe4d,50914850,SELL,2456.21025361,0.0000301033
0xd367585417ff3a8a8734574fd8b1486acb0bfe4d,50914850,SELL,2456.20787671,0.0001935675
0xd367585417ff3a8a8734574fd8b1486acb0bfe4d,50914850,BUY,2469.66743505,0.0000000818
0xd367585417ff3a8a8734574fd8b1486acb0bfe4d,50914850,SELL,2456.20675117,0.0001450261
0xd367585417ff3a8a8734574fd8b1486acb0bfe4d,50914850,SELL,2456.21231249,0.0009325338
0xd367585417ff3a8a8734574fd8b1486acb0bfe4d,50914850,BUY,2459.96415445,0.0000003963
0x0f3f10d5b42c9773e0056ad977c13679334367a7,50914856,SELL,2456.15120952,0.5398311573
0x8cc1665ee965345e79b132adb124782bad8c78e0,50914872,BUY,2458.57103731,0.2033670784
0xb54ec1f8be3730f6e32102dbddce35b973d66d65,50914872,BUY,2458.59699051,0.0254664584
0xa6b70dc9d6ed912f5a1d0359480d393badf2ec15,50914880,BUY,2458.60038683,0.0006375330
0xa6b70dc9d6ed912f5a1d0359480d393badf2ec15,50914880,BUY,2458.60832782,0.0001131225
0xb54ec1f8be3730f6e32102dbddce35b973d66d65,50914881,BUY,2458.60248794,0.0212220012
0x24f5553e41b7a65644c977aa5d06df2028434e6d,50914885,SELL,2456.13004714,0.1485000000
0x90c92ec2bda8183cf2355f0e9fad961e70e2fa61,50914890,BUY,2458.57210667,0.0012519694
0xebbdfe1881f01b4355758e8f1e09f40a0d62dd8f,50914892,BUY,2458.57525849,0.0332032403
0x2d93c2f74b2c4697f9ea85d0450148aa45d4d5a2,50914893,SELL,2456.11965389,0.0114921510
0x19a63c1eb31693e01a7dbdf623c73a457b158101,50914895,BUY,2458.56324518,0.0346108880
0xb76455d6a7759cb4ea5bdfb1e940c6a15def4708,50914898,BUY,2458.56908435,0.0010587321
0x1278c1e48e3c9548a5d9f2b16dc27ed311b0697c,50914901,SELL,2456.10896628,0.0001221444
0xf360c2c99c74b9f8c2a8e717b2739f04cc5023a5,50914910,BUY,2458.56918423,0.0038749603
0xdaf7de4da68208b236673eaf6c6376a2571bd22b,50914910,BUY,2458.57068991,0.0006079178
0x8cc1665ee965345e79b132adb124782bad8c78e0,50914913,BUY,2458.57884337,0.0812935784
0xc2717dc0bdf61633331f97430caa30519fd0b665,50914913,BUY,2458.58884990,0.0015196160
0x501ef174b66883ba40f92e6fb24bfb49331d4d4c,50914917,SELL,2456.12801950,0.0001221443
0x2891d2f99bc447a591f06d896f5f72647aa1bc4c,50914926,BUY,2458.59299531,0.0406129437
0x9972f4c1e53b5eeb9e2630a7dddb5d5bfbcac451,50914927,BUY,2458.59794577,0.0003221076
0xd515f81b40c0e63d99d50099d9b4610a3606a818,50914929,BUY,2458.59796609,0.0005685122
0x4bcfa60a512a530a5f0729006e3d7f74668124a6,50914931,BUY,2458.64571231,0.0162806161
0x5e7b46d33dae15b8ca77e8d08b14b211e5426f5e,50914931,BUY,2458.64778807,0.0019155859
0x355ef88204cbc7594c5c255113fe2a4054663b53,50914937,BUY,2458.64884537,0.0069975194
0x2fd1bb93a63963baecd132d5f1624c06a3f38696,50914956,BUY,2458.65875388,0.0813370297
0x8cc1665ee965345e79b132adb124782bad8c78e0,50914957,BUY,2458.69106411,0.2034605943
0x048ef1062cbb39b338ac2685da72adf104b4cef5,50914958,SELL,2456.19149246,0.0000040713
0x2fd1bb93a63963baecd132d5f1624c06a3f38696,50914965,BUY,2458.72335432,0.0812535496
0x9ca4c14fadbcc7358b0da50128f18aab7338c944,50914976,BUY,2458.73487813,0.0203356614
0xa1d5a3243fe47304bb0b80f8f8af1f955d910f88,50914997,BUY,2478.87744956,0.0000000468
0x4bcfa60a512a530a5f0729006e3d7f74668124a6,50915002,BUY,2458.82585031,0.7816128986
0x6ee62fb521531b587e79262d759dec8ce4fef341,50915005,BUY,2458.91590392,0.0122004986
0x6ee62fb521531b587e79262d759dec8ce4fef341,50915007,BUY,2458.91774943,0.0040668298
0x9126cfbbfddbc91484797ead1298201b3128e6c6,50915008,BUY,2458.92048444,0.0198107118
0xfc1919ea4fed965cae7461335397ea9623f3dd4d,50915008,BUY,2458.92355747,0.0062629979
0xe3977c6fde3b85fe72e247efcd657f9cadf913c4,50915010,SELL,2456.46572395,0.0008255833
0x6ee62fb521531b587e79262d759dec8ce4fef341,50915010,BUY,2458.92440101,0.0040668188
0x6ee62fb521531b587e79262d759dec8ce4fef341,50915012,BUY,2458.92532376,0.0040668173
0x6ee62fb521531b587e79262d759dec8ce4fef341,50915014,BUY,2458.92716927,0.0040668142
0x6ee62fb521531b587e79262d759dec8ce4fef341,50915015,BUY,2458.92809203,0.0040668127
0xe4369325fec26a78614f374139201557ba8111c2,50915016,SELL,2456.46462626,0.0495000000
0x8a7380f0f25f5e1d3bc4e88bade52e058b2eb830,50915016,SELL,2456.45883648,0.0016640438
0x6473576f9a4a2f3f67eb94ee558f0c9dec2e38d4,50915023,BUY,2458.91830341,0.0020496252
0x907e78aaa743a15092a653de63604ebf6d88a589,50915032,SELL,2456.46071854,0.0034496550
0xf48596a808f4f67cbf8fc633ad688e32079ece7b,50915041,BUY,2458.91944794,0.0023880624
0xa28669d95a6339da0b0216ae1683ef6f9edc2720,50915046,SELL,2456.46043665,0.0050297859
0x048ef1062cbb39b338ac2685da72adf104b4cef5,50915048,SELL,2456.21535986,0.0000040709
0x5e7b46d33dae15b8ca77e8d08b14b211e5426f5e,50915055,BUY,2458.92139054,0.0281189359
0x501ef174b66883ba40f92e6fb24bfb49331d4d4c,50915061,SELL,2456.46623925,0.0000040709
0x59df828b236ac563ae29667f472eb399095ffb49,50915062,BUY,2458.92809754,0.0002522339
0x9976441ccb30c792c38ed21b80c39ead658c8a7b,50915063,SELL,2456.46592864,0.0032425685
0xa28669d95a6339da0b0216ae1683ef6f9edc2720,50915064,SELL,2456.45590711,0.0852255729
0x5c0aed74917667f07786947ed677a7e3c808e006,50915067,SELL,2456.43054834,0.1386000000
0x86614112ad5d4de556c3397c246b1afe5a6b0d69,50915074,SELL,2456.39770529,0.1513243463
0x501ef174b66883ba40f92e6fb24bfb49331d4d4c,50915078,SELL,2456.16921074,0.0000040710
0x54e2acab04c89a3fe02852bf8dd69ee8f526bc75,50915083,SELL,2456.35600198,0.0000407103
0x8ac39190d3b2b8a80e03aa2ad624b25b4d3f176e,50915085,SELL,2456.37979798,0.0009900000
0x83113a0febb6cf0627e2730fd96a5a0ebc361d30,50915093,SELL,2456.37838152,0.0172260000
0xc746bd035fce528333ba4409d8dad1dfc953b224,50915098,BUY,2458.83533151,0.0040572973
0xf2d1aff8a41cdef7e06c8443866124184c3ef527,50915107,SELL,2456.35478090,0.1992405673
0xb60ba73c2e6b9fde6287e91086e50b077896a8bc,50915107,SELL,2456.09104647,0.1878921800
0x6da54a88e7382c0efc2b49a68a1bbc9e1135f21a,50915108,SELL,2456.06952128,0.0022097192
0xf2d1aff8a41cdef7e06c8443866124184c3ef527,50915108,SELL,2456.04555498,0.2094038386
0xf2d1aff8a41cdef7e06c8443866124184c3ef527,50915108,SELL,2455.98205500,0.3513145001
0xf2d1aff8a41cdef7e06c8443866124184c3ef527,50915109,SELL,2455.89365057,0.1876936271
0x03d9964f4d93a24b58c0fc3a8df3474b59ba8557,50915110,BUY,2465.07854754,0.0000001254
0x1278c1e48e3c9548a5d9f2b16dc27ed311b0697c,50915114,SELL,2455.69667689,0.0000040718
0x824abda7e8bfcf47c543761c50bc7bf6756deda9,50915126,BUY,2458.33141540,0.0010405074
0xf3a5b9ab4004e1a59552623c99fde3b963ee6173,50915134,BUY,2458.33257612,0.0009299714
0x83681c14770b44361e21faf91d8325423365ea5c,50915145,SELL,2455.86414066,0.0000319810
0x54e2acab04c89a3fe02852bf8dd69ee8f526bc75,50915152,SELL,2455.87397628,0.0000040719
0xfcdd6f257db8877f3f20e0178d068a3d6c96b3f9,50915157,BUY,2458.33223489,0.0047788496
0x94baf56481ee8816c712d615b9494ffa18f43d01,50915169,SELL,2455.83327207,0.3591000000
0x048ef1062cbb39b338ac2685da72adf104b4cef5,50915171,SELL,2455.62834975,0.0000040719
0xaa936257cd7689d3f04336389dc951c0b439a64f,50915190,SELL,2455.78117172,0.0990000000
0x0a10e56e0274a862e69f637d1b35fabe6eb0988b,50915202,SELL,2455.76767677,0.0198000000
0x824abda7e8bfcf47c543761c50bc7bf6756deda9,50915204,BUY,2458.22335252,0.0024000756
0x780fd6ae29141d2f96f7343e376dbb4273aa1a19,50915204,BUY,2458.22431330,0.0045863618
0x1278c1e48e3c9548a5d9f2b16dc27ed311b0697c,50915205,SELL,2455.76173978,0.0001221613
0xc27a2b4bd5b374c3cb3c711e17901628824f8258,50915206,BUY,2458.22577295,0.0002479199
0x824abda7e8bfcf47c543761c50bc7bf6756deda9,50915206,BUY,2458.22627228,0.0001259453
0xd83e60d273fd0cb3b05c2611db940fecb7b6ca64,50915206,BUY,2458.22515636,0.0003847032
0xcf5412704264151768b4b7061162154c99718f7c,50915212,SELL,2455.76651443,0.0026223120
0xbb0e31d765ee8bd8982d3750e36aaf84d5ff0e9c,50915213,BUY,2458.22489525,0.0045603488
0xaa936257cd7689d3f04336389dc951c0b439a64f,50915238,SELL,2455.76979798,0.0099000000
0xa28669d95a6339da0b0216ae1683ef6f9edc2720,50915246,SELL,2455.76797727,0.0068049829
0xf9d732c84cddc18a9f30e27add63ce8ea17b5933,50915246,SELL,2455.76623522,0.0085800630
0x1278c1e48e3c9548a5d9f2b16dc27ed311b0697c,50915261,SELL,2455.76498704,0.0024432305
0xee690b66ae7b57e2be694de1db3a37a5c211d69e,50915266,BUY,2458.21752885,0.0014291095
0xd515f81b40c0e63d99d50099d9b4610a3606a818,50915283,BUY,2465.11947560,0.0000001229
0x4c3f059296bed9e8b0a04bb1034023c41f0cf202,50915284,SELL,2455.75483678,0.0038779918
0x115eb5ec57dfeea405aad8fca80ac112c63d3153,50915285,SELL,2455.75204403,0.0204999300
0x1278c1e48e3c9548a5d9f2b16dc27ed311b0697c,50915289,BUY,2458.20735362,0.0000488161
0xdf8f4e3fbc67a8a2d5c124625f3b23864b1b38b1,50915294,BUY,2458.21877656,0.1006826578
0x115eb5ec57dfeea405aad8fca80ac112c63d3153,50915305,SELL,2455.77215872,0.0017746740
0x115eb5ec57dfeea405aad8fca80ac112c63d3153,50915307,SELL,2455.77159523,0.0017746740
0x8258481fbc76e355f021a1a1c89ee8436a3fea47,50915309,BUY,2458.22994695,0.0046438752
0x7ef305f00e9671d4d41ba0b1cfccd826d1c38d11,50915315,SELL,2455.77055556,0.0198000000
0xc27a2b4bd5b374c3cb3c711e17901628824f8258,50915315,BUY,2458.22894997,0.0001866750
0x2b4e398d9c70723c9014baf7b2146c29ec58e026,50915317,SELL,2455.76818124,0.0018006178
0x1278c1e48e3c9548a5d9f2b16dc27ed311b0697c,50915326,SELL,2455.76770071,0.0024432278
0x8ab3eb59c3bf3bdd98b379fa74c41111f070f955,50915329,SELL,2455.76626263,0.0099000000
0x964d83cb6b45727a55f30931472ccccef014a1e6,50915330,BUY,2458.22341915,0.0043009870
0xd83e60d273fd0cb3b05c2611db940fecb7b6ca64,50915330,BUY,2458.22433373,0.0042979430
0x13701f58031e900030fc78ffec9395c147df8275,50915333,SELL,2455.76484848,0.0198000000
0xc27a2b4bd5b374c3cb3c711e17901628824f8258,50915333,BUY,2458.22083005,0.0006815165
0x115eb5ec57dfeea405aad8fca80ac112c63d3153,50915338,SELL,2455.76243746,0.0019252530
0x1278c1e48e3c9548a5d9f2b16dc27ed311b0697c,50915338,SELL,2455.52155322,0.0000040720
0x1f8cb1749ff5eaddb5c538b1305307c7478624dc,50915340,SELL,2455.76121212,0.0099000000
0xaa936257cd7689d3f04336389dc951c0b439a64f,50915343,SELL,2455.75757576,0.0002475000
0xaa936257cd7689d3f04336389dc951c0b439a64f,50915344,SELL,2455.75757576,0.0002475000
0xaa936257cd7689d3f04336389dc951c0b439a64f,50915345,SELL,2455.75757576,0.0002475000
0xaa936257cd7689d3f04336389dc951c0b439a64f,50915345,SELL,2455.75757576,0.0002475000
0xaa936257cd7689d3f04336389dc951c0b439a64f,50915346,SELL,2455.75757576,0.0002475000
0x794eb7c1b1e935ede21e602b0c807de5c050b273,50915346,SELL,2455.75757576,0.0198000000
0xc27a2b4bd5b374c3cb3c711e17901628824f8258,50915346,BUY,2458.21498477,0.0000633565
0xa690a888b4ddb107c90ba1ffce376898b8f9e362,50915354,BUY,2458.24064461,0.2440228142
0x2994773351a3345003b0219c93788d115786240a,50915357,BUY,2458.32303432,0.4824925355
0x501ef174b66883ba40f92e6fb24bfb49331d4d4c,50915359,SELL,2455.75537083,0.0000040721
0xb21c1f3429de13abdc5095132ba8e92c94d6614d,50915362,BUY,2458.40960791,0.2808953178
0x8fa3386ec2c1519f7b99dceb75271c2b09601645,50915372,BUY,2458.50764834,0.5835182913
0xb7782f063e9c37f2985fb120e862e154c6d4cf4e,50915372,BUY,2458.74750221,1.5310550521
0xa81c55bf429cf91ce2a876617ec02f92d0a14605,50915373,BUY,2458.93948148,0.1612324573
0x048ef1062cbb39b338ac2685da72adf104b4cef5,50915373,SELL,2456.47483435,0.0000040717
0x059df16bdcf8a6bd20bb4814518ff6a2df3c7b11,50915374,BUY,2458.97017292,0.1092703161
0x7472146b3932ec1331b9fc6d3c12c911bbaa56eb,50915375,BUY,2459.00286855,0.1788497157
0x34ed24663c2301d553e90cc12d74f45dd088e22d,50915377,SELL,2456.56379459,0.0080543465
0x22e0adc1b4e680bb4483ae32ba3f45d2f9bad67c,50915379,BUY,2459.03117794,0.0000169445
0x9c952fc22ad42a56a7399feb9879b0e696099798,50915382,BUY,2459.02689476,0.0487997916
0x39a78508f7904733ad92dad58415a8ee1885b617,50915402,SELL,2456.57282828,0.0099000000
0x878253f4d0df1586120be21d1e94bdb781a2e51b,50915409,BUY,2459.03305267,0.0251850238
0xae6bbb0ce3329e7e50d028a4c14db645e666688e,50915425,BUY,2459.03727771,0.0121998964
0x90cf37640d2dd114b044ddcd9e7bdf5d9ccbcfa6,50915427,BUY,2459.03930459,0.0038895100
0xd24cbefd00375557a7c4138c78f0ed09d4005b3c,50915435,SELL,2456.56988889,0.0990000000
0xd24cbefd00375557a7c4138c78f0ed09d4005b3c,50915436,SELL,2456.54742424,0.0990000000
0x646758e8b061381a59313950a0f51f277d8ceac6,50915438,BUY,2458.99509216,0.0021979991
0x3bf562ab55f09850053f9e6db0a36d4971a6e456,50915441,SELL,2456.53555556,0.0099000000
0x1278c1e48e3c9548a5d9f2b16dc27ed311b0697c,50915442,SELL,2456.52709481,0.0001099109
0x13c2d2571a5751d92c31c0f91e29a401418b4b25,50915449,BUY,2458.99531835,0.0001144492
0xf620c997dc8720808171c0d95852d327ab313933,50915451,BUY,2458.99704771,0.0370882918
0x233db771f88a2d87190e060d51f8f5274b740bc0,50915459,BUY,2459.00956719,0.0000428176
0x501ef174b66883ba40f92e6fb24bfb49331d4d4c,50915462,SELL,2456.54285519,0.0001221228
0xdeef60f9c9dc04ccf03ef1b917060d2900bc6a46,50915468,SELL,2456.54236025,0.0043326149
0x501ef174b66883ba40f92e6fb24bfb49331d4d4c,50915468,SELL,2456.29722398,0.0000040708
0x44b2bf4417213bda59014fad8dbcfb68c25d5d30,50915470,BUY,2459.01019624,0.0000758411
0xc27a2b4bd5b374c3cb3c711e17901628824f8258,50915471,BUY,2459.00098821,0.0007332535
0x9c08584327cb1ba8f58398d108f2262a314a2328,50915472,SELL,2456.54143733,0.0054251672
0x5d8be91f2908ac0ec0b83a8490a726e62d15c8aa,50915472,SELL,2456.53951975,0.0115020108
0x740fd1831113cca8758ffaa1a651fdeafd2b232b,50915472,SELL,2456.53739116,0.0072878459
0xfcbb899bacd3e2a2a49575a408fc5d5c3ba65ac0,50915473,BUY,2459.12355568,1.1317517925
0x048ef1062cbb39b338ac2685da72adf104b4cef5,50915477,SELL,2456.78752223,0.0000040708
0x6b63ebbf36a78e0d2161b762e5a5b06dfe5d215c,50915478,BUY,2459.39850977,1.2628628564
0xd83e60d273fd0cb3b05c2611db940fecb7b6ca64,50915480,BUY,2459.54261404,0.0009234184
0xe756fc75048de1553453afa4c30cfee0da23940d,50915480,BUY,2459.54641099,0.0001304818
0x6b29280048f1d870bf79f832941708b715ec71b6,50915480,BUY,2459.54340910,0.0006085459
0x3214ab551ce97bab6e321a755e61e45673c36d09,50915487,BUY,2459.54599365,0.0001078402
0x13c2d2571a5751d92c31c0f91e29a401418b4b25,50915502,BUY,2459.54295338,0.0017267489
0x14adbc7ea094914aa9d9de96b7832915ffefe5f3,50915502,BUY,2459.54380663,0.0001113186
0x01fced6f9b42635a59a98eba28949e0e29bcbeda,50915503,SELL,2457.08334319,0.0043768845
0x2a1f5f85c431ba7b581074f9564035fd85200c44,50915503,BUY,2459.57373267,0.2800475118
0x9ab538c106c9ac3398c91c0bf72ded19791a5028,50915512,SELL,2457.14500563,0.0133443842
0x54e2acab04c89a3fe02852bf8dd69ee8f526bc75,50915512,SELL,2457.13837459,0.0001220928
0xb9f554fb5c5c9de3269c98efb9463f7b4220db0d,50915513,BUY,2459.60356352,0.0007767512
0x824abda7e8bfcf47c543761c50bc7bf6756deda9,50915513,BUY,2459.60497176,0.0003855383
0x18834e1991b07d543973a33279440a5dbb9a8518,50915521,BUY,2459.60370434,0.0004347180
0x88776fbd991c76aae24e12da906e47fc8be7aab2,50915527,BUY,2459.60367994,0.0010670565
0x9972f4c1e53b5eeb9e2630a7dddb5d5bfbcac451,50915527,BUY,2459.60532502,0.0003555278
0xfffff93233905118d37f2cb2117dc2aa5ccf861e,50915528,BUY,2459.60734695,0.0001718083
0x22e0adc1b4e680bb4483ae32ba3f45d2f9bad67c,50915529,BUY,2459.61309996,0.0000169401
0x90cf37640d2dd114b044ddcd9e7bdf5d9ccbcfa6,50915532,BUY,2459.60491542,0.0004661265
0x9ab538c106c9ac3398c91c0bf72ded19791a5028,50915540,SELL,2457.14324345,0.0093327396
0xf04a2505afb967a1b4f43304e17994e94bdc13a1,50915543,SELL,2457.08785597,0.4790625000
0xceac58ee82815b0a5bdfd698d1cc63094f9693bc,50915543,SELL,2457.03194281,0.0134516338
0x8ab3eb59c3bf3bdd98b379fa74c41111f070f955,50915544,SELL,2457.02996633,0.0029700000
0x17f9609465cdc9047cdef9fb082fde3b48a7fd7f,50915565,BUY,2459.52232706,0.0000245361
0x54e2acab04c89a3fe02852bf8dd69ee8f526bc75,50915578,SELL,2457.02158966,0.0001220990
0x0a184a2d50d2834dd7acdc0c944b9e8db5de4666,50915580,SELL,2457.02040404,0.0099000000
0x2ff77cd44ccd4eb7d0b51800cddc8512085ec6dc,50915581,SELL,2457.01858200,0.0060525834
0x54e2acab04c89a3fe02852bf8dd69ee8f526bc75,50915589,SELL,2457.01794041,0.0001220992
0xc27a2b4bd5b374c3cb3c711e17901628824f8258,50915598,BUY,2459.47908614,0.0003376630
0x11feffab82a4308dd99df99c8c035453a8d2eb44,50915598,BUY,2459.47801907,0.0008165424
0x45c86f9ab3a4c81ef75bc96f3fbdc75f6ff8e230,50915602,SELL,2457.00694949,0.0990000000
0x13c2d2571a5751d92c31c0f91e29a401418b4b25,50915602,BUY,2459.45830366,0.0001710657
0x824abda7e8bfcf47c543761c50bc7bf6756deda9,50915602,BUY,2459.45571711,0.0001226820
0x1278c1e48e3c9548a5d9f2b16dc27ed311b0697c,50915603,BUY,2459.45787681,0.0002903636
0x9ab538c106c9ac3398c91c0bf72ded19791a5028,50915606,BUY,2459.45631688,0.0142307874
0xd6ba972014d11a8e16c00b178afe62ab493d8c1b,50915615,BUY,2459.49254300,0.3046076383
0xaa936257cd7689d3f04336389dc951c0b439a64f,50915619,SELL,2457.06666667,0.0002475000
0xaa936257cd7689d3f04336389dc951c0b439a64f,50915619,SELL,2457.06666667,0.0002475000
0xaa936257cd7689d3f04336389dc951c0b439a64f,50915620,SELL,2457.06666667,0.0002475000
0xaa936257cd7689d3f04336389dc951c0b439a64f,50915621,SELL,2457.06666667,0.0002475000
0x1278c1e48e3c9548a5d9f2b16dc27ed311b0697c,50915621,SELL,2457.06003068,0.0001220967
0xe66b6974ed4586458be509f77b9b4ab0b4ada71d,50915621,BUY,2459.53154536,0.0408946221
0xafd08372f8631944c4b9eaac585a7cebd9f32e5b,50915624,SELL,2457.07606061,0.0099000000
0x7836026373d5bbec76a768869b026aa95e3c2b2f,50915625,SELL,2457.06561748,0.0016972933
0x67cc5cc94c31281390eb818b710be1659b93dc6e,50915625,SELL,2457.06538654,0.0003384664
0x5115114525475047bae8c42aec29bfe2a227db22,50915627,BUY,2459.52481377,0.0028235824
0xaa936257cd7689d3f04336389dc951c0b439a64f,50915628,SELL,2457.06262626,0.0002475000
0xaa936257cd7689d3f04336389dc951c0b439a64f,50915629,SELL,2457.06262626,0.0002475000
0xaa936257cd7689d3f04336389dc951c0b439a64f,50915629,SELL,2457.06262626,0.0002475000
0xf69742d098450943ed4c879f2e89b2dcaad4f023,50915630,SELL,2457.06568802,0.0007471530
0xaa936257cd7689d3f04336389dc951c0b439a64f,50915630,SELL,2457.06262626,0.0002475000
0x048ef1062cbb39b338ac2685da72adf104b4cef5,50915631,SELL,2457.06533429,0.0001220969
0x567735661390b70ff104a18f8b6e6e385aea2870,50915633,SELL,2457.06244652,0.0273617441
0xf69742d098450943ed4c879f2e89b2dcaad4f023,50915638,SELL,2457.05900653,0.0029058480
0x54e2acab04c89a3fe02852bf8dd69ee8f526bc75,50915644,SELL,2457.05115524,0.0001220972
0x0b2e1eaa1a5f715e63b1a9318e5a5bf0894c1864,50915646,SELL,2457.05814240,0.0040590000
0x54e2acab04c89a3fe02852bf8dd69ee8f526bc75,50915646,SELL,2457.05719445,0.0024419444
0xd83e60d273fd0cb3b05c2611db940fecb7b6ca64,50915646,BUY,2459.52024206,0.0000753712
0x8ac39190d3b2b8a80e03aa2ad624b25b4d3f176e,50915653,SELL,2457.05656566,0.0009900000
0x048ef1062cbb39b338ac2685da72adf104b4cef5,50915655,SELL,2457.04901040,0.0001220973
0xbce3a8a91948b8734ef9f0500a585c929a06ef01,50915668,BUY,2459.51667075,0.0003795136
0xecca0eab42bcdc7823a10d4562c4d918a404948b,50915682,BUY,2459.51609055,0.0004496490
0x8ac39190d3b2b8a80e03aa2ad624b25b4d3f176e,50915689,SELL,2457.05611672,0.0008910000
0xaa936257cd7689d3f04336389dc951c0b439a64f,50915689,SELL,2457.05454545,0.0002475000
0xaa936257cd7689d3f04336389dc951c0b439a64f,50915692,SELL,2457.05454545,0.0002475000
0x824abda7e8bfcf47c543761c50bc7bf6756deda9,50915693,BUY,2459.51837157,0.0002945540
0x6ee62fb521531b587e79262d759dec8ce4fef341,50915695,BUY,2459.51625323,0.0040658402
0xf3a5b9ab4004e1a59552623c99fde3b963ee6173,50915704,BUY,2459.51690285,0.0003122178
0x0f014545de76a29892b9319e5a4123b28299f33b,50915707,SELL,2457.05668154,0.0097042934
0xf0523316cf23ef167d874fa030b2214280e38ee6,50915708,BUY,2459.52612316,0.1015624704
0x8ba3badfe22d44378a42584f7b1d5af1ee7c3cec,50915709,SELL,2457.07725590,0.0127189932
0x4e4995d4c89e85bcfa8f6edc9e60807cdc9c6b02,50915711,BUY,2459.54946098,0.1292548892
0x39c30ab9da0edfd7ef2e293714ae69b9b6cb0d68,50915711,BUY,2459.69848950,1.1824122523
0xd5ab4cac1d869fdd5577f9eeb22274f4eb6e3c40,50915714,BUY,2459.85383100,0.1846767069
0x55555cfddd37d8d82e06e0de90da9366ca3e31e8,50915717,SELL,2457.40947088,0.0001493715
0x55555cfddd37d8d82e06e0de90da9366ca3e31e8,50915717,SELL,2457.41516249,0.0022117097
0x55555cfddd37d8d82e06e0de90da9366ca3e31e8,50915717,SELL,2457.41247448,0.0002922493
0xd5ab4cac1d869fdd5577f9eeb22274f4eb6e3c40,50915717,BUY,2459.87546032,0.0108945288
0x2d93c2f74b2c4697f9ea85d0450148aa45d4d5a2,50915718,SELL,2457.41682320,0.0046504919
0x55555cfddd37d8d82e06e0de90da9366ca3e31e8,50915718,SELL,2457.41083071,0.0000341770
0x55555cfddd37d8d82e06e0de90da9366ca3e31e8,50915719,BUY,2459.88050523,0.0000396812
0x55555cfddd37d8d82e06e0de90da9366ca3e31e8,50915719,SELL,2457.40163298,0.0000386453
0x55555cfddd37d8d82e06e0de90da9366ca3e31e8,50915719,SELL,2457.41527830,0.0002233867
0x55555cfddd37d8d82e06e0de90da9366ca3e31e8,50915719,BUY,2459.94119164,0.0000054030
0x55555cfddd37d8d82e06e0de90da9366ca3e31e8,50915719,SELL,2457.32521338,0.0000108695
0x55555cfddd37d8d82e06e0de90da9366ca3e31e8,50915721,BUY,2459.88430283,0.0002819974
0x55555cfddd37d8d82e06e0de90da9366ca3e31e8,50915721,SELL,2457.42365066,0.0001247046
0x55555cfddd37d8d82e06e0de90da9366ca3e31e8,50915721,SELL,2457.42160476,0.0002556464
0xd5ab4cac1d869fdd5577f9eeb22274f4eb6e3c40,50915721,BUY,2459.88721591,0.0309750669
0x55555cfddd37d8d82e06e0de90da9366ca3e31e8,50915722,SELL,2457.42714191,0.0000534006
0x55555cfddd37d8d82e06e0de90da9366ca3e31e8,50915722,SELL,2457.39140289,0.0000203085
0x55555cfddd37d8d82e06e0de90da9366ca3e31e8,50915722,BUY,2479.85611179,0.0000000472
0x55555cfddd37d8d82e06e0de90da9366ca3e31e8,50915722,SELL,2457.43048414,0.0000541004
0x55555cfddd37d8d82e06e0de90da9366ca3e31e8,50915722,SELL,2457.42795150,0.0002702041
0x55555cfddd37d8d82e06e0de90da9366ca3e31e8,50915723,BUY,2459.91083739,0.0000343960
0x55555cfddd37d8d82e06e0de90da9366ca3e31e8,50915723,SELL,2457.41783850,0.0000123862
0x55555cfddd37d8d82e06e0de90da9366ca3e31e8,50915723,BUY,2459.89231163,0.0004693210
0x55555cfddd37d8d82e06e0de90da9366ca3e31e8,50915724,SELL,2457.43038111,0.0006590555
0x55555cfddd37d8d82e06e0de90da9366ca3e31e8,50915724,SELL,2457.41441685,0.0000319519
0xb8acb1b5c67386dd4dfa9fb9fbae3ef03eed2d3b,50915725,BUY,2459.89117101,0.0024198241
0x55555cfddd37d8d82e06e0de90da9366ca3e31e8,50915726,SELL,2457.43042507,0.0003556666
0x55555cfddd37d8d82e06e0de90da9366ca3e31e8,50915726,SELL,2457.42047288,0.0000454981
0x55555cfddd37d8d82e06e0de90da9366ca3e31e8,50915726,SELL,2457.43096936,0.0002849997
0x4ce63e379aea0756cb05c31cbc5ef48d1dc88331,50915726,BUY,2459.91422371,0.0000223431
0x55555cfddd37d8d82e06e0de90da9366ca3e31e8,50915727,SELL,2457.43076774,0.0077324534
0x55555cfddd37d8d82e06e0de90da9366ca3e31e8,50915727,SELL,2457.42920480,0.0003657941
0x55555cfddd37d8d82e06e0de90da9366ca3e31e8,50915727,SELL,2457.39697875,0.0000158350
0xafd08372f8631944c4b9eaac585a7cebd9f32e5b,50915727,BUY,2459.89047517,0.0109395305
0x55555cfddd37d8d82e06e0de90da9366ca3e31e8,50915728,SELL,2457.37150423,0.0000136915
0x55555cfddd37d8d82e06e0de90da9366ca3e31e8,50915728,SELL,2456.48230368,0.0000001983
0x55555cfddd37d8d82e06e0de90da9366ca3e31e8,50915728,SELL,2457.43149165,0.0002300801
0x55555cfddd37d8d82e06e0de90da9366ca3e31e8,50915728,SELL,2457.42995761,0.0000835800
0x55555cfddd37d8d82e06e0de90da9366ca3e31e8,50915729,BUY,2459.89314544,0.0006285196
0x55555cfddd37d8d82e06e0de90da9366ca3e31e8,50915729,SELL,2457.41133877,0.0000246259
0x55555cfddd37d8d82e06e0de90da9366ca3e31e8,50915729,SELL,2457.42895501,0.0002154028
0x55555cfddd37d8d82e06e0de90da9366ca3e31e8,50915731,SELL,2457.42944636,0.0000963356
0x55555cfddd37d8d82e06e0de90da9366ca3e31e8,50915731,SELL,2457.42904084,0.0002294508
0x55555cfddd37d8d82e06e0de90da9366ca3e31e8,50915731,SELL,2457.43139175,0.0000794301
0x2bfdc4466152afde66eca0a10e741d10e0e83f4c,50915731,BUY,2459.90041085,0.0779428249
0x55555cfddd37d8d82e06e0de90da9366ca3e31e8,50915732,BUY,2459.91102235,0.0001672495
0x55555cfddd37d8d82e06e0de90da9366ca3e31e8,50915732,SELL,2457.44949446,0.0029782073
0x55555cfddd37d8d82e06e0de90da9366ca3e31e8,50915732,SELL,2457.44576377,0.0000231342
0x55555cfddd37d8d82e06e0de90da9366ca3e31e8,50915733,SELL,2457.44331585,0.0001124262
0x55555cfddd37d8d82e06e0de90da9366ca3e31e8,50915733,SELL,2457.44627850,0.0002570221
0x55555cfddd37d8d82e06e0de90da9366ca3e31e8,50915734,SELL,2457.38868146,0.0000080150
0x55555cfddd37d8d82e06e0de90da9366ca3e31e8,50915734,SELL,2457.44900962,0.0017141532
0x55555cfddd37d8d82e06e0de90da9366ca3e31e8,50915734,SELL,2457.44801589,0.0063039641
0xc27a2b4bd5b374c3cb3c711e17901628824f8258,50915735,BUY,2459.90910432,0.0000373274
0x55555cfddd37d8d82e06e0de90da9366ca3e31e8,50915736,SELL,2457.42999761,0.0000265786
0x55555cfddd37d8d82e06e0de90da9366ca3e31e8,50915736,SELL,2457.44211609,0.0000704908
0x55555cfddd37d8d82e06e0de90da9366ca3e31e8,50915736,SELL,2457.44415710,0.0000586622
0x55555cfddd37d8d82e06e0de90da9366ca3e31e8,50915737,SELL,2457.44603700,0.0115237004
0x55555cfddd37d8d82e06e0de90da9366ca3e31e8,50915737,SELL,2457.42830836,0.0000336510
0x55555cfddd37d8d82e06e0de90da9366ca3e31e8,50915737,SELL,2457.44383594,0.0080741263
0x55555cfddd37d8d82e06e0de90da9366ca3e31e8,50915738,SELL,2457.43608736,0.0000294339
0x55555cfddd37d8d82e06e0de90da9366ca3e31e8,50915738,SELL,2457.44248429,0.0002245281
0x55555cfddd37d8d82e06e0de90da9366ca3e31e8,50915739,BUY,2459.90338590,0.0002111859
0x55555cfddd37d8d82e06e0de90da9366ca3e31e8,50915739,SELL,2457.43435236,0.0000943097
0x55555cfddd37d8d82e06e0de90da9366ca3e31e8,50915739,SELL,2457.43795757,0.0000484834
0x55555cfddd37d8d82e06e0de90da9366ca3e31e8,50915739,BUY,2462.88229011,0.0000002375
0x55555cfddd37d8d82e06e0de90da9366ca3e31e8,50915739,BUY,2459.90363791,0.0002509391
0x55555cfddd37d8d82e06e0de90da9366ca3e31e8,50915740,SELL,2457.44070703,0.0001534914
0x55555cfddd37d8d82e06e0de90da9366ca3e31e8,50915740,SELL,2457.41091969,0.0000191238
0x55555cfddd37d8d82e06e0de90da9366ca3e31e8,50915742,BUY,2459.90306993,0.0005516941
0x55555cfddd37d8d82e06e0de90da9366ca3e31e8,50915742,SELL,2457.44018665,0.0002359235
0x55555cfddd37d8d82e06e0de90da9366ca3e31e8,50915742,SELL,2457.42453372,0.0000479356
0x55555cfddd37d8d82e06e0de90da9366ca3e31e8,50915742,SELL,2457.43848850,0.0000704274
0x55555cfddd37d8d82e06e0de90da9366ca3e31e8,50915742,BUY,2466.97862300,0.0000001204
0x55555cfddd37d8d82e06e0de90da9366ca3e31e8,50915742,BUY,2459.96262781,0.0000100749
0x55555cfddd37d8d82e06e0de90da9366ca3e31e8,50915742,SELL,2457.41661507,0.0000346897
0x55555cfddd37d8d82e06e0de90da9366ca3e31e8,50915743,SELL,2457.42918267,0.0000454658
0x55555cfddd37d8d82e06e0de90da9366ca3e31e8,50915743,SELL,2457.44123815,0.0002684850
0x55555cfddd37d8d82e06e0de90da9366ca3e31e8,50915743,SELL,2457.44150384,0.0007674758
0x55555cfddd37d8d82e06e0de90da9366ca3e31e8,50915744,SELL,2457.44242689,0.0015857307
0x55555cfddd37d8d82e06e0de90da9366ca3e31e8,50915744,SELL,2457.41003965,0.0000148148
0x55555cfddd37d8d82e06e0de90da9366ca3e31e8,50915744,SELL,2457.43975531,0.0003820960
0x55555cfddd37d8d82e06e0de90da9366ca3e31e8,50915744,BUY,2485.99016968,0.0000000366
0x55555cfddd37d8d82e06e0de90da9366ca3e31e8,50915744,SELL,2457.43693043,0.0000622116
0x55555cfddd37d8d82e06e0de90da9366ca3e31e8,50915745,SELL,2457.42994787,0.0000393822
0x55555cfddd37d8d82e06e0de90da9366ca3e31e8,50915745,SELL,2457.42893347,0.0000563284
0x55555cfddd37d8d82e06e0de90da9366ca3e31e8,50915745,BUY,2466.50172475,0.0000001277
0x55555cfddd37d8d82e06e0de90da9366ca3e31e8,50915745,SELL,2457.43285659,0.0000849655
0x55555cfddd37d8d82e06e0de90da9366ca3e31e8,50915745,SELL,2457.44137356,0.0073290216
0xf7503e92dbb26faf93f2109b59e5454f5668110a,50915746,BUY,2459.90265186,0.0245645359
0x1278c1e48e3c9548a5d9f2b16dc27ed311b0697c,50915746,SELL,2457.44555338,0.0028010761
0x55555cfddd37d8d82e06e0de90da9366ca3e31e8,50915747,BUY,2459.90679786,0.0002832920
0x55555cfddd37d8d82e06e0de90da9366ca3e31e8,50915747,SELL,2457.44130009,0.0001252343
0x55555cfddd37d8d82e06e0de90da9366ca3e31e8,50915748,SELL,2457.44495166,0.0005377020
0x55555cfddd37d8d82e06e0de90da9366ca3e31e8,50915748,SELL,2457.44469650,0.0059218427
0x55555cfddd37d8d82e06e0de90da9366ca3e31e8,50915749,BUY,2459.90627180,0.0003398650
0x55555cfddd37d8d82e06e0de90da9366ca3e31e8,50915749,BUY,2459.90361771,0.0013390269
0x55555cfddd37d8d82e06e0de90da9366ca3e31e8,50915750,SELL,2457.42819776,0.0000382611
0x49719d256a5ea16bfa579ea16e95bea9fa41a452,50915756,SELL,2457.44410189,0.0026700563
0x1278c1e48e3c9548a5d9f2b16dc27ed311b0697c,50915759,SELL,2457.44310542,0.0008138536
0xe93685f3bba03016f02bd1828badd6195988d950,50915760,BUY,2459.90406339,0.0003103028
0x3d1ff684eccbe09b6ab9b634551ffc7b5ecb5ebc,50915776,SELL,2457.44377104,0.0059400000
0x22f097eb2f76b91f922513737dd6d30411d447b5,50915779,SELL,2457.44272825,0.0036725755
0xaa936257cd7689d3f04336389dc951c0b439a64f,50915781,SELL,2457.43838384,0.0002475000
0x92a05fb32ef78e48bcd284626f329a7c475f89e6,50915797,BUY,2459.90260477,0.0089358904
0x54e2acab04c89a3fe02852bf8dd69ee8f526bc75,50915805,BUY,2459.90450869,0.0070337243
0x0034a05dca91cb3234ef72456413746b70ca18c3,50915820,BUY,2459.90688012,0.0001023031
0x402b8bb4f40499882669472c8c2a8709bd0da061,50915821,BUY,2459.96006805,0.4827314132
0x4738d4b302a8b30f128b8fc148d430b45a4e3c04,50915822,BUY,2460.02362580,0.0000250262
0x30f5f2c24b4036f09259a56ae487e7973790a7bc,50915823,BUY,2460.03891240,0.0000326958
0xe9a0da4806312550fa8d519b362420618d5f0c64,50915825,BUY,2460.01549949,0.0008200099
0xd83e60d273fd0cb3b05c2611db940fecb7b6ca64,50915825,BUY,2460.01900386,0.0001726283
0x88776fbd991c76aae24e12da906e47fc8be7aab2,50915827,BUY,2460.01593280,0.0010661008
0x0dfa768499c331acbd6df31887eca6f5860fbd6f,50915827,BUY,2460.01597232,0.0004729717
0x67cc5cc94c31281390eb818b710be1659b93dc6e,50915830,BUY,2460.01593259,0.0015192015
0x4e30b933c0cd88736aec5b32aaa054897c276061,50915830,SELL,2457.43365683,0.0000077512
0x501ef174b66883ba40f92e6fb24bfb49331d4d4c,50915831,BUY,2460.01698252,0.0007920128
0xc27a2b4bd5b374c3cb3c711e17901628824f8258,50915831,BUY,2460.02421028,0.0000678420
0x233db771f88a2d87190e060d51f8f5274b740bc0,50915831,BUY,2460.02129587,0.0000445256
0x048ef1062cbb39b338ac2685da72adf104b4cef5,50915833,BUY,2460.01657478,0.0042071818
0x6da7715c82b4025e0602ba8701df457c73fa6a87,50915833,SELL,2457.55670906,0.0071764110
0xb9f554fb5c5c9de3269c98efb9463f7b4220db0d,50915837,BUY,2460.01682954,0.0000073085
0x824abda7e8bfcf47c543761c50bc7bf6756deda9,50915839,BUY,2460.01730145,0.0002078103
0xbce58cc4a21bba0d080414e6c310d1ff3b9b693c,50915839,BUY,2460.01548209,0.0003284520
0x0472ff64459690ddf5ae09579b6df736116a74a6,50915839,BUY,2460.02205247,0.0001415252
0xd515f81b40c0e63d99d50099d9b4610a3606a818,50915845,BUY,2460.01709996,0.0001291060
0xfb231733387da6a891d1aaee59d5ce03ac63c9f5,50915847,BUY,2460.01849830,0.0254805677
0x845b247ead57cf07f823c94fd3ac3a5361d81755,50915852,BUY,2460.02548120,0.0001426132
0x501ef174b66883ba40f92e6fb24bfb49331d4d4c,50915857,BUY,2460.02246944,0.0092387965
0x0c8acf06e7a60c88c9ef680bd9f886ed55acac3f,50915858,SELL,2457.55846465,0.0495000000
0x7906d5e4a10fbb07f5491018ab29df072a76eb3d,50915858,SELL,2457.54723232,0.0495000000
0xc27a2b4bd5b374c3cb3c711e17901628824f8258,50915859,BUY,2460.00122965,0.0014698545
0x71d1be9180c6ed1dc402aa19f7fced5c6f0176f3,50915860,BUY,2459.99998373,0.0003990061
0x1278c1e48e3c9548a5d9f2b16dc27ed311b0697c,50915860,SELL,2457.52102906,0.0000488289
0x6b63ebbf36a78e0d2161b762e5a5b06dfe5d215c,50915866,BUY,2460.01459048,0.1331004012
0x72d6d3574300b76fffd27b31948bf4afe2c468ba,50915868,BUY,2460.08690959,0.5032590268
0x4ab6e6ce2c95cf2a1468295bf83d140df4022508,50915869,BUY,2460.15713560,0.1146315619
0xf2d1aff8a41cdef7e06c8443866124184c3ef527,50915869,BUY,2460.17230259,0.0178801094
0x71d1be9180c6ed1dc402aa19f7fced5c6f0176f3,50915876,BUY,2460.17427339,0.0004064753
0x7229c585b54d17dd889650eebfe2fb8b0cfaba14,50915879,BUY,2460.18920334,0.1308364282
0x7229c585b54d17dd889650eebfe2fb8b0cfaba14,50915879,BUY,2460.22451998,0.1798975116
0x93945bf5613fe5e95fcc40ebe5e9a9acce34e43b,50915881,BUY,2460.25882257,0.1219383901
0x501ef174b66883ba40f92e6fb24bfb49331d4d4c,50915883,BUY,2460.27909128,0.0562874291
0x71d1be9180c6ed1dc402aa19f7fced5c6f0176f3,50915883,BUY,2460.28643363,0.0078263135
0x8e36437e4152840bb2c88dd6f824d6cf5d9179e2,50915884,SELL,2457.81520731,0.1090630639
0x03d9964f4d93a24b58c0fc3a8df3474b59ba8557,50915893,BUY,2460.47093717,0.0000020854
0x03d9964f4d93a24b58c0fc3a8df3474b59ba8557,50915893,BUY,2460.30645650,0.0000047092
0x031889d0fa51812502bf6ca5c94f5b870319d0cf,50915893,SELL,2457.80274871,0.0007236264
0x3752914977cf53f7ea4d0cd7e9f1d15a3b90c524,50915893,SELL,2457.80020215,0.0215856704
0x43ac314c1f5f590178be38dab8d79f0f916a13c9,50915893,SELL,2457.79770359,0.0005579963
0x6b29280048f1d870bf79f832941708b715ec71b6,50915893,BUY,2460.70681727,0.0000005954
0x048ef1062cbb39b338ac2685da72adf104b4cef5,50915902,SELL,2457.54582532,0.0000004924
0x30f5f2c24b4036f09259a56ae487e7973790a7bc,50915904,BUY,2460.26594749,0.0001081708
0x1278c1e48e3c9548a5d9f2b16dc27ed311b0697c,50915905,SELL,2457.79762655,0.0001220605
0xaa936257cd7689d3f04336389dc951c0b439a64f,50915908,SELL,2457.79646465,0.0099000000
0xaa936257cd7689d3f04336389dc951c0b439a64f,50915909,SELL,2457.79424242,0.0099000000
0x1278c1e48e3c9548a5d9f2b16dc27ed311b0697c,50915909,BUY,2460.25587975,0.0269606615
0xaa936257cd7689d3f04336389dc951c0b439a64f,50915909,SELL,2457.79808081,0.0099000000
0x68eeec62aef0ceef94d74a83dbbe985ba9aa974e,50915910,BUY,2460.25860548,0.0167912271
0xaa936257cd7689d3f04336389dc951c0b439a64f,50915910,SELL,2457.79969697,0.0099000000
0xaa936257cd7689d3f04336389dc951c0b439a64f,50915911,SELL,2457.79737374,0.0099000000
0xaa936257cd7689d3f04336389dc951c0b439a64f,50915912,SELL,2457.79515152,0.0099000000
0x1f987e13b6d37c0e4044dc3aa453dc769e0069a5,50915919,BUY,2460.25904835,0.0001537927
0x5115114525475047bae8c42aec29bfe2a227db22,50915921,BUY,2460.25439747,0.0033550628
0x4c9374ddac76040389a385eb393fe9c7095e6c3b,50915927,SELL,2457.79357208,0.0108900000
0x1278c1e48e3c9548a5d9f2b16dc27ed311b0697c,50915931,BUY,2460.25255789,0.0005509646
0x5eda278fe10cc808a7090f36eba4bbe842f729c8,50915933,SELL,2457.79235039,0.0016734689
0x7f77bad9eb06373fe3aee84f85a9d701ff820eeb,50915934,SELL,2457.67867200,1.0000000000
0x996f4597b6fb05b6aa227de7b4f56fea51df1d4c,50915941,BUY,2460.02542616,0.0068329883
0xe9a0da4806312550fa8d519b362420618d5f0c64,50915947,BUY,2460.02648126,0.0012949178
0x3482d9a357ba687c57237ec1587e9f7484856f0e,50915965,BUY,2460.02853788,0.0180577690
0x3482d9a357ba687c57237ec1587e9f7484856f0e,50915965,BUY,2460.04638268,0.0000040133
0x83681c14770b44361e21faf91d8325423365ea5c,50915974,SELL,2457.55323991,0.0000496596
0x5e7b46d33dae15b8ca77e8d08b14b211e5426f5e,50915976,BUY,2460.03149212,0.0072699049
0x88e14dc3bee717d0b295e1c10379be6f554ddb96,50915977,BUY,2460.03269012,0.0012280833
0x30f5f2c24b4036f09259a56ae487e7973790a7bc,50915985,BUY,2460.03351328,0.0003972344
0x0000208d547a446ba9059cbb2cfcfbaead7d3fa3,50916003,SELL,2457.53167182,0.3654896384
0x16b989da673a8ee115123eb7ec47bcc847c62651,50916005,BUY,2459.95022323,0.0050541389
0x907e78aaa743a15092a653de63604ebf6d88a589,50916009,SELL,2457.49071242,0.0010535580
0xaa0f7bf117f601f5cc68157713fb1277373955d0,50916010,BUY,2459.95505474,0.0404240365
0xf29e4c46f68dbe8502b869ba479d0927194f1b04,50916010,BUY,2459.96422872,0.0403435509
0xac980b82b58c2a908f06649f1ef5a46dbf89da41,50916010,BUY,2459.97326281,0.0390829833
0xe3644186cb81c7fe2278a9d83034b8389adba8eb,50916010,BUY,2459.98214544,0.0390118697
0x13c2d2571a5751d92c31c0f91e29a401418b4b25,50916012,BUY,2460.03804626,0.0000124856
0xc2717dc0bdf61633331f97430caa30519fd0b665,50916015,BUY,2459.99037694,0.0000891556
0x0472ff64459690ddf5ae09579b6df736116a74a6,50916015,BUY,2459.98690022,0.0012339753
0xa2527c1732dd318ee7e817958e5ab4a9ba39c733,50916019,SELL,2457.49378788,0.2970000000
0xb76455d6a7759cb4ea5bdfb1e940c6a15def4708,50916026,BUY,2459.92673717,0.0645723552
0x34ec594bb6ef731074cfc75c4fdfbe1b689ed961,50916032,SELL,2457.44123851,0.2953295512
0x010fb63a6f20ba626bd36a8131980464360975db,50916035,BUY,2459.91041480,0.3821972838
0x7f065824efc9363d88705f3817b1394636e1c411,50916038,BUY,2459.95494945,0.0096342610
0x631ab8eb40588543df900263f864b6376d56a587,50916038,SELL,2457.46265333,0.3000000000
0xaa936257cd7689d3f04336389dc951c0b439a64f,50916043,SELL,2457.42626263,0.0002475000
0xaa936257cd7689d3f04336389dc951c0b439a64f,50916044,SELL,2457.42626263,0.0002475000
0xafd08372f8631944c4b9eaac585a7cebd9f32e5b,50916051,SELL,2457.36333333,0.0099000000
0x3675abef47fd08915031a1f924cb7f253df51278,50916051,SELL,2457.31614057,0.4061361139
0x89776c033265cbeab907563e9518a2a5095eb18e,50916054,SELL,2457.26888889,0.0099000000
0x1278c1e48e3c9548a5d9f2b16dc27ed311b0697c,50916059,SELL,2456.89177775,0.0000006150
0xf69742d098450943ed4c879f2e89b2dcaad4f023,50916060,SELL,2457.26724060,0.0047332890
0x30f5f2c24b4036f09259a56ae487e7973790a7bc,50916060,BUY,2459.72682557,0.0001738685
0x824abda7e8bfcf47c543761c50bc7bf6756deda9,50916060,BUY,2459.72797515,0.0001810176
0x3bb884676aff47065f4d086c631127962e545081,50916078,SELL,2457.23313131,0.0148500000
0xca372e59191cf8b72c609ed61f70536b8b978987,50916090,SELL,2457.16688149,0.5693935640
0xf04a2505afb967a1b4f43304e17994e94bdc13a1,50916090,SELL,2457.08170474,0.1814062500
0x12c51473ecec31920552b2cefc96f7c3ccf1dacd,50916090,SELL,2457.02966207,0.2773570423
0x271e9c06f79f7b54ff3c99259f2000cb53c4a600,50916090,SELL,2456.98809203,0.0891000000
0x0f014545de76a29892b9319e5a4123b28299f33b,50916093,SELL,2456.97614915,0.0159080877
0xc659f36ab99193910084405a238435e1ebd582ce,50916095,BUY,2459.43565526,0.0215258085
0xa971283289448b30188cec3f0e60ad92322e4970,50916098,SELL,2456.93683008,0.3740625000
0xc659f36ab99193910084405a238435e1ebd582ce,50916099,SELL,2456.89191919,0.0217800000
0xa971283289448b30188cec3f0e60ad92322e4970,50916100,SELL,2456.84033016,0.4331250000
0x5c0836451b26edf2744061cbf2271257e1bcfdb1,50916100,SELL,2456.75009478,0.3624336952
0x6d1b9e61c1914a0ea2b36c6904453f8d4e9d19db,50916100,SELL,2456.55131261,0.3440823136
0x806c9d99aeaf106d143e44c30af6734a969d08b2,50916101,SELL,2456.49840668,0.1228392855
0xf04a2505afb967a1b4f43304e17994e94bdc13a1,50916103,SELL,2456.46452766,0.1762500000
0x05854d0c70d2f696fb3d9c0863100956b795e2ff,50916108,SELL,2456.40782639,0.3242996967
0x8d33bac9cc96eb8e6ce2dd62d4f82f24013e1e5f,50916114,SELL,2456.36900000,0.0180000000
0x1b9e3324ee51e8e9be68d6ee5fdbfc525dd5f292,50916122,BUY,2458.82552198,0.0022733858
0x8a11e658be0d4fbdf56eafa8fc94a19c1d5d04c2,50916122,BUY,2458.82613711,0.0017322640
0xa83b73f5644cde337b61da79589f10ea15548811,50916123,SELL,2456.33428620,0.2970000000
0xa83b73f5644cde337b61da79589f10ea15548811,50916124,BUY,2458.78808992,0.2822092102
0x4213ecf42a829b3357b86de56cd70a40fa218528,50916124,BUY,2458.82572885,0.0000769213
0x8a11e658be0d4fbdf56eafa8fc94a19c1d5d04c2,50916124,BUY,2458.82086751,0.0009308539
0xc6134f75dc989ac58c37ebe6437c70d1832e517a,50916124,BUY,2458.82564347,0.0000380653
0x8f2b7b8f40d1afcb6bbd64f72d04afc1d2376c91,50916124,BUY,2458.82683221,0.0000178008
0xa567548330fe65791ad3f752f83724630aff124f,50916124,BUY,2458.82772986,0.0000363844
0x1b9e3324ee51e8e9be68d6ee5fdbfc525dd5f292,50916124,BUY,2458.82069624,0.0012272119
0x88776fbd991c76aae24e12da906e47fc8be7aab2,50916127,BUY,2458.82122766,0.0010651376
0x9972f4c1e53b5eeb9e2630a7dddb5d5bfbcac451,50916127,BUY,2458.82287609,0.0003548877
0xc659f36ab99193910084405a238435e1ebd582ce,50916135,BUY,2458.82724638,0.0554285427
0x8fa3386ec2c1519f7b99dceb75271c2b09601645,50916141,BUY,2458.87440060,0.3602872964
0x01c1816b1a7ed9a77180d46a8fefdf2e0cf97e9f,50916141,BUY,2458.93633165,0.1855827368
0x6fc0ce28d7b077bd7ef13f63b4a8712b0aa759a9,50916141,BUY,2458.97745598,0.1769293211
0x98c0aa9b906dce9d3747e01c84e8c5559efd7ceb,50916142,BUY,2459.06215749,0.5690848878
0x3688b87e0aefc15f62eae1272edc11f7a761bf73,50916142,BUY,2459.14045783,0.1202708174
0xebe7e8f1f3f0d3ec6a7fad6820767aa2d4182234,50916142,SELL,2456.69481702,0.0060390000
0x87b440294b10254872ad81f5ff97580f0d9299e6,50916142,BUY,2459.18756149,0.3065262625
0x9e10496618700907928e4a7507cad90f5588ccb8,50916143,BUY,2459.26339516,0.3610755785
0xfbd45e17dd91e8ada28bed59ffbae25f9cde80b1,50916143,BUY,2459.43568025,1.1554940639
0xcf5412704264151768b4b7061162154c99718f7c,50916150,BUY,2459.56799354,0.0008369039
0xdfc3dd8e3351caaa2c9d9b8135fdbec4118ef284,50916156,SELL,2457.10696970,0.0099000000
0x8a9dde87eb1f9982e8e79583cb989858516d00b4,50916159,BUY,2459.67593548,0.9771823509
0x653dcf7edc6adb1e744e25d13d931dd6da8885dd,50916159,BUY,2459.82037766,0.2939950472
0xdabe43dd061114f1593662f8230acf37d3966721,50916167,BUY,2459.89866345,0.3949298544
0xdabe43dd061114f1593662f8230acf37d3966721,50916168,BUY,2459.97446958,0.2721343279
0xc659f36ab99193910084405a238435e1ebd582ce,50916172,SELL,2457.54545455,0.0042570000
0x05854d0c70d2f696fb3d9c0863100956b795e2ff,50916175,BUY,2460.00613312,0.0146018628
0xdb5e4b88327f74057124687236e42341fafa5581,50916177,BUY,2460.02025218,0.1099642309
0x8c0f4d8569fe06d76766ada94875299b51fe4ca3,50916185,BUY,2460.04174789,0.0791950048
0xef896ef08ff145bc4b457174edece658ea902df7,50916186,BUY,2460.06746855,0.1471286677
0xaf7fe18b443ec5d175e908118276dd132ad371dc,50916186,BUY,2460.08471084,0.0025709672
0x01fced6f9b42635a59a98eba28949e0e29bcbeda,50916189,SELL,2457.62465065,0.0034063200
0xb788e1f1a967c50bd685b1783f5c39283961b641,50916195,SELL,2457.61248145,0.1060713713
0x614817d2a4be5a152b344f17fbd94df0f08830e9,50916195,SELL,2457.58841275,0.1060713713
0x020ef910758712caa69cd16e23bfc7d992713451,50916195,SELL,2457.56433462,0.1060713713
0x886cfef64a5321ae98df08dc8ce0a8c5f69f1ee5,50916195,SELL,2457.54026592,0.1060713713
0x95e0caf30da7a3582c476e13d7db8c4831e36d11,50916195,SELL,2457.52801103,0.0019484482
0x0f1496e7bd698dcf5104b7c737a3e1e486a9edcb,50916197,BUY,2460.00186870,0.0000433841
0x1eecd5469953d2c952564f503f36592b51b1248c,50916199,BUY,2459.98794637,0.0000422502
0x319ca3532a12b367bb038165ba37b15756e45688,50916202,BUY,2459.98952288,0.0205984548
0xd83e60d273fd0cb3b05c2611db940fecb7b6ca64,50916212,BUY,2459.99558445,0.0000356647
0xaa936257cd7689d3f04336389dc951c0b439a64f,50916217,SELL,2457.53131313,0.0002475000
0xaa936257cd7689d3f04336389dc951c0b439a64f,50916218,SELL,2457.53131313,0.0099000000
0x01fced6f9b42635a59a98eba28949e0e29bcbeda,50916218,BUY,2459.99074232,0.0096319188
0xaa936257cd7689d3f04336389dc951c0b439a64f,50916218,SELL,2457.53131313,0.0002475000
0xaa936257cd7689d3f04336389dc951c0b439a64f,50916219,SELL,2457.53111111,0.0099000000
0xaa936257cd7689d3f04336389dc951c0b439a64f,50916220,SELL,2457.52727273,0.0002475000
0xaa936257cd7689d3f04336389dc951c0b439a64f,50916220,SELL,2457.52888889,0.0099000000
0x54e2acab04c89a3fe02852bf8dd69ee8f526bc75,50916237,SELL,2457.52775245,0.0001790417
0x7cbabae6ebb0c4ae0e953fbc6525a62cb0afc0cd,50916238,BUY,2459.98954895,0.0003931655
0x54e2acab04c89a3fe02852bf8dd69ee8f526bc75,50916240,SELL,2457.52776122,0.0001017283
0xbf6ea5fad1ec60d036ecfa33082dd50107d2c4d3,50916241,SELL,2457.52895422,0.0017911065
0xbf6ea5fad1ec60d036ecfa33082dd50107d2c4d3,50916241,SELL,2457.52856872,0.0016060717
0x6ee62fb521531b587e79262d759dec8ce4fef341,50916241,BUY,2459.98822121,0.0040650601
0x4b82847c82087ea19418bed079966810f64f39f4,50916245,SELL,2457.52907857,0.0014333450
0xa9499065732d4319f732f8f60f8e2632904b5dc9,50916248,SELL,2457.39056373,1.2199009930
0xc746bd035fce528333ba4409d8dad1dfc953b224,50916248,BUY,2459.71190712,0.0050384490
0xd40d00e6322e3768464a150900ef4565875f1f5e,50916252,BUY,2459.72362251,0.0987674948
0x300876dc3f942b22279b8499de9de2eec7f19c17,50916259,BUY,2459.73792510,0.0269780257
0x0b9a81c373f783edbf5f84fccb9c3adca6f6c9b2,50916264,BUY,2459.75524515,0.1255958033
0x2bfdc4466152afde66eca0a10e741d10e0e83f4c,50916270,SELL,2457.30808081,0.0198000000
0xee690b66ae7b57e2be694de1db3a37a5c211d69e,50916270,BUY,2459.76930679,0.0001498998
0x0e82088081b31aadf32e0444f6094dd659c9c795,50916278,SELL,2457.30094567,0.0436550689
0x3675abef47fd08915031a1f924cb7f253df51278,50916278,SELL,2457.28960408,0.0563058643
0x3dac7773364c2060c44a07bc826254c0b22e3184,50916279,BUY,2459.74289663,0.0046166349
0x38c5b44829beacf7eaa608f7f7bc833603394aae,50916297,BUY,2460.05926832,0.2967414844
0x0bc340bb168145291e66b333d2635c5aefcc7c30,50916298,BUY,2460.10796251,0.1317038219
0xf2d1aff8a41cdef7e06c8443866124184c3ef527,50916298,BUY,2460.16286573,0.3513565955
0xa971283289448b30188cec3f0e60ad92322e4970,50916316,BUY,2460.22361098,0.1703931562
0x1919f56b06fbdfc026b124de6cc3820c4a14ca02,50916317,BUY,2460.27745341,0.3033108636
0x5dfe65f8138693515205c1630c27bc079511d4bb,50916319,BUY,2460.51325864,1.7710848290
0x3bb884676aff47065f4d086c631127962e545081,50916321,SELL,2458.25333333,0.0099000000
0xf76b2a36217dd793359cfcd405efc37d830f45cb,50916324,BUY,2460.71823704,0.0516495924
0x501ef174b66883ba40f92e6fb24bfb49331d4d4c,50916325,BUY,2460.72528318,0.0000284197
0x8901d8c5191c8a9e6a3c87cc9bffa497e4e1721b,50916325,SELL,2458.25136206,0.1113066520
0x616cdfdb700dcc5b3917f9f052255a1a090d34c1,50916325,BUY,2460.69960266,0.0054188183
0x5e72ea82e6521736147993fe4e806a16c6359ae9,50916325,BUY,2460.70137223,0.0003556234
0x5e72ea82e6521736147993fe4e806a16c6359ae9,50916325,BUY,2460.70090403,0.0005361188
0x016eed7c1331f5d7f437a4e4dcbc1e04fd3a2bc6,50916325,SELL,2458.23930818,0.0074996336
0x12b618c2e22fa9cf6742a1ad9344fba1c61448b2,50916334,SELL,2458.25922155,0.0030642448
0x3d1ff684eccbe09b6ab9b634551ffc7b5ecb5ebc,50916336,BUY,2460.72182821,0.0247326148
0x0e8c44f936d0d8a400671a56b1909995addc7059,50916344,BUY,2460.72536901,0.0060945814
0x0e8c44f936d0d8a400671a56b1909995addc7059,50916346,BUY,2460.72670992,0.0062769620
0xee8c8a847b839f52b14379575db549a47124856a,50916363,SELL,2458.26620005,0.0006037052
0x2bfdc4466152afde66eca0a10e741d10e0e83f4c,50916365,SELL,2458.26595960,0.0099000000
0x3c2dd9bbbda771925b8774a36482b701852d45ce,50916366,SELL,2458.26370110,0.0008316248
0xb42f812a44c22cc6b861478900401ee759ebead6,50916366,BUY,2460.72488459,0.0004063843
0x6b06fd0181285dd1bd4b3cface9e4a6685de0c1a,50916369,SELL,2458.25862259,0.0544500000
0x0d96c15ad1333697b7d66b3ab681df310c509800,50916383,SELL,2458.13357254,1.0472695071
0x83113a0febb6cf0627e2730fd96a5a0ebc361d30,50916388,SELL,2457.95130226,0.0247826700
0x54a13c1b606ae27373b11bac8d725762a2fe769b,50916393,SELL,2457.94263352,0.0515484850
0xfdb50d7fabea0050251d9b174866b0fc452795dc,50916394,SELL,2457.93602694,0.0005940000
0xc2d0d7b1d50b07a14a4b0edcb39af283cd9e9781,50916394,SELL,2457.93401405,0.0232805993
0x9f0be71beb11892f3b566eab723fb5d7e980026a,50916398,BUY,2460.41302564,0.1923551774
0x501ef174b66883ba40f92e6fb24bfb49331d4d4c,50916412,SELL,2457.97506738,0.0000203419
0x18dd3c14e34c1bc379f7538068c59160d9f68e25,50916420,SELL,2457.96600301,0.0798052356
0xad128b4fd496ca73eb54b93529a0519c875125ce,50916421,SELL,2457.90323232,0.0495000000
0x9f0be71beb11892f3b566eab723fb5d7e980026a,50916422,BUY,2460.37910247,0.1912816486
0xcdbe33f1fffcb1e429c3189fa096b1ecf3309458,50916422,SELL,2457.93627701,0.0420670800
0x88776fbd991c76aae24e12da906e47fc8be7aab2,50916427,BUY,2460.39171435,0.0010629791
0x9f0be71beb11892f3b566eab723fb5d7e980026a,50916428,BUY,2460.41334355,0.1909346481
0xbf004bff64725914ee36d03b87d6965b0ced4903,50916451,SELL,2457.91020202,0.0495000000
0xf4594393bff5753d09b6e3bd4d51b76d2789a14e,50916451,SELL,2457.89894949,0.0495000000
0x54a668fb701c7154a379857d0b6bc892a76bbfba,50916459,BUY,2460.34236326,0.0043968629
0xcf5412704264151768b4b7061162154c99718f7c,50916462,SELL,2457.88243177,0.0049068360
0x313bf2519b7cd1f8d676684066bb758b60469a61,50916465,SELL,2457.88050182,0.0131764518
0xf4594393bff5753d09b6e3bd4d51b76d2789a14e,50916466,SELL,2457.84529293,0.0990000000
0x0c8acf06e7a60c88c9ef680bd9f886ed55acac3f,50916471,SELL,2457.70666667,0.0495000000
0x7906d5e4a10fbb07f5491018ab29df072a76eb3d,50916471,SELL,2457.69543434,0.0495000000
0xcf5412704264151768b4b7061162154c99718f7c,50916475,SELL,2457.68722438,0.0025218270
0x5115114525475047bae8c42aec29bfe2a227db22,50916499,BUY,2460.13999375,0.0017997240
0xa6b70dc9d6ed912f5a1d0359480d393badf2ec15,50916500,BUY,2460.14209074,0.0004236804
0x1278c1e48e3c9548a5d9f2b16dc27ed311b0697c,50916513,BUY,2460.13969666,0.0005174239
0x048ef1062cbb39b338ac2685da72adf104b4cef5,50916518,SELL,2457.67312550,0.0001220663
0x501ef174b66883ba40f92e6fb24bfb49331d4d4c,50916518,BUY,2460.14039561,0.0004562744
0x6cec02c5b6bcaf48e4b0b15ddd30acc6e6a6f781,50916519,SELL,2457.66804040,0.0990000000
0xdaf7de4da68208b236673eaf6c6376a2571bd22b,50916532,BUY,2460.11655542,0.0014918472
0x5abba10f2463a88692d6a513a535290957ba3b83,50916541,SELL,2457.64296897,0.1199888066
0xbb0e31d765ee8bd8982d3750e36aaf84d5ff0e9c,50916541,BUY,2460.08939781,0.0047867386
0x61b04c7e879d1efad0d4badaab72ad4daacadb52,50916545,SELL,2457.60011223,0.2673000000
0x048ef1062cbb39b338ac2685da72adf104b4cef5,50916545,SELL,2457.55632726,0.1184875031
0xfd150cd1c2305142e371316f8842006e69e05828,50916548,SELL,2457.54260484,0.0025073539
0x3f86dc9a09ceddd9c2ec647babff5831212c48d2,50916551,BUY,2460.00203540,0.0006647446
0x3eef9e104e4dacb3165f28e3bc43dd7e506aa224,50916551,SELL,2457.54125860,0.0079064264
0x501ef174b66883ba40f92e6fb24bfb49331d4d4c,50916556,SELL,2457.54201249,0.0001220732
0x25cd71badd04938111b9f64ba0a5996e34551066,50916557,BUY,2460.00554732,0.0033044222
0x1278c1e48e3c9548a5d9f2b16dc27ed311b0697c,50916560,SELL,2457.54636466,0.0000040691
0x6515ee4b581b14620fd06b552445b12658d98797,50916567,BUY,2460.00579560,0.0003577227
0x533ab12b913474d84cf4d83823360b77b9e8856e,50916572,BUY,2460.01045508,0.0406502337
0x02e378bea8f9f52d593b9f03c3f9ec046eb116a3,50916575,SELL,2457.55331442,0.0204898078
0xb55f8775763c2e9cd6a3e6ae5045ae3b1fffad44,50916577,SELL,2457.54873737,0.0198000000
0x1278c1e48e3c9548a5d9f2b16dc27ed311b0697c,50916577,BUY,2460.00709968,0.0007123711
0x088fc3e82e381252f2aad949208e30ce282898fc,50916579,BUY,2460.00673920,0.0015172865
0x501ef174b66883ba40f92e6fb24bfb49331d4d4c,50916584,BUY,2460.00809247,0.0004587473
0x048ef1062cbb39b338ac2685da72adf104b4cef5,50916590,SELL,2457.50000000,0.0000200000
0xc27a2b4bd5b374c3cb3c711e17901628824f8258,50916597,BUY,2460.02174099,0.0000586247
0x82f639c08fbc3ef62c7f8be3e8b801f0a047c674,50916599,BUY,2460.20809467,2.2542702672
0xa9ee6837d3bb313d742ed2fe9b21ce160bc8cfd2,50916599,SELL,2458.00415931,0.0028203073
0x048ef1062cbb39b338ac2685da72adf104b4cef5,50916610,BUY,2460.46436801,0.0003842815
0xd1e6eb68be7276cabdfedf094a1f709d571d9866,50916615,SELL,2458.00272727,0.0099000000
0x54e2acab04c89a3fe02852bf8dd69ee8f526bc75,50916624,BUY,2460.46208871,0.0003404413
0x19a8c5e11d1dd5b6c04172f032bc46f1e86e0737,50916628,SELL,2457.97927778,0.1980000000
0x54e2acab04c89a3fe02852bf8dd69ee8f526bc75,50916630,BUY,2460.41686820,0.0005477873
0xb01caea8c6c47bbf4f4b4c5080ca642043359c2e,50916650,BUY,2460.41678033,0.0004064352
0xd8f8faa63832ca305cb1570cdfce55bd829c79ac,50916652,BUY,2460.41807964,0.0005172962
0xee8c8a847b839f52b14379575db549a47124856a,50916656,SELL,2457.95471143,0.0002005566
0x501ef174b66883ba40f92e6fb24bfb49331d4d4c,50916668,BUY,2460.41733844,0.0018082920
0xb2d1af0746c410e146272e804b1741f07f83b851,50916669,SELL,2457.93503030,0.1980000000
0x43c6ca9552e39b5719ba31e6cf33929451d9ffae,50916678,SELL,2457.90678741,0.0508524077
0x0e82088081b31aadf32e0444f6094dd659c9c795,50916685,BUY,2460.36135084,0.0036526082
0xfdb50d7fabea0050251d9b174866b0fc452795dc,50916686,SELL,2457.90067340,0.0005940000
0x0e8c44f936d0d8a400671a56b1909995addc7059,50916689,SELL,2457.90050505,0.0099000000
0xdfc3dd8e3351caaa2c9d9b8135fdbec4118ef284,50916690,SELL,2457.89552670,0.0346500000
0x0c3e1a131dc512b703318ea1037fba0214237c72,50916706,BUY,2460.36014267,0.0774125433
0x048ef1062cbb39b338ac2685da72adf104b4cef5,50916706,BUY,2460.37265894,0.0001880235
0x137df8f4a1843b3ce33f68c56f0ff097f34db671,50916709,BUY,2460.37798375,0.0791596321
0x5827a1b4d068ba78857670b4856d340fabc1aa15,50916717,BUY,2460.39046823,0.0001532013
0x9972f4c1e53b5eeb9e2630a7dddb5d5bfbcac451,50916727,BUY,2460.38829820,0.0003557524
0x9f96df510584a88752d8d8b478b0e316639679d1,50916729,SELL,2457.92193939,0.0495000000
0xdccbea1434bc64039e3783b9bba5e20a2509df46,50916731,BUY,2460.41532370,0.0101297731
0xdccbea1434bc64039e3783b9bba5e20a2509df46,50916731,BUY,2460.41718854,0.0053058295
0xdccbea1434bc64039e3783b9bba5e20a2509df46,50916731,BUY,2460.41931317,0.0140416342
0x1528af0c7c76dd1285b781f0ad3e21eda1a8ef7b,50916740,BUY,2460.42579867,0.0000485770
0x978db60a9c968dda80ee2d23912216298e93f0f1,50916743,SELL,2457.84541758,1.0182066525
0x30f5f2c24b4036f09259a56ae487e7973790a7bc,50916757,BUY,2460.20884161,0.0000192081
0x65a06e2670ecb6c47af1aeac96dda8f7d2972bb9,50916761,BUY,2460.19737118,0.0001009704
0x0f014545de76a29892b9319e5a4123b28299f33b,50916761,SELL,2457.72947416,0.0008132295
0xf12ecda35609d237c5ae13b974d3b4253e9763d7,50916766,BUY,2460.19639712,0.0622995791
0xecebeee37d1f8fa10c0c5d1ab578ac5d699d7412,50916775,BUY,2460.20652250,0.0266307135
0xd494f7d384f514d4969f73dccfc2acbda9a4e85d,50916775,BUY,2460.21050800,0.0075864671
0xfdb50d7fabea0050251d9b174866b0fc452795dc,50916800,SELL,2457.74444444,0.0009900000
0x90c9cfc50580c6c6ceec6e422f1d05422966d789,50916824,SELL,2457.74290431,0.0129445635
0x048ef1062cbb39b338ac2685da72adf104b4cef5,50916831,BUY,2460.20197439,0.0071418144
0xd8b207de2b3a38f45d5b2bae46d7755ca6a5fc2b,50916839,SELL,2457.74257894,0.0044153871
0x43f5187a2d766a5f81bba1da08a14495e3a6fb95,50916841,SELL,2457.74039978,0.0146106887
0xe75e6a3c6a329107482f820d07d07777040a1b49,50916849,BUY,2460.23394341,0.3130080812
0xf2d1aff8a41cdef7e06c8443866124184c3ef527,50916850,BUY,2460.34846686,0.2632664441
0xfdb50d7fabea0050251d9b174866b0fc452795dc,50916850,BUY,2460.37862039,0.0016176018
0x241eb81cefcbed3644dac322954b24bff4a6b99a,50916850,SELL,2457.91838384,0.0024750000
0xc0c0e4f7cb82c826a2596f50ae01cafeac61085d,50916852,BUY,2460.40985262,0.2781437374
0xa35b5c2fe12a46b1a5001725ae0b97a7959e2425,50916854,SELL,2458.02275201,0.0011845798
0x4ab990595b8d586bf0aaac3fc43978eca4b71ed3,50916859,SELL,2458.02155982,0.0075560725
0xfc1b1f6753809a83b6655a4b42629b4137d70dc2,50916861,BUY,2460.48168470,0.0090977995
0x824abda7e8bfcf47c543761c50bc7bf6756deda9,50916867,BUY,2460.48821397,0.0000809242
0x9666f2a2b32faf6be24b3b6b9a4162bdc4890e76,50916867,BUY,2460.48623820,0.0001572478
0x14adbc7ea094914aa9d9de96b7832915ffefe5f3,50916892,BUY,2460.52589956,0.0000290198
0x0e82088081b31aadf32e0444f6094dd659c9c795,50916893,SELL,2458.03825357,0.0039004531
0x0e82088081b31aadf32e0444f6094dd659c9c795,50916893,BUY,2460.49849314,0.0013811124
0x291c854811e92906a658fb94aa511bf919f968ad,50916898,BUY,2460.49807667,0.0006096327
0x458b6483cac084f9d42363cb57c3d3d6efc9c9f9,50916904,BUY,2460.51058363,0.0000402356
0xc27a2b4bd5b374c3cb3c711e17901628824f8258,50916904,BUY,2460.50353652,0.0000323722
0x125b5522842130403926fe4f5fc6efca8511070f,50916906,BUY,2460.50050584,0.0202382946
0x048ef1062cbb39b338ac2685da72adf104b4cef5,50916924,BUY,2460.50379424,0.0005522995
0xa12fa23701f00ad2663e339386d65cd94a144cbc,50916930,SELL,2458.02434690,0.1642702305
0x10419bcde2ffc0ce2bd5d62f023d6c86ff3e22d4,50916930,SELL,2458.00516180,0.0046442352
0x4ab990595b8d586bf0aaac3fc43978eca4b71ed3,50916936,SELL,2458.00348750,0.0098750889
0x83113a0febb6cf0627e2730fd96a5a0ebc361d30,50916937,BUY,2460.46494138,0.0234526158
0x1278c1e48e3c9548a5d9f2b16dc27ed311b0697c,50916937,SELL,2458.00699991,0.0008136681
0xfaf2145b2f6b84b3c9a5ea313d0e5946f2147766,50916941,BUY,2460.47425387,0.0603542182
0x5b4698878d73df563ad18b7911ca8b5b222899e0,50916943,BUY,2460.48167166,0.0039224702
0xf99fd62b06a800afd0241b89f46c7313e5b208f6,50916945,SELL,2458.02167674,0.0039222937
0x03598eba554a9d6ca044eb1a4703d33a98dfbe2d,50916953,BUY,2460.48415406,0.0263965606
0x501ef174b66883ba40f92e6fb24bfb49331d4d4c,50916970,SELL,2458.02714099,0.0008136607
0xb15958c0357eb280a1394a414babd1afbf3908f8,50916975,BUY,2460.48920116,0.0199104162
0xc746bd035fce528333ba4409d8dad1dfc953b224,50916988,BUY,2460.49356393,0.0173174865
0x54e2acab04c89a3fe02852bf8dd69ee8f526bc75,50916997,SELL,2458.03538666,0.0022375593
0xf99fd62b06a800afd0241b89f46c7313e5b208f6,50917017,SELL,2458.03463532,0.0039150103
0x59d603741f513f2dd4546b7452b68f80fadb29bf,50917023,SELL,2458.03347059,0.0008043438
0x4136bcfd6ed7ad1ff1455fc641d73f3cc14d460c,50917044,SELL,2458.03323232,0.0099000000
0x8a11e658be0d4fbdf56eafa8fc94a19c1d5d04c2,50917045,SELL,2458.03131313,0.0069300000
0x14adbc7ea094914aa9d9de96b7832915ffefe5f3,50917047,BUY,2460.53952146,0.0000117255
0x824abda7e8bfcf47c543761c50bc7bf6756deda9,50917048,BUY,2460.49272716,0.0001046689
0xb9f554fb5c5c9de3269c98efb9463f7b4220db0d,50917054,BUY,2461.41942086,0.0000004631
0xe8f99950a2274f18b22d1240df57bcb2e93e9c38,50917059,BUY,2460.50826978,0.1559658753
0x5e7b46d33dae15b8ca77e8d08b14b211e5426f5e,50917062,BUY,2460.52993396,0.0001004719
0x5e7b46d33dae15b8ca77e8d08b14b211e5426f5e,50917066,BUY,2460.52681886,0.0061429597
0x9bf09b6e24e66604cb6d68dbd02d2387a5576880,50917067,BUY,2460.70665575,1.5754582518
0x501ef174b66883ba40f92e6fb24bfb49331d4d4c,50917089,SELL,2458.42553112,0.0008135288
0x7786ed583b806314c50971c113a5646acdcaf9b8,50917091,SELL,2458.35036341,0.0640451102
0x4738d4b302a8b30f128b8fc148d430b45a4e3c04,50917091,BUY,2460.81860302,0.0000545871
0x501ef174b66883ba40f92e6fb24bfb49331d4d4c,50917102,SELL,2458.34301525,0.0008135561
0x54e2acab04c89a3fe02852bf8dd69ee8f526bc75,50917111,SELL,2458.34280268,0.0008135562
0x0f014545de76a29892b9319e5a4123b28299f33b,50917124,SELL,2458.34527380,0.0015571771
0x54e2acab04c89a3fe02852bf8dd69ee8f526bc75,50917128,SELL,2458.34415991,0.0008135553
0x533ab12b913474d84cf4d83823360b77b9e8856e,50917136,SELL,2458.33793457,0.0616466365
0x824abda7e8bfcf47c543761c50bc7bf6756deda9,50917137,BUY,2460.80541974,0.0000289226
0x501ef174b66883ba40f92e6fb24bfb49331d4d4c,50917143,SELL,2458.29388280,0.0008135675
0x533ab12b913474d84cf4d83823360b77b9e8856e,50917143,SELL,2458.28790591,0.0555691437
0x533ab12b913474d84cf4d83823360b77b9e8856e,50917145,SELL,2458.27769359,0.0342403225
0x533ab12b913474d84cf4d83823360b77b9e8856e,50917147,SELL,2458.26747687,0.0557243710
0x7546604af971d55fdd697da32529bf141cdc4c09,50917151,BUY,2460.70973559,0.0060288728
0x533ab12b913474d84cf4d83823360b77b9e8856e,50917151,SELL,2458.24545000,0.0423419582
0x533ab12b913474d84cf4d83823360b77b9e8856e,50917153,SELL,2458.23883911,0.0647416384
0x1278c1e48e3c9548a5d9f2b16dc27ed311b0697c,50917153,SELL,2458.23034262,0.0008135832
0x533ab12b913474d84cf4d83823360b77b9e8856e,50917155,SELL,2458.22642459,0.0429546827
0x72fdaaff7a5ecf7ca562fe4d3929c01df5631ae6,50917155,BUY,2460.68275254,0.0096962264
0x533ab12b913474d84cf4d83823360b77b9e8856e,50917157,SELL,2458.21963465,0.0567105441
0x3eea3b72574b3b5ea3adabe645d0c46b9dba8065,50917158,SELL,2458.21307447,0.0011515263
0x3eea3b72574b3b5ea3adabe645d0c46b9dba8065,50917158,SELL,2458.21285832,0.0007513454
0xae6bbb0ce3329e7e50d028a4c14db645e666688e,50917159,BUY,2460.66698367,0.0121918164
0x533ab12b913474d84cf4d83823360b77b9e8856e,50917160,SELL,2458.20418374,0.0362129670
0x139f7d38cac58f617ef4b569fb5ee3072b9c3242,50917160,BUY,2460.66057934,0.0036111283
0x533ab12b913474d84cf4d83823360b77b9e8856e,50917162,SELL,2458.19611602,0.0420562470
0xee8c8a847b839f52b14379575db549a47124856a,50917162,SELL,2458.18982357,0.0006038549
0x59681bdea0b024a484fa83e8b3942ac81a8ae5d4,50917164,BUY,2460.65439728,0.0274206675
0x533ab12b913474d84cf4d83823360b77b9e8856e,50917164,SELL,2458.19324547,0.0368811769
0x24de11bc09c4b658a0658140684f52b6d6444aa9,50917165,BUY,2460.67060187,0.1889279307
0xe27ff138f30e9584e10895b153dd848b208f7ba7,50917165,BUY,2460.69271526,0.0053675450
0xd83e60d273fd0cb3b05c2611db940fecb7b6ca64,50917165,BUY,2460.69379839,0.0021420674
0xe1f683fec3aced3e55dbb4d3a6f22c25c9e57bd5,50917166,BUY,2460.69613027,0.0203932795
0x533ab12b913474d84cf4d83823360b77b9e8856e,50917166,SELL,2458.23416892,0.0366784248
0xe9a0da4806312550fa8d519b362420618d5f0c64,50917166,BUY,2460.69123626,0.0099174808
0x24de11bc09c4b658a0658140684f52b6d6444aa9,50917167,BUY,2460.71404150,0.1905891274
0xd616959df01da34046ee4550bd7f709bb6472870,50917167,BUY,2460.73868039,0.0257273974
0xc01d9e9d2c0612539a17dcc43ae21218dd8ef816,50917167,BUY,2460.74235524,0.0051610527
0xc01d9e9d2c0612539a17dcc43ae21218dd8ef816,50917167,BUY,2460.74320613,0.0035873959
0x533ab12b913474d84cf4d83823360b77b9e8856e,50917168,SELL,2458.27939519,0.0355243729
0x0c0fc579445cd54d7ec11674ba278f7b475def62,50917168,BUY,2460.73946401,0.0347800559
0x0cade2f9a7aa02e15ee0ccc79aad3a5c2836d956,50917170,SELL,2458.27239057,0.0118800000
0x533ab12b913474d84cf4d83823360b77b9e8856e,50917172,SELL,2458.26649609,0.0403238600
0x533ab12b913474d84cf4d83823360b77b9e8856e,50917174,SELL,2458.25637789,0.0487070165
0x003a4893ff453f9ea4851a4208cc83064ea53551,50917174,BUY,2460.71152896,0.0025141171
0x1443f71affeba0fc929899acb79a1451bf67cfe9,50917176,BUY,2460.71425215,0.0245072836
0x533ab12b913474d84cf4d83823360b77b9e8856e,50917176,SELL,2458.25225524,0.0410106680
0x528d88dd3ca585c63df054e6de3b2cca60d80d11,50917177,BUY,2460.70837444,0.0038046674
0xdaabcd064a95555bbbe925f1c1c3a931651687c4,50917178,BUY,2460.70151390,0.0048252650
0x533ab12b913474d84cf4d83823360b77b9e8856e,50917179,SELL,2458.23755122,0.0383215747
0x533ab12b913474d84cf4d83823360b77b9e8856e,50917182,SELL,2458.22844177,0.0418835631
0xc1457c2bbca58aade5a7256485c199b162a61f45,50917182,BUY,2460.68646824,0.0233513240
0xa161923c83cd68be92648cb1afb4564fa11eb2cc,50917183,BUY,2460.69247037,0.0296972397
0x533ab12b913474d84cf4d83823360b77b9e8856e,50917184,SELL,2458.23184056,0.0342912949
0x5feff92f9447bb949d4a1f2b172ea1ce9f0aba36,50917185,BUY,2460.70461629,0.0456524019
0x533ab12b913474d84cf4d83823360b77b9e8856e,50917186,SELL,2458.24515674,0.0398297789
0x03c5f9f3a58c657c31d37cdbcff047b2fa99100e,50917207,SELL,2458.22905277,0.1021281161
0x4738d4b302a8b30f128b8fc148d430b45a4e3c04,50917207,BUY,2460.67990357,0.0002758181
0xf09e78dc98406f75cfdc780dc6bbeeb7e02008d9,50917222,BUY,2460.68391888,0.0557397880
0xecca0eab42bcdc7823a10d4562c4d918a404948b,50917227,BUY,2460.68543351,0.0001657989
0xebe7e8f1f3f0d3ec6a7fad6820767aa2d4182234,50917237,BUY,2460.68601695,0.0052626353
0x88a82e8494285bd26111f0c463187110c5de7c9f,50917243,SELL,2458.22501376,0.0139312410
0x048ef1062cbb39b338ac2685da72adf104b4cef5,50917248,SELL,2458.22281663,0.0008135947
0xb3ff5e8af7eb94307b6df0ca6ffa32845dfdcc82,50917248,SELL,2458.22255472,0.0060873976
0x67cc5cc94c31281390eb818b710be1659b93dc6e,50917255,BUY,2460.68247173,0.0011960218
0x76caac8676f0c1a4eef68a55aad2f33a51b9dd48,50917259,SELL,2458.21919192,0.0198000000
0x76caac8676f0c1a4eef68a55aad2f33a51b9dd48,50917260,SELL,2458.21464646,0.0198000000
0x76caac8676f0c1a4eef68a55aad2f33a51b9dd48,50917260,SELL,2458.21015152,0.0198000000
0xc2779ffb5278d5b02bfded34de4827f681f0228c,50917268,SELL,2458.18544949,0.1980000000
0x05ecde3dab8971a81137d3c31e0c6ad984c36d97,50917270,SELL,2458.20733610,0.0303556860
0x2fe4093c894749e596f458764c377bf4f1337b58,50917270,SELL,2458.20041812,0.0303556860
0x1303db2ebcec8ebe990989f99b94ef081507e753,50917270,SELL,2458.19353309,0.0303556860
0xb290052d2dc6bfe8dc5fff61ce67200147bb42bd,50917270,SELL,2458.18664805,0.0303556860
0xc4210bfd73206c3208ae1f0854ee146ed8f1271b,50917270,SELL,2458.17973007,0.0303556860
0x96b32ba2a8c879ce3c6ccc8043df7f586762b71e,50917270,SELL,2458.17284504,0.0303556860
0x2eb84c206561b0f8773f8039508efcd6a3f62cde,50917270,SELL,2458.16596000,0.0303556860
0x72b1143c421ce0f6de954997f8221e6e3c0db84b,50917270,SELL,2458.15904202,0.0303556860
0x49d501f603e3f2728b79e087095516e3af4c7d47,50917270,SELL,2458.15215698,0.0303556860
0x9b5c716ab00c152a16cb3bd73bd16c297689de40,50917270,SELL,2458.14527195,0.0303556860
0xe5d05cb1c9402a6ad6f3bcf4a5345c6f3c34ca74,50917270,SELL,2458.13146893,0.0303556860
0x3376159ca1f8669f04d1ea5c8ac6f05c6cf35dcd,50917270,SELL,2458.11766592,0.0303556860
0x63993c0094399d77a7c49b6669edc1a971c68287,50917270,SELL,2458.11078088,0.0303556860
0xc723a4c3bd4e2b805d226873862180bb38c181f6,50917270,SELL,2458.09929293,0.0099000000
0x9ab538c106c9ac3398c91c0bf72ded19791a5028,50917270,SELL,2458.09741492,0.0068495337
0xb290052d2dc6bfe8dc5fff61ce67200147bb42bd,50917272,SELL,2458.09318945,0.0303556860
0x05ecde3dab8971a81137d3c31e0c6ad984c36d97,50917272,SELL,2458.08627147,0.0303556860
0x3376159ca1f8669f04d1ea5c8ac6f05c6cf35dcd,50917272,SELL,2458.07250140,0.0303556860
0xc4210bfd73206c3208ae1f0854ee146ed8f1271b,50917272,SELL,2458.06558342,0.0303556860
0x96b32ba2a8c879ce3c6ccc8043df7f586762b71e,50917272,SELL,2458.05869838,0.0303556860
0x63993c0094399d77a7c49b6669edc1a971c68287,50917272,SELL,2458.05181335,0.0303556860
0xc06aff4273c51f33d73dd931f41578542ce79515,50917272,SELL,2458.04489537,0.0303556860
0x5f3ada916b3d4f6964e99828bf4f9c58aae85ce2,50917272,SELL,2458.03801033,0.0303556860
0x2eb84c206561b0f8773f8039508efcd6a3f62cde,50917272,SELL,2458.02420732,0.0303556860
0x1303db2ebcec8ebe990989f99b94ef081507e753,50917272,SELL,2458.01732228,0.0303556860
0x49d501f603e3f2728b79e087095516e3af4c7d47,50917272,SELL,2458.01043724,0.0303556860
0x2fe4093c894749e596f458764c377bf4f1337b58,50917272,SELL,2457.99663423,0.0303556860
0x1d3ec927cc89557d7854f616e3cc964439bfdb26,50917272,SELL,2457.98974919,0.0303556860
0x59495c0497abb3c2a60eb7df89b6ad94df8b6993,50917276,BUY,2460.46869548,0.1983385563
0x76caac8676f0c1a4eef68a55aad2f33a51b9dd48,50917276,BUY,2460.49321105,0.0169971353
0x9689b11b77d799181612227e474af7da3f49a3e3,50917281,BUY,2460.51144151,0.0926745823
0x00004d5687eef42e5cc30f4f2120413d03bcdead,50917281,BUY,2460.54530263,0.2050170145
0x2eb84c206561b0f8773f8039508efcd6a3f62cde,50917285,BUY,2460.57346634,0.0180821047
0x1303db2ebcec8ebe990989f99b94ef081507e753,50917285,BUY,2460.57757944,0.0183051729
0x49d501f603e3f2728b79e087095516e3af4c7d47,50917285,BUY,2460.58166639,0.0175328401
0x63993c0094399d77a7c49b6669edc1a971c68287,50917285,BUY,2460.58563590,0.0172750220
0x2fe4093c894749e596f458764c377bf4f1337b58,50917285,BUY,2460.58965234,0.0178810892
0x5f3ada916b3d4f6964e99828bf4f9c58aae85ce2,50917285,BUY,2460.59360855,0.0171011242
0x3376159ca1f8669f04d1ea5c8ac6f05c6cf35dcd,50917285,BUY,2460.59748824,0.0172437228
0x9b5c716ab00c152a16cb3bd73bd16c297689de40,50917286,BUY,2460.61310439,0.0165343572
0x72b1143c421ce0f6de954997f8221e6e3c0db84b,50917286,BUY,2460.61689271,0.0168547075
0x05ecde3dab8971a81137d3c31e0c6ad984c36d97,50917286,BUY,2460.62084547,0.0179316887
0xb290052d2dc6bfe8dc5fff61ce67200147bb42bd,50917286,BUY,2460.62489074,0.0175918614
0x96b32ba2a8c879ce3c6ccc8043df7f586762b71e,50917286,BUY,2460.62881939,0.0169635910
0xc06aff4273c51f33d73dd931f41578542ce79515,50917286,BUY,2460.63256825,0.0158864812
0x3fee732f5049190ddc6fd8928ed75d54f5070332,50917286,SELL,2458.17373737,0.0049500000
0x34ed24663c2301d553e90cc12d74f45dd088e22d,50917288,SELL,2458.17253989,0.0049109539
0x34ed24663c2301d553e90cc12d74f45dd088e22d,50917290,BUY,2460.63280949,0.0048298173
0x19eccf37113d4c42615035b296167362c96707e1,50917313,SELL,2458.12524116,0.0275997259
0x0f26b8f936ddb85ba2ebac1ec4b6fb55c4efef79,50917316,BUY,2460.58300696,0.0004946519
0x0e8c44f936d0d8a400671a56b1909995addc7059,50917319,BUY,2460.58259017,0.0031804366
0x2f062dbfc663ab52d373b754090b33390c8ae342,50917319,BUY,2460.59104383,0.0714884147
0x8295935703d543a6db78b9eede2f67f7d43b8622,50917320,BUY,2460.60612870,0.0610487836
0x1278c1e48e3c9548a5d9f2b16dc27ed311b0697c,50917322,BUY,2460.61370952,0.0026416942
0x9eb82d31adf241b34bc59990d9044093dedf16c1,50917324,BUY,2460.61471057,0.0086974454
0xee6f13967ba032e0a1fdc29559d0502c56d67924,50917325,BUY,2460.61886126,0.0279555949
0xa61c3eeb92452964d5f690fe1ded2da252c358e4,50917325,BUY,2460.62520473,0.0278377629
0xad25028f1af6dfb7f27369507d282d792d172f90,50917325,BUY,2460.63761555,0.0275795211
0x88776fbd991c76aae24e12da906e47fc8be7aab2,50917327,BUY,2460.76203363,0.0010646048
0x9972f4c1e53b5eeb9e2630a7dddb5d5bfbcac451,50917327,BUY,2460.76368305,0.0003547102
0x22e0adc1b4e680bb4483ae32ba3f45d2f9bad67c,50917328,BUY,2460.77198263,0.0000169321
0x9e829cbe8ace28fd4bcf30a2f57cba3246a2380f,50917336,BUY,2460.76257906,0.0040637809
0xf5c299316699131d29adcb7ef87af8e97bbc7ead,50917343,SELL,2458.30000000,0.0254000000
0xb3ff5e8af7eb94307b6df0ca6ffa32845dfdcc82,50917352,SELL,2458.29642865,0.0061053174
0xe8f99950a2274f18b22d1240df57bcb2e93e9c38,50917357,SELL,2458.29450000,0.0100000000
0xc27a2b4bd5b374c3cb3c711e17901628824f8258,50917357,BUY,2460.75404869,0.0008482786
0x54e2acab04c89a3fe02852bf8dd69ee8f526bc75,50917357,BUY,2460.75494979,0.0101554200
0x7c3009d3e66f2c6440788a3370f11a864fad8588,50917358,SELL,2458.29140535,0.0399930207
0x609f63f0e1995a150e8ed33d4c6b29893a28e52c,50917377,BUY,2460.74479812,0.0003576153
0x76caac8676f0c1a4eef68a55aad2f33a51b9dd48,50917383,SELL,2458.28353535,0.0099000000
0x048ef1062cbb39b338ac2685da72adf104b4cef5,50917385,BUY,2460.74295656,0.0032469868
0x89dc9913f59103c2d1d413325e248f0c22a34b2c,50917400,SELL,2458.28257697,0.0687597230
0x719d601a4f886e63a5ef3821f26826c737f25957,50917400,SELL,2458.27453991,0.0019844879
0x884f42bacde1ef7091c040fc4f859c3bda412a1e,50917401,BUY,2460.73543216,0.0086924566
0x566bd93f69754a6bc3cee93104509f5a4adb60dc,50917403,BUY,2460.74809900,0.1026436721
0xffd439dd5c1594943f6946fac5e0c12d29b97138,50917403,BUY,2460.75980967,0.0003576131
0xcb54751540f1efe3d51ca68997fc50aa162950fb,50917409,BUY,2460.76123748,0.0121913494
0x91ac95b0018faaf2db574b6ea877b83206681a48,50917410,BUY,2460.76377721,0.0101301881
0xd14602c85a25a4e520441c47a97a2c9da63ae1be,50917410,BUY,2460.88430566,1.0491315061
0x9e829cbe8ace28fd4bcf30a2f57cba3246a2380f,50917412,SELL,2458.54272514,0.0040637809
0x8e36437e4152840bb2c88dd6f824d6cf5d9179e2,50917413,SELL,2458.53137624,0.0967957889
0xabc8bb096b4438c321dd00444ae977008e18306c,50917415,BUY,2461.03044102,0.4367185274
0xbce58cc4a21bba0d080414e6c310d1ff3b9b693c,50917415,BUY,2461.08298147,0.0003291860
0x501ef174b66883ba40f92e6fb24bfb49331d4d4c,50917416,BUY,2461.08058311,0.0032465414
0x459f3d59d43a34386cb4094edc8df8455b63e4ce,50917416,BUY,2461.08104505,0.0008126510
0x609f63f0e1995a150e8ed33d4c6b29893a28e52c,50917422,BUY,2461.08117822,0.0003575664
0xa971283289448b30188cec3f0e60ad92322e4970,50917424,BUY,2461.10746621,0.2306293072
0xd7a0e25731634347a74f0ec9a0421f0806e8592b,50917430,BUY,2461.24119737,0.0968325202
0x9ca0d3b6869ea1028b7fe86b7b4af38cfa831909,50917430,SELL,2458.78942542,0.0187402823
0x566bd93f69754a6bc3cee93104509f5a4adb60dc,50917430,BUY,2461.25967157,0.1030227688
0xb46c4026303ec47fb9f29bf31bffc0b958a359f3,50917430,BUY,2461.28517872,0.1210467627
0x1278c1e48e3c9548a5d9f2b16dc27ed311b0697c,50917433,BUY,2461.30500731,0.0532197349
0x63ccad96450bfe764643cd5cf071235484dab9c0,50917448,BUY,2461.33654913,0.0044664733
0x609f63f0e1995a150e8ed33d4c6b29893a28e52c,50917459,BUY,2461.33722556,0.0003575292
0x146cd2fcbdbac27e7a805588d3d02d9ccee85041,50917463,BUY,2461.35036130,0.1149833215
0xa9649e311551e616c7181c177b0382f723e9bacc,50917465,SELL,2458.90264224,0.0004465821
0x048ef1062cbb39b338ac2685da72adf104b4cef5,50917468,BUY,2461.38924977,0.2385842808
0x1278c1e48e3c9548a5d9f2b16dc27ed311b0697c,50917472,SELL,2458.95481956,0.0054735190
0x1278c1e48e3c9548a5d9f2b16dc27ed311b0697c,50917479,SELL,2458.95434139,0.0001504705
0x6f30212a99f96150e7c958c943636b0c4f2d27da,50917484,SELL,2458.94215294,0.1070822706
0x528d88dd3ca585c63df054e6de3b2cca60d80d11,50917484,SELL,2458.92872059,0.0111148261
0x609f63f0e1995a150e8ed33d4c6b29893a28e52c,50917490,BUY,2461.38827094,0.0003575218
0x1278c1e48e3c9548a5d9f2b16dc27ed311b0697c,50917495,SELL,2458.92744350,0.0001220044
0xcc1421faa6c34a2b6e4b38c99c27eae25b5cab2d,50917497,SELL,2458.92505491,0.0214931959
0xc2270067a24ccc201a51b9402bac365ddf773a48,50917498,BUY,2461.38400365,0.0037826857
0x0f014545de76a29892b9319e5a4123b28299f33b,50917507,SELL,2458.92218100,0.0048637879
0x048ef1062cbb39b338ac2685da72adf104b4cef5,50917515,SELL,2458.92047659,0.0008133647
0x609f63f0e1995a150e8ed33d4c6b29893a28e52c,50917517,BUY,2461.38242133,0.0003575227
0x55555cfddd37d8d82e06e0de90da9366ca3e31e8,50917518,BUY,2461.38273437,0.0003379572
0x55555cfddd37d8d82e06e0de90da9366ca3e31e8,50917518,SELL,2458.90220529,0.0000226235
0x55555cfddd37d8d82e06e0de90da9366ca3e31e8,50917519,SELL,2458.92142264,0.0000343289
0x55555cfddd37d8d82e06e0de90da9366ca3e31e8,50917519,SELL,2458.89381674,0.0000218273
0x55555cfddd37d8d82e06e0de90da9366ca3e31e8,50917521,SELL,2458.90551039,0.0000559045
0x55555cfddd37d8d82e06e0de90da9366ca3e31e8,50917521,SELL,2458.91814496,0.0001466934
0x55555cfddd37d8d82e06e0de90da9366ca3e31e8,50917523,BUY,2461.40210477,0.0000167957
0x55555cfddd37d8d82e06e0de90da9366ca3e31e8,50917523,SELL,2458.91285606,0.0000223196
0x55555cfddd37d8d82e06e0de90da9366ca3e31e8,50917523,SELL,2458.90613304,0.0000367468
0x55555cfddd37d8d82e06e0de90da9366ca3e31e8,50917523,SELL,2458.91937649,0.0000365600
0x55555cfddd37d8d82e06e0de90da9366ca3e31e8,50917523,BUY,2465.41975674,0.0000001898
0x55555cfddd37d8d82e06e0de90da9366ca3e31e8,50917523,BUY,2461.40971874,0.0000174888
0x55555cfddd37d8d82e06e0de90da9366ca3e31e8,50917523,SELL,2458.92128194,0.0001238783
0x88a82e8494285bd26111f0c463187110c5de7c9f,50917523,BUY,2461.38268558,0.0021760038
0x55555cfddd37d8d82e06e0de90da9366ca3e31e8,50917524,SELL,2458.92157127,0.0008827598
0x55555cfddd37d8d82e06e0de90da9366ca3e31e8,50917524,SELL,2458.92182681,0.0007851807
0x55555cfddd37d8d82e06e0de90da9366ca3e31e8,50917524,BUY,2461.38579000,0.0002804115
0x55555cfddd37d8d82e06e0de90da9366ca3e31e8,50917524,SELL,2458.91572685,0.0001238920
0x55555cfddd37d8d82e06e0de90da9366ca3e31e8,50917526,BUY,2461.38624137,0.0002495301
0x55555cfddd37d8d82e06e0de90da9366ca3e31e8,50917526,SELL,2458.90353580,0.0000468180
0x55555cfddd37d8d82e06e0de90da9366ca3e31e8,50917526,SELL,2458.91920375,0.0003650193
0x55555cfddd37d8d82e06e0de90da9366ca3e31e8,50917527,SELL,2458.92144689,0.0007422673
0x55555cfddd37d8d82e06e0de90da9366ca3e31e8,50917527,SELL,2458.89976912,0.0000456916
0x55555cfddd37d8d82e06e0de90da9366ca3e31e8,50917528,SELL,2458.91065804,0.0000102151
0x55555cfddd37d8d82e06e0de90da9366ca3e31e8,50917528,SELL,2458.90365579,0.0000388348
0x55555cfddd37d8d82e06e0de90da9366ca3e31e8,50917528,SELL,2458.76656573,0.0000031284
0x55555cfddd37d8d82e06e0de90da9366ca3e31e8,50917530,SELL,2458.92078231,0.0009506321
0x55555cfddd37d8d82e06e0de90da9366ca3e31e8,50917530,SELL,2458.91464665,0.0000750266
0x55555cfddd37d8d82e06e0de90da9366ca3e31e8,50917530,SELL,2458.91876178,0.0003694644
0x55555cfddd37d8d82e06e0de90da9366ca3e31e8,50917531,SELL,2458.92102029,0.0017983750
0x55555cfddd37d8d82e06e0de90da9366ca3e31e8,50917531,SELL,2458.92019822,0.0025125720
0x55555cfddd37d8d82e06e0de90da9366ca3e31e8,50917531,SELL,2458.92010818,0.0014658707
0x55555cfddd37d8d82e06e0de90da9366ca3e31e8,50917532,SELL,2458.91694075,0.0001255573
0x55555cfddd37d8d82e06e0de90da9366ca3e31e8,50917532,SELL,2458.91804986,0.0005485604
0x55555cfddd37d8d82e06e0de90da9366ca3e31e8,50917532,SELL,2458.91908716,0.0000470422
0x55555cfddd37d8d82e06e0de90da9366ca3e31e8,50917532,BUY,2471.86486943,0.0000000854
0x55555cfddd37d8d82e06e0de90da9366ca3e31e8,50917534,SELL,2458.91300809,0.0000583839
0xa8c2253481924559ab85522f374aed2dc282b2aa,50917534,BUY,2461.40231611,0.1912387767
0xd40d00e6322e3768464a150900ef4565875f1f5e,50917535,BUY,2461.49247619,0.6025959873
0x55555cfddd37d8d82e06e0de90da9366ca3e31e8,50917535,BUY,2461.56154587,0.0005513248
0x55555cfddd37d8d82e06e0de90da9366ca3e31e8,50917535,BUY,2461.58104359,0.0000343722
0x55555cfddd37d8d82e06e0de90da9366ca3e31e8,50917535,SELL,2459.04111018,0.0000123751
0x55555cfddd37d8d82e06e0de90da9366ca3e31e8,50917535,BUY,2461.56283114,0.0002831035
0x55555cfddd37d8d82e06e0de90da9366ca3e31e8,50917535,SELL,2459.09602342,0.0001251509
0xa8c2253481924559ab85522f374aed2dc282b2aa,50917536,BUY,2461.59978850,0.3441671989
0x55555cfddd37d8d82e06e0de90da9366ca3e31e8,50917537,SELL,2459.17740193,0.0019725917
0xa8c2253481924559ab85522f374aed2dc282b2aa,50917537,BUY,2461.66942767,0.2752903673
0x55555cfddd37d8d82e06e0de90da9366ca3e31e8,50917538,SELL,2459.39461895,0.0036080936
0x55555cfddd37d8d82e06e0de90da9366ca3e31e8,50917538,BUY,2461.85721913,0.0001671177
0x55555cfddd37d8d82e06e0de90da9366ca3e31e8,50917540,SELL,2459.36963035,0.0000131717
0x55555cfddd37d8d82e06e0de90da9366ca3e31e8,50917540,SELL,2459.39207949,0.0001464004
0x55555cfddd37d8d82e06e0de90da9366ca3e31e8,50917540,BUY,2487.96481075,0.0000000366
0x55555cfddd37d8d82e06e0de90da9366ca3e31e8,50917540,SELL,2459.39413448,0.0003681090
0xa8c2253481924559ab85522f374aed2dc282b2aa,50917540,BUY,2461.90208022,0.4126640544
0x55555cfddd37d8d82e06e0de90da9366ca3e31e8,50917541,BUY,2461.95035734,0.0006279993
0x55555cfddd37d8d82e06e0de90da9366ca3e31e8,50917541,SELL,2459.48557129,0.0003312067
0x55555cfddd37d8d82e06e0de90da9366ca3e31e8,50917543,SELL,2459.48677916,0.0002708102
0x55555cfddd37d8d82e06e0de90da9366ca3e31e8,50917543,SELL,2459.48677471,0.0033746784
0x55555cfddd37d8d82e06e0de90da9366ca3e31e8,50917544,SELL,2459.48522438,0.0002977680
0x55555cfddd37d8d82e06e0de90da9366ca3e31e8,50917544,SELL,2459.46202898,0.0000273991
0x55555cfddd37d8d82e06e0de90da9366ca3e31e8,50917544,SELL,2459.48597899,0.0016303024
0x55555cfddd37d8d82e06e0de90da9366ca3e31e8,50917544,SELL,2459.47367357,0.0000336458
0x55555cfddd37d8d82e06e0de90da9366ca3e31e8,50917544,SELL,2459.48566938,0.0003739664
0x55555cfddd37d8d82e06e0de90da9366ca3e31e8,50917544,BUY,2471.41527687,0.0000000935
0x55555cfddd37d8d82e06e0de90da9366ca3e31e8,50917545,SELL,2459.48569833,0.0024336149
0x55555cfddd37d8d82e06e0de90da9366ca3e31e8,50917545,SELL,2459.48214042,0.0000198359
0x55555cfddd37d8d82e06e0de90da9366ca3e31e8,50917546,SELL,2459.44887009,0.0000237748
0x55555cfddd37d8d82e06e0de90da9366ca3e31e8,50917546,SELL,2459.48525659,0.0011177815
0x2891d2f99bc447a591f06d896f5f72647aa1bc4c,50917547,SELL,2459.48444444,0.0004500000
0x55555cfddd37d8d82e06e0de90da9366ca3e31e8,50917548,SELL,2459.48495711,0.0007775079
0x55555cfddd37d8d82e06e0de90da9366ca3e31e8,50917548,SELL,2459.48435789,0.0002458666
0x501ef174b66883ba40f92e6fb24bfb49331d4d4c,50917548,SELL,2459.47513525,0.0000813178
0x55555cfddd37d8d82e06e0de90da9366ca3e31e8,50917549,SELL,2459.48356591,0.0002258450
0x55555cfddd37d8d82e06e0de90da9366ca3e31e8,50917549,SELL,2459.48357967,0.0007098031
0x55555cfddd37d8d82e06e0de90da9366ca3e31e8,50917550,BUY,2461.95059596,0.0002120705
0x55555cfddd37d8d82e06e0de90da9366ca3e31e8,50917550,SELL,2459.47481637,0.0000545812
0x55555cfddd37d8d82e06e0de90da9366ca3e31e8,50917550,BUY,2461.94801171,0.0004712890
0x55555cfddd37d8d82e06e0de90da9366ca3e31e8,50917552,BUY,2461.94696618,0.0013446598
0x55555cfddd37d8d82e06e0de90da9366ca3e31e8,50917552,SELL,2459.46175332,0.0000235942
0x55555cfddd37d8d82e06e0de90da9366ca3e31e8,50917552,BUY,2467.34823118,0.0000001508
0x55555cfddd37d8d82e06e0de90da9366ca3e31e8,50917552,SELL,2459.48027369,0.0000424228
0x55555cfddd37d8d82e06e0de90da9366ca3e31e8,50917553,SELL,2459.48474538,0.0022879260
0x675aaa99d5d093e1d837b28f1cd4908a1b25971d,50917558,BUY,2461.94940122,0.0001758034
0x385b3e146f99ea9fe9802299f00ba4f3af2c4ebb,50917564,SELL,2459.48223140,0.0217800000
0x369beaf0dac81de8d91672961ef2aa9d814ee479,50917564,SELL,2459.47731864,0.0217800000
0xf2d1aff8a41cdef7e06c8443866124184c3ef527,50917565,SELL,2459.40890156,0.5839778437
0x990662f96854997c88c65486288348e3d578e366,50917566,SELL,2459.33501787,0.0699412051
0x22531000137f43edceb883114fb386fdd234e8a7,50917568,SELL,2459.31846941,0.0764527719
0x7dd444bd0f1a04bfc26838fbb1f9315c503d1177,50917569,SELL,2459.28614759,0.2096820000
0xbd60ce01e6cf712bdfb48a4634be27b34d40f647,50917570,SELL,2459.26116129,0.0107763370
0xe4049e36b348c6dca1f2f81ec5a13c098124851b,50917588,BUY,2461.72099267,0.0003574735
0x824abda7e8bfcf47c543761c50bc7bf6756deda9,50917600,BUY,2461.72221574,0.0002540555
0x0dfa768499c331acbd6df31887eca6f5860fbd6f,50917627,BUY,2461.72189473,0.0004726440
0x8fc3f785163acbb1efe5452355a8628626088e78,50917629,SELL,2459.26019672,0.0011978440
0xb45a45690d820751bc025f4b6cb421c4621f8041,50917629,SELL,2459.25983401,0.0020125677
0x83113a0febb6cf0627e2730fd96a5a0ebc361d30,50917666,SELL,2459.25903479,0.0222750000
0x021efbe9a9ad2ed4fe7e0039353120e267ce6195,50917670,SELL,2459.25535354,0.0099000000
0xe53be01d66948a134934e70882c0099f23f42dea,50917670,SELL,2459.25376879,0.0041761758
0xdaf7de4da68208b236673eaf6c6376a2571bd22b,50917676,BUY,2461.71462297,0.0005142416
0xd41feaa24dede516a501862cf1f376defb811772,50917678,SELL,2459.19761414,0.4950000000
0xef0d517024eed7c8d46dcbd7d9431447feea1d87,50917678,SELL,2459.07343020,0.6049999999
0x8ac748758ec1b6dc0f0481402a89af1ef36552b5,50917678,SELL,2458.93637070,0.6049999999
0x7ef711fc922c3029f21ed51c0b70c7bce78f80c4,50917679,SELL,2458.85354343,0.1237500000
0xa3cc0ba4d46ed5aeed85dc1e8e8cae1f522eb091,50917679,SELL,2458.82542222,0.1237500000
0x503f5769734cebe797aa0b114f1c79bc58d91938,50917681,SELL,2458.80459596,0.0594000000
0x6e14c0586a64ba160bdbe2973d0cec8bea18996a,50917682,SELL,2458.76972929,0.2475000000
0x8a3cb64b21a5d1aa353f53cd661bba311d472b5b,50917682,SELL,2458.71347879,0.2475000000
0x4ce63e379aea0756cb05c31cbc5ef48d1dc88331,50917684,BUY,2461.16358139,0.0000520725
0x76caac8676f0c1a4eef68a55aad2f33a51b9dd48,50917684,SELL,2458.68308081,0.0198000000
0x845b247ead57cf07f823c94fd3ac3a5361d81755,50917684,BUY,2461.15396466,0.0000522873
0x5c19d82748e7087f93b70fdbaa56f9bd540c565c,50917685,SELL,2458.67969697,0.0099000000
0x4003a42a8d1c0cd24a3e4f742c1fc78105b0139a,50917686,BUY,2461.14429405,0.0001772293
0x824abda7e8bfcf47c543761c50bc7bf6756deda9,50917686,BUY,2461.14334327,0.0000907099
0xc27a2b4bd5b374c3cb3c711e17901628824f8258,50917689,BUY,2461.14110646,0.0002174621
0x824abda7e8bfcf47c543761c50bc7bf6756deda9,50917690,BUY,2461.13991511,0.0027452125
0xc27a2b4bd5b374c3cb3c711e17901628824f8258,50917690,BUY,2461.14038655,0.0022327389
0xc27a2b4bd5b374c3cb3c711e17901628824f8258,50917691,BUY,2461.14067958,0.0009839909
0x8717eb43559b28eee1fbf46a4316463838439fdc,50917695,SELL,2458.67939394,0.0049500000
0x54e2acab04c89a3fe02852bf8dd69ee8f526bc75,50917717,SELL,2458.65053814,0.0001220182
0xd83e60d273fd0cb3b05c2611db940fecb7b6ca64,50917796,BUY,2461.03467725,0.0000832804
0xe16c165e82e10b86042025189349f9f52fdbe980,50917816,SELL,2458.57516540,0.0050109292
0xe16c165e82e10b86042025189349f9f52fdbe980,50917816,SELL,2458.57448910,0.0009375738
0x9e7ddb6ad871b670f545239b83fe39119b890ae0,50917816,SELL,2458.57421003,0.0015170105
0xea7efba65d22efad6ba68ae42edcdbad533f08d2,50917818,BUY,2461.03560185,0.0100567420
0xf0523316cf23ef167d874fa030b2214280e38ee6,50917822,BUY,2461.03698630,0.0014285771
0xa9071aa0965ec14a0d1c42ae0c7871e0ba20ea53,50917822,BUY,2461.03810105,0.0004384906
0x5eb0bafe7b747e462c4c3af36c4902d7363e870b,50917827,BUY,2461.04158143,0.0385872375
0x1278c1e48e3c9548a5d9f2b16dc27ed311b0697c,50917830,SELL,2458.58287816,0.0001626958
0x048ef1062cbb39b338ac2685da72adf104b4cef5,50917832,SELL,2458.58287816,0.0001626958
0x12c51473ecec31920552b2cefc96f7c3ccf1dacd,50917835,BUY,2461.11991798,0.6501504199
0x34ed24663c2301d553e90cc12d74f45dd088e22d,50917844,BUY,2461.19456751,0.0033196928
0x1278c1e48e3c9548a5d9f2b16dc27ed311b0697c,50917846,BUY,2461.19618732,0.0005722339
0xb2be3f3044c734a810cdcdd84e722be161ec03a4,50917847,BUY,2461.23416028,0.3453201978
0x79bb48c9449ea9fbf6ac6c7cbdf22429e5611aa7,50917876,BUY,2461.27363291,0.0017470617
0x22f097eb2f76b91f922513737dd6d30411d447b5,50917881,SELL,2458.81224980,0.0073376306
0xceac58ee82815b0a5bdfd698d1cc63094f9693bc,50917937,SELL,2458.89331114,0.0083993697
0xf6db5f7307a8ac5d9c187b8caa9e803a8d2e075e,50917937,SELL,2458.89226404,0.0012421370
0x566bd93f69754a6bc3cee93104509f5a4adb60dc,50917945,BUY,2461.36381315,0.0961538334
0x30f5f2c24b4036f09259a56ae487e7973790a7bc,50917945,BUY,2461.43177237,0.0000155316
0x12c51473ecec31920552b2cefc96f7c3ccf1dacd,50917945,BUY,2461.38976586,0.1316895120
0x4e4995d4c89e85bcfa8f6edc9e60807cdc9c6b02,50917956,BUY,2461.43179700,0.1955291780
0x3be22b314654c396a12c5e8d79abdd65aac3caaf,50917957,BUY,2461.45574638,0.0147091139
0x3be22b314654c396a12c5e8d79abdd65aac3caaf,50917959,BUY,2461.45995593,0.0220709835
0x9bc462bce2acd6fbe2ef5470d55b439453451083,50917959,BUY,2461.50290513,0.3574445304
0xf04a2505afb967a1b4f43304e17994e94bdc13a1,50917962,BUY,2461.61965059,0.6745615224
0xf758b0e1cbe666bb3df98b66cb420dfe50110fad,50917968,BUY,2461.75717772,0.2973005748
0x5026f9208184efd6bc3b0c2a21ab8cd3e34c7b82,50917972,BUY,2461.79288260,0.0182793607
0x30897f008d2389640b383213e79a220fd74fc439,50917986,BUY,2462.28020064,0.2432754277
0x0a056c81efb57724925837a7039178c8746ead12,50917990,BUY,2462.33048272,0.2010290672
0xd9497b53abcd6972b6370cb195b6bfd6b280e607,50917991,BUY,2462.38994527,0.3243175662
0x622d0d00104d418c2bda79c1aad9c28da63e9ecb,50917992,BUY,2462.42774095,0.0087093638
0x12b618c2e22fa9cf6742a1ad9344fba1c61448b2,50917992,SELL,2459.96622947,0.0051289428
0x12b618c2e22fa9cf6742a1ad9344fba1c61448b2,50917992,SELL,2459.96475736,0.0078966481
0x9f4313b2b9fe67d30c3482ed92805a54dffbaa36,50917992,SELL,2459.96378759,0.0006840296
0x824abda7e8bfcf47c543761c50bc7bf6756deda9,50917993,BUY,2462.42992530,0.0000712199
0x189ddf9c02fdfecb7a6bc06ac39fc510e37d1e63,50918000,BUY,2462.42605651,0.0041908328
0x72413e52ae9885199e1c94fb8ce8182218f075b5,50918003,BUY,2462.42877180,0.0202036301
0x6085932878d587332419ac976fc13d98eba6fdab,50918006,BUY,2462.55182259,1.0668873925
0x5026f9208184efd6bc3b0c2a21ab8cd3e34c7b82,50918008,BUY,2462.67443075,0.0162425043
0xc27a2b4bd5b374c3cb3c711e17901628824f8258,50918009,BUY,2462.69655909,0.0000279637
0xf349e8c4e502827d5d7414d80f9ad8606937c460,50918012,SELL,2460.21382722,0.0034322919
0xf349e8c4e502827d5d7414d80f9ad8606937c460,50918012,SELL,2460.21320099,0.0021078576
0xd086d9b35673e31e170ce8dfd4cde868d0bad37a,50918013,SELL,2460.21259060,0.0032922187
0x23cdc9b13af476e64073b619f2a61d0600c98b47,50918014,SELL,2460.21185151,0.0032464359
0xc035e7096efd87f7417a8679926bd2af4e1c2be7,50918014,SELL,2460.21131669,0.0014850029
0xd616959df01da34046ee4550bd7f709bb6472870,50918015,SELL,2460.21088494,0.0023346913
0xd616959df01da34046ee4550bd7f709bb6472870,50918015,SELL,2460.21047914,0.0012553215
0x43d126432e5ba048020ef150ec16812ca9347b6a,50918015,SELL,2460.20919786,0.0004113788
0x562edae3245a653adc69f73d23a62e229ebad76e,50918015,SELL,2460.20991737,0.0028919207
0x90dc5fd4ba0ee975a2f521204a6a57d6a93419ce,50918031,SELL,2460.20960301,0.0024558432
0x87e674c5b9dfb148156ef7454c872f411332f63b,50918032,BUY,2462.67253191,0.0012751456
0xfdb50d7fabea0050251d9b174866b0fc452795dc,50918033,SELL,2460.20875421,0.0005940000
0xfb7acda6d1a822f7591880dbd8610f96af14268b,50918040,BUY,2462.67238459,0.0023595477
0xfb7acda6d1a822f7591880dbd8610f96af14268b,50918040,BUY,2462.67312410,0.0016941684
0xfb7acda6d1a822f7591880dbd8610f96af14268b,50918040,BUY,2462.67301650,0.0011214453
0x69c8d6f404bd0d2ccd584bb03de457d1b4d1c933,50918044,SELL,2460.21067485,0.0009984450
0x9689b11b77d799181612227e474af7da3f49a3e3,50918067,SELL,2460.17769697,0.0990000000
0xddddd40c0fcdd0d670cbc8a0dfe79a03e19eaf24,50918078,BUY,2462.64348461,0.0000160478
0xf38e2e46b38ce60e2d9982130a51b67eddcbdfd2,50918079,SELL,2460.16600855,0.0044430620
0xd494f7d384f514d4969f73dccfc2acbda9a4e85d,50918079,SELL,2460.16542079,0.0007569377
0x88e14dc3bee717d0b295e1c10379be6f554ddb96,50918079,BUY,2462.62810940,0.0017550445
0x88e14dc3bee717d0b295e1c10379be6f554ddb96,50918079,BUY,2462.62818964,0.0023353728
0x9ab6421b6092f93847eae791f81ce3f4ddcdeabf,50918081,SELL,2460.16525000,0.0080000000
0x8529e9b7799339ddf2f70e2adf4ad9aec1b0dd54,50918084,SELL,2460.16337230,0.0089463900
0xf04a2505afb967a1b4f43304e17994e94bdc13a1,50918111,BUY,2462.59243860,0.1781277247
0x17f9609465cdc9047cdef9fb082fde3b48a7fd7f,50918112,BUY,2462.61323529,0.0000422100
0x824abda7e8bfcf47c543761c50bc7bf6756deda9,50918121,BUY,2462.61391864,0.0000438095
0x52f9609e3a6e1897db00fc6e9adccb9ed00d1cb5,50918121,BUY,2462.96808703,3.1397089653
0x1278c1e48e3c9548a5d9f2b16dc27ed311b0697c,50918122,BUY,2463.32444016,0.0002142032
0x22531000137f43edceb883114fb386fdd234e8a7,50918128,BUY,2463.33672357,0.1153820569
0x0c6a6030cfcff4a7f5e62cb943f2dc3408e56666,50918129,BUY,2463.39067586,0.3610333865
0xc35867873cc8e58c5890abd56af99f9e3808d3a8,50918129,BUY,2463.50536726,0.6516375042
0xef56f502c4bff0f209d2a4d0ef3f2e517adfb355,50918129,BUY,2463.66957922,0.4230500976
0x8a0f7342d8da780662ea365e045f874a3f882790,50918133,BUY,2463.76842665,0.4495762333
0x82c7242f6a2078c83102104fa70f02a89895101c,50918136,SELL,2461.33511342,0.1859604511
0xf2c8680a6dfa8408a141fe827ac82525ebf2139c,50918136,BUY,2463.82431964,0.4155595855
0x7d916d905e55afd7912a76c1782e992e05156dd4,50918137,SELL,2461.40245270,0.0501564041
0xacd20bb1548dc2583305aa065dece7efbc164dc5,50918137,BUY,2463.86894124,0.0785133149
0x476f05ab3eeb2c3abf2ff1af09afa7b81615cd6f,50918139,BUY,2463.89764185,0.1748834037
0x924e6508bb63128085d658e5851cb86e99a80c91,50918139,BUY,2463.97531213,0.5091696044
0xd14602c85a25a4e520441c47a97a2c9da63ae1be,50918139,BUY,2464.14088950,0.9469320451
0xaea2f764c17c5e97d70381fc9dd82be9bf5bbe7b,50918139,BUY,2464.28395963,0.3110780440
0xad3d582a33d02e18961b6f2515ab86ccbc3195dd,50918140,BUY,2464.32948261,0.0891720643
0x434b004c25968bf105db6439a8042402138eb473,50918146,SELL,2461.85852711,0.1529174182
0x576e08f52b49223e6808414b68cf9cebbd75bce4,50918147,SELL,2461.84056995,0.0037767186
0xf3cfecc7a7e986e271932ef24406de4aee02442c,50918147,SELL,2461.83871562,0.0134568446
0xf76b2a36217dd793359cfcd405efc37d830f45cb,50918148,BUY,2464.30191324,0.0074228048
0x76caac8676f0c1a4eef68a55aad2f33a51b9dd48,50918149,BUY,2464.30390327,0.0107019037
0xcb21812fdf8881fd46bfff12989e08fcdfd7ef73,50918186,SELL,2461.88106287,0.0752269526
0xe4049e36b348c6dca1f2f81ec5a13c098124851b,50918187,BUY,2464.33628461,0.0003570941
0x8529e9b7799339ddf2f70e2adf4ad9aec1b0dd54,50918196,SELL,2461.87155041,0.0082982217
0xceac58ee82815b0a5bdfd698d1cc63094f9693bc,50918203,SELL,2461.86928405,0.0123359417
0x501ef174b66883ba40f92e6fb24bfb49331d4d4c,50918208,BUY,2464.21311043,0.0001508388
0x472c54e449120706f5a71db22fbde22b551a91aa,50918211,BUY,2464.22483336,0.0000449870
0xfb7acda6d1a822f7591880dbd8610f96af14268b,50918222,SELL,2461.74829825,0.0021595274
0x7e0179d9d9ff7b9b23dd8717b869a184d7671a2e,50918222,SELL,2461.74762516,0.0010238580
0x88776fbd991c76aae24e12da906e47fc8be7aab2,50918227,BUY,2464.21208485,0.0010586909
0x0dfa768499c331acbd6df31887eca6f5860fbd6f,50918227,BUY,2464.21222103,0.0004721663
0x941cd4b87d7d8eaec0b4460b6ebe2569b25c3698,50918228,BUY,2464.27089471,0.5199130293
0x647ef36c3ed67732931146140c591b0cff36164d,50918229,BUY,2464.37541233,0.3990409306
0x8a1bcf88726999b5d834f03f98ca62c2a4e2b6ec,50918230,BUY,2464.43228150,0.1009372576
0xbbe06ea75813760ae2387276b64b592a4b6ce29f,50918236,BUY,2464.45298820,0.0811539116
0x05854d0c70d2f696fb3d9c0863100956b795e2ff,50918238,BUY,2464.46410094,0.0162619326
0xf2c8680a6dfa8408a141fe827ac82525ebf2139c,50918240,BUY,2464.47764596,0.1030771537
0xb1ccf0bf26c0468854c514ec3a649d34041242cc,50918242,BUY,2464.52275258,0.2934867667
0x7a63c4f7435db0e26ca4bdfc9f5bc456a2407db9,50918243,BUY,2464.73964250,0.3316064155
0xd83e60d273fd0cb3b05c2611db940fecb7b6ca64,50918243,BUY,2464.77864886,0.0000761959
0xacd20bb1548dc2583305aa065dece7efbc164dc5,50918243,BUY,2464.83137926,0.4745837483
0x29e619b6006a97403990cc7da76bf23cf98aa2fb,50918244,BUY,2466.85363161,17.2384837746
0x3f546712cde103968c2b7067ee1abd7acd08f4d4,50918244,SELL,2466.26146961,0.8766761715
0x37fa55498c73e4579dcb6971f3441079b3d88170,50918244,SELL,2466.07559041,0.7440203772
0x5026f9208184efd6bc3b0c2a21ab8cd3e34c7b82,50918246,BUY,2468.45926827,0.0101277750
0x2f787ae5257bd7c5575b9a7470a41b955112781e,50918247,SELL,2465.99232135,0.0022522146
0x56ba7baedcedf7fa677e1048ab2783aa88c172be,50918248,SELL,2465.98680480,0.0458500000
0x185d2a1cb8e017009625dc91c7453c103909c183,50918249,SELL,2465.98008673,0.0006725521
0x5857bd50cecc2095996f57859525cd966c4d62d1,50918252,SELL,2465.97683110,0.0404517633
0xcb21812fdf8881fd46bfff12989e08fcdfd7ef73,50918253,SELL,2465.96758127,0.0399951320
0xc5b0b10005e58c70fe46f4c66feecb739f655d24,50918256,SELL,2465.95791143,0.0445399325
0x6c229cd01287f12e2c043fc20e4f500a9e1a9e88,50918257,SELL,2465.91682996,0.3136881790
0x92f48e18409ac3611061a74d288d7ec9592c4971,50918257,SELL,2465.88040780,0.0039451958
0x92f48e18409ac3611061a74d288d7ec9592c4971,50918257,SELL,2465.69499395,0.0000023803
0x501ef174b66883ba40f92e6fb24bfb49331d4d4c,50918264,BUY,2468.34854758,0.0005085112
0x459308d471f36f52a69048299581b8b204dc2901,50918264,BUY,2468.39106831,0.3767031991
0xf2d1aff8a41cdef7e06c8443866124184c3ef527,50918264,BUY,2468.43912916,0.0416608389
0x93e4714161f754dd3bd6aac6ff373071f4be1756,50918264,BUY,2468.48878932,0.0072779415
0x62e38d58c420233741c3cdd774fe5797a040f05e,50918264,BUY,2468.55585588,0.5935648863
0xf2d1aff8a41cdef7e06c8443866124184c3ef527,50918264,BUY,2468.65902111,0.3046152407
0xf2d1aff8a41cdef7e06c8443866124184c3ef527,50918265,BUY,2468.70918656,0.1320527366
0xaf97d853751852410e57f4a49a4fdcb1e6192600,50918265,BUY,2468.73886448,0.1263171806
0xc5d3a766cd59a961c7a476f6099830eb217868fd,50918265,BUY,2468.78903844,0.3105104750
0xf2d1aff8a41cdef7e06c8443866124184c3ef527,50918265,BUY,2468.84965742,0.2171657757
0xb9d99ec2931bc1bbc63bc4e9432ca104d7192d8b,50918266,BUY,2469.08085060,1.7958417169
0xc0ffeefc90fa1d10dc11b15697b39eb60af4a4a9,50918266,BUY,2469.31063790,0.0000087429
0x5487edb07ffd501e6474c3964d3bcc1e07a5533a,50918271,BUY,2469.29971252,0.1095266333
0xfcab913452d4f7daa6fa7b09e5cf246cdaf62c8f,50918275,BUY,2469.32725567,0.1302803070
0x29e619b6006a97403990cc7da76bf23cf98aa2fb,50918276,BUY,2469.72144667,3.3007791126
0x29e619b6006a97403990cc7da76bf23cf98aa2fb,50918277,BUY,2470.39334701,2.5457808436
0x6b02858bad7fe44c67595f09645cd31d4fa3a481,50918280,SELL,2468.18080677,0.1019534680
0x133c777cbd5e66d1b74e1219608d16934aa66a26,50918282,SELL,2468.07071506,0.8565045495
0x4136bcfd6ed7ad1ff1455fc641d73f3cc14d460c,50918283,SELL,2467.97111111,0.0099000000
0x1278c1e48e3c9548a5d9f2b16dc27ed311b0697c,50918283,SELL,2467.96963167,0.0007495364
0x923609e48e0c88606cc2d774f0f916e52371c1f8,50918285,SELL,2467.95826987,0.1011275957
0x14fdc5d31a54d5b1726dd228521d3758b0fcebe8,50918291,SELL,2467.93939873,0.0632000000
0x57d1884e8c84beaa0851282d438c58877c98cd99,50918292,SELL,2467.92644444,0.0495000000
0x1a1aaf0981ec3256fe81618147b139878ddf292c,50918292,SELL,2467.90655354,0.1237500000
0x2fc1fea11e49d739fea04632a06938e9ada6089a,50918293,SELL,2467.88096970,0.0990000000
0x8fcaa6632bef0c220471e1dbf71243888b1c564f,50918298,SELL,2467.81106004,0.5097422900
0xd161943083e5c091d2753b00028f35ee69fac3f4,50918301,SELL,2467.74682828,0.0495000000
0x83113a0febb6cf0627e2730fd96a5a0ebc361d30,50918303,BUY,2470.21328584,0.0217877793
0x501ef174b66883ba40f92e6fb24bfb49331d4d4c,50918305,SELL,2467.73880264,0.0000729409
0x0bc340bb168145291e66b333d2635c5aefcc7c30,50918310,BUY,2470.24346733,0.2410442990
0x501ef174b66883ba40f92e6fb24bfb49331d4d4c,50918310,SELL,2467.78726498,0.0000486274
0xc8d3dbde405f21e0fa68f8213a90bc1bdb38840f,50918312,SELL,2467.79015152,0.0330000000
0x6aff6774990f74aaa969b5c70783e5d9ea11a649,50918312,SELL,2467.78254545,0.0330000000
0x83113a0febb6cf0627e2730fd96a5a0ebc361d30,50918320,SELL,2467.77626263,0.0217800000
0xbd119420d79bc40671c0d4718ad6b11ddca0b344,50918322,SELL,2467.62616071,1.2956433158
0xbbf17f64cfe39b956e9d9c55c48d0c66ca9ae945,50918322,SELL,2467.39766984,0.6946685088
0x70c04227129b34711771a349f478ca69044883d2,50918322,SELL,2467.21847087,0.8664798903
0x142256d020042944b4faffd0f4a8093f85c108f6,50918325,SELL,2467.11333333,0.0495000000
0xf04a2505afb967a1b4f43304e17994e94bdc13a1,50918331,SELL,2467.06740360,0.2517187500
0x22f097eb2f76b91f922513737dd6d30411d447b5,50918332,SELL,2466.80799799,0.0091598426
0xd83e60d273fd0cb3b05c2611db940fecb7b6ca64,50918335,BUY,2469.27653340,0.0014231067
0xd161943083e5c091d2753b00028f35ee69fac3f4,50918339,BUY,2469.25549704,0.0529325480
0x54e2acab04c89a3fe02852bf8dd69ee8f526bc75,50918340,SELL,2466.78725551,0.0001540469
0x1bf3c4230b2feb7110328e0a1871b1194316ca20,50918340,SELL,2466.79171717,0.0099000000
0xee0c40c950b65f392118b959d394fc7b659ea6ca,50918341,BUY,2469.26003190,0.0056886573
0x0f014545de76a29892b9319e5a4123b28299f33b,50918344,SELL,2466.79046032,0.0123864915
0x1fff16b976f1f788944f4bd81bec50fe7391b8d8,50918345,SELL,2466.78335483,0.0499829852
0xcf5412704264151768b4b7061162154c99718f7c,50918350,BUY,2469.25894869,0.0056914650
0x692c7f062068805c05e52db8eac3369193cdae06,50918351,BUY,2469.26186075,0.0003654380
0x25a13a2417448df25e392a082d794b90910d8d14,50918351,BUY,2469.29648584,0.0000149435
0x0d96c15ad1333697b7d66b3ab681df310c509800,50918352,BUY,2469.29845144,0.3375006178
0xf04a2505afb967a1b4f43304e17994e94bdc13a1,50918352,BUY,2469.35765807,0.1776590137
0x100bce1a32c0a9a17218d205ba8088167e0ea97b,50918353,BUY,2469.39094151,0.1119180035
0xf04a2505afb967a1b4f43304e17994e94bdc13a1,50918353,BUY,2469.42626848,0.1954720139
0xf9bdcbf9be898a3e7b4e456067c77a2b9730e41c,50918354,SELL,2466.97138047,0.0742500000
0x123b9b8aaee4f5ae4bd993e35093eefcc7d5eefc,50918354,SELL,2466.95432997,0.0742500000
0xd999d985b580a18d1b341ad1fd45efc229ab641f,50918356,SELL,2466.94464646,0.0099000000
0x98d9fdf9c7b268a970635640efd6540d74507b78,50918357,SELL,2466.93526768,0.0720623740
0x65a06e2670ecb6c47af1aeac96dda8f7d2972bb9,50918357,BUY,2469.68094577,0.0000006580
0x12c51473ecec31920552b2cefc96f7c3ccf1dacd,50918358,BUY,2469.44718594,0.4467202637
0xecf5dc30b0ef11049962fcfbaa88c347338a96af,50918360,BUY,2469.64630460,1.2864257615
0xd999d985b580a18d1b341ad1fd45efc229ab641f,50918362,SELL,2467.32373737,0.0099000000
0x83113a0febb6cf0627e2730fd96a5a0ebc361d30,50918366,BUY,2469.79394828,0.0181757478
0x1278c1e48e3c9548a5d9f2b16dc27ed311b0697c,50918385,SELL,2467.32679486,0.0001540128
0x9f4313b2b9fe67d30c3482ed92805a54dffbaa36,50918385,SELL,2467.32652542,0.0021948031
0xce6925dcbe054faee616682112d48b9392d26ba2,50918385,SELL,2467.32610706,0.0014521866
0x08f9681504f9226460acc1b1b96f2f8a41d7dc56,50918387,BUY,2469.77752680,0.1629900149
0x1b9e3324ee51e8e9be68d6ee5fdbfc525dd5f292,50918390,BUY,2469.59271814,0.0333191762
0x2891d2f99bc447a591f06d896f5f72647aa1bc4c,50918393,SELL,2467.12666667,0.0004500000
0x03c5f9f3a58c657c31d37cdbcff047b2fa99100e,50918396,SELL,2467.11787668,0.0833874611
0x2fd1bb93a63963baecd132d5f1624c06a3f38696,50918396,SELL,2467.09902667,0.0809383822
0x2a818a31d9e4cc51217adda95b2b754acd9e58f1,50918396,SELL,2467.05074740,0.3400306872
0xb1e2c361cf6aca3d1dd5449ea5a1bfce96d89019,50918397,SELL,2467.00393712,0.0680700000
0xc134231a812761487f30ae645f51fdfc51faa175,50918398,SELL,2466.98742586,0.0758700000
0xa5da9ba7145341b8cd48312824fe3b6f8c91e72a,50918404,BUY,2469.44795888,0.0031617540
0x3eef9e104e4dacb3165f28e3bc43dd7e506aa224,50918406,SELL,2466.97556563,0.0066173935
0x89b97f7c0841144a027700e8744146c997e1e652,50918410,BUY,2469.67545405,2.0173100805
0x83113a0febb6cf0627e2730fd96a5a0ebc361d30,50918412,SELL,2467.43673760,0.0094596480
0xc40728b0c7c5b2d066ad4b606f4b80812a23a593,50918416,SELL,2467.42131313,0.0099000000
0x1222615a1a92827faf092f373bc7ebb4c49eb2a3,50918417,SELL,2467.41449989,0.0499279448
0x84144fd092c7665a8dfae8137bf1185be2a0d1f5,50918418,SELL,2467.40800000,0.0015000000
0x048ef1062cbb39b338ac2685da72adf104b4cef5,50918427,SELL,2467.38571281,0.0001621149
0x1278c1e48e3c9548a5d9f2b16dc27ed311b0697c,50918428,SELL,2467.37954435,0.0001621149
0x54e2acab04c89a3fe02852bf8dd69ee8f526bc75,50918428,SELL,2467.37954435,0.0001621149
0x1278c1e48e3c9548a5d9f2b16dc27ed311b0697c,50918429,SELL,2467.37954435,0.0001621149
0xc082b2e4ed816e3abfc127f5fd46877b893c6c9a,50918431,SELL,2467.36142340,0.2105732642
0x675b73cf5179549b5741b077d337ce3cb5152eb0,50918434,SELL,2467.33716941,0.0008766475
0xc8d3dbde405f21e0fa68f8213a90bc1bdb38840f,50918441,SELL,2467.33327273,0.0330000000
0x1a1aaf0981ec3256fe81618147b139878ddf292c,50918441,SELL,2467.32569697,0.0330000000
0x6aff6774990f74aaa969b5c70783e5d9ea11a649,50918441,SELL,2467.31812121,0.0330000000
0x54e2acab04c89a3fe02852bf8dd69ee8f526bc75,50918442,BUY,2469.78389243,0.0004533640
0x048ef1062cbb39b338ac2685da72adf104b4cef5,50918452,SELL,2467.30827257,0.0001621196
0x048ef1062cbb39b338ac2685da72adf104b4cef5,50918454,SELL,2467.30827257,0.0001621196
0x54e2acab04c89a3fe02852bf8dd69ee8f526bc75,50918455,SELL,2467.30827257,0.0001621196
0xc2c6acd377458010713e733e1b21dd6f670d091c,50918456,SELL,2467.29155051,0.1980000000
0x76caac8676f0c1a4eef68a55aad2f33a51b9dd48,50918462,SELL,2467.20951515,0.0495000000
0x76caac8676f0c1a4eef68a55aad2f33a51b9dd48,50918462,SELL,2467.19816162,0.0495000000
0x62e38d58c420233741c3cdd774fe5797a040f05e,50918473,SELL,2467.14571382,0.4082743449
0x6ee62fb521531b587e79262d759dec8ce4fef341,50918477,BUY,2469.56927466,0.0040492891
0x6ee62fb521531b587e79262d759dec8ce4fef341,50918480,BUY,2469.57020408,0.0040492876
0xb7cf30b0af73d6241a5824ac9c0ba8ab93cb7f15,50918481,SELL,2467.10128509,0.0008058003
0x2891d2f99bc447a591f06d896f5f72647aa1bc4c,50918482,SELL,2467.09977637,0.0149953352
0xa3c79410b2f917246f300d9b4ef1ac251907c1c1,50918482,SELL,2467.00891827,0.7782305750
0xa9904173954bec4acfe0516a4bb3ce00a58de779,50918483,SELL,2466.84457433,0.6561073320
0x18fb33a47fe93b464fc9ea766452e7a60ed29ca2,50918484,SELL,2466.75455861,0.1295316074
0x8d1ed69941e34100b1290eb038cd7a2e75dae000,50918485,SELL,2466.68301414,0.4950000000
0xd0d08887e8a5b16049534a7f3fc1de92848f5bea,50918486,SELL,2466.61700443,0.0811539605
0x048ef1062cbb39b338ac2685da72adf104b4cef5,50918488,BUY,2469.07619565,0.0002025049
0x54e2acab04c89a3fe02852bf8dd69ee8f526bc75,50918489,SELL,2466.59904359,0.0000405364
0x18834e1991b07d543973a33279440a5dbb9a8518,50918491,BUY,2469.09931597,0.0000397570
0x1278c1e48e3c9548a5d9f2b16dc27ed311b0697c,50918497,SELL,2466.60774600,0.0000405415
0x83113a0febb6cf0627e2730fd96a5a0ebc361d30,50918517,SELL,2466.60672601,0.0081213660
0x0e8c44f936d0d8a400671a56b1909995addc7059,50918521,SELL,2466.60353535,0.0198000000
0xc45a6ceea7c143dc2961aad7c593e6f7264ecf7c,50918525,SELL,2466.59788055,0.0295391943
0x54e2acab04c89a3fe02852bf8dd69ee8f526bc75,50918526,BUY,2469.06306010,0.0008100239
0x609f63f0e1995a150e8ed33d4c6b29893a28e52c,50918526,BUY,2469.06319392,0.0003564105
0x88776fbd991c76aae24e12da906e47fc8be7aab2,50918527,BUY,2469.06372804,0.0010551429
0x0e8c44f936d0d8a400671a56b1909995addc7059,50918534,SELL,2466.59282828,0.0198000000
0x0cde8037884d499bb5785354985b36824686fea9,50918534,SELL,2466.58631021,0.0371718750
0x9dfc840576e285ee2d08358098d26cb02c0782cc,50918550,BUY,2469.06006366,0.0729022362
0xf1a1c5c483f0fbafa4db60370b1ac2e028b5188e,50918562,BUY,2469.06982991,0.0122232266
0x54e2acab04c89a3fe02852bf8dd69ee8f526bc75,50918568,SELL,2466.60210720,0.0047997612
0x73d8e53189b4f9e7d66acdbc7fce6652ac3b328d,50918569,SELL,2466.59939394,0.0198000000
0x5744b8f25239daef1ccac7008dc9a6159d40e929,50918569,SELL,2466.57445960,0.1980000000
0xe3291fe15fcfd0bc290f44e39770e1610f14095f,50918572,SELL,2466.55153112,0.0021613057
0x3bfceead5112fb738f75e2665c221e914215e285,50918573,SELL,2466.55107142,0.0018516714
0x4be88c9e357ca6e0355042dc9168e059a5c722cc,50918579,SELL,2466.53722222,0.0198000000
0x246fbee2e146a1a4e325fec6a195479879a0b7a8,50918580,SELL,2466.53212121,0.0247500000
0xf1a1c5c483f0fbafa4db60370b1ac2e028b5188e,50918606,SELL,2466.52157811,0.0103978032
0xa7fa7ed302d420d47bbaac4b45db8a7f809da760,50918610,BUY,2468.99396992,0.0447681057
0x2afaa84bef9000bd5d3b5aa809ba49909ca97d2e,50918631,SELL,2466.51369024,0.1485000000
0x14adbc7ea094914aa9d9de96b7832915ffefe5f3,50918632,BUY,2468.96582469,0.0012225366
0x7779bc4d7a28783f7e535cc4fedc920764656e43,50918636,SELL,2466.47427778,0.1980000000
0xaeb7513acb7ee5021f55a0e630832bc4497972b6,50918639,SELL,2466.45124913,0.0020750400
0x54e2acab04c89a3fe02852bf8dd69ee8f526bc75,50918654,SELL,2466.45019765,0.0081088197
0x3c6391a1b3a1b852123549f50c88af3104f5da84,50918655,BUY,2468.92008318,0.0000444636
0x76caac8676f0c1a4eef68a55aad2f33a51b9dd48,50918658,SELL,2466.44808081,0.0099000000
0x22f097eb2f76b91f922513737dd6d30411d447b5,50918662,SELL,2466.44633540,0.0036679497
0x4ab990595b8d586bf0aaac3fc43978eca4b71ed3,50918672,SELL,2466.44493976,0.0099542044
0x0e8c44f936d0d8a400671a56b1909995addc7059,50918679,SELL,2466.44272727,0.0099000000
0x0be17b95ce99866a1b6dbba47d4b7c693a8a3857,50918693,BUY,2469.19966643,2.5254957927
0xd6ec712d41aaa745d14c36e7112b295afe46a1cc,50918693,BUY,2469.58014256,0.7902479771
0x12c51473ecec31920552b2cefc96f7c3ccf1dacd,50918696,BUY,2469.69377320,0.1998505383
0x0f014545de76a29892b9319e5a4123b28299f33b,50918697,SELL,2467.24667083,0.0071082852
0x12c51473ecec31920552b2cefc96f7c3ccf1dacd,50918697,BUY,2469.72504015,0.0867093901
0x611df6821fbf58ba1c482e6148cdf01ed2fbd0b3,50918698,SELL,2467.29309415,0.0015476666
0x5edcf9f736c79ef5fee46e51b2a0c5d8c7d538b8,50918702,BUY,2469.76210230,0.0003563096
0xb655bb6161c02e227c8d49a872e6b80fa0496956,50918704,BUY,2469.99450647,2.0242960002
0x3791ecfc54a1e5258ff2d0e0e73d43433fbbf052,50918704,BUY,2470.22716455,0.0020847718
0x7d584a45fad2984f3b559ff0b220dd4cbc36479b,50918717,SELL,2467.73929521,0.1316700000
0x22e78469c2b0152a8a80d749d91df070129ef942,50918720,SELL,2467.72025375,0.0342429341
0x53eda859d867a1a4c6ea60336a23933a8513eab9,50918721,BUY,2470.19296842,0.0031317412
0x337b1c75847072ceadf05e8a5c8f64ac7475c0bd,50918722,SELL,2467.72300000,0.0020000000
0xbd60ce01e6cf712bdfb48a4634be27b34d40f647,50918728,SELL,2467.72175451,0.0104534682
0x048ef1062cbb39b338ac2685da72adf104b4cef5,50918734,BUY,2470.19319955,0.0000928818
0x86b4c67adc477983340c980a66ae5c3ac5171ca6,50918734,SELL,2467.70924242,0.0990000000
0x5edcf9f736c79ef5fee46e51b2a0c5d8c7d538b8,50918734,BUY,2470.16749336,0.0003562511
0x8529e9b7799339ddf2f70e2adf4ad9aec1b0dd54,50918735,SELL,2467.69672469,0.0103234177
0x83681c14770b44361e21faf91d8325423365ea5c,50918746,SELL,2467.56679732,0.0000121780
0x1bf3c4230b2feb7110328e0a1871b1194316ca20,50918746,BUY,2470.09173683,0.0070194964
0x9c7be148c2ffabbae69cd03727b3629809141818,50918752,BUY,2470.09634977,0.0337016829
0x12c5df6cb6b81b564bbf6914999e085b90503470,50918752,SELL,2467.62468077,0.0524700000
0x5edcf9f736c79ef5fee46e51b2a0c5d8c7d538b8,50918754,BUY,2470.08819489,0.0003562626
0x3eef9e104e4dacb3165f28e3bc43dd7e506aa224,50918755,SELL,2467.61778321,0.0074923893
0x8cc1665ee965345e79b132adb124782bad8c78e0,50918760,SELL,2467.60770476,0.0814949449
0xf69742d098450943ed4c879f2e89b2dcaad4f023,50918764,SELL,2467.59768230,0.0014326290
0xc418be866c994df205c32cc4e4cdc6f4cf5a7736,50918780,SELL,2467.58912525,0.0777936489
0x22f097eb2f76b91f922513737dd6d30411d447b5,50918782,SELL,2467.57927605,0.0073020641
0x2b9d291149c1be243a51957bc505a8a07bfd0a06,50918788,BUY,2470.58364771,4.6653151816
0xb86bcb62210f030705acecb0c25d578f076ea263,50918791,SELL,2470.46370215,0.0021671842
0x7779bc4d7a28783f7e535cc4fedc920764656e43,50918802,SELL,2470.43857576,0.1980000000
0xecc9104be5734aac563f0343ecb456fbd92cdc44,50918803,SELL,2470.39056279,0.1922248754
0xbb0e31d765ee8bd8982d3750e36aaf84d5ff0e9c,50918804,SELL,2470.36602970,0.0058338816
0xa971283289448b30188cec3f0e60ad92322e4970,50918805,SELL,2470.30244440,0.5123437500
0x0151e7141dd896142e9f352d2e0e6031b5aad550,50918805,SELL,2470.17049482,0.5602028536
0x609f63f0e1995a150e8ed33d4c6b29893a28e52c,50918806,BUY,2472.57259575,0.0003559046
0xa281cb9d9f7c77ba4812d2b1d20ddf05bf3e1a4a,50918806,SELL,2470.06332512,0.3036868198
0xecc9104be5734aac563f0343ecb456fbd92cdc44,50918811,SELL,2469.98850414,0.3045654183
0x158c6e6d42786a3bad5a1501c5f42ef87153b1fb,50918816,SELL,2469.94799689,0.0247697502
0x763ac4d3acfdeaa8e863b634faf5dc8e3453d67a,50918816,SELL,2469.94382910,0.0091138158
0x88776fbd991c76aae24e12da906e47fc8be7aab2,50918827,BUY,2472.41482565,0.0010522494
0x0dfa768499c331acbd6df31887eca6f5860fbd6f,50918827,BUY,2472.41533398,0.0004705997
0xb01caea8c6c47bbf4f4b4c5080ca642043359c2e,50918833,SELL,2469.94192419,0.0104286120
0xb01caea8c6c47bbf4f4b4c5080ca642043359c2e,50918833,SELL,2469.93557310,0.0000166328
0xb21c1f3429de13abdc5095132ba8e92c94d6614d,50918836,BUY,2472.44908842,0.2976344392
0xa80e23adddb68c531caeadae442c41cb80338845,50918837,BUY,2472.56235906,0.6220281302
0x609f63f0e1995a150e8ed33d4c6b29893a28e52c,50918852,BUY,2472.61659713,0.0003558983
0x83681c14770b44361e21faf91d8325423365ea5c,50918853,BUY,2472.63776380,0.0000445354
0xf5fa08a9f643928aa44397046294cf434183877c,50918854,BUY,2472.63876716,0.1795450293
0x76caac8676f0c1a4eef68a55aad2f33a51b9dd48,50918859,SELL,2470.18757576,0.0099000000
0x7d584a45fad2984f3b559ff0b220dd4cbc36479b,50918862,SELL,2470.18103765,0.0435600000
0x7d584a45fad2984f3b559ff0b220dd4cbc36479b,50918865,SELL,2470.15948963,0.1316700000
0x01cf616693dc8e3ef21f985acf21d2bca646136a,50918869,SELL,2470.10676768,0.2970000000
0x4a991fb2eb27aafb4c7f38b8ccf80ac1d51f57ed,50918869,BUY,2472.55262514,0.0849324693
0xdc32c5eb9e183f11d4d5e331eeb7389c142f6eb9,50918877,SELL,2470.09071537,0.0028597140
0x83113a0febb6cf0627e2730fd96a5a0ebc361d30,50918890,SELL,2470.08897306,0.0118800000
0xbcc4521e1c9dba7df87afa9fcc0fc2b554226392,50918892,SELL,2470.07231762,0.1235538497
0xca71a0b558f3ad25cb6276baa41ca9bab85d0810,50918896,SELL,2470.05103030,0.0495000000
0xca71a0b558f3ad25cb6276baa41ca9bab85d0810,50918898,SELL,2470.04363636,0.0099000000
0x88492ffacdc1e7d2b13e9953877a20f057609edf,50918914,BUY,2472.60825034,0.7721328192
0x3f1058c36f5b34be34463b1645cdcc046c1043c2,50918923,SELL,2470.23000000,0.0099000000
0xd83e60d273fd0cb3b05c2611db940fecb7b6ca64,50918928,BUY,2472.70142093,0.0006136673
0xf2d1aff8a41cdef7e06c8443866124184c3ef527,50918928,BUY,2472.75250221,0.4181345436
0xd0a634c148e7e184281dcd3dccd6fa2642150453,50918932,SELL,2470.33153294,0.0021130686
0x500c71a50aee5a134058779075508f94c6f772c7,50918935,BUY,2472.88171894,0.6356109558
0xe8bca8c1485a7447a74c891ebfb1c849a45b342f,50918935,BUY,2473.07692014,0.9496712415
0xed361b6dcce5498eef362126bfda548baf78833c,50918938,BUY,2473.20033696,0.0525634733
0x49d15678a1ea50f2c4436dcc30f0cec5d013f601,50918940,BUY,2473.54942934,2.7816283642
0x7b1669b0d8714a450706d21a6e76c0092de85a42,50918942,SELL,2471.41512281,0.0313557837
0x80ff12c68c1abd456a53fcd67cdc103884be377c,50918943,SELL,2471.46183165,0.0259619101
0x88e14dc3bee717d0b295e1c10379be6f554ddb96,50918943,SELL,2471.45841268,0.0019516400
0xbb0e31d765ee8bd8982d3750e36aaf84d5ff0e9c,50918943,SELL,2471.45742691,0.0049460124
0xc45a6ceea7c143dc2961aad7c593e6f7264ecf7c,50918944,SELL,2471.45616162,0.0049500000
0xc45a6ceea7c143dc2961aad7c593e6f7264ecf7c,50918944,SELL,2471.45373737,0.0049500000
0x5b1f1d6890754134f84f152f412cd6c3f8b81a91,50918944,SELL,2471.45252525,0.0049500000
0xb7782f063e9c37f2985fb120e862e154c6d4cf4e,50918948,BUY,2473.94041056,0.1216976560
0xfbd45e17dd91e8ada28bed59ffbae25f9cde80b1,50918948,BUY,2473.96975571,0.1159250732
0xa971283289448b30188cec3f0e60ad92322e4970,50918948,BUY,2474.01950205,0.2868816731
0xc0ffee62570f490c781b24e3c3e29b5f94c726a3,50918950,BUY,2474.06428512,0.0000072209
0x5e250d294bc7dffbaa8213eb5d37b18c6994583f,50918950,SELL,2471.58080808,0.0049500000
0xe6fec63723e5e45130e964fce5aa952e8c559736,50918950,BUY,2474.08983961,0.2924805298
0xa971283289448b30188cec3f0e60ad92322e4970,50918958,BUY,2473.90886136,0.2507865159
0x5b1f1d6890754134f84f152f412cd6c3f8b81a91,50918958,BUY,2473.94110184,0.0099214549
0xc45a6ceea7c143dc2961aad7c593e6f7264ecf7c,50918958,BUY,2473.94360328,0.0099008077
0xf04a2505afb967a1b4f43304e17994e94bdc13a1,50918958,BUY,2474.02143823,0.6211212459
0xfa5287b6efd536d1e6101ef65942e1c012230186,50918959,SELL,2471.62373835,0.0063412366
0xf04a2505afb967a1b4f43304e17994e94bdc13a1,50918959,BUY,2474.17845668,0.6628436399
0xb3262ecf113f7c46f9e81428ace9a97f0c8cb89a,50918960,BUY,2474.31319030,0.4279204877
0x653dcf7edc6adb1e744e25d13d931dd6da8885dd,50918971,BUY,2474.72608155,1.7536127014
0xbb0e31d765ee8bd8982d3750e36aaf84d5ff0e9c,50918973,SELL,2472.46745386,0.0074014831
0xc0ffee2f93b3f53b081f9e775dc47cf54587237e,50918980,BUY,2474.95168602,0.0000304434
0xc0ffee64a11078fcba57b4ffb7805f9e7ad3a3b9,50918980,BUY,2474.99937579,0.0000115750
0x1278c1e48e3c9548a5d9f2b16dc27ed311b0697c,50918994,BUY,2474.94242846,0.0001318524
0xaa2d7fcb2fcf5cc0ae3371982d9429c32292c3ca,50918997,SELL,2472.46153284,0.0020031001
0xaa2d7fcb2fcf5cc0ae3371982d9429c32292c3ca,50918997,SELL,2472.46107286,0.0017248417
0x1b18cb97bba759fadcf1f9ab0a293650384e2a6b,50918999,BUY,2474.88823438,0.0002791726
0xcb0726b4c080121c389ad8790b9a46cd80759ab2,50919000,SELL,2472.40959596,0.0198000000
0x6d27b8bf89306509f19ddf48e42944db8aafae96,50919000,SELL,2472.40185760,0.0430732750
0x9689b11b77d799181612227e474af7da3f49a3e3,50919000,SELL,2472.38433333,0.0990000000
0xbac453b9b7f53b35ac906b641925b2f5f2567a89,50919000,SELL,2472.24998081,0.9900000000
0x76caac8676f0c1a4eef68a55aad2f33a51b9dd48,50919001,BUY,2474.60832997,0.0112772812
0x0f84d2da979180394fbf9c4499febd0f602a6767,50919001,BUY,2474.62516569,0.1253443395
0x24389cb07fae2a77881fee65ca8d7af6857d8ef5,50919003,BUY,2474.64157866,0.0073018825
0x9689b11b77d799181612227e474af7da3f49a3e3,50919006,SELL,2472.15450505,0.0990000000
0xc2779ffb5278d5b02bfded34de4827f681f0228c,50919006,SELL,2472.11786869,0.1980000000
0x3d85ef524b73b8f9426ab6f17cadfcba6af2d380,50919008,SELL,2472.09246511,0.0069922389
0x24389cb07fae2a77881fee65ca8d7af6857d8ef5,50919008,BUY,2474.56680709,0.0084557822
0x24389cb07fae2a77881fee65ca8d7af6857d8ef5,50919009,BUY,2474.56873751,0.0078550423
0x24389cb07fae2a77881fee65ca8d7af6857d8ef5,50919009,BUY,2474.57066666,0.0078365073
0x83113a0febb6cf0627e2730fd96a5a0ebc361d30,50919011,BUY,2474.58241719,0.0872516634
0x048ef1062cbb39b338ac2685da72adf104b4cef5,50919011,BUY,2474.59376703,0.0012967498
0xb6ef56a97bc34df8e1b31d82f8e92a1d0fefcabf,50919013,BUY,2474.59517485,0.0004245684
0x70a22c6c16dcfa77db931be783ab49c37622ad30,50919015,SELL,2471.92795705,0.9344611539
0x566bd93f69754a6bc3cee93104509f5a4adb60dc,50919017,SELL,2471.80174978,0.0887247066
0xbce58cc4a21bba0d080414e6c310d1ff3b9b693c,50919025,SELL,2471.77568740,0.0100574761
0xf4f883245316a8d3524586abbd91eef9b37f7ab2,50919026,SELL,2471.77196970,0.0198000000
0x83113a0febb6cf0627e2730fd96a5a0ebc361d30,50919027,SELL,2471.76700904,0.0206672400
0x54e2acab04c89a3fe02852bf8dd69ee8f526bc75,50919038,BUY,2474.23833301,0.0015090753
0xc27a2b4bd5b374c3cb3c711e17901628824f8258,50919038,BUY,2474.24329275,0.0001473505
0xa971283289448b30188cec3f0e60ad92322e4970,50919043,BUY,2474.27940312,0.3311805882
0xf04a2505afb967a1b4f43304e17994e94bdc13a1,50919044,BUY,2474.37555550,0.4472025415
0xe4369325fec26a78614f374139201557ba8111c2,50919050,SELL,2471.95086869,0.0495000000
0x46764c29ea35206eaf56401dbeca10a695de38aa,50919051,BUY,2474.51801575,0.8053675650
0xf04a2505afb967a1b4f43304e17994e94bdc13a1,50919051,BUY,2474.63950811,0.1785965885
0xc0ffee1f3e1a2608c3d5c33fbec78b4c01602f1e,50919051,BUY,2474.86295934,0.0000291653
0xc0ffee29315bafc6117fe7887a0468bad71c8424,50919051,BUY,2474.83954813,0.0000184707
0xc0ffee1f3e1a2608c3d5c33fbec78b4c01602f1e,50919051,BUY,2474.84798617,0.0000207395
0xc0ffee1f3e1a2608c3d5c33fbec78b4c01602f1e,50919052,BUY,2474.83222484,0.0000573562
0x22f097eb2f76b91f922513737dd6d30411d447b5,50919052,SELL,2472.35685173,0.0036399559
0x501ef174b66883ba40f92e6fb24bfb49331d4d4c,50919054,SELL,2472.35182502,0.0001002827
0xaed8694ed4534229ce7267d665c6552c48b68241,50919055,SELL,2472.33467018,0.1781326907
0x9113db71ab03dcfc2c8c21b4a81c569ef0ffd571,50919055,BUY,2474.79115471,0.0344134869
0x13c2d2571a5751d92c31c0f91e29a401418b4b25,50919056,BUY,2474.80294864,0.0000104420
0x7b883ed291268af3802087054c3628aca8f6de14,50919058,SELL,2472.31814141,0.0247500000
0xf04a2505afb967a1b4f43304e17994e94bdc13a1,50919058,BUY,2474.84536392,0.4542342545
0x2e97778b97db81b62eb64103813e019f353537cd,50919060,BUY,2474.95135519,0.4040483454
0x0e8c44f936d0d8a400671a56b1909995addc7059,50919060,SELL,2472.52555556,0.0099000000
0x0e8c44f936d0d8a400671a56b1909995addc7059,50919063,SELL,2472.52313131,0.0099000000
0xbb0e31d765ee8bd8982d3750e36aaf84d5ff0e9c,50919063,SELL,2472.52110441,0.0062238526
0x8cfabf07c7c92676245f46e272144b7de0364f5e,50919067,SELL,2472.51434343,0.0495000000
0xd2c2666fa00679d52e4a2996ac921e6335d30a6c,50919071,SELL,2472.50696970,0.0099000000
0x048ef1062cbb39b338ac2685da72adf104b4cef5,50919075,BUY,2474.98196457,0.0004034732
0xf2d1aff8a41cdef7e06c8443866124184c3ef527,50919080,SELL,2472.25163976,0.3806951092
0x8cca1c2b68b513c59cc34eda9580ca2b54bc2f3b,50919087,SELL,2472.19858586,0.0495000000
0x9689b11b77d799181612227e474af7da3f49a3e3,50919091,SELL,2472.13147071,0.4950000000
0x824abda7e8bfcf47c543761c50bc7bf6756deda9,50919101,BUY,2474.54464648,0.0012615242
0xf3a5b9ab4004e1a59552623c99fde3b963ee6173,50919101,BUY,2474.54497110,0.0005511143
0xd515f81b40c0e63d99d50099d9b4610a3606a818,50919101,BUY,2474.55108029,0.0000595082
0x9d18d8333b7a7ed78163191b8091aad2e165ea33,50919105,SELL,2472.04961479,0.1726910951
0xf04a2505afb967a1b4f43304e17994e94bdc13a1,50919105,SELL,2471.99845261,0.2423437500
0x80cbe9d982fc28787f40065beef6d0282ad98d50,50919108,SELL,2471.67758774,0.8629126544
0x46764c29ea35206eaf56401dbeca10a695de38aa,50919108,SELL,2471.42988284,1.1470270861
0x92f48e18409ac3611061a74d288d7ec9592c4971,50919108,BUY,2473.76273657,0.0069433154
0x763c77ce949fc6bd21841c3a6d402c693d68612c,50919108,SELL,2471.21977464,0.5734249683
0xf2d1aff8a41cdef7e06c8443866124184c3ef527,50919108,SELL,2471.13212168,0.1391389801
0x6395ed71d90abeb50402d4dbdb724269c14c7733,50919108,SELL,2471.11257576,0.0198000000
0x7fba4e3eb81848c5e1db3ec8ec5c19e7f980fc31,50919109,SELL,2471.09892839,0.0910797603
0x7b883ed291268af3802087054c3628aca8f6de14,50919110,SELL,2471.07859933,0.0742500000
0x29909b9c97845d5eb998b4aa41664a46c5dc35c6,50919114,SELL,2471.02198158,0.3366000000
0x72d6d3574300b76fffd27b31948bf4afe2c468ba,50919119,SELL,2470.87334275,0.8719954316
0xce9dad6992c455933f12a162a4912874455e2706,50919120,SELL,2470.72799400,0.3099127200
0xb1286b5cdcdc84060f996b1471a276b6c01e2d28,50919121,SELL,2470.66691056,0.1868036100
0xcbd01987b493d3285eac66fe45d784c9c44fb7ec,50919121,SELL,2470.61798103,0.1877645931
0x629da79c6f759b2292ce09184eab5dbe14eac356,50919121,SELL,2470.57192310,0.1868036100
0x54e2acab04c89a3fe02852bf8dd69ee8f526bc75,50919123,SELL,2470.54806328,0.0008093953
0x88776fbd991c76aae24e12da906e47fc8be7aab2,50919127,BUY,2473.02129840,0.0010505304
0x22e0adc1b4e680bb4483ae32ba3f45d2f9bad67c,50919129,BUY,2473.03142545,0.0000168481
0x83113a0febb6cf0627e2730fd96a5a0ebc361d30,50919132,SELL,2470.54516599,0.0318829500
0x82e1ff9cc4a4b2e323177006fce9b93703930d18,50919137,SELL,2470.52103252,0.0000178557
0xce9dad6992c455933f12a162a4912874455e2706,50919139,BUY,2473.18673611,1.4054276304
0x60e7f384013f0f1131ef597b792a1839e9d69304,50919139,BUY,2478.23601940,11.2187707254
0x2b9d61897ed28d6d244b87fe4896e8530201e9ed,50919139,BUY,2481.30782101,12.2407301745
0x2a818a31d9e4cc51217adda95b2b754acd9e58f1,50919139,SELL,2480.41180146,0.1536010334
0x00000000c31aac22443189a208da18192d9e5fb1,50919139,SELL,2479.94656782,3.3937220935
0x4433b975e8aa33dc0956ab886824be4187311465,50919139,SELL,2478.96652888,0.4824655469
0xc0ffee17d520056942531cb6d4d6251ff8163bb1,50919139,SELL,2478.90176775,0.0114046177
0xc0ffee17d520056942531cb6d4d6251ff8163bb1,50919139,BUY,2481.40447078,0.0000229414
0x1e5c75f991df569c6fac02efbbbc58e2f879adec,50919140,SELL,2478.69031717,0.4950000000
0x73eb6ecccda9cb7ca639091ab2bcbbfc915d0491,50919140,SELL,2478.57031790,0.4220580169
0x82e1ff9cc4a4b2e323177006fce9b93703930d18,50919140,SELL,2478.47806642,0.0000203080
0xf04a2505afb967a1b4f43304e17994e94bdc13a1,50919140,SELL,2478.39321759,0.9309375000
0x3be22b314654c396a12c5e8d79abdd65aac3caaf,50919141,SELL,2478.25343593,0.1370352152
0xc35929915bddb7574761662f62a0853a38a44157,50919141,SELL,2478.23450263,0.0067444243
0x4e48561aed9c1d44c98edd9591450d2bd9d826f2,50919141,SELL,2478.23212121,0.0099000000
0x31475f033d29042160656a120783f9d44f076aed,50919142,SELL,2478.10459254,0.0276923638
0xcf5412704264151768b4b7061162154c99718f7c,50919142,SELL,2477.54423137,0.0029308950
0xa971283289448b30188cec3f0e60ad92322e4970,50919143,SELL,2477.43252864,0.8521875000
0xd1e0b0c911609c4e83051d539837abac81cc4739,50919144,SELL,2477.23738393,0.6397085226
0xf04a2505afb967a1b4f43304e17994e94bdc13a1,50919144,SELL,2477.06893112,0.6482812500
0xde0000004d2f2ced6e7ed50d981feb31271270ee,50919144,SELL,2476.97920483,0.0376228173
0xf04a2505afb967a1b4f43304e17994e94bdc13a1,50919145,SELL,2476.91110765,0.2409375000
0x000000c557fa9a96d66cd6371abde62d879d0e61,50919145,SELL,2476.87650843,0.0236498840
0xf04a2505afb967a1b4f43304e17994e94bdc13a1,50919145,SELL,2476.82538769,0.3672876160
0xf6ce42c2d0b8e25c6e613807ee9ed213a0019572,50919145,SELL,2476.72386112,0.4091465459
0x65a06e2670ecb6c47af1aeac96dda8f7d2972bb9,50919146,BUY,2479.26633681,0.0000073691
0x0f0067cd819cb8f20bda62046daff7a2b5c88280,50919146,SELL,2476.60657261,0.4879255201
0xb143f6ca55358fac056eca7ac1a228a1f018b048,50919146,SELL,2476.52954699,0.1011698121
0xcf5412704264151768b4b7061162154c99718f7c,50919146,BUY,2478.99587741,0.0008036645
0x292c08946571c600032912a7268ce5387139ec70,50919147,SELL,2476.41255438,0.7953870689
0xd14602c85a25a4e520441c47a97a2c9da63ae1be,50919149,SELL,2476.24636742,0.4757812500
0x12c51473ecec31920552b2cefc96f7c3ccf1dacd,50919149,SELL,2476.05795203,0.9651646966
0x4dbad6a112ba25fe25faba1f329bb3114b2d8f30,50919151,SELL,2475.78565287,1.1175553283
0xbb0e31d765ee8bd8982d3750e36aaf84d5ff0e9c,50919154,SELL,2475.63748440,0.0158225311
0x833a479253e77c2f8d129db2aa88a760dd5e4741,50919154,SELL,2475.50298476,1.0131810866
0xa971283289448b30188cec3f0e60ad92322e4970,50919154,SELL,2475.24190578,0.9843750000
0xa971283289448b30188cec3f0e60ad92322e4970,50919154,SELL,2475.03063168,0.6323437500
0x1d1fa2104d4cb82a7e05ac81e062ea0112b5b3d8,50919154,SELL,2474.88675431,0.4687540070
0x694caa827d1bd3edd2cfbbd06131e17a6013dd74,50919154,SELL,2474.68298763,1.0908705392
0x1278c1e48e3c9548a5d9f2b16dc27ed311b0697c,50919154,SELL,2474.53902914,0.0001292443
0xa971283289448b30188cec3f0e60ad92322e4970,50919155,SELL,2474.46286009,0.5939062500
0x85e24646ba6eab3d47035abeda640e6cf345bf8d,50919160,SELL,2474.28876156,0.3967542327
0x4dbad6a112ba25fe25faba1f329bb3114b2d8f30,50919161,SELL,2474.16749052,0.5317601315
0xa391a90cdc4a5f47f25a271c61c8cf09a55db7ef,50919167,BUY,2476.57454198,0.0031936014
0x1278c1e48e3c9548a5d9f2b16dc27ed311b0697c,50919167,SELL,2474.09314591,0.0000404148
0x501ef174b66883ba40f92e6fb24bfb49331d4d4c,50919171,SELL,2474.09801963,0.0001778426
0xf74007907378e178f306b7fad8783d60ece6424c,50919176,SELL,2474.08015678,0.3614593721
0x7ffa88f2af3e40bb8b0ca9bcf98dab4c250d64df,50919177,SELL,2474.01710813,0.1212978989
0xb40bf8b86920698bf0f288199fd75aa3f569aab9,50919185,BUY,2476.52610131,0.3744349117
0x0bc340bb168145291e66b333d2635c5aefcc7c30,50919188,SELL,2474.05496936,0.3380517064
0x7fba4e3eb81848c5e1db3ec8ec5c19e7f980fc31,50919188,SELL,2473.97258090,0.2928349399
0x0bc340bb168145291e66b333d2635c5aefcc7c30,50919189,SELL,2473.87625932,0.4447869370
0x85077b6b2f94b9ca4074897aed7b39bc4826d911,50919190,SELL,2473.57780217,1.0096804785
0x76caac8676f0c1a4eef68a55aad2f33a51b9dd48,50919192,SELL,2473.45181818,0.0099000000
0x1278c1e48e3c9548a5d9f2b16dc27ed311b0697c,50919213,SELL,2473.45065951,0.0001778891
0xe9182727fe5494e46b13c0568fb353eec5d995b3,50919218,SELL,2473.45032685,0.0024266475
0xa971283289448b30188cec3f0e60ad92322e4970,50919220,BUY,2475.96621365,0.3304774296
0xa971283289448b30188cec3f0e60ad92322e4970,50919220,BUY,2476.02737178,0.1640649302
0x056d75bb16ab9f08501044eee771ac05b58449e3,50919220,BUY,2476.04853867,0.0007668658
0xf04a2505afb967a1b4f43304e17994e94bdc13a1,50919221,BUY,2476.09028525,0.3431342896
0xf04a2505afb967a1b4f43304e17994e94bdc13a1,50919221,BUY,2476.17875447,0.3721982063
0x1225616afcad41bae5c76cb58d47e16a8d28b545,50919224,BUY,2476.39455111,0.9954412175
0xd14602c85a25a4e520441c47a97a2c9da63ae1be,50919224,BUY,2476.67597609,0.1523459628
0x09a0a4ed5cab5ecb866edad469312742d1639a79,50919224,BUY,2476.79956663,0.7924767585
0x000000c557fa9a96d66cd6371abde62d879d0e61,50919225,BUY,2476.90885288,0.0428999868
0xf04a2505afb967a1b4f43304e17994e94bdc13a1,50919225,BUY,2477.03551648,0.1603149561
0xd821359c0cefc9557ad058c2d4696ea1b8e5289f,50919226,BUY,2477.09668588,0.3072041234
0xf04a2505afb967a1b4f43304e17994e94bdc13a1,50919230,BUY,2477.42751777,0.8803674317
0xf04a2505afb967a1b4f43304e17994e94bdc13a1,50919230,BUY,2477.57290955,0.2306296851
0xf04a2505afb967a1b4f43304e17994e94bdc13a1,50919231,BUY,2477.68285247,0.6094027064
0xa741d1090cb23d3da86e1f281353dee30e992f43,50919231,SELL,2475.28414141,0.0099000000
0xf04a2505afb967a1b4f43304e17994e94bdc13a1,50919231,BUY,2477.78922847,0.2231293972
0xb40bf8b86920698bf0f288199fd75aa3f569aab9,50919232,SELL,2475.22609771,0.8809789922
0xf04a2505afb967a1b4f43304e17994e94bdc13a1,50919232,BUY,2477.66695932,0.6037773383
0xf04a2505afb967a1b4f43304e17994e94bdc13a1,50919232,BUY,2477.76879255,0.1742606591
0xf04a2505afb967a1b4f43304e17994e94bdc13a1,50919237,BUY,2477.84117930,0.3787614847
0xf04a2505afb967a1b4f43304e17994e94bdc13a1,50919237,BUY,2477.92916936,0.2934447497
0x24389cb07fae2a77881fee65ca8d7af6857d8ef5,50919241,BUY,2477.97543894,0.0599013209
0x6bfeac84a1479f1f713d9621fd178f43548574d3,50919248,BUY,2478.00238945,0.1460876097
0xbb0e31d765ee8bd8982d3750e36aaf84d5ff0e9c,50919248,SELL,2475.54313099,0.0070982290
0x1278c1e48e3c9548a5d9f2b16dc27ed311b0697c,50919257,SELL,2475.53680810,0.0000691499
0x1e5c75f991df569c6fac02efbbbc58e2f879adec,50919272,SELL,2475.52670707,0.0990000000
0x1278c1e48e3c9548a5d9f2b16dc27ed311b0697c,50919273,SELL,2475.50497943,0.0000691483
0xbb0e31d765ee8bd8982d3750e36aaf84d5ff0e9c,50919278,SELL,2475.51303566,0.0050016751
0xd40d00e6322e3768464a150900ef4565875f1f5e,50919279,SELL,2475.49949495,0.0990000000
0xf74007907378e178f306b7fad8783d60ece6424c,50919279,SELL,2475.46998482,0.1267716639
0xd40d00e6322e3768464a150900ef4565875f1f5e,50919280,SELL,2475.44047475,0.0990000000
0x1278c1e48e3c9548a5d9f2b16dc27ed311b0697c,50919283,SELL,2475.41141201,0.0000241847
0xa741d1090cb23d3da86e1f281353dee30e992f43,50919288,SELL,2475.34212121,0.0099000000
0x1278c1e48e3c9548a5d9f2b16dc27ed311b0697c,50919293,SELL,2475.33036560,0.0000691447
0x54e2acab04c89a3fe02852bf8dd69ee8f526bc75,50919302,SELL,2475.32744934,0.0000691432
0x7032efd7a186a587eb9be47da6c1a5f1bd6015d0,50919303,SELL,2475.34068928,0.0013077994
0xb9f554fb5c5c9de3269c98efb9463f7b4220db0d,50919305,BUY,2477.99031515,0.0000042502
0x92d34b6e1134e1dcacbfe236ba5436609201f241,50919306,SELL,2475.33643098,0.0297000000
0xbb0e31d765ee8bd8982d3750e36aaf84d5ff0e9c,50919308,SELL,2475.33158437,0.0073273626
0x04247605e28b48251ddafa69a4376a55e4bcbefb,50919310,BUY,2477.81239022,0.0001881898
0x55555cfddd37d8d82e06e0de90da9366ca3e31e8,50919313,SELL,2475.33050982,0.0005014066
0x1278c1e48e3c9548a5d9f2b16dc27ed311b0697c,50919314,BUY,2477.80824426,0.0035563208
0x048ef1062cbb39b338ac2685da72adf104b4cef5,50919315,SELL,2475.32453112,0.0000691416
0x55555cfddd37d8d82e06e0de90da9366ca3e31e8,50919315,SELL,2475.33144061,0.0001148416
0x55555cfddd37d8d82e06e0de90da9366ca3e31e8,50919315,SELL,2475.30909943,0.0000198343
0xca71a0b558f3ad25cb6276baa41ca9bab85d0810,50919316,SELL,2475.32883838,0.0198000000
0x55555cfddd37d8d82e06e0de90da9366ca3e31e8,50919317,SELL,2475.32181386,0.0001192156
0xca71a0b558f3ad25cb6276baa41ca9bab85d0810,50919319,SELL,2475.32353535,0.0198000000
0x55555cfddd37d8d82e06e0de90da9366ca3e31e8,50919320,SELL,2475.28767871,0.0000235152
0x55555cfddd37d8d82e06e0de90da9366ca3e31e8,50919320,SELL,2475.31810795,0.0003274900
0x55555cfddd37d8d82e06e0de90da9366ca3e31e8,50919320,BUY,2484.95425886,0.0000001191
0x55555cfddd37d8d82e06e0de90da9366ca3e31e8,50919321,SELL,2475.31972837,0.0007872308
0x55555cfddd37d8d82e06e0de90da9366ca3e31e8,50919321,SELL,2475.31952650,0.0002436720
0x76caac8676f0c1a4eef68a55aad2f33a51b9dd48,50919322,SELL,2475.31929293,0.0099000000
0x55555cfddd37d8d82e06e0de90da9366ca3e31e8,50919323,BUY,2477.80866935,0.0000415210
0x55555cfddd37d8d82e06e0de90da9366ca3e31e8,50919323,SELL,2475.31402239,0.0000442000
0x55555cfddd37d8d82e06e0de90da9366ca3e31e8,50919323,BUY,2477.79841283,0.0002503832
0x55555cfddd37d8d82e06e0de90da9366ca3e31e8,50919324,SELL,2475.31765766,0.0015840949
0x55555cfddd37d8d82e06e0de90da9366ca3e31e8,50919324,SELL,2475.31676935,0.0004217585
0x55555cfddd37d8d82e06e0de90da9366ca3e31e8,50919324,BUY,2477.79619094,0.0004635954
0x55555cfddd37d8d82e06e0de90da9366ca3e31e8,50919325,SELL,2475.31655505,0.0081790428
0x55555cfddd37d8d82e06e0de90da9366ca3e31e8,50919325,BUY,2477.80376489,0.0000128004
0x55555cfddd37d8d82e06e0de90da9366ca3e31e8,50919325,SELL,2475.31073383,0.0000997434
0x55555cfddd37d8d82e06e0de90da9366ca3e31e8,50919325,SELL,2475.31504112,0.0013453972
0x55555cfddd37d8d82e06e0de90da9366ca3e31e8,50919326,SELL,2475.29757510,0.0000393811
0x55555cfddd37d8d82e06e0de90da9366ca3e31e8,50919326,SELL,2475.31357842,0.0001562836
0x55555cfddd37d8d82e06e0de90da9366ca3e31e8,50919326,SELL,2475.25710071,0.0000157107
0x55555cfddd37d8d82e06e0de90da9366ca3e31e8,50919327,SELL,2475.31153459,0.0001458225
0x55555cfddd37d8d82e06e0de90da9366ca3e31e8,50919327,SELL,2475.31292154,0.0004310922
0x55555cfddd37d8d82e06e0de90da9366ca3e31e8,50919327,SELL,2475.31422813,0.0025349691
0x25cd71badd04938111b9f64ba0a5996e34551066,50919328,BUY,2477.79263928,0.0085604330
0x55555cfddd37d8d82e06e0de90da9366ca3e31e8,50919329,SELL,2475.22298750,0.0000086760
0x55555cfddd37d8d82e06e0de90da9366ca3e31e8,50919329,SELL,2475.31533761,0.0090356358
0x55555cfddd37d8d82e06e0de90da9366ca3e31e8,50919329,SELL,2475.31376524,0.0004519645
0x55555cfddd37d8d82e06e0de90da9366ca3e31e8,50919330,SELL,2475.31311885,0.0070672441
0x55555cfddd37d8d82e06e0de90da9366ca3e31e8,50919330,BUY,2477.79206732,0.0002086071
0x55555cfddd37d8d82e06e0de90da9366ca3e31e8,50919330,SELL,2475.30445585,0.0001261279
0x55555cfddd37d8d82e06e0de90da9366ca3e31e8,50919331,SELL,2475.31156680,0.0001751004
0x55555cfddd37d8d82e06e0de90da9366ca3e31e8,50919331,SELL,2475.30484501,0.0000078540
0x55555cfddd37d8d82e06e0de90da9366ca3e31e8,50919331,SELL,2475.30322028,0.0001093801
0x55555cfddd37d8d82e06e0de90da9366ca3e31e8,50919331,BUY,2501.82133933,0.0000000396
0x55555cfddd37d8d82e06e0de90da9366ca3e31e8,50919331,SELL,2475.31189890,0.0012731062
0x55555cfddd37d8d82e06e0de90da9366ca3e31e8,50919333,SELL,2475.30961467,0.0003686307
0x55555cfddd37d8d82e06e0de90da9366ca3e31e8,50919333,SELL,2475.31103566,0.0004225219
0x55555cfddd37d8d82e06e0de90da9366ca3e31e8,50919334,SELL,2475.30834385,0.0001788254
0x55555cfddd37d8d82e06e0de90da9366ca3e31e8,50919334,SELL,2475.28826262,0.0000471634
0x55555cfddd37d8d82e06e0de90da9366ca3e31e8,50919334,SELL,2475.26107446,0.0000177234
0x55555cfddd37d8d82e06e0de90da9366ca3e31e8,50919334,BUY,2497.71429434,0.0000000472
0x34de61150097162a38ecbd4105a12be52da69fc0,50919335,SELL,2475.30767136,0.0005740959
0x55555cfddd37d8d82e06e0de90da9366ca3e31e8,50919337,SELL,2475.28056502,0.0000311128
0x55555cfddd37d8d82e06e0de90da9366ca3e31e8,50919337,SELL,2475.30529610,0.0003160568
0x55555cfddd37d8d82e06e0de90da9366ca3e31e8,50919339,BUY,2477.79116234,0.0000256394
0x55555cfddd37d8d82e06e0de90da9366ca3e31e8,50919339,SELL,2475.30423671,0.0006438639
0x55555cfddd37d8d82e06e0de90da9366ca3e31e8,50919341,BUY,2477.78412297,0.0003408098
0x55555cfddd37d8d82e06e0de90da9366ca3e31e8,50919341,SELL,2475.29485937,0.0000385085
0xbb0e31d765ee8bd8982d3750e36aaf84d5ff0e9c,50919341,SELL,2475.30381006,0.0069254343
0x55555cfddd37d8d82e06e0de90da9366ca3e31e8,50919342,SELL,2475.29781443,0.0000566190
0x55555cfddd37d8d82e06e0de90da9366ca3e31e8,50919342,BUY,2477.78295639,0.0002826660
0x55555cfddd37d8d82e06e0de90da9366ca3e31e8,50919342,SELL,2475.30062247,0.0001249489
0x55555cfddd37d8d82e06e0de90da9366ca3e31e8,50919342,SELL,2475.29544950,0.0000586500
0x55555cfddd37d8d82e06e0de90da9366ca3e31e8,50919343,SELL,2475.29608674,0.0001087603
0x55555cfddd37d8d82e06e0de90da9366ca3e31e8,50919343,SELL,2475.27079656,0.0000199740
0x55555cfddd37d8d82e06e0de90da9366ca3e31e8,50919343,SELL,2475.30227616,0.0037285119
0x55555cfddd37d8d82e06e0de90da9366ca3e31e8,50919343,SELL,2475.29187520,0.0000624532
0x55555cfddd37d8d82e06e0de90da9366ca3e31e8,50919343,SELL,2475.30088069,0.0008697682
0x55555cfddd37d8d82e06e0de90da9366ca3e31e8,50919343,BUY,2479.67877951,0.0000003186
0x55555cfddd37d8d82e06e0de90da9366ca3e31e8,50919344,BUY,2477.79290592,0.0000343188
0x55555cfddd37d8d82e06e0de90da9366ca3e31e8,50919344,SELL,2475.22279415,0.0000122591
0x55555cfddd37d8d82e06e0de90da9366ca3e31e8,50919344,BUY,2477.77902187,0.0013294087
0x55555cfddd37d8d82e06e0de90da9366ca3e31e8,50919344,SELL,2475.29964917,0.0002294522
0x55555cfddd37d8d82e06e0de90da9366ca3e31e8,50919346,BUY,2477.81528958,0.0000250971
0x55555cfddd37d8d82e06e0de90da9366ca3e31e8,50919346,SELL,2475.29270576,0.0000845755
0x55555cfddd37d8d82e06e0de90da9366ca3e31e8,50919346,SELL,2475.28833828,0.0000319409
0x55555cfddd37d8d82e06e0de90da9366ca3e31e8,50919346,BUY,2486.25213760,0.0000001030
0x55555cfddd37d8d82e06e0de90da9366ca3e31e8,50919346,BUY,2477.78066438,0.0001668780
0x55555cfddd37d8d82e06e0de90da9366ca3e31e8,50919346,SELL,2475.29926514,0.0001502542
0x55555cfddd37d8d82e06e0de90da9366ca3e31e8,50919348,SELL,2475.30040343,0.0087742276
0x55555cfddd37d8d82e06e0de90da9366ca3e31e8,50919348,BUY,2477.77885159,0.0002827791
0x55555cfddd37d8d82e06e0de90da9366ca3e31e8,50919348,SELL,2475.29590821,0.0001249976
0x55555cfddd37d8d82e06e0de90da9366ca3e31e8,50919348,BUY,2477.77661442,0.0005504713
0x55555cfddd37d8d82e06e0de90da9366ca3e31e8,50919351,SELL,2475.29788471,0.0009042168
0x55555cfddd37d8d82e06e0de90da9366ca3e31e8,50919351,SELL,2475.27726754,0.0000369466
0x2a7b7b953ee6d3e16d17eab320d06c8130ae7c26,50919352,BUY,2478.20624343,3.2903000316
0x4ab6e6ce2c95cf2a1468295bf83d140df4022508,50919352,BUY,2478.67767084,0.3127902575
0x2bd0d303861a9bef7a5a6596d8457c83b9d48b57,50919352,BUY,2479.09772641,2.8976471131
0xbce58cc4a21bba0d080414e6c310d1ff3b9b693c,50919355,BUY,2479.47844467,0.0001718628
0xbb0e31d765ee8bd8982d3750e36aaf84d5ff0e9c,50919356,SELL,2476.99220411,0.0149830112
0x410a19a18a756b85d12513f1052d11f20a9d71a6,50919359,BUY,2479.80002038,0.8427013629
0x54e2acab04c89a3fe02852bf8dd69ee8f526bc75,50919360,SELL,2477.43064491,0.0014130030
0xf2ba261efaf6265a2578411dd53e27186311ea0f,50919361,BUY,2480.24306304,2.5441990174
0xad3fe4fa38ad6e05b7fc11647fc36457943493ed,50919361,BUY,2480.82426718,1.8939438231
0x90a5a6febac9de435205e1ce84720e8ace28a9e2,50919362,BUY,2481.10930915,0.2821318663
0xd08327b02ec16cfc22b9d57acf53f3a472f3e42a,50919365,SELL,2478.65320650,0.0958251789
0x7779bc4d7a28783f7e535cc4fedc920764656e43,50919366,SELL,2478.62771717,0.0990000000
0x092e9300e66cf56738d3ba35af5cae6c6bdd28bc,50919368,SELL,2478.59534680,0.1485000000
0x092e9300e66cf56738d3ba35af5cae6c6bdd28bc,50919368,SELL,2478.55649832,0.1485000000
0xb40bf8b86920698bf0f288199fd75aa3f569aab9,50919370,BUY,2481.13260735,0.8788457709
0xe2539f23adfaa2c0587f9cd4a121607f4b1e0fdc,50919371,SELL,2478.76108482,0.0460368741
0x2fd1bb93a63963baecd132d5f1624c06a3f38696,50919373,SELL,2478.71806512,0.1612892465
0xd08327b02ec16cfc22b9d57acf53f3a472f3e42a,50919380,SELL,2478.67136456,0.0958251789
0xc27a2b4bd5b374c3cb3c711e17901628824f8258,50919381,BUY,2481.14043734,0.0002802796
0x54e2acab04c89a3fe02852bf8dd69ee8f526bc75,50919382,SELL,2478.65658539,0.0004034399
0x769299fbbdb471f971968fd2a62585ab6ce928b9,50919383,SELL,2478.63154568,0.2083520110
0xf04a2505afb967a1b4f43304e17994e94bdc13a1,50919383,SELL,2478.50472250,0.7612500000
0x89b97f7c0841144a027700e8744146c997e1e652,50919386,BUY,2481.02291141,1.6998758563
0xf04a2505afb967a1b4f43304e17994e94bdc13a1,50919386,SELL,2478.58543825,1.3725000000
0x9689b11b77d799181612227e474af7da3f49a3e3,50919390,BUY,2480.39521384,0.0410748712
0x54e2acab04c89a3fe02852bf8dd69ee8f526bc75,50919390,BUY,2480.40169000,0.0080233904
0xbb0e31d765ee8bd8982d3750e36aaf84d5ff0e9c,50919399,SELL,2477.91823967,0.0158516445
0x53258be4256f4089b8d81fbefe06bb1fc53d83fc,50919400,BUY,2480.39701996,0.0010047561
0x6523312dba2a71e119fb39a0e456a2a43be7d267,50919403,BUY,2480.68878102,2.2334906504
0x92c6a79f2130144b56f1e0b9ea86b9fc816a6133,50919403,BUY,2481.02900072,0.3640021232
0x006e820070586a040beace8caca68840e1b5630f,50919403,BUY,2481.07886923,0.0166031256
0x25340950b42bfe2696e35bc69854fdd706d041aa,50919403,BUY,2481.08333197,0.0173843375
0xf2d1aff8a41cdef7e06c8443866124184c3ef527,50919403,BUY,2481.09828652,0.0968471404
0xf2d1aff8a41cdef7e06c8443866124184c3ef527,50919405,BUY,2481.17325766,0.4755040054
0xc79b7dc1fc5af53833db4aaecef9e12bc9809004,50919406,BUY,2481.27613668,0.3089478574
0x98403460c1446f75eb994790bbfbf1a1e03f6872,50919406,BUY,2481.34116927,0.1862104654
0x1ee8149c110f348493d74b645dbe617a05bd55a0,50919406,BUY,2481.44512636,0.6052023009
0xed7403204312156c59d8a423ad15b64507462a58,50919407,BUY,2481.58466038,0.4570167462
0x1609bb0e8b89ec4da11387a58ba99b3da7274a9c,50919407,BUY,2481.68528060,0.3088972296
0xf0523316cf23ef167d874fa030b2214280e38ee6,50919411,SELL,2479.15284495,0.7006552749
0x0eab0500906ba59c3226ed35261dba5dd2b534b2,50919411,SELL,2479.03627332,0.1880482105
0xeaa247816c225fe36a4b89290256270e2e3a720e,50919411,SELL,2479.01144568,0.0012362702
0x2064627ebf507f2bb5efd94010acbc43708d20b1,50919411,SELL,2478.48331242,4.0318940999
0x0000208d547a446ba9059cbb2cfcfbaead7d3fa3,50919411,SELL,2478.44381815,0.0628734446
0x7836026373d5bbec76a768869b026aa95e3c2b2f,50919411,SELL,2478.43084273,0.0363333184
0xf9e83b90701a01786222fc12d75bcdb9f1506b76,50919411,BUY,2480.94006214,0.2571398393
0xaa1b272196abc18860d3bee19b731e43e43802bb,50919412,BUY,2481.07310165,0.3905369593
0xa366c8c033e78a735467f7a03fcfb1ef5d3a279b,50919412,BUY,2481.13748059,0.1008824839
0xf9e83b90701a01786222fc12d75bcdb9f1506b76,50919412,BUY,2481.28605112,1.0319347335
0xc518d65b3c1685d1e3198aff60045835598f719c,50919413,BUY,2481.47408516,0.3998622951
0x048ef1062cbb39b338ac2685da72adf104b4cef5,50919413,SELL,2479.04388520,0.0004033486
0xfbb81bca57f822f2c9c8dd97ba9ee3110d7de629,50919414,BUY,2481.52825344,0.0128737366
0x1278c1e48e3c9548a5d9f2b16dc27ed311b0697c,50919414,SELL,2479.00000000,0.0000100000
0x54e2acab04c89a3fe02852bf8dd69ee8f526bc75,50919417,BUY,2481.74530528,0.0021867498
0x5ab7645710c78079ed9be4ec752ee2fe7676acaa,50919421,SELL,2479.01990909,0.0990000000
0x006e820070586a040beace8caca68840e1b5630f,50919423,SELL,2479.00171717,0.0396000000
0xfbb81bca57f822f2c9c8dd97ba9ee3110d7de629,50919426,SELL,2478.99393939,0.0198000000
0x88776fbd991c76aae24e12da906e47fc8be7aab2,50919427,BUY,2481.47311112,0.0010454979
0x0dfa768499c331acbd6df31887eca6f5860fbd6f,50919427,BUY,2481.47304676,0.0004688820
0xbb0e31d765ee8bd8982d3750e36aaf84d5ff0e9c,50919428,SELL,2478.98967175,0.0155679846
0xdc32c5eb9e183f11d4d5e331eeb7389c142f6eb9,50919430,SELL,2478.98705955,0.0028597140
0x501ef174b66883ba40f92e6fb24bfb49331d4d4c,50919430,BUY,2481.46840273,0.0002827580
0xf5f3ef3787a1c068c8cafef35f07fa784977bea1,50919431,BUY,2481.48371036,0.1208954138
0xfdb50d7fabea0050251d9b174866b0fc452795dc,50919433,SELL,2479.01851852,0.0005940000
0xd2c059ea7eba944f7c9c6c95b709cb3d11210739,50919440,SELL,2479.01746765,0.0001276292
0x26b5b4d2f369af9c47961dc8067917e802d3b916,50919443,SELL,2478.99010713,0.2166297342
0xca71a0b558f3ad25cb6276baa41ca9bab85d0810,50919448,SELL,2478.95909091,0.0198000000
0x63774c01b6a7230e3c359e4704061156323724fd,50919454,SELL,2478.94327292,0.1007968330
0xc0ffeeb180b16d93f8e9713ac7a5d29f43338643,50919476,SELL,2478.92800000,0.0001250000
0x2d8cb848937a04a30514ffab492b5b38e5ec70b9,50919489,SELL,2478.91159768,0.1270718973
0x666b07f5fb0ab80393a67341ed894ca48bfd212a,50919498,SELL,2478.87355658,0.1629425841
0x579b27f1aa466a46a802311724d8188940037317,50919498,SELL,2478.68190239,1.3001510887
0xef762b55ad31e4c47b552a5da8e667059e315979,50919500,SELL,2478.50100622,0.0824373000
0xee042ac1d580a775e9ce23db76d87537a108b19e,50919503,SELL,2478.47728283,0.0990000000
0x67cc5cc94c31281390eb818b710be1659b93dc6e,50919503,BUY,2480.94495308,0.0020064476
0xa1e97b7a0d45210618c5615e2d9ef46a554e41f0,50919503,SELL,2478.45190909,0.0990000000
0x76caac8676f0c1a4eef68a55aad2f33a51b9dd48,50919504,SELL,2478.43646465,0.0099000000
0x13c2d2571a5751d92c31c0f91e29a401418b4b25,50919504,BUY,2480.91924825,0.0000474187
0xd9e3deb7577350b401e9b414215ba9eadd91034e,50919504,SELL,2478.42662080,0.0654000000
0x9f0be71beb11892f3b566eab723fb5d7e980026a,50919511,BUY,2480.91527620,0.1291378352
0xfdb50d7fabea0050251d9b174866b0fc452795dc,50919513,SELL,2478.45117845,0.0005940000
0x54e2acab04c89a3fe02852bf8dd69ee8f526bc75,50919514,SELL,2478.30727234,0.0000049836
0x49d15678a1ea50f2c4436dcc30f0cec5d013f601,50919527,BUY,2481.05281141,0.9220445843
0x92c6a79f2130144b56f1e0b9ea86b9fc816a6133,50919527,BUY,2481.25630051,0.6305969692
0xccf764f0904b88f7f30863b37bd3c1560a8ec178,50919528,SELL,2478.85670314,0.0123066900
0xa939e49152d7e2899e9adb1b5f23d74b25ff9eaf,50919529,SELL,2478.85337448,0.0133724162
0x896748ffa218e4b7b38d97eb83f9f3b641bae91b,50919531,SELL,2478.85078951,0.0058924079
0xbb0e31d765ee8bd8982d3750e36aaf84d5ff0e9c,50919533,SELL,2478.84922258,0.0055857532
0x1278c1e48e3c9548a5d9f2b16dc27ed311b0697c,50919539,SELL,2478.83515805,0.0000443394
0x5e250d294bc7dffbaa8213eb5d37b18c6994583f,50919544,SELL,2478.84797980,0.0019800000
0xd515f81b40c0e63d99d50099d9b4610a3606a818,50919547,BUY,2481.36555460,0.0000086118
0x0f014545de76a29892b9319e5a4123b28299f33b,50919552,SELL,2478.84739549,0.0060610875
0xd83e60d273fd0cb3b05c2611db940fecb7b6ca64,50919554,BUY,2481.32796931,0.0002223487
0x4003a42a8d1c0cd24a3e4f742c1fc78105b0139a,50919554,BUY,2481.84397013,0.0000017072
0xc27a2b4bd5b374c3cb3c711e17901628824f8258,50919554,BUY,2481.32801902,0.0007557115
0x9976441ccb30c792c38ed21b80c39ead658c8a7b,50919563,BUY,2481.32700577,0.0152876001
0x9976441ccb30c792c38ed21b80c39ead658c8a7b,50919563,BUY,2481.33023165,0.0093320360
0x54e2acab04c89a3fe02852bf8dd69ee8f526bc75,50919565,BUY,2481.33181314,0.0018625316
0x609f63f0e1995a150e8ed33d4c6b29893a28e52c,50919567,BUY,2481.33198592,0.0003546482
0x49b81d7edf0bc2a3239795144ae8b409b6cd0f06,50919567,BUY,2481.33393815,0.0145083253
0x824abda7e8bfcf47c543761c50bc7bf6756deda9,50919568,BUY,2481.33659475,0.0009191990
0x67cc5cc94c31281390eb818b710be1659b93dc6e,50919568,BUY,2481.33994269,0.0001173152
0xc27a2b4bd5b374c3cb3c711e17901628824f8258,50919569,BUY,2481.33806970,0.0003975915
0x2b5abe232f35350f80f9c3a61761294a467f1ab6,50919581,SELL,2478.83749257,0.1379772688
0x924e6508bb63128085d658e5851cb86e99a80c91,50919582,BUY,2481.62018128,2.4367575178
0xd9dbdd82361b24729498711e732cf74e83923eb5,50919582,BUY,2481.98813585,0.3638616555
0x83f3eb771147b5fe6a789ebd372e07ca3550a121,50919584,SELL,2479.54481145,0.1517928348
0xdabe43dd061114f1593662f8230acf37d3966721,50919584,SELL,2479.31261198,1.6181090406
0xf2d1aff8a41cdef7e06c8443866124184c3ef527,50919585,SELL,2479.05352512,0.3569316536
0x824abda7e8bfcf47c543761c50bc7bf6756deda9,50919586,BUY,2481.48847123,0.0008384818
0xd515f81b40c0e63d99d50099d9b4610a3606a818,50919586,BUY,2481.49542588,0.0000624817
0xa28669d95a6339da0b0216ae1683ef6f9edc2720,50919587,SELL,2478.99563206,0.0862476715
0x945cdee19a1925390727d376732cc2b003b07951,50919602,SELL,2478.93947249,0.0331016400
0x780fd6ae29141d2f96f7343e376dbb4273aa1a19,50919610,SELL,2478.93491664,0.0017401014
0x44b2bf4417213bda59014fad8dbcfb68c25d5d30,50919612,BUY,2481.44186641,0.0000165734
0xc4331ca187521d2ccfc36db4ca6017cc9fab51a3,50919627,SELL,2478.93183292,0.0214521994
0x76caac8676f0c1a4eef68a55aad2f33a51b9dd48,50919628,SELL,2478.92646465,0.0198000000
0x692c7f062068805c05e52db8eac3369193cdae06,50919638,BUY,2481.40520194,0.0040299206
0xa971283289448b30188cec3f0e60ad92322e4970,50919640,SELL,2478.84949525,0.5751562500
0xf2d1aff8a41cdef7e06c8443866124184c3ef527,50919641,SELL,2478.74296757,0.2373606589
0xf04a2505afb967a1b4f43304e17994e94bdc13a1,50919641,SELL,2478.68849145,0.1790625000
0x125b5522842130403926fe4f5fc6efca8511070f,50919641,SELL,2478.65987374,0.0396000000
0xa971283289448b30188cec3f0e60ad92322e4970,50919641,SELL,2478.58554515,0.5287500000
0xf04a2505afb967a1b4f43304e17994e94bdc13a1,50919643,SELL,2478.42599871,0.5793750000
0xc2717dc0bdf61633331f97430caa30519fd0b665,50919643,BUY,2480.83164655,0.0001377244
0x24bc615e30d59506b4b417d0d5bc4de8c6b29d8a,50919643,SELL,2478.34819794,0.0157616065
0x0ebab35c6fbab05f6fdf01740b6cce92ce6f89bc,50919643,SELL,2478.08716142,1.9803719802
0x5e37a8e95cad58446a8ebbf1c71a59bb682db490,50919647,SELL,2477.81526263,0.0990000000
0x2d93c2f74b2c4697f9ea85d0450148aa45d4d5a2,50919648,SELL,2477.80174464,0.0027826270
0xb40bf8b86920698bf0f288199fd75aa3f569aab9,50919650,BUY,2480.39662867,0.8810492873
0x4a991fb2eb27aafb4c7f38b8ccf80ac1d51f57ed,50919650,SELL,2477.78194574,0.2772414777
0x4ce63e379aea0756cb05c31cbc5ef48d1dc88331,50919654,BUY,2480.25597605,0.0000069686
0x2d3f07ab7c7632c50e0ccc8f0b3fe91635c49ceb,50919656,SELL,2477.71699727,0.0610893634
0x8d47ba07ff9ccccf58c7e8810ee42c0dc8b8b123,50919657,SELL,2477.70723520,0.0000842928
0xbdbebd58cc8153ce74530bb342427579315915b2,50919658,SELL,2477.69947615,0.0000474234
0x4b5c33c3c7a31bd108f5a99b64683b0056a62226,50919658,SELL,2477.69270973,0.0000610370
0x223b314573b56e2570f5113b3a85b4df8399142a,50919667,SELL,2477.51300000,0.0010000000
0x59fcb6ee88755a7db59862a796afb561414132b7,50919669,SELL,2477.51329121,0.0023464750
0x1278c1e48e3c9548a5d9f2b16dc27ed311b0697c,50919670,SELL,2477.49182435,0.0000026059
0xbdbebd58cc8153ce74530bb342427579315915b2,50919670,SELL,2477.36694347,0.0000049734
0x4b5c33c3c7a31bd108f5a99b64683b0056a62226,50919670,SELL,2477.36699899,0.0000049734
0xaf2bfb6b69dfe6efd257fe8cd694175156a23812,50919682,SELL,2477.32309912,0.0000049836
0x8d47ba07ff9ccccf58c7e8810ee42c0dc8b8b123,50919682,SELL,2477.32325349,0.0000049836
0x83681c14770b44361e21faf91d8325423365ea5c,50919685,SELL,2477.44754809,0.0000696104
0x83113a0febb6cf0627e2730fd96a5a0ebc361d30,50919687,SELL,2477.44252525,0.0396000000
0xbdbebd58cc8153ce74530bb342427579315915b2,50919690,SELL,2477.30420643,0.0000049836
0xbdbebd58cc8153ce74530bb342427579315915b2,50919690,SELL,2477.30436079,0.0000049836
0xaf2bfb6b69dfe6efd257fe8cd694175156a23812,50919690,SELL,2477.30451516,0.0000049836
0x9689b11b77d799181612227e474af7da3f49a3e3,50919698,SELL,2477.42440404,0.0990000000
0x2d8cb848937a04a30514ffab492b5b38e5ec70b9,50919699,SELL,2477.41037500,0.0080000000
0x824abda7e8bfcf47c543761c50bc7bf6756deda9,50919702,BUY,2479.89091100,0.0001867679
0x886359d9509c17905e06c09106525b48b3418eba,50919703,SELL,2477.40922698,0.0015343456
0xd83e60d273fd0cb3b05c2611db940fecb7b6ca64,50919706,BUY,2479.89237458,0.0001117355
0xb40bf8b86920698bf0f288199fd75aa3f569aab9,50919710,SELL,2477.28863540,0.9213179451
0xd921e639f39da9a7f6e493913a27cfe3e0313729,50919711,BUY,2479.65219702,0.0376449795
0x42d39b3add477fdbe3ba9696b69f2cf52668d46c,50919719,BUY,2479.65738667,0.0019841080
0x88776fbd991c76aae24e12da906e47fc8be7aab2,50919727,BUY,2479.65834788,0.0010448101
0x9972f4c1e53b5eeb9e2630a7dddb5d5bfbcac451,50919727,BUY,2479.65909330,0.0003481120
0xee5c2c81220317aab869265767efb9710d2bc618,50919733,SELL,2477.17780488,0.0082000000
0x580c1728c69e7d58a916c7d5d41e1a688c7b8d19,50919754,BUY,2479.66641791,0.0807930795
0x01e3d211f804a48eb96609a43757a6471ae1963c,50919795,BUY,2479.57941474,0.0338751211
0xdd4f247f4ab6f2218709fd7a257374878be197fb,50919795,BUY,2479.58999479,0.0471333629
0x01e3d211f804a48eb96609a43757a6471ae1963c,50919796,BUY,2479.60058941,0.0337898649
0x783741d93b87676403977bd21d49a4b595d71bbb,50919803,BUY,2479.66089329,0.0725905709
0xf5c299316699131d29adcb7ef87af8e97bbc7ead,50919806,SELL,2477.18800000,0.0255000000
0xa9071aa0965ec14a0d1c42ae0c7871e0ba20ea53,50919810,BUY,2479.66807163,0.0330513918
0x601fda8aa503ceb87b028f26686808fb7b70bcdb,50919816,SELL,2477.15450505,0.2970000000
0x7582802d44aa5885f208d759beb2b80c7c65b0df,50919818,SELL,2477.03690971,0.0087217380
0x5e37a8e95cad58446a8ebbf1c71a59bb682db490,50919819,BUY,2479.52695805,0.0937976807
0x7fbaf865b1c5d2945980c7458aad9278cf2cf38c,50919822,SELL,2477.30033300,0.0059112756
0x9e829cbe8ace28fd4bcf30a2f57cba3246a2380f,50919826,BUY,2479.77924702,0.0040326170
0x9f0be71beb11892f3b566eab723fb5d7e980026a,50919828,BUY,2479.79703856,0.1318432637
0x22f097eb2f76b91f922513737dd6d30411d447b5,50919833,SELL,2477.33451390,0.0036274383
0x9648bd397cc6cb7f74a27c19102df81af346fee8,50919837,BUY,2479.85629053,0.0005487697
0xa28669d95a6339da0b0216ae1683ef6f9edc2720,50919837,BUY,2479.85894759,0.0272447193
0x52f9609e3a6e1897db00fc6e9adccb9ed00d1cb5,50919845,BUY,2479.92823249,0.5023867379
0x123f64cbb7d834c8a853f82e8a0d2ca87f7a169f,50919846,SELL,2477.51380501,0.0054422280
0x5827a1b4d068ba78857670b4856d340fabc1aa15,50919849,BUY,2479.99313571,0.0010794772
0x4e6b3095737fa1f80d4a95b1619d302e5bfef333,50919851,BUY,2479.99510071,0.0316950324
0x12c51473ecec31920552b2cefc96f7c3ccf1dacd,50919853,BUY,2480.03331563,0.2602451648
0x094b9da660674ae8abfed5642ae51f2bc61faacd,50919853,BUY,2480.24647750,1.3678532967
0x01b2b50159423b1f9ecdb215ca4253009cec54ac,50919858,BUY,2480.42566437,0.0275246205
0xb655bb6161c02e227c8d49a872e6b80fa0496956,50919859,BUY,2480.67728977,1.8940011856
0x9605976b400a62fac819b7dd902d3d4b6aea7c1f,50919868,SELL,2478.44446788,0.0037519445
0xfdb50d7fabea0050251d9b174866b0fc452795dc,50919887,SELL,2478.44343434,0.0009900000
0xf2d1aff8a41cdef7e06c8443866124184c3ef527,50919890,BUY,2480.94356322,0.1484545979
0x769299fbbdb471f971968fd2a62585ab6ce928b9,50919890,BUY,2480.99436282,0.2393347119
0x14469d950ac94cb7e6668784cbe925a121fe77d2,50919890,BUY,2481.09221794,0.5076892225
0x7a63c4f7435db0e26ca4bdfc9f5bc456a2407db9,50919894,BUY,2481.31624326,1.2005499577
0x1fd2c33c59aeb4951d434d25e19c2e29aff4a63d,50919894,BUY,2481.57389041,0.7610667574
0x0598bfa2bf48830bf0df51f1cf19fcb34ddb36d0,50919895,BUY,2481.78695306,0.8606959733
0x4b82847c82087ea19418bed079966810f64f39f4,50919896,SELL,2479.41838640,0.0021575467
0x9851f781cfb379610e449533c8b531956f9ff985,50919901,SELL,2479.41123010,0.0529937956
0xc0ffee25a41fce18913fa48e6a2040a922918087,50919903,BUY,2482.65322692,0.0000004979
0xbb0e31d765ee8bd8982d3750e36aaf84d5ff0e9c,50919908,SELL,2479.40651419,0.0057642214
0x83681c14770b44361e21faf91d8325423365ea5c,50919910,SELL,2479.40082928,0.0001335073
0x3cc81fb1e60223d1f58cadd49f2217ca5ccc3dac,50919917,SELL,2479.40560979,0.0013692705
0x3cc81fb1e60223d1f58cadd49f2217ca5ccc3dac,50919917,SELL,2479.40527545,0.0011791457
0xa690a888b4ddb107c90ba1ffce376898b8f9e362,50919924,SELL,2479.26950816,1.0337200101
0xd14602c85a25a4e520441c47a97a2c9da63ae1be,50919924,SELL,2479.10005498,0.2580468750
0x476f05ab3eeb2c3abf2ff1af09afa7b81615cd6f,50919926,SELL,2478.93490029,1.0011029050
0xc5b0b10005e58c70fe46f4c66feecb739f655d24,50919926,SELL,2478.78153650,0.0795985209
0xf226d8c38cf5e9b6f6bdb7fdc0cf8cdf0ce72778,50919940,BUY,2481.25489801,0.0239697260
0x34de61150097162a38ecbd4105a12be52da69fc0,50919941,SELL,2478.77714286,0.0014000000
0xf04a2505afb967a1b4f43304e17994e94bdc13a1,50919943,SELL,2478.71301298,0.4889062500
0x1a41e8ec12ae779474abb8c82ee8c5cc6ef4bb19,50919947,SELL,2478.42787879,0.0049500000
0x32ced4117c48afcd3e2828cc88ce6f9bbfce8730,50919948,SELL,2478.32647958,0.7706019605
0x32ced4117c48afcd3e2828cc88ce6f9bbfce8730,50919950,SELL,2478.18890102,0.2813728775
0x13e8eeb11d2edd9236a1a4e04da28af09e404946,50919950,SELL,2478.15114886,0.0008803107
0xaa1b272196abc18860d3bee19b731e43e43802bb,50919951,SELL,2478.08402774,0.5188718097
0xcbb45e5c7a8fa81e15c5b5a5af033151967890a1,50919951,SELL,2477.95626105,0.1303516350
0x1d1fa2104d4cb82a7e05ac81e062ea0112b5b3d8,50919951,SELL,2477.84349494,0.7321200458
0xd14602c85a25a4e520441c47a97a2c9da63ae1be,50919952,SELL,2477.54796146,0.4865625000
0xbf2913b6cec8e955c0d42afd35441547b0a9bbb1,50919953,SELL,2477.28208018,0.1862912200
0x06a243a451b4d1b2de517ff52a2a07b94e291563,50919953,SELL,2477.25757576,0.0009900000
0x6d1b9e61c1914a0ea2b36c6904453f8d4e9d19db,50919953,SELL,2477.20623350,0.3920617702
0xa971283289448b30188cec3f0e60ad92322e4970,50919953,SELL,2477.09238774,0.4790625000
0x92985e9b2b49cf23a58b04756eb06fcfdebb0998,50919954,BUY,2479.52600024,0.1323920197
0x459308d471f36f52a69048299581b8b204dc2901,50919954,SELL,2476.96420145,0.7667731487
0xf8e73aa29adbad279bdaafca4b3b9085acddd95a,50919955,SELL,2476.73835986,0.9616166090
0x62253fb4b010925674cfb29da811be2c3ad4af42,50919960,SELL,2476.58679560,0.0004456121
0x0f014545de76a29892b9319e5a4123b28299f33b,50919967,SELL,2476.58603697,0.0047058458
0xb1e2c361cf6aca3d1dd5449ea5a1bfce96d89019,50919967,SELL,2476.57791158,0.0581300000
0xfc441a48620a52901abcc2c607a08986f84a5163,50919969,SELL,2476.38453102,1.4221983767
0xfdb50d7fabea0050251d9b174866b0fc452795dc,50919973,SELL,2476.19797980,0.0009900000
0xe83f75907fb4c575414fa6f5cfe8cef24dc5870c,50919974,SELL,2476.18883142,0.0739213051
0xe2bb4ecf8d287c7717da0510a092d6e7224691ad,50919980,SELL,2476.16995155,0.0706456364
0x83681c14770b44361e21faf91d8325423365ea5c,50920013,SELL,2476.14688137,0.0000337302
0x22f097eb2f76b91f922513737dd6d30411d447b5,50920013,SELL,2476.15917165,0.0116412250
0x88776fbd991c76aae24e12da906e47fc8be7aab2,50920027,BUY,2478.63628532,0.0010437893
0x1f987e13b6d37c0e4044dc3aa453dc769e0069a5,50920030,BUY,2478.64193810,0.0000779056
0xf04a2505afb967a1b4f43304e17994e94bdc13a1,50920035,BUY,2478.82013701,0.1762528860
0xf04a2505afb967a1b4f43304e17994e94bdc13a1,50920035,BUY,2478.88293198,0.3037577714
0x3be22b314654c396a12c5e8d79abdd65aac3caaf,50920037,BUY,2478.92429486,0.0122341179
0xd83e60d273fd0cb3b05c2611db940fecb7b6ca64,50920037,BUY,2478.93742091,0.0000599519
0x8fa3386ec2c1519f7b99dceb75271c2b09601645,50920043,BUY,2479.01674515,0.6383940718
0xf2d1aff8a41cdef7e06c8443866124184c3ef527,50920043,BUY,2479.12654232,0.2007673588
0x2d50c922e0f5872d17041508e12d00ccbce2f893,50920043,BUY,2479.19327318,0.3092073265
0x1278c1e48e3c9548a5d9f2b16dc27ed311b0697c,50920043,BUY,2479.24322731,0.0000952686
0xa971283289448b30188cec3f0e60ad92322e4970,50920043,BUY,2479.25424409,0.1565648057
0x698dd6c03b50c3d4af12932a0388338bcdd3aaed,50920044,BUY,2479.27994247,0.0397807340
0x3b182f97c5f4c78f0f13d54aeb5f86401edaf5b7,50920044,BUY,2479.35289202,0.5177081303
0xb30549b3cf21f944456bf21ba8d08c560f75c73c,50920044,BUY,2479.42163494,0.0070649650
0x70a871911538e5f54acbfcd15858d2d11b3e5351,50920053,BUY,2479.42781951,0.0406639851
0x1278c1e48e3c9548a5d9f2b16dc27ed311b0697c,50920056,BUY,2479.43395258,0.0000943151
0x9729585607568dcbf1f5f3802afbf5b221702932,50920070,BUY,2479.51516564,0.6265968475
0x5487edb07ffd501e6474c3964d3bcc1e07a5533a,50920072,BUY,2479.60029184,0.0237026920
0xb40bf8b86920698bf0f288199fd75aa3f569aab9,50920078,BUY,2479.60432107,0.0005666287
0xb9d99ec2931bc1bbc63bc4e9432ca104d7192d8b,50920082,BUY,2479.90046087,2.2684216475
0x9c4116b9a87b8cc85d3ade79fbcdd475a75101e9,50920082,BUY,2480.25136605,0.4119008678
0xf2d1aff8a41cdef7e06c8443866124184c3ef527,50920082,BUY,2480.30890045,0.0273816866
0xf04a2505afb967a1b4f43304e17994e94bdc13a1,50920083,BUY,2480.33364692,0.1617212602
0x323c0a430ad398258e9260da0cf1ddf28badd87b,50920083,BUY,2480.37921379,0.1862824884
0x54e2acab04c89a3fe02852bf8dd69ee8f526bc75,50920085,SELL,2477.97913940,0.0000807388
0xbc165e0542c078352a3f148de4c313d1c135d018,50920088,BUY,2480.71066502,1.8939899132
0xed7403204312156c59d8a423ad15b64507462a58,50920090,BUY,2481.30066587,1.0961191307
0x54e2acab04c89a3fe02852bf8dd69ee8f526bc75,50920097,SELL,2478.95138358,0.0000806789
0x0f1496e7bd698dcf5104b7c737a3e1e486a9edcb,50920101,BUY,2481.44773265,0.0000642254
0xccf764f0904b88f7f30863b37bd3c1560a8ec178,50920102,SELL,2478.96036951,0.0120354300
0xe8267a1b9e3062cb9d1b1871dde3658d052b25e7,50920110,BUY,2481.57392878,1.0218858917
0x920f44a013176223ced9a556899b7e6b0498a878,50920110,BUY,2481.76821528,0.4569825675
0xb21c1f3429de13abdc5095132ba8e92c94d6614d,50920113,BUY,2481.84668831,0.1402463902
0x38c5b44829beacf7eaa608f7f7bc833603394aae,50920114,BUY,2482.70824304,0.5457283045
0xb21c1f3429de13abdc5095132ba8e92c94d6614d,50920115,BUY,2482.93219967,0.5402838137
0x92c6a79f2130144b56f1e0b9ea86b9fc816a6133,50920115,BUY,2483.02269845,0.1480216231
0xbb0e31d765ee8bd8982d3750e36aaf84d5ff0e9c,50920118,SELL,2480.66386022,0.0057213040
0x133c777cbd5e66d1b74e1219608d16934aa66a26,50920120,SELL,2480.57529016,0.6700203911
0xa80e23adddb68c531caeadae442c41cb80338845,50920121,BUY,2483.07101980,0.5613494749
0x511808449be470efaf4131838b2d4998500a6f72,50920122,BUY,2483.18296536,0.2900014808
0x49d15678a1ea50f2c4436dcc30f0cec5d013f601,50920124,BUY,2483.42057808,1.5168566860
0xd3a322d12b83df724163131fd5c1d35a9a9b029e,50920124,BUY,2483.71437484,0.7168308571
0xdbd5e41207a2e2cd624ca0b58aa4a06fad877d69,50920124,BUY,2483.90010575,0.6944449191
0xedae4d1f735dd363edb29f53cd4301b994793474,50920124,BUY,2484.11486836,0.9371098155
0xf2ba261efaf6265a2578411dd53e27186311ea0f,50920124,BUY,2484.26072786,0.1708616339
0x29e619b6006a97403990cc7da76bf23cf98aa2fb,50920124,BUY,2485.08101808,6.0579562901
0xa971283289448b30188cec3f0e60ad92322e4970,50920131,SELL,2483.20860197,0.1748437500
0x5c0836451b26edf2744061cbf2271257e1bcfdb1,50920131,SELL,2483.09820835,0.6642614555
0xf04a2505afb967a1b4f43304e17994e94bdc13a1,50920131,SELL,2482.98319524,0.2100000000
0x316c391f45d61a0f7b2d741d26a3939932d5ba59,50920131,SELL,2482.95488889,0.0045000000
0xe177cd5eb6aae5ef6f836c7732ef650129da434f,50920133,SELL,2482.94963165,0.0361444158
0xbb0e31d765ee8bd8982d3750e36aaf84d5ff0e9c,50920133,SELL,2482.94298196,0.0141875884
0xbfa2a65a644572dc2eba5a08c9e36a7216fc27ab,50920133,SELL,2482.84923654,0.6987096717
0xe2f7696f0381d227b527f599ddaa7b51c34619bb,50920135,SELL,2482.75185470,0.0416077200
0xbea241485f88935505aea66559f77f7d9d5cee66,50920137,SELL,2482.69468401,0.3930880878
0x459308d471f36f52a69048299581b8b204dc2901,50920138,SELL,2482.57541953,0.5137181586
0xe2f7696f0381d227b527f599ddaa7b51c34619bb,50920138,SELL,2482.50629759,0.0112582800
0x9e6441c6d930f2e98bfb6cae6dc46729c862055f,50920139,SELL,2482.39969056,0.4522011368
0xf04a2505afb967a1b4f43304e17994e94bdc13a1,50920139,SELL,2482.25417994,0.6543750000
0xb6d5229392534c5a38c3277cb7a77361df6e2802,50920139,SELL,2482.12925105,0.2957375986
0x5bf9456a549da0ed8490980dfc9ee41a3c1ce7f2,50920139,SELL,2481.89391649,0.5783111210
0xb40bf8b86920698bf0f288199fd75aa3f569aab9,50920140,SELL,2481.65714616,0.9258808472
0xdc251ec95c99971739eed1f93e4c10f8f0821037,50920145,SELL,2481.37281867,0.7794458835
0x71d1be9180c6ed1dc402aa19f7fced5c6f0176f3,50920147,BUY,2483.75459846,0.0077927006
0x824d3e3855c4d7e09a4a7e5449132d60f7d63f8c,50920147,SELL,2481.27231962,0.0008798583
0x824abda7e8bfcf47c543761c50bc7bf6756deda9,50920147,BUY,2483.75703363,0.0001889754
0xc550e73a39aaba568179579b9a1f8020ca376fcd,50920147,BUY,2483.75962422,0.0320129763
0x056d75bb16ab9f08501044eee771ac05b58449e3,50920149,BUY,2483.77618448,0.0000247160
0x7a63c4f7435db0e26ca4bdfc9f5bc456a2407db9,50920150,SELL,2481.07199304,1.5887946674
0x8ded677de75ca63d7e9b82da863e1f040777292c,50920150,SELL,2480.79887519,0.4909977847
0x4e39de15ecd85448210ac02ad340268c645bb959,50920154,SELL,2480.45568046,0.7629775923
0x83113a0febb6cf0627e2730fd96a5a0ebc361d30,50920157,SELL,2480.35314254,0.0178200000
0xb8df65dd1ff912bc3159c3d74ea134cc8da56aa5,50920161,SELL,2480.34644413,0.0334065615
0xa5d1d86a84114462ebcf554a080b7fd9e3be4f57,50920164,SELL,2480.18177238,1.2212191432
0x1c66ae54d5e4ee86980c90edbc55ddb29161b4ea,50920170,SELL,2480.00848485,0.0990000000
0xf38805231c974898256b26b69e99ca6b540ccacc,50920173,SELL,2479.94732931,0.3670265784
0xb8df65dd1ff912bc3159c3d74ea134cc8da56aa5,50920173,SELL,2479.75381946,0.0208578568
0xf04a2505afb967a1b4f43304e17994e94bdc13a1,50920173,SELL,2479.66996897,0.6182812500
0x24de11bc09c4b658a0658140684f52b6d6444aa9,50920175,SELL,2479.56933329,0.1484382844
0xdeef60f9c9dc04ccf03ef1b917060d2900bc6a46,50920175,SELL,2479.54943619,0.0032085563
0xc51f7bbb5a6013fb3a10e168f4b096ce4d0179e1,50920184,SELL,2479.45335801,0.7290796333
0xd14602c85a25a4e520441c47a97a2c9da63ae1be,50920184,SELL,2479.18626341,0.3843750000
0x8529e9b7799339ddf2f70e2adf4ad9aec1b0dd54,50920191,SELL,2479.13464332,0.0086670779
0xceac58ee82815b0a5bdfd698d1cc63094f9693bc,50920191,SELL,2479.12928704,0.0325667267
0xa971283289448b30188cec3f0e60ad92322e4970,50920192,SELL,2479.03421097,0.6923437500
0xf2ba261efaf6265a2578411dd53e27186311ea0f,50920193,SELL,2478.88618088,0.4362594258
0xf04a2505afb967a1b4f43304e17994e94bdc13a1,50920193,SELL,2478.78439724,0.3398437500
0x0e8c44f936d0d8a400671a56b1909995addc7059,50920198,SELL,2478.73848485,0.0099000000
0xdabe43dd061114f1593662f8230acf37d3966721,50920199,SELL,2478.71927636,0.1375687236
0xd1d952d6baffee2d189d821f0641a8d8abf50a27,50920202,SELL,2478.69608586,0.0396000000
0x70adab30ece70cda769b20a29e600da26a5c97f4,50920209,SELL,2478.68303030,0.0049500000
0x4822da8e41fdad0b0d7165d2797386119b874e3a,50920213,SELL,2478.65016162,0.2475000000
0x70adab30ece70cda769b20a29e600da26a5c97f4,50920214,SELL,2478.61646465,0.0099000000
0x7906d5e4a10fbb07f5491018ab29df072a76eb3d,50920214,SELL,2478.59575758,0.0495000000
0x3f61e4db63612f728d33bf1d9a91da0303aa710e,50920217,SELL,2478.58666667,0.0198000000
0x0e8c44f936d0d8a400671a56b1909995addc7059,50920218,SELL,2478.58272727,0.0099000000
0x3f61e4db63612f728d33bf1d9a91da0303aa710e,50920220,SELL,2478.58020202,0.0099000000
0x25cd71badd04938111b9f64ba0a5996e34551066,50920220,SELL,2478.57757576,0.0099000000
0xfdb50d7fabea0050251d9b174866b0fc452795dc,50920220,SELL,2478.57575758,0.0005940000
0x98b199b64b46a67e99700729b42cc4c252f7c190,50920221,SELL,2478.57592735,0.0020012621
0x54e2acab04c89a3fe02852bf8dd69ee8f526bc75,50920222,BUY,2481.05742440,0.0004276068
0xb86076c8d8ad9aaf39746f1fd6aa48fd5d9e2370,50920224,BUY,2481.06082762,0.0351370785
0x4ab990595b8d586bf0aaac3fc43978eca4b71ed3,50920226,SELL,2478.58380734,0.0084550847
0xce999534496c46d44d53e8bb993127cf34f987b9,50920230,BUY,2481.07312742,0.0756561521
0x6d494ec741b1b32ff5b91d8f3d1f9cf5244ce36c,50920231,BUY,2481.08783769,0.0365082681
0xce1a1b1881ba114bca2781a18f41e7d715dbb11c,50920233,SELL,2478.55134276,0.4647381344
0x29e619b6006a97403990cc7da76bf23cf98aa2fb,50920233,SELL,2478.32609305,1.2576702532
0xf5b77b30ef47f56e4ab7d6d28fbe3e91f894b9a9,50920239,SELL,2478.15840535,0.0246720286
0x68c082421ac880c3d59594d5a0c47c0e69b80887,50920252,SELL,2478.12535354,0.0099000000
0x811ebabacdaf293e860a66637e5049f8eb36e85e,50920253,SELL,2478.09824242,0.1980000000
0x3688b87e0aefc15f62eae1272edc11f7a761bf73,50920254,SELL,2478.05793367,0.1103044143
0x98c0aa9b906dce9d3747e01c84e8c5559efd7ceb,50920255,SELL,2478.02905620,0.1105195322
0xe75e6a3c6a329107482f820d07d07777040a1b49,50920255,SELL,2477.97277928,0.3199712021
0x9bf846f7145c626e619ddf5ae786b5d7aba15521,50920256,SELL,2477.91928130,0.0892149368
0xf04a2505afb967a1b4f43304e17994e94bdc13a1,50920256,SELL,2477.88326105,0.1863281250
0x4f4ae3f669964a6827f404c567725acae3573fd3,50920257,SELL,2477.85458963,0.0329363633
0x150952108f28dcaf4e4542090e67cd2696563944,50920257,SELL,2477.84596694,0.0329363633
0x497adb804d197ec4f230106d1dfd44c8d633b8e4,50920257,SELL,2477.83734425,0.0329363633
0x73f621bea8e0fbaac0730bc6e946720898fff56e,50920257,BUY,2480.31392030,0.0087649300
0xf04a2505afb967a1b4f43304e17994e94bdc13a1,50920257,SELL,2477.72653213,0.8325000000
0x811ebabacdaf293e860a66637e5049f8eb36e85e,50920259,SELL,2477.59182828,0.1980000000
0x7906d5e4a10fbb07f5491018ab29df072a76eb3d,50920260,SELL,2477.51313131,0.0004950000
0x0c8acf06e7a60c88c9ef680bd9f886ed55acac3f,50920260,SELL,2477.51313131,0.0004950000
0x7906d5e4a10fbb07f5491018ab29df072a76eb3d,50920261,SELL,2477.51313131,0.0004950000
0x5c0836451b26edf2744061cbf2271257e1bcfdb1,50920264,SELL,2477.43089093,0.6305689094
0xf04a2505afb967a1b4f43304e17994e94bdc13a1,50920264,SELL,2477.24090873,0.8231250000
0xd14602c85a25a4e520441c47a97a2c9da63ae1be,50920264,SELL,2477.08287120,0.3862500000
0xb0f45319366572fb8a191b8cd388450c030a35e5,50920267,SELL,2476.92868765,0.7937542933
0xf04a2505afb967a1b4f43304e17994e94bdc13a1,50920270,SELL,2476.74132552,0.6403125000
0x73f621bea8e0fbaac0730bc6e946720898fff56e,50920271,BUY,2479.13749293,0.0091855168
0xf04a2505afb967a1b4f43304e17994e94bdc13a1,50920271,SELL,2476.59798343,0.4753125000
0xf04a2505afb967a1b4f43304e17994e94bdc13a1,50920272,SELL,2476.47301006,0.4814062500
0xa971283289448b30188cec3f0e60ad92322e4970,50920272,SELL,2476.33935133,0.5418750000
0xe44fa25bcce5a2c1d81dc0de8478068a2fd4d3eb,50920272,SELL,2476.26553306,0.0230050454
0xf04a2505afb967a1b4f43304e17994e94bdc13a1,50920273,SELL,2476.23159736,0.2371875000
0x4cf929f654a51659d73adc991d9ac4fb377a6dd0,50920274,SELL,2475.95993876,0.4723972948
0x6ed7cfc5b8329deabcb4f6a489518f63d285055e,50920276,SELL,2475.89527386,0.0228500032
0xb70753e1182b80791b595329d51f54f676152e1c,50920276,SELL,2475.85997980,0.2475000000
0x24685228473d95afb898446886b8d97882ba0368,50920277,SELL,2475.71287035,0.8793260523
0x9f0be71beb11892f3b566eab723fb5d7e980026a,50920278,BUY,2478.09284297,0.1323669821
0x048ef1062cbb39b338ac2685da72adf104b4cef5,50920283,BUY,2478.10434186,0.0013437691
0x55a050fd06bb193839db4f613dc1bb6669e28ff6,50920289,BUY,2478.05413327,0.0100315206
0x2d211f5e249729aa5c9f838a9e7b363f19ef1c43,50920294,BUY,2478.07297037,0.0000374020
0xa2b6ee9969d044dd3e829fa40fc998f44902f13d,50920295,SELL,2475.56502020,0.0990000000
0x1278c1e48e3c9548a5d9f2b16dc27ed311b0697c,50920298,SELL,2475.55065749,0.0004039461
0xf1e7bf1fe8e1a1c0a636544aecf12af5314ab91d,50920314,SELL,2475.51840169,0.0003849436
0x68634e035322376a824b69af143fb087ea214d55,50920315,SELL,2475.50475960,0.1237500000
0x73976a95bc1746cd5b3c1fadd0ea35860693bedd,50920315,SELL,2475.44014545,0.1237500000
0x36f987da605928f41b799231b22e53a0eda30f79,50920315,SELL,2475.40784646,0.1237500000
0x88776fbd991c76aae24e12da906e47fc8be7aab2,50920327,BUY,2477.90903916,0.0010426456
0x9972f4c1e53b5eeb9e2630a7dddb5d5bfbcac451,50920327,BUY,2477.91074498,0.0003473902
0x501ef174b66883ba40f92e6fb24bfb49331d4d4c,50920328,SELL,2475.42506928,0.0004039811
0x03d9964f4d93a24b58c0fc3a8df3474b59ba8557,50920342,BUY,2477.88265662,0.0015930290
0x03d9964f4d93a24b58c0fc3a8df3474b59ba8557,50920342,BUY,2477.88342582,0.0018951767
0xd83e60d273fd0cb3b05c2611db940fecb7b6ca64,50920343,BUY,2477.83345334,0.0006296335
0xa0ff7bbbf7905f2e8606d1b06da68fe7d7348bf2,50920343,SELL,2475.35159596,0.0247500000
0xe756fc75048de1553453afa4c30cfee0da23940d,50920343,BUY,2477.83015556,0.0000418180
0x24f5553e41b7a65644c977aa5d06df2028434e6d,50920346,BUY,2477.82754543,0.1033860785
0x9689b11b77d799181612227e474af7da3f49a3e3,50920346,SELL,2475.35090909,0.0990000000
0x38adcfa589a565d104c907f394aaa7cb974f58b6,50920346,BUY,2477.81578074,0.0009843678
0xd83e60d273fd0cb3b05c2611db940fecb7b6ca64,50920346,BUY,2477.81578424,0.0007472856
0x44b2bf4417213bda59014fad8dbcfb68c25d5d30,50920347,BUY,2477.81645379,0.0006856864
0x5c55ef74f6cfca0a8c70389c53c3c63a5188e78a,50920347,BUY,2477.79338949,0.0260765705
0x8295935703d543a6db78b9eede2f67f7d43b8622,50920349,SELL,2475.30645455,0.0990000000
0x67cc5cc94c31281390eb818b710be1659b93dc6e,50920349,BUY,2477.77625713,0.0000578571
0xee690b66ae7b57e2be694de1db3a37a5c211d69e,50920349,BUY,2477.77166006,0.0007800033
0xd83e60d273fd0cb3b05c2611db940fecb7b6ca64,50920349,BUY,2477.77163687,0.0033320476
0x2afaa84bef9000bd5d3b5aa809ba49909ca97d2e,50920350,BUY,2477.79075637,0.1451252561
0xd515f81b40c0e63d99d50099d9b4610a3606a818,50920350,BUY,2477.81539692,0.0001189168
0x845b247ead57cf07f823c94fd3ac3a5361d81755,50920351,BUY,2477.81106416,0.0002411576
0x4003a42a8d1c0cd24a3e4f742c1fc78105b0139a,50920352,BUY,2477.81071817,0.0011651520
0x9f0be71beb11892f3b566eab723fb5d7e980026a,50920354,BUY,2477.80253404,0.1325754855
0x6ef7d57c3db76999bd8674c9d7e69181fa87816b,50920354,BUY,2477.82097921,0.0083749545
0x2afaa84bef9000bd5d3b5aa809ba49909ca97d2e,50920356,SELL,2475.32029630,0.1485000000
0xfbb81bca57f822f2c9c8dd97ba9ee3110d7de629,50920356,SELL,2475.29765657,0.0247500000
0xad128b4fd496ca73eb54b93529a0519c875125ce,50920357,SELL,2475.28932165,0.0391649078
0xb0d95c09558a18c4e66e56acb57a6b868d9caa6c,50920357,BUY,2477.76143965,0.0000403590
0x219a449b639882d1c6477d35776297343e827b21,50920359,SELL,2475.31954545,0.0198000000
0x0d90934796058214969880d861e0973eebcb62f8,50920361,SELL,2475.31565657,0.0099000000
0x5ab7645710c78079ed9be4ec752ee2fe7676acaa,50920363,SELL,2475.34989899,0.0099000000
0xc27a2b4bd5b374c3cb3c711e17901628824f8258,50920364,BUY,2477.84477220,0.0000857221
0x824abda7e8bfcf47c543761c50bc7bf6756deda9,50920364,BUY,2477.83740625,0.0003658945
0xd83e60d273fd0cb3b05c2611db940fecb7b6ca64,50920365,BUY,2477.83614857,0.0036730952
0x52e868e60b37a637359a010977e4a86b63ab266c,50920376,SELL,2475.64107830,0.0541696178
0x56c262027e0de4aea31d2489529cb25d23e58a8b,50920381,SELL,2475.28380325,2.9190074570
0x348d5bdb99f5dfeb41d76864b28b053c9f38ac9d,50920385,BUY,2477.45388816,0.0265540886
0xfc907b9af1c07e0f0cbd408ce9551e3600878672,50920386,BUY,2477.47083396,0.0006578665
0x501ef174b66883ba40f92e6fb24bfb49331d4d4c,50920388,SELL,2474.98257715,0.0004040562
0x9f0be71beb11892f3b566eab723fb5d7e980026a,50920389,BUY,2477.49512364,0.2679658925
0x2ce0b0e9efb1db34e476bb01d9436a7d75d3dc87,50920389,BUY,2477.57841582,0.3693649461
0x26fac3cae870e4dad2196804b02d3b05f72e9681,50920396,BUY,2477.64474050,0.0403609115
0xf3f5870c497c53dfab4cca55263d4c446e1d611f,50920402,BUY,2477.58010273,0.0330267207
0xc2717dc0bdf61633331f97430caa30519fd0b665,50920403,BUY,2477.58491862,0.0007723142
0x91e0f9c2eef12d8c6648645082e09c58c6f299a3,50920416,SELL,2475.22550505,0.0198000000
0x2c21a908ac7183ac6fa3e24006e3a44253ab1149,50920416,BUY,2477.70671011,0.0512567579
0xf1db03f87728aaa367418ea015b7fc71de1a68c3,50920419,SELL,2475.23436642,0.0147177158
0xd83e60d273fd0cb3b05c2611db940fecb7b6ca64,50920424,BUY,2477.73660401,0.0004642572
0xc27a2b4bd5b374c3cb3c711e17901628824f8258,50920424,BUY,2477.73656405,0.0004844712
0xf2d1aff8a41cdef7e06c8443866124184c3ef527,50920455,BUY,2477.94289091,0.1813621773
0xce6925dcbe054faee616682112d48b9392d26ba2,50920455,SELL,2475.67741710,0.0031199469
0xf2d1aff8a41cdef7e06c8443866124184c3ef527,50920455,BUY,2478.18051484,0.1987485714
0x1b816e90eb025d3f35935990c9b49c80aff7d566,50920455,BUY,2478.33297149,0.0528492150
0x21cca169b32063ae2b6f28998e44740ce6127a09,50920524,SELL,2477.18209497,0.0014979581
0x2f665ec452584c730c97e6e00f52920eaeeb985c,50920527,SELL,2477.16571313,0.1237500000
0xad25028f1af6dfb7f27369507d282d792d172f90,50920527,SELL,2477.13334949,0.1237500000
0xee6f13967ba032e0a1fdc29559d0502c56d67924,50920527,SELL,2477.10098586,0.1237500000
0xa61c3eeb92452964d5f690fe1ded2da252c358e4,50920527,SELL,2477.06862222,0.1237500000
0x4003a42a8d1c0cd24a3e4f742c1fc78105b0139a,50920529,BUY,2479.53382109,0.0000555455
0xa61c3eeb92452964d5f690fe1ded2da252c358e4,50920529,SELL,2477.04274747,0.0247500000
0xad25028f1af6dfb7f27369507d282d792d172f90,50920529,SELL,2477.03624242,0.0247500000
0xee6f13967ba032e0a1fdc29559d0502c56d67924,50920529,SELL,2477.02977778,0.0247500000
0xc27a2b4bd5b374c3cb3c711e17901628824f8258,50920533,BUY,2479.50600914,0.0015476458
0x9f0be71beb11892f3b566eab723fb5d7e980026a,50920561,BUY,2479.66473582,0.5466087626
0x9f0be71beb11892f3b566eab723fb5d7e980026a,50920566,BUY,2479.80474777,0.5444602960
0x9f0be71beb11892f3b566eab723fb5d7e980026a,50920573,BUY,2479.88498715,0.0681141109
0x83681c14770b44361e21faf91d8325423365ea5c,50920574,SELL,2477.40294898,0.0000770553
0xcea68f2bff7ea4092232a2ffde464c93da91a996,50920595,BUY,2479.34477836,0.0038158440
0x907e78aaa743a15092a653de63604ebf6d88a589,50920605,SELL,2476.87598128,0.0018891180
0x33fe60377ed1b4e811c3185e5eacbf1df2c30b81,50920616,BUY,2479.92634484,0.9372229707
0x0dfa768499c331acbd6df31887eca6f5860fbd6f,50920627,BUY,2480.04986766,0.0004691511
0xe226c3d455be157c544ad62fda8d0728f12c3a5d,50920634,BUY,2480.04888714,0.0053934481
0xf9d9a2e9162ba232e1cf6c861d0e980805396eda,50920643,BUY,2480.07808567,0.2190638686
0xcf408b93c539ac6a26600d21055b5b468a6b9561,50920652,BUY,2480.27735924,0.6047710730
0xca00beb3b637d24122c894c5f9d596f93ab37566,50920655,SELL,2477.85313131,0.0049500000
0x978db60a9c968dda80ee2d23912216298e93f0f1,50920657,SELL,2477.74698216,0.8077990200
0xc2717dc0bdf61633331f97430caa30519fd0b665,50920663,BUY,2480.12198321,0.0001667837
0xcf408b93c539ac6a26600d21055b5b468a6b9561,50920678,BUY,2480.22927244,0.5745436585
0xcf408b93c539ac6a26600d21055b5b468a6b9561,50920697,BUY,2480.39192354,0.6047431399
0x22f097eb2f76b91f922513737dd6d30411d447b5,50920704,SELL,2477.99043761,0.0054547499
0xf951c66ba1ece55cc485ab62528b9523cb112259,50920705,SELL,2477.98964181,0.0013938767
0x824abda7e8bfcf47c543761c50bc7bf6756deda9,50920736,BUY,2480.57743793,0.0031257629
0xd83e60d273fd0cb3b05c2611db940fecb7b6ca64,50920737,BUY,2480.58263010,0.0000505978
0xf82261131f0e9e9622c56580bae7651ff9c28d05,50920743,BUY,2480.57657502,0.0102378283
0xb71bc627b871e990c58205edb5c8011193d8136a,50920744,BUY,2480.57858022,0.0021004398
0x924e6508bb63128085d658e5851cb86e99a80c91,50920745,BUY,2480.61403812,0.2717448812
0xd83e60d273fd0cb3b05c2611db940fecb7b6ca64,50920748,BUY,2480.66328850,0.0000614041
0x366fec5ae6343fb18707f4fe01ba496d889cf4f5,50920748,BUY,2480.65165716,0.0002374876
0xaa936257cd7689d3f04336389dc951c0b439a64f,50920764,BUY,2480.71980902,0.4559632821
0x7a236324529091958a323af124b1af694319f385,50920765,BUY,2480.78120910,0.0242170123
0x54e2acab04c89a3fe02852bf8dd69ee8f526bc75,50920798,SELL,2478.73972210,0.0000691464
0xe6de6fb0b6fb38216638308052a177e9307f4c20,50920799,BUY,2481.22211134,0.0003546639
0x8cc1665ee965345e79b132adb124782bad8c78e0,50920802,BUY,2481.24860893,0.2015759921
0x3482d9a357ba687c57237ec1587e9f7484856f0e,50920808,BUY,2481.27825762,0.0240256178
0x3482d9a357ba687c57237ec1587e9f7484856f0e,50920808,BUY,2481.28673715,0.0000040128
0x212ac7be36849011a69ac882a449863091b091a7,50920814,SELL,2478.79981511,0.0008117791
0x13701f58031e900030fc78ffec9395c147df8275,50920826,BUY,2481.33899165,0.0274666050
0x9cbcda12971d2cc0df997c437cf4aa08a3f8a8c0,50920831,BUY,2481.51731540,0.0013009367
0xfa8def038c13f2a1e263f7a6d0596c8736390f04,50920835,BUY,2481.70639628,0.1506762265
0xf0523316cf23ef167d874fa030b2214280e38ee6,50920835,BUY,2481.73196965,0.0439721240
0x845b247ead57cf07f823c94fd3ac3a5361d81755,50920836,BUY,2481.73830015,0.0022293990
0xd83e60d273fd0cb3b05c2611db940fecb7b6ca64,50920837,BUY,2481.73870777,0.0007629981
0x63494e890fa6e48602dd68d48bc9a7ecd0cd2487,50920837,BUY,2481.75695199,0.1403012699
0x8684aa8e62375a21804d2a8d1f5b92ee6f358076,50920839,BUY,2481.79433659,0.0105632065
0x64efe260914445fea48d6bd943073b2a44a02117,50920839,SELL,2479.31199486,0.0193660117
0xbffa8d1f6429b9ca260ac20b4543082cbceb2e67,50920840,SELL,2479.30929543,0.0012141974
0x44b9f45da296ecb202bf2c81ef947eff135e2f3d,50920842,BUY,2481.79677789,0.0491152398
0x460bf6bd0165a100ad67f9f4153dbb094c14a184,50920856,SELL,2479.49107447,0.0044758149
0xb9f554fb5c5c9de3269c98efb9463f7b4220db0d,50920857,BUY,2481.97862191,0.0000288516
0x519ef52b7bea05a47a62002050b4bb5bcf684fe4,50920862,BUY,2482.00646691,0.0045823176
0x78dedc0b53748fbcbf59bb833073d2c48ac67087,50920863,SELL,2479.51871338,0.0525772826
0xd71079f9e320b184f53818b844bf4fe5d174a42f,50920863,BUY,2481.99399607,0.0057451380
0xfbd45e17dd91e8ada28bed59ffbae25f9cde80b1,50920878,BUY,2482.09014231,0.4200932106
0x8cc1665ee965345e79b132adb124782bad8c78e0,50920878,BUY,2482.22445071,0.6043414872
0xcfa0977b99cc9fb2f0b89d908c8f274da9854e38,50920878,BUY,2482.56122475,0.1861189933
0x6521c3e28260d14e81ec2e2a380faf35beffe0f6,50920880,BUY,2482.59731740,0.0873961538
0x2174a783769dd9c53db8ebd5ab06c3beb5af2722,50920882,SELL,2480.11954699,0.0553635506
0xe33181f8b2f6e99bd5244ef19f6ea757a2d9a177,50920884,BUY,2482.60937117,0.0015869053
0x89bba010a825d692bb22e952a8bd41aab7248b79,50920885,SELL,2480.12460487,0.0219518297
0xcc644d2ea4cdefdfde73b659c0f74f742342b677,50920897,SELL,2480.13224403,0.0000039949
0x319f6fb1133e258dd9ffc8bb8fc153e41f541ec8,50920900,BUY,2482.79151203,0.0027944429
0x6e1f672448465ad3fcebef9282190b370a18e93c,50920900,BUY,2482.79523082,0.0280162770
0xa9451ba0003d540cb6ea2f497d0e82de358daacd,50920902,BUY,2482.79973756,0.0056753852
0x319f6fb1133e258dd9ffc8bb8fc153e41f541ec8,50920903,BUY,2482.80617361,0.0153447214
0xe6de834ccb3f9480f11c11ee5f7054f54854bd9a,50920906,BUY,2482.80940023,0.0008539218
0x4df189617c1d903069bcf0f6812b273132b12ac6,50920907,SELL,2480.31971717,0.0495000000
0x9fbcf5a5d406fb262a5aa2956d978d6071e5104b,50920907,SELL,2480.30672727,0.0495000000
0xc9a9d51ddf1739b2c825e9f24ddaf70b43d1bfcf,50920907,SELL,2480.29373737,0.0495000000
0xbee61b267cafad96dc25aea01e37bbcddd7fbb2c,50920907,BUY,2482.77809948,0.0661106508
0xcf8c322ba74284c9de449e641792236b04cfd077,50920909,SELL,2480.30289045,0.0043456846
0xc27a2b4bd5b374c3cb3c711e17901628824f8258,50920915,BUY,2482.78702803,0.0001103079
0x88776fbd991c76aae24e12da906e47fc8be7aab2,50920927,BUY,2482.80835395,0.0010376995
0x9972f4c1e53b5eeb9e2630a7dddb5d5bfbcac451,50920927,BUY,2482.81006923,0.0003457413
0xfb633bfd327d9c6943965fafa2184b7ed4bc5589,50920927,BUY,2482.80846880,0.0020832912
0xe9a0da4806312550fa8d519b362420618d5f0c64,50920927,BUY,2482.81021797,0.0000933039
0x92d34b6e1134e1dcacbfe236ba5436609201f241,50920929,SELL,2480.32358586,0.0198000000
0xf04a2505afb967a1b4f43304e17994e94bdc13a1,50920932,SELL,2480.16771413,0.2343750000
0xf329e0eacc29b2f2b3fe902050331d875dc1a6e5,50920933,SELL,2480.06064519,0.5821063117
0x7d97fc3830b1270fb230ce05af843cb7e195ec9f,50920933,BUY,2482.46690402,0.0010718016
0x04247605e28b48251ddafa69a4376a55e4bcbefb,50920933,BUY,2482.46732939,0.0000974152
0xe75e6a3c6a329107482f820d07d07777040a1b49,50920933,SELL,2479.91544518,0.5275932865
0xa971283289448b30188cec3f0e60ad92322e4970,50920934,SELL,2479.38074368,3.5512499996
0xc933333c5efb91aa4453e2dcf9e6f55307656dfd,50920934,SELL,2478.80771588,0.8211273129
0x3ac40876772cb2d842690b33f8a42a71e4fad2ca,50920934,BUY,2481.17664908,0.0083209859
0x49e1bf431e9bbbd8e57afcd21ccac3f30e7d98d3,50920934,SELL,2478.68912850,0.0613426203
0x9f0be71beb11892f3b566eab723fb5d7e980026a,50920937,BUY,2481.17922464,0.1340110681
0x9ddae63dd8af3a076232f1a61a16b4b074ee270b,50920942,BUY,2481.19889735,0.0021236113
0x1767d1d7f03baf7129fdb95c13dc83ed1f34cbb7,50920942,BUY,2481.19932977,0.0021214051
0xdf5ad545bd5a439d601d4780de969a929de7377b,50920942,SELL,2478.71431048,0.0356742581
0x7d97fc3830b1270fb230ce05af843cb7e195ec9f,50920943,BUY,2481.19750077,0.0001242118
0x4a412c5cb3616e3c1ad676fa3be473083b3693a2,50920944,SELL,2478.70112821,0.0975000000
0x983aee13e3bce73eb4856efe837fc29b8bc2ed63,50920958,SELL,2478.68718419,0.0091479426
0x72d6d3574300b76fffd27b31948bf4afe2c468ba,50920958,BUY,2481.55167180,0.1622996614
0xbee61b267cafad96dc25aea01e37bbcddd7fbb2c,50920962,BUY,2481.57119851,0.0015364737
0x0c29860fa1f1f6f74a97a3e47d1bf347d696a1ec,50920963,BUY,2481.58471783,0.1042044264
0x05854d0c70d2f696fb3d9c0863100956b795e2ff,50920963,BUY,2481.60952000,0.0330955291
0x05854d0c70d2f696fb3d9c0863100956b795e2ff,50920963,BUY,2481.62007491,0.0474848790
0x63494e890fa6e48602dd68d48bc9a7ecd0cd2487,50920964,SELL,2479.13364665,0.0888847095
0x0000208d547a446ba9059cbb2cfcfbaead7d3fa3,50920964,BUY,2481.61063356,0.0582327759
0xd83e60d273fd0cb3b05c2611db940fecb7b6ca64,50920965,BUY,2481.62158837,0.0000964539
0x0bfaf18958c47a28feb1d0e4fbbd6a94a706c0b9,50920965,BUY,2481.61884935,0.0025696412
0xd83e60d273fd0cb3b05c2611db940fecb7b6ca64,50920970,BUY,2481.62117075,0.0002115081
0x34a0f0a0f9c187d26da14124592a3d9643d1c33b,50920976,SELL,2479.13131182,0.0019120238
0x9c866b96fc9d402f1a2bf991e596cd7463142a29,50920976,SELL,2479.13037289,0.0052523192
0x89b97f7c0841144a027700e8744146c997e1e652,50920979,BUY,2481.62698055,0.1241848583
0x9dc6cfa4f7a4202c5d04c6dfad67def3cc5cf18e,50920982,SELL,2479.16084898,0.0107007317
0x5d8971eb55aa43b4c9402ae6125325caa56e12be,50920982,SELL,2479.15915978,0.0021882282
0x056d75bb16ab9f08501044eee771ac05b58449e3,50920985,BUY,2481.71617761,0.0002709440
0x2d93c2f74b2c4697f9ea85d0450148aa45d4d5a2,50921012,SELL,2479.26317393,0.0154752696
0x5e730ff2f09eefec4bfc9f8a4427281178d3fa30,50921015,SELL,2479.26012960,0.0007414704
0xaa936257cd7689d3f04336389dc951c0b439a64f,50921026,SELL,2479.27272727,0.0002475000
0x1278c1e48e3c9548a5d9f2b16dc27ed311b0697c,50921032,SELL,2479.27501613,0.0001210031
0x7f77bad9eb06373fe3aee84f85a9d701ff820eeb,50921036,SELL,2479.14395000,1.0000000000
0x048ef1062cbb39b338ac2685da72adf104b4cef5,50921037,SELL,2479.01052842,0.0001210031
0x29b475f5d017930445307e8fcbbc3edc66231bd4,50921038,BUY,2481.52388554,0.2296975674
0xaa936257cd7689d3f04336389dc951c0b439a64f,50921052,BUY,2481.60902946,0.4214377251
0x824abda7e8bfcf47c543761c50bc7bf6756deda9,50921057,BUY,2481.66716342,0.0001509276
0xcf408b93c539ac6a26600d21055b5b468a6b9561,50921060,BUY,2481.74274917,0.6044139750
0x22f097eb2f76b91f922513737dd6d30411d447b5,50921064,SELL,2479.33937964,0.0112883179
0x472b183c7ff518c6cc46da5c31be9ff411188de9,50921065,SELL,2479.33717172,0.0049500000
0x9cbcda12971d2cc0df997c437cf4aa08a3f8a8c0,50921075,BUY,2481.81945146,0.0001231371
0x9b7fa1a512be69010d0789a2e0dba6f1fc863628,50921077,SELL,2479.33535354,0.0099000000
0x996f4597b6fb05b6aa227de7b4f56fea51df1d4c,50921078,BUY,2481.81691190,0.0120727701
0xf360c2c99c74b9f8c2a8e717b2739f04cc5023a5,50921079,BUY,2481.81893303,0.0010126653
0xec78a58804bf57e9a6df6146635af9986aeab9b5,50921081,SELL,2479.33636367,0.0090356377
0x501ef174b66883ba40f92e6fb24bfb49331d4d4c,50921082,SELL,2479.33473408,0.0012100024
0xcc644d2ea4cdefdfde73b659c0f74f742342b677,50921085,SELL,2479.19250943,0.0000053376
0xcf408b93c539ac6a26600d21055b5b468a6b9561,50921089,BUY,2481.82002328,0.0302197578
0xa6b70dc9d6ed912f5a1d0359480d393badf2ec15,50921089,BUY,2481.82636142,0.0002026935
0xfdb50d7fabea0050251d9b174866b0fc452795dc,50921093,SELL,2479.34175084,0.0005940000
0x0f26b8f936ddb85ba2ebac1ec4b6fb55c4efef79,50921094,BUY,2481.83325503,0.0000839827
0x1278c1e48e3c9548a5d9f2b16dc27ed311b0697c,50921118,BUY,2481.77901943,0.0402936761
0x55555cfddd37d8d82e06e0de90da9366ca3e31e8,50921119,SELL,2479.30302693,0.0004212317
0x55555cfddd37d8d82e06e0de90da9366ca3e31e8,50921119,SELL,2479.30265394,0.0003472827
0x242bb3747a903934e8ef52a86cec23183e7c006c,50921120,BUY,2481.79475173,0.0189188377
0x55555cfddd37d8d82e06e0de90da9366ca3e31e8,50921120,SELL,2479.31505713,0.0010688141
0xc27a2b4bd5b374c3cb3c711e17901628824f8258,50921126,BUY,2481.79779367,0.0005726800
0x824abda7e8bfcf47c543761c50bc7bf6756deda9,50921126,BUY,2481.79995860,0.0001301386
0x55555cfddd37d8d82e06e0de90da9366ca3e31e8,50921127,SELL,2479.31412942,0.0053589599
0x55555cfddd37d8d82e06e0de90da9366ca3e31e8,50921128,SELL,2479.31240035,0.0009526645
0x55555cfddd37d8d82e06e0de90da9366ca3e31e8,50921128,SELL,2479.31257744,0.0022603515
0x55555cfddd37d8d82e06e0de90da9366ca3e31e8,50921128,SELL,2479.30054535,0.0000593345
0x55555cfddd37d8d82e06e0de90da9366ca3e31e8,50921128,SELL,2479.31240356,0.0005080723
0x55555cfddd37d8d82e06e0de90da9366ca3e31e8,50921128,BUY,2485.52379975,0.0000002012
0x55555cfddd37d8d82e06e0de90da9366ca3e31e8,50921128,BUY,2481.80432817,0.0000319598
0x55555cfddd37d8d82e06e0de90da9366ca3e31e8,50921128,SELL,2479.29463777,0.0000368226
0x675aaa99d5d093e1d837b28f1cd4908a1b25971d,50921131,BUY,2481.79405551,0.0000596097
0x37eca66c26c4fda9bff1cffba9fe908332e47389,50921132,SELL,2479.31203438,0.0011833170
0x55555cfddd37d8d82e06e0de90da9366ca3e31e8,50921133,BUY,2481.79594283,0.0002822110
0x55555cfddd37d8d82e06e0de90da9366ca3e31e8,50921133,SELL,2479.30857129,0.0001247243
0x55555cfddd37d8d82e06e0de90da9366ca3e31e8,50921133,SELL,2479.31007084,0.0003416192
0x55555cfddd37d8d82e06e0de90da9366ca3e31e8,50921133,SELL,2479.30304893,0.0000510765
0x00ff1a2474f953fe17a2bb39b2406e96e7d771e3,50921133,BUY,2481.79360903,0.0029618249
0x55555cfddd37d8d82e06e0de90da9366ca3e31e8,50921148,SELL,2479.25641870,0.0000154159
0x55555cfddd37d8d82e06e0de90da9366ca3e31e8,50921148,BUY,2481.86444714,0.0000106694
0x55555cfddd37d8d82e06e0de90da9366ca3e31e8,50921148,SELL,2479.31029489,0.0002609347
0x55555cfddd37d8d82e06e0de90da9366ca3e31e8,50921148,SELL,2479.30576867,0.0000112588
0x55555cfddd37d8d82e06e0de90da9366ca3e31e8,50921148,SELL,2479.30080759,0.0000157859
0x55555cfddd37d8d82e06e0de90da9366ca3e31e8,50921148,BUY,2499.06379272,0.0000000540
0x55555cfddd37d8d82e06e0de90da9366ca3e31e8,50921148,SELL,2479.27722114,0.0000202732
0x55555cfddd37d8d82e06e0de90da9366ca3e31e8,50921148,SELL,2479.27296107,0.0000140017
0x55555cfddd37d8d82e06e0de90da9366ca3e31e8,50921148,BUY,2481.79517156,0.0004698651
0xe2f7696f0381d227b527f599ddaa7b51c34619bb,50921150,SELL,2479.31150686,0.0023146200
0x55555cfddd37d8d82e06e0de90da9366ca3e31e8,50921150,SELL,2479.31096957,0.0022021675
0x55555cfddd37d8d82e06e0de90da9366ca3e31e8,50921150,SELL,2479.30039414,0.0000868878
0x288cc27db11af18804b9853ba7b568553853a80a,50921153,BUY,2481.79295894,0.0127301848
0xc0ffee48a9e45ad104a5b38c0844aacc5b82e6f8,50921154,BUY,2481.79496734,0.0007194789
0x9648bd397cc6cb7f74a27c19102df81af346fee8,50921155,BUY,2481.79535776,0.0001208258
0x7dc2a4829364adc66fe2339d5e8f1e709dc2d786,50921186,SELL,2479.29608714,0.1334641331
0x069b89c8dba6a724f937c9d423244812f5ec8d58,50921187,SELL,2479.27850415,0.0013875654
0x2680f420fccee8203ab3e37ad25c956e0f367011,50921187,SELL,2479.27342531,0.0373623865
0xd3fb556325c19b32684a0ea5aa344621765bc6e9,50921188,SELL,2479.26827759,0.0019131439
0xc7f84733bdb59bafc68793256f5203a8d37b34be,50921190,SELL,2479.26777673,0.0027724686
0xfcb5150bbf72cf029ab4d8dc62df54f037f66a5a,50921190,BUY,2481.75096771,0.0183545318
0x0c29860fa1f1f6f74a97a3e47d1bf347d696a1ec,50921191,BUY,2481.75796527,0.0348777416
0xf65e1505b2599ae1d79bc2071786fc1b7f34d0e8,50921191,SELL,2479.27964258,0.0128700000
0x9a0eb6d4cd4467e0166ec588944a671858a41cc2,50921191,SELL,2479.27637794,0.0123807343
0x9e0552ff501f02872acd76f3ea42ccd017ee3a50,50921192,BUY,2481.75668676,0.0017407125
0xbef522ef3a5d872a4a5425cb9d8bc51574aada58,50921192,SELL,2479.27336376,0.0140996824
0x411bed72cd8d91b478a21ab2f2e35cbbe62738c9,50921193,SELL,2479.27119181,0.0024715989
0xcda8dffaf89847b78cfa89ab2f61a082acb8cf18,50921194,BUY,2481.75626842,0.0017989442
0x6598f6c0f2032cd217ea4f14231cc6a2645e0aa1,50921194,SELL,2479.27103669,0.0299578686
0x366fec5ae6343fb18707f4fe01ba496d889cf4f5,50921194,BUY,2481.74912561,0.0009439145
0xf3a5b9ab4004e1a59552623c99fde3b963ee6173,50921194,BUY,2481.74858843,0.0004093727
0x0d78f650a0b1fea988eb346a97894770c4799d2e,50921196,SELL,2479.26467777,0.0139283866
0x18cdd8d99ba73a423ea52400647e1cb2da70564b,50921196,BUY,2481.74401670,0.0012391411
0x0b2352da3adf8c6e0207757b48c625f9daa979b3,50921197,BUY,2481.74707223,0.0241226113
0xec78a58804bf57e9a6df6146635af9986aeab9b5,50921199,BUY,2481.74919969,0.0280368987
0x7c4a3c84a71c8b9c0d0bd8e890c959a9ccc334b5,50921200,SELL,2479.27150097,0.0016837123
0xc0ea4929b46ec949ef6b276a139ba86bcd271562,50921201,BUY,2481.75288553,0.0013692705
0x8817c79f588c280ebdcc439ad50b1c7526cfe534,50921201,BUY,2481.75509543,0.0203433276
0x8c52005099971aabb2cfcc230c6f8dba346ebeb4,50921202,SELL,2479.27609109,0.0040451336
0x256e90d2baf74077f6955b146325c2ea1cbb1cd5,50921203,BUY,2481.75120845,0.0040334168
0xa02a151b80ff4a3ae914fe51d316305f7dc49cf2,50921204,BUY,2481.75207400,0.0012747244
0x1f08b3c7de940d026b517aba384ae3ff77291664,50921204,BUY,2481.75273750,0.0046214874
0x556adb90d7cb119ece7605a25fe6050211c2341c,50921205,BUY,2481.75462115,0.0095094800
0x0c29860fa1f1f6f74a97a3e47d1bf347d696a1ec,50921205,BUY,2481.75648661,0.0053574575
0x270234e2a6d4d3cef5ce112dd5e1f2f50209e025,50921205,SELL,2479.27464646,0.0099000000
0xdaf7de4da68208b236673eaf6c6376a2571bd22b,50921236,BUY,2480.84908053,0.0020546538
0x8eced30203d85759429ad84a3ab80748052bb99c,50921236,BUY,2480.85488454,0.0020352920
0xbeddbcfa0c8ba326aebe4a07f471b8aa7cf86691,50921236,BUY,2480.85602556,0.0072234821
0xadba9947af815b4cbfbbd053ed2458c17ddbaf86,50921237,SELL,2478.37572138,0.0069134130
0x17c485b4d433ab5aaa1f1cdde3715c7e8e6ed2c3,50921237,SELL,2478.37222222,0.0198000000
0x17c485b4d433ab5aaa1f1cdde3715c7e8e6ed2c3,50921238,SELL,2478.36702020,0.0198000000
0xf71c7c51688dae2dfcea4253aeb6e4c4b7ce80a0,50921238,SELL,2478.35151515,0.0990000000
0x522e105acb62551c8e5370ce105d2abc1f62ca0b,50921239,SELL,2478.33757576,0.0099000000
0x14adbc7ea094914aa9d9de96b7832915ffefe5f3,50921240,BUY,2480.82291148,0.0043935381
0xccb09e51823ae0c3655fbc4d5afc123980f8d913,50921241,SELL,2478.26658978,0.2268484816
0xe5695a90719bb83a37c91088559fe4cc30aa6853,50921242,BUY,2480.71793261,0.0064502557
0x89cf64eb9fa6cdc03babe9043c14c37ca75769e1,50921243,BUY,2480.71989584,0.0020990814
0x369b54150b321f786017c0819d01a7faf451a92b,50921243,BUY,2480.72063610,0.0025236203
0xae14e068389ea1247f5911a0202e56559d5788cc,50921243,BUY,2480.72115588,0.0016934729
0x030757c6daf728625f55951f5b695c659d786fcc,50921244,BUY,2480.72183507,0.0055418587
0x34524af6279aa392399bd8b599f861a5086f7967,50921244,SELL,2478.24209252,0.0067769202
0xd83e60d273fd0cb3b05c2611db940fecb7b6ca64,50921245,BUY,2480.72455857,0.0002018358
0xd14602c85a25a4e520441c47a97a2c9da63ae1be,50921245,SELL,2477.88149630,0.2025000000
0x92b62b3585107a07b7aab663feeec71475139a3b,50921246,SELL,2477.85268260,0.0179348257
0xfb633bfd327d9c6943965fafa2184b7ed4bc5589,50921246,BUY,2480.33059660,0.0040332672
0x5c62f5b1eb3052d477b04c91c4aae6f2a0677088,50921247,BUY,2480.33260149,0.0043043687
0x0000208d547a446ba9059cbb2cfcfbaead7d3fa3,50921248,SELL,2477.85133771,0.0212961872
0xbeddbcfa0c8ba326aebe4a07f471b8aa7cf86691,50921248,BUY,2480.32894105,0.0049750361
0xfcd82cb0d61f6ac3975122fb4bd00c32f86d6cf3,50921248,BUY,2480.33019883,0.0017121095
0xfcd82cb0d61f6ac3975122fb4bd00c32f86d6cf3,50921248,BUY,2480.33127933,0.0005606763
0xa22e96865c92ccb8753c7dd447dd361769f14a94,50921249,SELL,2477.84736754,0.0235801913
0x385cabd7edc10b230d32699ae9fe2cb0b6d63369,50921250,BUY,2480.31317531,0.0002367810
0x8d29acc0615f096380c4f9a3d578b1fb4c3a0917,50921251,BUY,2480.31426462,0.0002221001
0xafef1ed15362be29485475a5c8fe71cf341dbecb,50921251,SELL,2477.83188905,0.0014214750
0xdc964aed82399f500d3e96ad9767d268cba67afc,50921267,SELL,2477.80156874,0.0477912600
0xd83e60d273fd0cb3b05c2611db940fecb7b6ca64,50921267,BUY,2480.27513339,0.0009692324
0xd83e60d273fd0cb3b05c2611db940fecb7b6ca64,50921269,BUY,2480.30905682,0.0000314787
0x702ba46435d1e55b18440100bc81eb055574875e,50921270,SELL,2477.78996536,0.0688333032
0x7d97fc3830b1270fb230ce05af843cb7e195ec9f,50921272,BUY,2480.24399409,0.0022974236
0xd83e60d273fd0cb3b05c2611db940fecb7b6ca64,50921275,BUY,2480.29802296,0.0008565168
0x149812e21e28f9aa95141598ea9d658be4313e71,50921306,SELL,2477.75501961,0.0085456935
0x47f3d0fbb16aa559c66ce0df61abe8b35bbc7bea,50921312,SELL,2477.74990517,0.0095489064
0x30f5f2c24b4036f09259a56ae487e7973790a7bc,50921313,BUY,2480.24108594,0.0000527610
0xef623e863a0836bbd4e4f0567b7bdd47340227f7,50921315,BUY,2480.21696081,0.0187508015
0xc27a2b4bd5b374c3cb3c711e17901628824f8258,50921318,BUY,2480.22933160,0.0009934521
0x824abda7e8bfcf47c543761c50bc7bf6756deda9,50921319,BUY,2480.15681807,0.0004925991
0x56360a4e7bf90d870e452b8b6f9b235846125b7f,50921319,SELL,2477.67444444,0.0198000000
0xf71422430f3dd48687ad81712ec9478b114bf770,50921322,SELL,2477.63601417,0.2745827975
0x9d21078cd7c9ffa5443ba27d36498f43a67955a5,50921325,BUY,2480.09460041,0.0005043126
0x310ca6975402d2d17fa0802b1f0026458799c03d,50921332,BUY,2480.14623576,0.0114868533
0x05620b617dc6e3041bbaa3e31ab74abaad2b8f56,50921333,BUY,2480.14840432,0.0038080040
0x9d8a4afb22c71bccc103894617c4099d167d8d75,50921334,SELL,2477.66810663,0.0081076719
0x62210ca28b60cd088ad0c18a3e58aa6f6e8e045a,50921334,BUY,2480.14843554,0.0020425661
0xd3585ca4e6f851c5c73a5e64627577213d9f48d9,50921336,SELL,2477.66509015,0.0310200185
0x7fa18098e7056716c573bd76d2b49f279b423a01,50921336,SELL,2477.65720687,0.0243520580
0x49fe8a357a62008a7e65de651a93c28796ec93a5,50921357,SELL,2477.58897642,0.0036274895
0xeb90980c4499f3e2c470d8e48b8bc3de7c942e4e,50921357,BUY,2480.07467632,0.0509890050
0xbc2bd86371506b158f647dfbdce62b7c967016ab,50921358,BUY,2480.08218638,0.0055492371
0xfd11af9219c0a8a161023cc650679b210ff981b6,50921361,SELL,2477.60070707,0.0198000000
0x21ede1922b89ac4a1e9e255b37c90a1fbbf5bfa6,50921361,BUY,2480.07823285,0.0043399780
0x778d5c82dbc3075df15ce7bf766addd0ee81e3d3,50921361,BUY,2480.07943716,0.0050367842
0x1278c1e48e3c9548a5d9f2b16dc27ed311b0697c,50921363,SELL,2477.59688824,0.0002018081
0xb77bba0114ee7f8417a800710bf8a9b798ef7d48,50921365,SELL,2477.56968500,0.0024212994
0xbd07e2b6c7d02bf727d34d6cadd1539a71ffa16f,50921366,SELL,2477.56489899,0.0198000000
0x1a7b26a0dbe1149c2f5066bd7cb4263777a74a7e,50921368,BUY,2480.18352421,1.1313420989
0x54e2acab04c89a3fe02852bf8dd69ee8f526bc75,50921368,SELL,2477.85064914,0.0080723295
0x344f1fee3f20c108fb58bc205cef59484b41a614,50921372,BUY,2480.34418876,0.0596903267
0x54e2acab04c89a3fe02852bf8dd69ee8f526bc75,50921372,SELL,2477.85476881,0.0000403619
0x9d21078cd7c9ffa5443ba27d36498f43a67955a5,50921376,BUY,2480.33388582,0.0000532061
0x53e5334ebd4a4cbfe9c938373b8e6a3cf0e8baee,50921379,BUY,2480.32685961,0.0077180235
0xa480139fc5ca41c94d992d452398c1ba04195fb1,50921379,BUY,2480.32990983,0.0154979488
0xdff19e4dd213df23f73262db4f9fb825b053cb33,50921383,BUY,2480.33288676,0.0074607736
0x13f6a05ea6535accc6170a00547c6bccadfbd6f8,50921383,BUY,2480.34438049,0.0807349236
0x77abd8908dcc815b0a8693ab145806ad9ede79af,50921392,BUY,2480.35376970,0.0027958004
0xfc907b9af1c07e0f0cbd408ce9551e3600878672,50921395,BUY,2480.35660906,0.0007701405
0xbc327ccdfa7e6852032908ac8eeaecfd1ef87508,50921402,SELL,2477.88060606,0.0198000000
0x1767d1d7f03baf7129fdb95c13dc83ed1f34cbb7,50921409,BUY,2480.35714517,0.0025870790
0x4b7fd4021647b4fe61fef5beee073e780e480d6b,50921410,BUY,2480.35571587,0.0071862124
0xaa936257cd7689d3f04336389dc951c0b439a64f,50921411,SELL,2477.87545455,0.0099000000
0x3aab95e75dca8ca89cd9f6680b42993c31d90a63,50921413,SELL,2477.86659447,0.0187734328
0x8684aa8e62375a21804d2a8d1f5b92ee6f358076,50921414,SELL,2477.86297657,0.0021866072
0x6332685fb57d440b9812cc5f625376f8bee6eba1,50921414,BUY,2480.34567119,0.0001085720
0x3dac7773364c2060c44a07bc826254c0b22e3184,50921417,BUY,2480.50872790,0.0000042927
0xc27a2b4bd5b374c3cb3c711e17901628824f8258,50921420,BUY,2480.35297098,0.0004790492
0x56360a4e7bf90d870e452b8b6f9b235846125b7f,50921424,SELL,2477.86892929,0.0495000000
0x048ef1062cbb39b338ac2685da72adf104b4cef5,50921432,BUY,2480.36340238,0.0003565804
0xc035e7096efd87f7417a8679926bd2af4e1c2be7,50921435,SELL,2477.86839939,0.0015393025
0xbdab5335eec973d75aab6d2073309ee3c530f4f4,50921440,BUY,2480.34889084,0.0067292408
0x6f6b9f4565cd24d12f8a8c3db4bdfe2ff2e3f9d8,50921440,SELL,2477.84973548,0.1548136457
0x824abda7e8bfcf47c543761c50bc7bf6756deda9,50921444,BUY,2480.31038122,0.0001196979
0xe1f683fec3aced3e55dbb4d3a6f22c25c9e57bd5,50921450,BUY,2480.32305082,0.0002846101
0xb01caea8c6c47bbf4f4b4c5080ca642043359c2e,50921460,SELL,2477.85679887,0.0059064160
0x9a0eb6d4cd4467e0166ec588944a671858a41cc2,50921461,BUY,2480.33681028,0.0057500356
0x49a5492fdfe5acc966dd5f41310dfdfe8daa349c,50921464,SELL,2477.82135585,0.1447308165
0x4871b1a8bd550fc7cb8d3749d74c2a0127aa71f8,50921466,BUY,2480.28833719,0.1652697688
0x9dc6cfa4f7a4202c5d04c6dfad67def3cc5cf18e,50921470,SELL,2477.81947674,0.1093682492
0x8778904661ef9cd987f9b2321a85d0f49352720d,50921470,BUY,2480.28591704,0.0080813026
0x0841a1262b83cc1db81799bf08f5ab61d636d2c8,50921470,BUY,2480.25507398,0.0007271216
0x4b82847c82087ea19418bed079966810f64f39f4,50921471,BUY,2480.26127842,0.0614732356
0x83ac83ae6a86f97a000c391a30ba13807d0708e6,50921471,BUY,2480.30007045,0.0000322610
0xc9ac853e67081843af3d237f32456cf743aa2ead,50921472,SELL,2477.77971582,0.0125455051
0x824abda7e8bfcf47c543761c50bc7bf6756deda9,50921474,BUY,2480.07295860,0.0001423599
0xc746bd035fce528333ba4409d8dad1dfc953b224,50921475,BUY,2480.06480483,0.0053720806
0x88492ffacdc1e7d2b13e9953877a20f057609edf,50921477,SELL,2477.48291469,0.7937114671
0xa971283289448b30188cec3f0e60ad92322e4970,50921477,SELL,2477.25809778,0.1828125000
0xc27a2b4bd5b374c3cb3c711e17901628824f8258,50921483,BUY,2479.68704256,0.0000321359
0x31c81f7eb87cb98951a3fe6903f5bdbac7639cf6,50921486,SELL,2477.18469681,0.0159586768
0xd83e60d273fd0cb3b05c2611db940fecb7b6ca64,50921490,BUY,2479.66289190,0.0001005165
0xe0d0662973fa47745fa7ba80bd2802448b20dda2,50921491,SELL,2477.17769188,0.0185464435
0x63494e890fa6e48602dd68d48bc9a7ecd0cd2487,50921496,SELL,2477.19597401,0.0046937158
0x271818baeabcb0f69a2fc7191a75264be3234363,50921497,BUY,2479.67746836,0.0232213567
0x44b9f45da296ecb202bf2c81ef947eff135e2f3d,50921504,BUY,2479.66397650,0.0098509117
0xf09aa9b19d5b01ed52287f46ef058ec682d4973a,50921506,BUY,2479.68257743,0.0337847710
0x667d7cfdb9f622bd3c623d4f51b784c67d57f80f,50921507,SELL,2477.19907268,0.0676991122
0xfc1919ea4fed965cae7461335397ea9623f3dd4d,50921507,BUY,2479.69281809,0.0000316660
0x5115114525475047bae8c42aec29bfe2a227db22,50921508,BUY,2479.67002162,0.0035042465
0x204b1aee85be8a87c36807191da3975f7d805367,50921514,BUY,2479.67500917,0.0613242665
0x1cacc6449ab91df758d616a1a919626f8af6de40,50921514,BUY,2479.68419587,0.0083005336
0xc27a2b4bd5b374c3cb3c711e17901628824f8258,50921520,BUY,2479.77294268,0.0003312650
0x834cde5f4949d034bd939e40dd20f612dd924e14,50921520,BUY,2479.77445999,0.0047425144
0xf360c2c99c74b9f8c2a8e717b2739f04cc5023a5,50921522,BUY,2479.77674588,0.0003068413
0x98d94198e24ba41039f9385f618d5d25e103d58b,50921522,BUY,2479.77802159,0.0229047074
0xc27a2b4bd5b374c3cb3c711e17901628824f8258,50921522,BUY,2479.78301808,0.0000644778
0xd83e60d273fd0cb3b05c2611db940fecb7b6ca64,50921523,BUY,2479.78693936,0.0000835584
0xb77bba0114ee7f8417a800710bf8a9b798ef7d48,50921526,BUY,2479.78417954,0.0017138883
0xa6b70dc9d6ed912f5a1d0359480d393badf2ec15,50921538,BUY,2479.78516019,0.0024669770
0x2c159143d31a1d475c96d786e35e1957c776e977,50921539,BUY,2479.78052387,0.0000904278
0x30f5f2c24b4036f09259a56ae487e7973790a7bc,50921539,BUY,2479.77260082,0.0005202909
0xc7c94031f8fca51f1cd30259cd9f7a4df6701a54,50921541,BUY,2479.77630931,0.0367869173
0xc27a2b4bd5b374c3cb3c711e17901628824f8258,50921543,BUY,2479.78222450,0.0004919420
0x8d17cda73ce250333ec51c6f17b355bccbfd86a7,50921546,BUY,2479.78488804,0.0068303695
0x78f0b6b9a8589a6138b5d2df993d6fc11f3bdd11,50921551,BUY,2479.78955750,0.0044179293
0x8449a0ebdc105162cc2dc59002702e100d414195,50921555,SELL,2477.31002942,0.0067579131
0xd83e60d273fd0cb3b05c2611db940fecb7b6ca64,50921557,BUY,2479.80430081,0.0022214495
0xc27a2b4bd5b374c3cb3c711e17901628824f8258,50921560,BUY,2479.80508629,0.0009511901
0x9666f2a2b32faf6be24b3b6b9a4162bdc4890e76,50921564,BUY,2479.79657677,0.0002070230
0x5e7b46d33dae15b8ca77e8d08b14b211e5426f5e,50921575,BUY,2479.79736944,0.0001324995
0xcc644d2ea4cdefdfde73b659c0f74f742342b677,50921578,SELL,2477.30114374,0.0000053340
0x7fa529e4e017f549868e3183904b4088ed432766,50921579,SELL,2477.31251265,0.0042225662
0xd83e60d273fd0cb3b05c2611db940fecb7b6ca64,50921582,BUY,2479.79719736,0.0000796275
0x8095640e015907710e085b68718c59a6202c4335,50921583,BUY,2480.75916444,0.0000009070
0x13c2d2571a5751d92c31c0f91e29a401418b4b25,50921583,BUY,2479.79569563,0.0127559553
0xeb9f320a934e6ba0025a0d9a20caac12b21a7d17,50921584,SELL,2477.31722013,0.0006411141
0xfd150cd1c2305142e371316f8842006e69e05828,50921586,SELL,2477.31697398,0.0074594076
0xc27a2b4bd5b374c3cb3c711e17901628824f8258,50921591,BUY,2479.85712741,0.0000517711
0x9d21078cd7c9ffa5443ba27d36498f43a67955a5,50921592,BUY,2479.84200859,0.0004369758
0xc9a5f0d89c041f4b7c4f8ff0ae0dc56d13b2ea10,50921595,BUY,2479.84187738,0.0020260413
0xf04a2505afb967a1b4f43304e17994e94bdc13a1,50921605,BUY,2479.89894726,0.1725027907
0x9605976b400a62fac819b7dd902d3d4b6aea7c1f,50921611,BUY,2479.90683219,0.0487921556
0x233db771f88a2d87190e060d51f8f5274b740bc0,50921614,BUY,2479.93625198,0.0945559269
0x233db771f88a2d87190e060d51f8f5274b740bc0,50921614,BUY,2479.94995072,0.0005865235
0xc2717dc0bdf61633331f97430caa30519fd0b665,50921614,BUY,2479.95485232,0.0000548405
0xd83e60d273fd0cb3b05c2611db940fecb7b6ca64,50921615,BUY,2479.92330634,0.0011525280
0xd0d0505044b0b64283e08a2e3a8bb32bdd440ab1,50921619,BUY,2479.92320680,0.0027408167
0x48f8a5f755a502e9d268370f7bc81878122456e7,50921619,BUY,2479.92498482,0.0120800525
0x14adbc7ea094914aa9d9de96b7832915ffefe5f3,50921621,BUY,2479.92833821,0.0131254890
0xc27a2b4bd5b374c3cb3c711e17901628824f8258,50921622,BUY,2479.94844767,0.0027163621
0xb9f554fb5c5c9de3269c98efb9463f7b4220db0d,50921622,BUY,2479.98021014,0.0000173001
0x52652cc02ec71e8565a70e82f66b1066cf0152f2,50921634,SELL,2477.48931181,0.0805971098
0x7f4e64d3847d07d42a7ac1e26cf27b8e42718470,50921641,SELL,2477.51126436,0.0161148321
0x30f5f2c24b4036f09259a56ae487e7973790a7bc,50921647,BUY,2479.99933856,0.0000184190
0x5c62f5b1eb3052d477b04c91c4aae6f2a0677088,50921651,BUY,2479.99453234,0.0124809453
0xfc1919ea4fed965cae7461335397ea9623f3dd4d,50921653,BUY,2479.99874376,0.0000330032
0x0bfaf18958c47a28feb1d0e4fbbd6a94a706c0b9,50921665,BUY,2479.15174813,0.0380082345
0x252a85f1f2b20a900c1ee3bc87d0812405cdd9f7,50921665,BUY,2479.15801695,0.0046410462
0x95fb8dbb02fbd422af484aa716b799eb7c891422,50921665,BUY,2479.15918905,0.0026955901
0x505ed3d7c6df7231d378e84628ecbb365f820cff,50921666,SELL,2476.68061665,0.0012440308
0x6098890f987b41287d64cf2ba4e173ca9c5ce75a,50921666,BUY,2479.20481307,0.3497827591
0x9006b27ab5f442b1f73b7b25cd2336a2a00362d2,50921668,BUY,2479.31618883,0.0087069447
0x059e90bdd20216c3783f1dd6c89e60ab2aaedf3d,50921669,BUY,2479.31950100,0.0000450934
0xeabf34739f74497f8fd05545581deb6f0f091d95,50921670,BUY,2479.58183066,2.0164690425
0xc27a2b4bd5b374c3cb3c711e17901628824f8258,50921673,BUY,2479.84647967,0.0015078736
0xc27a2b4bd5b374c3cb3c711e17901628824f8258,50921684,BUY,2479.86898914,0.0008732308
0xd40d00e6322e3768464a150900ef4565875f1f5e,50921696,BUY,2479.86519582,0.9143970547
0xd83e60d273fd0cb3b05c2611db940fecb7b6ca64,50921696,BUY,2479.99545413,0.0000631791
0x824abda7e8bfcf47c543761c50bc7bf6756deda9,50921700,BUY,2480.00226564,0.0000334076
0x675aaa99d5d093e1d837b28f1cd4908a1b25971d,50921707,BUY,2479.98666986,0.0113863560
0xdff12585624c8992d5c9d7ad7976e2f794766c7e,50921714,SELL,2477.50558119,0.0091033470
0x1a3bd5d704be0adcffa5c652e705cff16a06cf1d,50921720,BUY,2479.98443523,0.0129862775
0xbdf256ab65f2db1c6241bd5b323ccf41dbfb7c64,50921722,BUY,2480.00894820,0.0175380287
0xd6cf74f9acf166dec7b49df57c9965af8872be27,50921722,BUY,2480.01528036,0.0045431990
0x52652cc02ec71e8565a70e82f66b1066cf0152f2,50921722,SELL,2477.36484343,1.3110140477
0x34a0f0a0f9c187d26da14124592a3d9643d1c33b,50921725,BUY,2479.67874578,0.0020836022
0x288eaff8ae1f807b048a85635274b01784410782,50921726,SELL,2477.19899059,0.0022166245
0x824abda7e8bfcf47c543761c50bc7bf6756deda9,50921729,BUY,2479.83834965,0.0004940790
0xd83e60d273fd0cb3b05c2611db940fecb7b6ca64,50921733,BUY,2479.83850350,0.0013880537
0x824abda7e8bfcf47c543761c50bc7bf6756deda9,50921734,BUY,2479.83855353,0.0005651493
0x3d85ef524b73b8f9426ab6f17cadfcba6af2d380,50921744,SELL,2477.36405554,0.0087252933
0x7973287e7a588d6ec5166bbf04253a48b7696bef,50921746,SELL,2477.34251679,0.0133801191
0x501ef174b66883ba40f92e6fb24bfb49331d4d4c,50921749,SELL,2477.32990896,0.0001210965
0x0bfaf18958c47a28feb1d0e4fbbd6a94a706c0b9,50921754,SELL,2477.35277480,0.0019501114
0xcf408b93c539ac6a26600d21055b5b468a6b9561,50921754,BUY,2479.83439780,0.0202794340
0x4003a42a8d1c0cd24a3e4f742c1fc78105b0139a,50921761,BUY,2480.46465962,0.0000005362
0x54e2acab04c89a3fe02852bf8dd69ee8f526bc75,50921762,SELL,2477.35782956,0.0001210968
0x1b36385eff75a6c3e04bd28946aaa15c64d3093f,50921765,SELL,2477.38508097,0.0017685494
0x18fb79dfa1060e6eea15f20f13b72d0b9a025c58,50921768,SELL,2477.37679742,0.0030319966
0x8bc6ef049d11f456a4e6454b8b9ab966426b270e,50921777,BUY,2479.85568286,0.0003548594
0x77abd8908dcc815b0a8693ab145806ad9ede79af,50921781,BUY,2479.89427629,0.0388922765
0x62b000e6cbfa024fbeed13de438beffad1ef2a2b,50921781,SELL,2477.41950988,0.0043368703
0xfda79fba9b0a4cf046205e02965851a862674a15,50921785,BUY,2479.89327612,0.0017621831
0x703f4592d2a8f41a2ca5a3768695601bbbcba4cd,50921795,BUY,2479.87169070,0.0036827397
0x659d12c7b6b1ea113a521216487035dcf160ec3b,50921798,BUY,2479.87395835,0.0103438604
0xcda8dffaf89847b78cfa89ab2f61a082acb8cf18,50921810,BUY,2479.89433292,0.0028064962
0xc27a2b4bd5b374c3cb3c711e17901628824f8258,50921814,BUY,2479.89760468,0.0113531063
0xe756fc75048de1553453afa4c30cfee0da23940d,50921816,BUY,2479.90103661,0.0003100354
0x68c082421ac880c3d59594d5a0c47c0e69b80887,50921817,SELL,2477.41606061,0.0297000000
0x12c51473ecec31920552b2cefc96f7c3ccf1dacd,50921824,SELL,2477.29789366,0.8883039087
0x88776fbd991c76aae24e12da906e47fc8be7aab2,50921827,BUY,2479.66099674,0.0010346935
0x0dfa768499c331acbd6df31887eca6f5860fbd6f,50921827,BUY,2479.66155731,0.0004692245
0x6065461d1ab19f090a541ec229bb60331bd0ad35,50921831,SELL,2476.81867407,0.0096553326
0x89f5dc461d0a195a5f9afea9f2a763f67cd7f4ae,50921835,BUY,2479.29769163,0.0156869283
0x824abda7e8bfcf47c543761c50bc7bf6756deda9,50921846,BUY,2479.53349355,0.0000605255
0xf04a2505afb967a1b4f43304e17994e94bdc13a1,50921853,BUY,2479.63123836,0.4762674694
0x89f5dc461d0a195a5f9afea9f2a763f67cd7f4ae,50921853,BUY,2479.74879398,0.0107672197
0x4fd6e019fae8272e763b87efedc12abcf9835f67,50921854,BUY,2479.75234659,0.0176067473
0x824abda7e8bfcf47c543761c50bc7bf6756deda9,50921857,BUY,2479.75548556,0.0006265021
0xa971283289448b30188cec3f0e60ad92322e4970,50921859,BUY,2479.77549543,0.1546897885
0x89f5dc461d0a195a5f9afea9f2a763f67cd7f4ae,50921862,BUY,2479.82909917,0.0107205493
0x3734be76f97fc4a7fcbbbdbd4dcddd477e4449ab,50921863,SELL,2477.46593781,0.0042426949
0x3d75877b94600ce251ceec80402790d78486e8d1,50921867,BUY,2480.02822859,0.4042919365
0x7c826027f68c40b03c7d830346d68ff153a0e41a,50921881,BUY,2480.25270638,0.0015933026
0xca07d57f664ac467dba440a87fe560fb46c957a0,50921885,BUY,2480.25366459,0.0034761626
0x385cabd7edc10b230d32699ae9fe2cb0b6d63369,50921886,BUY,2480.25454098,0.0013239311
0x0c29860fa1f1f6f74a97a3e47d1bf347d696a1ec,50921886,SELL,2477.77426637,0.0058234143
0x4003a42a8d1c0cd24a3e4f742c1fc78105b0139a,50921886,BUY,2480.25676980,0.0001776905
0x5115114525475047bae8c42aec29bfe2a227db22,50921886,BUY,2480.25354994,0.0026287179
0x0000208d547a446ba9059cbb2cfcfbaead7d3fa3,50921904,BUY,2480.28871692,0.1179153600
0x8eced30203d85759429ad84a3ab80748052bb99c,50921913,BUY,2480.30082434,0.0026294879
0x14adbc7ea094914aa9d9de96b7832915ffefe5f3,50921919,BUY,2480.35794163,0.0000169645
0xebe7e8f1f3f0d3ec6a7fad6820767aa2d4182234,50921920,SELL,2477.82081686,0.0045540000
0x3675abef47fd08915031a1f924cb7f253df51278,50921920,SELL,2477.81803182,0.0004174116
0x824abda7e8bfcf47c543761c50bc7bf6756deda9,50921928,BUY,2479.97384355,0.0092374180
0x501ef174b66883ba40f92e6fb24bfb49331d4d4c,50921928,SELL,2477.49403552,0.0001533691
0x54e2acab04c89a3fe02852bf8dd69ee8f526bc75,50921937,SELL,2477.50616423,0.0000807263
0x8d47ba07ff9ccccf58c7e8810ee42c0dc8b8b123,50921938,BUY,2480.00397416,0.0000616293
0x25ab8a02cb7c677c2bcec2f7760d77a49a55675d,50921941,SELL,2477.51446147,0.0068773976
0xeb9f320a934e6ba0025a0d9a20caac12b21a7d17,50921944,BUY,2479.96448506,0.0007392243
0x048ef1062cbb39b338ac2685da72adf104b4cef5,50921953,SELL,2477.48220001,0.0004036352
0x501ef174b66883ba40f92e6fb24bfb49331d4d4c,50921954,BUY,2479.96519544,0.0003366414
0x5eed905e372bc0db8ed21a3db8beb3c72f398ed4,50921964,SELL,2477.44497643,0.2970000000
0xbf6ea5fad1ec60d036ecfa33082dd50107d2c4d3,50921969,SELL,2477.37962354,0.0048960458
0x2dba23d5050f45c5540682e962ca0ed619f171e0,50921991,SELL,2477.33935354,0.0495000000
0xbf6ea5fad1ec60d036ecfa33082dd50107d2c4d3,50921995,SELL,2476.61310633,0.0041939070
0x0562d97b1b9077f9e4c86d19f636dbd952cba410,50921996,SELL,2476.58640477,0.1999707937
0x9666f2a2b32faf6be24b3b6b9a4162bdc4890e76,50921998,BUY,2479.03921677,0.0029233325
0x58e7ca15b7ad6af451a455697f1f9acdba27cc98,50922000,SELL,2476.56027364,0.0018340054
0x89f5dc461d0a195a5f9afea9f2a763f67cd7f4ae,50922006,BUY,2478.98859039,0.0107996907
0xc27a2b4bd5b374c3cb3c711e17901628824f8258,50922007,BUY,2478.99414974,0.0001278442
0x8717eb43559b28eee1fbf46a4316463838439fdc,50922016,SELL,2476.52262626,0.0049500000
0xc62fd5289f9b4067360b9abf9d7a24b031ed1e2a,50922031,BUY,2479.01018288,0.0620076231
0xaa936257cd7689d3f04336389dc951c0b439a64f,50922068,SELL,2476.53737374,0.0002475000
0x4885631c7335290adcdc4b6b95f97549f5a40edd,50922080,SELL,2476.54480882,0.0004159028
0x37cd2fe5816bb366194eaa66b137aa459c28b5cf,50922106,SELL,2476.96867094,0.0403779556
0xe5695a90719bb83a37c91088559fe4cc30aa6853,50922106,SELL,2476.96080808,0.0198000000
0x88776fbd991c76aae24e12da906e47fc8be7aab2,50922127,BUY,2479.43290216,0.0010333512
0x5ab7645710c78079ed9be4ec752ee2fe7676acaa,50922132,SELL,2476.74070707,0.0099000000
0xc5dd972a67c01937551eca42bfca74b886833916,50922138,BUY,2479.22418561,0.0024211832
0xad621c35fe8aef56c18c040b3bb5da0a77e81ea8,50922142,SELL,2476.84360805,0.0330235881
0x1278c1e48e3c9548a5d9f2b16dc27ed311b0697c,50922149,SELL,2476.84000000,0.0001000000
0x9e44ee0e13304ba993a0328d14cd66842927d3e8,50922150,SELL,2476.83452525,0.0495000000
0xfc1919ea4fed965cae7461335397ea9623f3dd4d,50922163,BUY,2479.29377637,0.0025213841
0x692c7f062068805c05e52db8eac3369193cdae06,50922163,BUY,2479.29526542,0.0007583482
0xd83e60d273fd0cb3b05c2611db940fecb7b6ca64,50922170,BUY,2479.29466199,0.0001515967
0xc27a2b4bd5b374c3cb3c711e17901628824f8258,50922171,BUY,2479.29720200,0.0001915297
0x824abda7e8bfcf47c543761c50bc7bf6756deda9,50922176,BUY,2479.29485474,0.0008095802
0x13c2d2571a5751d92c31c0f91e29a401418b4b25,50922178,BUY,2479.29528372,0.0007917004
0x142256d020042944b4faffd0f4a8093f85c108f6,50922190,SELL,2476.81240404,0.0495000000
0xd81672d5329d349940cf31a7c24640959f01aa20,50922197,SELL,2476.95075758,0.0007920000
0xf04a2505afb967a1b4f43304e17994e94bdc13a1,50922199,SELL,2476.58727956,0.2545312500
0x824abda7e8bfcf47c543761c50bc7bf6756deda9,50922205,BUY,2478.86299336,0.0000786651
0x9cbcda12971d2cc0df997c437cf4aa08a3f8a8c0,50922213,BUY,2478.37455153,0.0001665418
0xa971283289448b30188cec3f0e60ad92322e4970,50922229,BUY,2478.59641107,0.5526792530
0x820b18f071d60d4444ac32da1bf921e44d4c6285,50922235,BUY,2478.72132943,0.0438466457
0xa2c3e76b903e7478449f387087824678fb8fabf3,50922241,BUY,2478.73009776,0.0064818784
0x03d9964f4d93a24b58c0fc3a8df3474b59ba8557,50922244,BUY,2478.75487094,0.0000134559
0x048ef1062cbb39b338ac2685da72adf104b4cef5,50922249,SELL,2476.26397781,0.0001776878
0x1278c1e48e3c9548a5d9f2b16dc27ed311b0697c,50922254,SELL,2476.41620796,0.0001776870
0x12c51473ecec31920552b2cefc96f7c3ccf1dacd,50922256,BUY,2478.91675879,0.0880021704
0xf04a2505afb967a1b4f43304e17994e94bdc13a1,50922258,BUY,2478.99133862,0.2416457176
0x0f26b8f936ddb85ba2ebac1ec4b6fb55c4efef79,50922259,BUY,2479.02439029,0.0102099209
0x141c224da2f820d0ca8544a3313aa6f6e3067c24,50922259,SELL,2476.41223925,1.0411780681
0x2495fa336905e8649cf0cad1296e71a52ea410db,50922260,BUY,2478.98676463,0.1137344685
0x820b18f071d60d4444ac32da1bf921e44d4c6285,50922267,SELL,2476.51836203,0.0371238830
0xc27a2b4bd5b374c3cb3c711e17901628824f8258,50922296,BUY,2478.99354457,0.0058254690
0x824abda7e8bfcf47c543761c50bc7bf6756deda9,50922298,BUY,2478.99500523,0.0053906692
0xabb772f3a0b9edd0165bd869c7ddd5d1cb8f6cef,50922298,SELL,2476.51648693,0.0060916215
0xa6b70dc9d6ed912f5a1d0359480d393badf2ec15,50922304,BUY,2479.00021197,0.0001332662
0x03d9964f4d93a24b58c0fc3a8df3474b59ba8557,50922305,BUY,2478.99534227,0.0008463449
0x54e2acab04c89a3fe02852bf8dd69ee8f526bc75,50922306,SELL,2476.51567446,0.0001211379
0xd086d9b35673e31e170ce8dfd4cde868d0bad37a,50922310,SELL,2476.51478731,0.0086228736
0xa7d20fd31078a5703b0717e548452ea6c0c8a689,50922312,BUY,2478.99304591,0.0074931683
0x04479b46a7e89e918e1e8210206f8a33883c782e,50922321,BUY,2479.09337326,0.7587452898
0xe3977c6fde3b85fe72e247efcd657f9cadf913c4,50922322,SELL,2476.71367525,0.0038649643
0x9b6d34b3bb579f8fed1ae29e536c05fc2fe8f3d5,50922323,BUY,2479.19269888,0.0065855127
0xd8b207de2b3a38f45d5b2bae46d7755ca6a5fc2b,50922324,BUY,2479.19415109,0.0040435522
0xd83e60d273fd0cb3b05c2611db940fecb7b6ca64,50922325,BUY,2479.19502188,0.0017034045
0x147025750dba4ae3e1401d312e9f42f2d820801c,50922330,SELL,2476.71472547,0.0127824717
0x54e2acab04c89a3fe02852bf8dd69ee8f526bc75,50922332,SELL,2476.70812573,0.0001211281
0x233d7ae915dd92082b22fd03b1b9ac0248235900,50922335,SELL,2476.71253730,0.0037056614
0x88934c7126457dacfcc9b44bd291e14e9aa69e26,50922342,BUY,2479.19233073,0.0126164560
0x337b1c75847072ceadf05e8a5c8f64ac7475c0bd,50922346,SELL,2476.71466667,0.0015000000
0x4249c5ddb041a5702b76810d3a59857c0b39d15c,50922346,SELL,2476.71477243,0.0014504262
0x05e1a4cc6bfd48202b44e60d23a5afb139952ed0,50922348,BUY,2479.19389499,0.0038247033
0x54e2acab04c89a3fe02852bf8dd69ee8f526bc75,50922350,SELL,2476.71533866,0.0001211282
0x22e78469c2b0152a8a80d749d91df070129ef942,50922351,SELL,2476.71468387,0.0056981020
0xfd150cd1c2305142e371316f8842006e69e05828,50922351,SELL,2476.71334734,0.0054603493
0x1453fe43c66efceb51b05a19bb1c933f5b34c5e4,50922353,SELL,2476.70789147,0.0000190366
0xe898825c9fabc8e980e06b8274693607b4307741,50922355,BUY,2479.19194732,0.0053176423
0x8674595455f60858a96f4a31424ebb1ca52d34c3,50922357,BUY,2479.19420823,0.0118370965
0x7c20bed739b6231116e04b2f8ccbbc2058dce984,50922359,SELL,2476.71652189,0.0045561956
0xad58d92a036b8ae55501c24573c93b24b00b883c,50922362,BUY,2479.19978987,0.0403013813
0x1278c1e48e3c9548a5d9f2b16dc27ed311b0697c,50922362,SELL,2476.72225976,0.0001211282
0x53eda859d867a1a4c6ea60336a23933a8513eab9,50922363,BUY,2479.20588095,0.0059144189
0xe2f7696f0381d227b527f599ddaa7b51c34619bb,50922368,SELL,2476.72510966,0.0002189484
0x8ccad1fd60124d58b94e22c423731e546c2da184,50922370,SELL,2476.72748320,0.0034335501
0xc27a2b4bd5b374c3cb3c711e17901628824f8258,50922371,BUY,2479.20601061,0.0026362315
0xd515f81b40c0e63d99d50099d9b4610a3606a818,50922371,BUY,2479.20725289,0.0001055999
0xf4f4791f544b4b4468b8d5787f952d99ae063125,50922373,BUY,2479.20749786,0.0081649192
0x0e82088081b31aadf32e0444f6094dd659c9c795,50922373,BUY,2479.20901558,0.0035299420
0xd8d87a5bdefc3116579db6ef147ce63eda6d5bd4,50922384,BUY,2479.21018885,0.0055063012
0xc27a2b4bd5b374c3cb3c711e17901628824f8258,50922390,BUY,2479.21210291,0.0094706145
0x4bf447b78c80096e640d4e431e6c4be63a0e49dd,50922390,BUY,2479.21433376,0.0072035200
0x54e2acab04c89a3fe02852bf8dd69ee8f526bc75,50922390,SELL,2476.73223763,0.0001211273
0xd494f7d384f514d4969f73dccfc2acbda9a4e85d,50922391,BUY,2479.21583789,0.0043849659
0x8e66e074fa7a88463a75a365ac08124d4f3b7362,50922398,SELL,2476.73633224,0.0107118375
0x824abda7e8bfcf47c543761c50bc7bf6756deda9,50922403,BUY,2479.21481293,0.0005794560
0x2f9d9a39d4be08a44992c09a72284b3e534bd7d4,50922403,SELL,2476.73132412,0.0285253642
0x5d3633fa17542229a5fc39b534cb439ad501d3f8,50922404,BUY,2479.20691190,0.0039490544
0xe2f7696f0381d227b527f599ddaa7b51c34619bb,50922407,SELL,2476.72800720,0.0020368260
0x58e7ca15b7ad6af451a455697f1f9acdba27cc98,50922408,SELL,2476.72752365,0.0018333934
0xc2717dc0bdf61633331f97430caa30519fd0b665,50922415,BUY,2479.20657700,0.0007371830
0xc27a2b4bd5b374c3cb3c711e17901628824f8258,50922415,BUY,2479.20698641,0.0036283183
0x630fe4d3d6c2543f308ac2aba30aab5940681e62,50922415,SELL,2476.72809865,0.0029106990
0x6b6507560e960bf9ac5ac6bde2b06261b0616ca2,50922415,SELL,2476.72751584,0.0038804830
0x958a9df69ff12635008c3f10d1a1794f869b48b9,50922416,BUY,2479.20637013,0.0043070945
0xf122b90b42cb57c1f7953fa654ad0e341935bd5d,50922418,BUY,2479.20748160,0.0055201519
0xd83e60d273fd0cb3b05c2611db940fecb7b6ca64,50922420,BUY,2479.22649973,0.0000254386
0x83681c14770b44361e21faf91d8325423365ea5c,50922420,SELL,2476.72296006,0.0000657732
0x98b199b64b46a67e99700729b42cc4c252f7c190,50922422,SELL,2476.72908094,0.0037368366
0xc27a2b4bd5b374c3cb3c711e17901628824f8258,50922425,BUY,2479.20947892,0.0001215892
0x88776fbd991c76aae24e12da906e47fc8be7aab2,50922427,BUY,2479.20804123,0.0010320098
0x0dfa768499c331acbd6df31887eca6f5860fbd6f,50922427,BUY,2479.20805704,0.0004693103
0x9972f4c1e53b5eeb9e2630a7dddb5d5bfbcac451,50922427,BUY,2479.20989174,0.0003438430
0x91cba162758b7ea8f71ca1bb24c84d830dc0e731,50922428,SELL,2476.72842212,0.0052358005
0xc5f04d6e383303d4774296b04ca8bbb381131c66,50922429,SELL,2476.72696032,0.0059408567
0x824abda7e8bfcf47c543761c50bc7bf6756deda9,50922430,BUY,2479.20482905,0.0002129659
0xd14602c85a25a4e520441c47a97a2c9da63ae1be,50922434,SELL,2476.70591453,0.1553906250
0xd14602c85a25a4e520441c47a97a2c9da63ae1be,50922434,SELL,2476.60319841,0.6300000000
0x27b224dd3a8a52cdb039e5e5c88f5e529fbc1fb0,50922434,BUY,2478.99957689,0.0026146644
0xf2d1aff8a41cdef7e06c8443866124184c3ef527,50922434,SELL,2476.45667241,0.4956674484
0x5c82715841597c8b6f23405eba505ee432adcebd,50922437,BUY,2478.87150001,0.0102187027
0xd1fb65187fdd027642083bd5e6140c56d499bc5d,50922438,SELL,2476.39332693,0.0083206471
0xfeb6875f5ad953834dc64ba0179780a4b1101c55,50922441,BUY,2478.87168139,0.0082287438
0xe49b9976910a0a5eaf10897aeacd197d3ae25307,50922443,SELL,2476.39360534,0.0068875343
0x58899791276309f4e2e09f1603e55894dc136cea,50922449,BUY,2478.87201235,0.0079833997
0xc27a2b4bd5b374c3cb3c711e17901628824f8258,50922449,BUY,2478.87412141,0.0004071078
0x824abda7e8bfcf47c543761c50bc7bf6756deda9,50922453,BUY,2478.87371389,0.0013453557
0x3675abef47fd08915031a1f924cb7f253df51278,50922453,SELL,2476.39450959,0.0019389338
0x05e1a4cc6bfd48202b44e60d23a5afb139952ed0,50922454,SELL,2476.39375954,0.0075368931
0x9f6a58630adc0fb929354300a3b4d3959263cfd7,50922455,SELL,2476.39247712,0.0022701785
0xe83f75907fb4c575414fa6f5cfe8cef24dc5870c,50922458,BUY,2478.89962595,0.2229081590
0x98b199b64b46a67e99700729b42cc4c252f7c190,50922458,SELL,2476.44878897,0.0131415381
0xd40e89f1b04bcc38f07180dbd38de14c81ec14f9,50922458,SELL,2476.44618083,0.0068030588
0xad58d92a036b8ae55501c24573c93b24b00b883c,50922459,BUY,2478.93346262,0.0752957031
0x8dd82a1df8019bf74683272e55747c2d9ab11c71,50922459,BUY,2478.94474493,0.0103917677
0xfeb6875f5ad953834dc64ba0179780a4b1101c55,50922459,SELL,2476.46535351,0.0177431527
0x91cba162758b7ea8f71ca1bb24c84d830dc0e731,50922460,BUY,2478.94348820,0.0156124822
0x756347337767ed6705b5dbeb09e85b73b4fc6307,50922463,BUY,2478.94672332,0.0086755414
0x5827a1b4d068ba78857670b4856d340fabc1aa15,50922464,BUY,2478.95820241,0.0000424029
0xf73f9dca822bb85806462f38d88026576a26cd47,50922465,SELL,2476.46881950,0.0040474170
0x00f4de14dea0f3c007b6cd860dca156b8613261b,50922468,SELL,2476.46099592,0.0564300000
0xc27a2b4bd5b374c3cb3c711e17901628824f8258,50922469,BUY,2478.93447883,0.0003736025
0xaa823db1acc1aedfccc6e919e237cba28dd40725,50922469,SELL,2476.45260586,0.0085166681
0x824abda7e8bfcf47c543761c50bc7bf6756deda9,50922469,BUY,2478.93035432,0.0003661382
0xc27a2b4bd5b374c3cb3c711e17901628824f8258,50922473,BUY,2478.94577629,0.0000374401
0xb71bc627b871e990c58205edb5c8011193d8136a,50922473,SELL,2476.45097173,0.0047871463
0xe5695a90719bb83a37c91088559fe4cc30aa6853,50922473,BUY,2478.92941686,0.0012265476
0xc2270067a24ccc201a51b9402bac365ddf773a48,50922474,BUY,2478.93051632,0.0116968995
0x58e7ca15b7ad6af451a455697f1f9acdba27cc98,50922475,SELL,2476.45340213,0.0018302682
0xf360c2c99c74b9f8c2a8e717b2739f04cc5023a5,50922479,BUY,2478.93182870,0.0004493113
0xc27a2b4bd5b374c3cb3c711e17901628824f8258,50922480,BUY,2478.93331940,0.0004335038
0x07558fb3fb73399f8df84fe2a33429e148703c0a,50922480,BUY,2478.93299732,0.0091385451
0x0183bd849653fb0870d6b4378134d28695f696f7,50922485,SELL,2476.45535856,0.0039186376
0x824abda7e8bfcf47c543761c50bc7bf6756deda9,50922487,BUY,2478.94296064,0.0000928553
0x41a1986280c12a06a1227d134e7c3cf7b9b5e216,50922487,SELL,2476.45428852,0.0044498306
0x719d601a4f886e63a5ef3821f26826c737f25957,50922493,BUY,2478.93259856,0.0036520799
0xc62fd5289f9b4067360b9abf9d7a24b031ed1e2a,50922497,SELL,2476.44818182,0.0495000000
0xd83e60d273fd0cb3b05c2611db940fecb7b6ca64,50922500,BUY,2478.92015692,0.0010657858
0xb130a459e0c132265f370bf62916930a33e1e396,50922500,SELL,2476.44113011,0.0066138423
0xadc8eb4ce14e5f9d1b5e68d564797691493fc1ed,50922501,BUY,2478.91969651,0.0081216358
0xde1ff4937c7c0d3938ebf6cf1105ca561e3e5f6b,50922506,SELL,2476.44164352,0.0057114392
0x01bc817163512578f7a3c7c11738f7bd6cd68f36,50922508,SELL,2476.42367282,0.1316700000
0x2a094ce39d2955f1a6da1d09fbf49a34923ee398,50922510,BUY,2478.92432142,0.3023266078
0x83113a0febb6cf0627e2730fd96a5a0ebc361d30,50922513,SELL,2476.48345756,0.0160756200
0xad58d92a036b8ae55501c24573c93b24b00b883c,50922515,SELL,2476.46841414,0.0990000000
0xd616959df01da34046ee4550bd7f709bb6472870,50922519,SELL,2476.45441249,0.0081078650
0xc15449fe5829c96133a8b0bac70060e11c25cc13,50922521,BUY,2478.93311644,0.0105280993
0xbbc6e58c09f55a5742394b515b793a489f21ad63,50922523,BUY,2478.93520577,0.0055271053
0xd515f81b40c0e63d99d50099d9b4610a3606a818,50922535,BUY,2478.94325987,0.0000721820
0xd741b9637b54c208f49ef48457fe9e957c8f0354,50922541,BUY,2478.93691494,0.0073648861
0x4c0432357445d07396de7b60db23d975cdc619ea,50922544,SELL,2476.45818182,0.0099000000
0x4956904c09349197c3076da72a6a9a5afe367509,50922550,SELL,2476.45433336,0.0195056837
0xa35b5c2fe12a46b1a5001725ae0b97a7959e2425,50922550,BUY,2478.93067939,0.0027216941
0x405d0f4e3f2650ff6ccf9e496a72e9afc90782eb,50922551,SELL,2476.45164014,0.0067352488
0x447c8fe349cdd72542ef3bbab788b5c8cd33eeba,50922552,SELL,2476.45032001,0.0033598679
0xd83e60d273fd0cb3b05c2611db940fecb7b6ca64,50922559,BUY,2478.95185018,0.0000324593
0x38adcfa589a565d104c907f394aaa7cb974f58b6,50922566,BUY,2478.93515696,0.0001396015
0x6c5f5f1dad6a70f5798564894cb39e224f737cec,50922566,BUY,2478.93108707,0.0217835826
0xe7a2f8ff857750fc56528c756e50155e7f76edcf,50922567,SELL,2476.45481624,0.0061904521
0x8fc3f785163acbb1efe5452355a8628626088e78,50922572,BUY,2478.93274832,0.0032368635
0x8ebb006cc8b5d15bfe39b89351d477b8e47f750e,50922575,BUY,2478.94607688,0.0985211713
0x22e0adc1b4e680bb4483ae32ba3f45d2f9bad67c,50922579,BUY,2478.96891623,0.0000168078
0xda0abea7d9516ebd38a82df246bd812830462b02,50922581,BUY,2478.97483292,0.1210171979
0xf6ec1c2eb28aaaf874a174831eb04e0c6732b466,50922582,SELL,2476.51123640,0.0081769373
0xadc8eb4ce14e5f9d1b5e68d564797691493fc1ed,50922583,BUY,2478.98952563,0.0074965549
0x19a2a35caa9e4526a959f02268c04e9ca5de13e0,50922585,BUY,2478.99130558,0.0046471184
0xc15449fe5829c96133a8b0bac70060e11c25cc13,50922593,SELL,2476.51255181,0.0060639301
0x78b2de47fe499e0a6f7a67dbf965b8ec765d2d9d,50922599,BUY,2479.00756382,0.1331177867
0x9e80063b5c6b647d70bf4278f9f9592126b9c816,50922601,SELL,2476.54605004,0.0041542862
0x8778904661ef9cd987f9b2321a85d0f49352720d,50922601,SELL,2476.54447806,0.0078660279
0xd179476ebc35ab070d25b517c5dcfd471558b3a5,50922606,BUY,2479.02440703,0.0003896892
0x9cbcda12971d2cc0df997c437cf4aa08a3f8a8c0,50922606,BUY,2479.02865597,0.0001412299
0xd515f81b40c0e63d99d50099d9b4610a3606a818,50922606,BUY,2479.05512381,0.0000196442
0x1278c1e48e3c9548a5d9f2b16dc27ed311b0697c,50922607,BUY,2479.04090186,0.1443059333
0xf2d1aff8a41cdef7e06c8443866124184c3ef527,50922609,BUY,2479.11295615,0.4058569391
0x84993d3af53eeaba9bb77ae8dadccfbc6074b5b2,50922609,BUY,2479.17149508,0.0409988535
0x52f9609e3a6e1897db00fc6e9adccb9ed00d1cb5,50922610,BUY,2479.19232091,0.1180576531
0x3729e20e2ef9bda86daecf814d5e022c6786150f,50922610,BUY,2479.23231967,0.1872823088
0x56360a4e7bf90d870e452b8b6f9b235846125b7f,50922611,BUY,2479.26267167,0.0442922108
0x41c87cb6584be617809023aa22e63df2c9650bed,50922611,BUY,2479.35219434,0.6392742224
0xf04a2505afb967a1b4f43304e17994e94bdc13a1,50922617,BUY,2479.65017681,1.6351767874
0x297773a41e7ece247dbf1f01ea99863924a76a0f,50922619,BUY,2480.04123179,1.3491159938
0x0be17b95ce99866a1b6dbba47d4b7c693a8a3857,50922619,BUY,2480.26076709,0.3259386798
0xabc8bb096b4438c321dd00444ae977008e18306c,50922622,BUY,2480.33196636,0.2172502203
0x5115114525475047bae8c42aec29bfe2a227db22,50922623,BUY,2480.36363249,0.0002075047
0xd14602c85a25a4e520441c47a97a2c9da63ae1be,50922624,BUY,2480.38608803,0.1952378649
0x000000c557fa9a96d66cd6371abde62d879d0e61,50922626,BUY,2480.42337523,0.0891859516
0x1f8a481e42810c7a96224b4034ae5497d68fc109,50922626,BUY,2480.43737206,0.0172801710
0xedae4d1f735dd363edb29f53cd4301b994793474,50922626,BUY,2480.45938120,0.1509629703
0x7e00219e1ca7a8bdeeed965d4722a06c26c20527,50922628,BUY,2480.48057992,0.0103386615
0x5035f419b19ec2784b1563cae6754e27f6cf684a,50922629,BUY,2480.48298932,0.0080222550
0xd900f42dd037f2e8d7f85e72c08d8d512d9fbd2b,50922629,SELL,2478.00354067,0.0044176636
0x7f644bf1dad36546d737711cb5513f07698e0c6a,50922631,BUY,2480.50728080,0.1865232961
0x16dfcc3edc2da85312250b776941876eb27a22f6,50922632,BUY,2480.53219145,0.0033379240
0xc27a2b4bd5b374c3cb3c711e17901628824f8258,50922635,BUY,2480.53376073,0.0001989693
0x180464c5a0b825366c3db74f18767882998a0692,50922643,SELL,2478.04809737,0.0354902260
0x016eed7c1331f5d7f437a4e4dcbc1e04fd3a2bc6,50922643,SELL,2478.04156956,0.0143800747
0x3e5ee5258f00bab4cd637414cc5c1f356f826bf6,50922644,BUY,2480.57349220,0.4111952350
0x54e2acab04c89a3fe02852bf8dd69ee8f526bc75,50922649,SELL,2478.14324717,0.0001211363
0x92b62b3585107a07b7aab663feeec71475139a3b,50922650,SELL,2478.14714006,0.0016792324
0x0c49881ee8b4c760b51d3c2f3af5cec9473a9047,50922650,SELL,2478.14678277,0.0010502045
0x05854d0c70d2f696fb3d9c0863100956b795e2ff,50922656,BUY,2480.62799798,0.0097873466
0x8094533791574f8d046a3ba7cdf4e59bbc7e076f,50922663,SELL,2478.12660227,0.0000164858
0x8095640e015907710e085b68718c59a6202c4335,50922664,BUY,3099.23612563,0.0000000016
0xb37d2d90498d1f636bbb5f7b3680199ce70bc837,50922664,SELL,2478.14905418,0.0011495249
0xee690b66ae7b57e2be694de1db3a37a5c211d69e,50922664,BUY,2480.63073110,0.0001698721
0x7f644bf1dad36546d737711cb5513f07698e0c6a,50922669,SELL,2478.14818890,0.0044990550
0xd14602c85a25a4e520441c47a97a2c9da63ae1be,50922671,BUY,2480.66157897,0.2578182096
0xa971283289448b30188cec3f0e60ad92322e4970,50922671,BUY,2480.72414290,0.2193792621
0xf723097f9333e6029a74b62ba06ace67f58af0fc,50922673,BUY,2480.75368220,0.0056473059
0xf04a2505afb967a1b4f43304e17994e94bdc13a1,50922673,BUY,2480.80748798,0.4050131406
0xdbbce16edee36909115d374a886ae0cd6be56eb6,50922678,BUY,2480.86111973,0.0040308584
0x1528af0c7c76dd1285b781f0ad3e21eda1a8ef7b,50922678,BUY,2480.87698469,0.0000493725
0xf4f4791f544b4b4468b8d5787f952d99ae063125,50922679,SELL,2478.38101252,0.0031104749
0xfc1919ea4fed965cae7461335397ea9623f3dd4d,50922681,BUY,2480.86138414,0.0022923131
0x05854d0c70d2f696fb3d9c0863100956b795e2ff,50922685,BUY,2480.88738507,0.1978179114
0x82663ef7738255df265f291ec623fd7b0b2d2823,50922694,BUY,2480.91464397,0.0005854873
0xce6925dcbe054faee616682112d48b9392d26ba2,50922694,BUY,2480.91430312,0.0063000951
0x2b9d61897ed28d6d244b87fe4896e8530201e9ed,50922694,BUY,2480.93678351,0.1651309117
0x1722ee8d098037c47bfdcdc260e197cb7c0d5b4b,50922694,BUY,2480.97407469,0.1192577738
0xd83e60d273fd0cb3b05c2611db940fecb7b6ca64,50922696,BUY,2480.99123932,0.0005241736
0xce5fcfa975c65e9cb275634bc78353ba8dd8765a,50922698,BUY,2480.99648113,0.0505731616
0x69c8d6f404bd0d2ccd584bb03de457d1b4d1c933,50922699,BUY,2481.00384005,0.0038380710
0xe3db3f17d2803fae4864241ea02bb400aae0ee74,50922700,SELL,2478.52332024,0.0031590132
0x88f81e88d13467624995bb00a8840831240865fb,50922700,SELL,2478.51975000,0.0240000000
0x12c51473ecec31920552b2cefc96f7c3ccf1dacd,50922701,BUY,2481.01512635,0.1382049820
0x942b41d990133d8d9989bf3bb2f89f9aa1d127fd,50922702,BUY,2481.07648371,0.3297218737
0xf7c5282096a914d86db1739a62a6a773764c1fc9,50922702,SELL,2478.63680705,0.0184411568
0xa35b5c2fe12a46b1a5001725ae0b97a7959e2425,50922702,SELL,2478.63244586,0.0148650374
0xa35b5c2fe12a46b1a5001725ae0b97a7959e2425,50922702,SELL,2478.62208579,0.0642546800
0x52678f083f43c87ca8a2bac10ca3ac39d91ce685,50922704,SELL,2478.61274899,0.0070506661
0x622d0d00104d418c2bda79c1aad9c28da63e9ecb,50922705,BUY,2481.09348395,0.0086587318
0x3bfceead5112fb738f75e2665c221e914215e285,50922717,SELL,2478.61348811,0.0046307636
0x7e69385fce115cdebcf8b960e39132e48a10d655,50922720,SELL,2478.61216867,0.0051221454
0x56360a4e7bf90d870e452b8b6f9b235846125b7f,50922724,BUY,2481.09502481,0.0227515167
0x88776fbd991c76aae24e12da906e47fc8be7aab2,50922727,BUY,2481.09859327,0.0010297914
0x1278c1e48e3c9548a5d9f2b16dc27ed311b0697c,50922727,BUY,2481.09885933,0.0032964543
0xac480d97c4fe044872c12b6e0ef0b83840f1c5a6,50922728,BUY,2481.09969321,0.0031909133
0x22e0adc1b4e680bb4483ae32ba3f45d2f9bad67c,50922729,BUY,2481.10990244,0.0000167933
0x661b1e7a1350e09c05d44df9053f90ea68888888,50922730,BUY,2481.11299902,0.0994601411
0x82e1ff9cc4a4b2e323177006fce9b93703930d18,50922733,SELL,2478.60634906,0.0000243754
0x82e1ff9cc4a4b2e323177006fce9b93703930d18,50922737,SELL,2478.61370862,0.0000214858
0xa10d0aa7203f54a4e6473195e9ba89a79805dbac,50922739,BUY,2481.12656777,0.0031861462
0x82e1ff9cc4a4b2e323177006fce9b93703930d18,50922742,SELL,2478.61285372,0.0000208241
0xc27a2b4bd5b374c3cb3c711e17901628824f8258,50922743,BUY,2481.12741837,0.0041480647
0x7107799905239a51c3466e966466bb2072c9dbd8,50922745,BUY,2481.12876907,0.0050139905
0x6332685fb57d440b9812cc5f625376f8bee6eba1,50922746,BUY,2481.12972035,0.0005939024
0x82e1ff9cc4a4b2e323177006fce9b93703930d18,50922749,SELL,2478.60343489,0.0000199378
0xc27a2b4bd5b374c3cb3c711e17901628824f8258,50922751,BUY,2481.13052832,0.0083307274
0x38adcfa589a565d104c907f394aaa7cb974f58b6,50922751,BUY,2481.13729120,0.0000320962
0x1a15e9cb07d6017d3f51db756a5ac55f903d1c70,50922751,BUY,2481.13224420,0.0029923971
0x98429db1fd151c025d5216329dba970d2891eecc,50922751,BUY,2481.13327126,0.0063976721
0xf2d1aff8a41cdef7e06c8443866124184c3ef527,50922755,SELL,2478.61248687,0.3136224945
0xa971283289448b30188cec3f0e60ad92322e4970,50922756,SELL,2478.52496204,0.3548437500
0xf04a2505afb967a1b4f43304e17994e94bdc13a1,50922756,SELL,2478.45444354,0.1837500000
0xbed58fa98f5890a66905eb5a7984677d3b7fbaf9,50922758,SELL,2478.42947792,0.0069337450
0x1278c1e48e3c9548a5d9f2b16dc27ed311b0697c,50922759,SELL,2475.82273127,0.0000000889
0x86d644d3b58e1d03f1a43e26c7faa2d481da5f7f,50922760,SELL,2478.42766541,0.0069098700
0x5115114525475047bae8c42aec29bfe2a227db22,50922763,BUY,2480.90728579,0.0004247821
0x44b2bf4417213bda59014fad8dbcfb68c25d5d30,50922763,BUY,2480.96211216,0.0000038598
0x629da79c6f759b2292ce09184eab5dbe14eac356,50922766,SELL,2478.38642330,0.3089545100
0x8c67e7cd780fa9049b5645dce54af6cc02305607,50922772,SELL,2478.33475226,0.0856488760
0xa549ae9c825d32ec3418194e9198bcfe85b75628,50922772,BUY,2480.81568594,0.0000734621
0xa971283289448b30188cec3f0e60ad92322e4970,50922773,SELL,2478.29816167,0.1940625000
0xa971283289448b30188cec3f0e60ad92322e4970,50922774,SELL,2478.23710293,0.2723437500
0x147025750dba4ae3e1401d312e9f42f2d820801c,50922774,SELL,2478.19391513,0.0575646708
0x147025750dba4ae3e1401d312e9f42f2d820801c,50922774,SELL,2478.18494200,0.0109811502
0xf2d1aff8a41cdef7e06c8443866124184c3ef527,50922774,SELL,2478.14778800,0.2728399566
0xd14602c85a25a4e520441c47a97a2c9da63ae1be,50922774,SELL,2478.06089976,0.3909375000
0xd83e60d273fd0cb3b05c2611db940fecb7b6ca64,50922780,BUY,2480.51107734,0.0000317027
0xa58bb8174bb2a94e0eec23db163f6a88b7ddf25a,50922781,BUY,2480.49177632,0.0165006602
0x8ffdb0bad464017ecd4443da366c2132672aa8f9,50922781,SELL,2478.01321291,0.0064567856
0x824abda7e8bfcf47c543761c50bc7bf6756deda9,50922782,BUY,2480.49396950,0.0006047203
0xe756fc75048de1553453afa4c30cfee0da23940d,50922782,BUY,2480.49493131,0.0001552997
0xa25cc31f54fd90bba0d653e936d78f9ca137723f,50922785,SELL,2478.01124628,0.0100887355
0xd83e60d273fd0cb3b05c2611db940fecb7b6ca64,50922787,BUY,2480.49286442,0.0002219926
0xdccbea1434bc64039e3783b9bba5e20a2509df46,50922788,SELL,2478.00913299,0.0065006173
0x0be17b95ce99866a1b6dbba47d4b7c693a8a3857,50922788,SELL,2477.87622023,1.0089820499
0x26fa84d4278e25247b5d37b41afa927252372bd1,50922788,SELL,2477.74393735,0.0017505962
0xa971283289448b30188cec3f0e60ad92322e4970,50922788,SELL,2477.70079733,0.3278906250
0xf04a2505afb967a1b4f43304e17994e94bdc13a1,50922788,SELL,2477.60304728,0.4190625000
0x233d7ae915dd92082b22fd03b1b9ac0248235900,50922789,BUY,2480.02883926,0.0086242622
0x20176917ec8cc5cbe07aacdffb643870b6879eca,50922790,SELL,2477.54834935,0.0161900655
0xcc8d9ab18d019c57f721952f6522a51b19419566,50922790,BUY,2480.02598741,0.0024160368
0x9f873e79ecbdd54dd58870745db5b9e6fea05d86,50922790,SELL,2477.54599570,0.0066309736
0xf2d1aff8a41cdef7e06c8443866124184c3ef527,50922790,SELL,2477.48608488,0.4512067760
0x4c0432357445d07396de7b60db23d975cdc619ea,50922791,SELL,2477.39984127,0.2079000000
0x824abda7e8bfcf47c543761c50bc7bf6756deda9,50922791,BUY,2479.85281849,0.0012444501
0x29fb076ba52cc8b2b12618198218d640864b7f0d,50922793,SELL,2477.36939504,0.0271802865
0xc082b2e4ed816e3abfc127f5fd46877b893c6c9a,50922799,SELL,2477.35574582,0.0772095063
0x206284262a150d52b49e2b13317e3b1e0fbb4b58,50922799,SELL,2477.34303030,0.0198000000
0xd83e60d273fd0cb3b05c2611db940fecb7b6ca64,50922801,BUY,2479.82159452,0.0002303097
0x6658f0185026bca770515b4e4c232f7e3c859843,50922801,BUY,2479.82054307,0.0059421933
0x58e7ca15b7ad6af451a455697f1f9acdba27cc98,50922803,SELL,2477.34157542,0.0018327618
0x763ac4d3acfdeaa8e863b634faf5dc8e3453d67a,50922804,SELL,2477.34131588,0.0022084938
0x0b3b1ed17b42ea62d41f7ce20f540538f27f01a4,50922807,BUY,2479.82152230,0.0091136244
0x0f26b8f936ddb85ba2ebac1ec4b6fb55c4efef79,50922810,BUY,2479.82956787,0.0000954404
0x0d2653818e2414002fc3ad3f117f98e97c538a1a,50922812,SELL,2477.34268902,0.0057240192
0xc177ffc30c793ad3b2273b18d88d5a920024b2ee,50922815,SELL,2477.34144758,0.0037642514
0x884f42bacde1ef7091c040fc4f859c3bda412a1e,50922817,SELL,2477.34051868,0.0033352266
0xfdfd44b2d7764218e2bf09c54b12ae22b7991b72,50922819,SELL,2477.33359596,0.0495000000
0xfdfd44b2d7764218e2bf09c54b12ae22b7991b72,50922822,SELL,2477.32449495,0.0198000000
0xfd91e99611bb123210766315fa50166677b87f26,50922827,SELL,2477.32165220,0.0022608990
0x0969e9fab3a689d1918c91628d20972c59dba931,50922829,BUY,2479.80086659,0.0007394368
0x13701f58031e900030fc78ffec9395c147df8275,50922830,SELL,2477.31893939,0.0198000000
0x95073756fa244ff4b777dfdc2b050c1b3206e0bd,50922830,BUY,2479.79614270,0.0034958599
0x87e674c5b9dfb148156ef7454c872f411332f63b,50922830,BUY,2479.79736832,0.0064800617
0xc0d8b84762fa3ace6abea71bc81036dfc44f765a,50922832,SELL,2477.31195555,0.0536925201
0xbd99453b379b14194aeffb8a6d870f024562203f,50922832,SELL,2477.30286362,0.0157978278
0x931ab551bb83390e4fdc46ae0e2c074debd3bc3d,50922832,SELL,2477.29937197,0.0108892632
0x931ab551bb83390e4fdc46ae0e2c074debd3bc3d,50922832,SELL,2477.29753017,0.0031878524
0xa971283289448b30188cec3f0e60ad92322e4970,50922834,SELL,2477.10455304,1.4718750000
0x436d9faf39f8e7ef10b8adb540fd627f1383891f,50922834,SELL,2476.91179501,0.0016318877
0xa971283289448b30188cec3f0e60ad92322e4970,50922834,SELL,2476.83089281,0.6168750000
0xd14602c85a25a4e520441c47a97a2c9da63ae1be,50922834,SELL,2476.72721636,0.1757812500
0x60dd307ab37605841b47862290cbab64834d9434,50922835,BUY,2479.18345328,0.0038951551
0xbc5c9457aa733b312538c785dde4583b037ca77d,50922836,BUY,2479.18563475,0.0136112672
0xa971283289448b30188cec3f0e60ad92322e4970,50922838,SELL,2476.65381553,0.4204687500
0xa58bb8174bb2a94e0eec23db163f6a88b7ddf25a,50922839,SELL,2476.59829975,0.0024137427
0x11037ee4254d2020419bff6e187528d4e61cfcdf,50922839,SELL,2476.59761421,0.0044363363
0x3a4f3b6a8e3fdaabdb360fa75f434379b1d3d75c,50922840,SELL,2476.53929178,0.4415229476
0x147025750dba4ae3e1401d312e9f42f2d820801c,50922840,BUY,2478.96060622,0.0048097561
0x54e2acab04c89a3fe02852bf8dd69ee8f526bc75,50922845,SELL,2476.47908974,0.0000847938
0x1278c1e48e3c9548a5d9f2b16dc27ed311b0697c,50922845,SELL,2476.48058115,0.0004037799
0xd0d08887e8a5b16049534a7f3fc1de92848f5bea,50922848,SELL,2476.46551684,0.1312680539
0x7a6e8c39400556a324060620e5ede7b20c91325c,50922849,SELL,2476.44809651,0.0019488214
0xf9f116682a52910a7958114f8b0745078bccf21b,50922851,BUY,2478.92774791,0.0120735875
0xe6de834ccb3f9480f11c11ee5f7054f54854bd9a,50922853,SELL,2476.45081266,0.0014398844
0x5ab7645710c78079ed9be4ec752ee2fe7676acaa,50922854,SELL,2476.44803030,0.0198000000
0x572e13d4c82160a5e34fc01ef408e450c299f6b3,50922855,BUY,2478.96335539,0.3023945466
0xf34deb0d82a22cc7e4d955e9417b7bbf327ca90a,50922858,SELL,2476.52398990,0.0023760000
0x78b2de47fe499e0a6f7a67dbf965b8ec765d2d9d,50922861,SELL,2476.49675000,0.2080000000
0x048ef1062cbb39b338ac2685da72adf104b4cef5,50922862,SELL,2476.46265552,0.0000484550
0xa6b70dc9d6ed912f5a1d0359480d393badf2ec15,50922865,BUY,2478.94960890,0.0002255907
0x58e7ca15b7ad6af451a455697f1f9acdba27cc98,50922866,SELL,2476.46902381,0.0018351241
0x501ef174b66883ba40f92e6fb24bfb49331d4d4c,50922868,SELL,2476.44889572,0.0000484561
0xc39cd64f2e28475f6684724692c42649b2befa68,50922871,BUY,2478.94827059,0.0062154230
0x1278c1e48e3c9548a5d9f2b16dc27ed311b0697c,50922875,SELL,2476.46909936,0.0000484561
0x1f8a481e42810c7a96224b4034ae5497d68fc109,50922876,SELL,2476.47051746,0.0015444185
0xe2f7696f0381d227b527f599ddaa7b51c34619bb,50922880,SELL,2476.46472387,0.0426303900
0xd83e60d273fd0cb3b05c2611db940fecb7b6ca64,50922883,BUY,2478.93923640,0.0131843950
0x65a06e2670ecb6c47af1aeac96dda8f7d2972bb9,50922883,BUY,2478.94152113,0.0001088674
0xa1d5a3243fe47304bb0b80f8f8af1f955d910f88,50922883,SELL,2476.46248662,0.0012063312
0xe2f7696f0381d227b527f599ddaa7b51c34619bb,50922884,SELL,2476.45827566,0.0002265021
0x54e2acab04c89a3fe02852bf8dd69ee8f526bc75,50922884,BUY,2478.94259271,0.0003576533
0x1278c1e48e3c9548a5d9f2b16dc27ed311b0697c,50922886,SELL,2476.45915957,0.0000484563
0xbf4ae6bcad9200c187e002f7fa05e18f97d69af3,50922892,SELL,2476.46209455,0.0019575918
0x1278c1e48e3c9548a5d9f2b16dc27ed311b0697c,50922893,SELL,2476.44170702,0.0000484562
0x6658f0185026bca770515b4e4c232f7e3c859843,50922895,SELL,2476.46155075,0.0021039668
0x3675abef47fd08915031a1f924cb7f253df51278,50922895,SELL,2476.45966621,0.0005271554
0x88f555826e4c0279600bf2408abbfd6c1f88f2cc,50922896,BUY,2478.94010765,0.0047414308
0x55555cfddd37d8d82e06e0de90da9366ca3e31e8,50922899,SELL,2476.45906514,0.0001611967
0x55555cfddd37d8d82e06e0de90da9366ca3e31e8,50922899,SELL,2476.46130499,0.0010281824
0xd83e60d273fd0cb3b05c2611db940fecb7b6ca64,50922899,BUY,2478.94061208,0.0015369186
0xde1ff4937c7c0d3938ebf6cf1105ca561e3e5f6b,50922899,SELL,2476.46122833,0.0094914690
0x55555cfddd37d8d82e06e0de90da9366ca3e31e8,50922900,BUY,2478.94092927,0.0001626315
0x55555cfddd37d8d82e06e0de90da9366ca3e31e8,50922900,SELL,2476.45231479,0.0001058700
0x55555cfddd37d8d82e06e0de90da9366ca3e31e8,50922900,BUY,2478.94061173,0.0002440147
0x55555cfddd37d8d82e06e0de90da9366ca3e31e8,50922901,SELL,2476.45834571,0.0004989763
0x55555cfddd37d8d82e06e0de90da9366ca3e31e8,50922901,SELL,2476.44810362,0.0000503237
0x55555cfddd37d8d82e06e0de90da9366ca3e31e8,50922901,SELL,2476.45794297,0.0000775446
0x1f68479a375ccff6d6c8d556913cdda0b65a18b5,50922902,BUY,2478.93904315,0.0053687145
0x55555cfddd37d8d82e06e0de90da9366ca3e31e8,50922903,BUY,2478.94047443,0.0006111732
0x55555cfddd37d8d82e06e0de90da9366ca3e31e8,50922903,SELL,2476.43831284,0.0000409560
0x55555cfddd37d8d82e06e0de90da9366ca3e31e8,50922903,SELL,2476.45942413,0.0003035600
0x9aa0f215076c1404a92a5b7219512f4c57d7029b,50922903,BUY,2478.93974301,0.0003549905
0x55555cfddd37d8d82e06e0de90da9366ca3e31e8,50922904,SELL,2476.45819921,0.0002973517
0x55555cfddd37d8d82e06e0de90da9366ca3e31e8,50922904,BUY,2478.94204307,0.0002053513
0xcce7624aba25cd61994a7c59045a3df0efd6c82a,50922904,BUY,2478.94044533,0.0004370642
0x54e2acab04c89a3fe02852bf8dd69ee8f526bc75,50922905,SELL,2476.46092898,0.0016152074
0x048ef1062cbb39b338ac2685da72adf104b4cef5,50922906,SELL,2476.46004631,0.0001494068
0x55555cfddd37d8d82e06e0de90da9366ca3e31e8,50922906,SELL,2476.46062416,0.0006453339
0x55555cfddd37d8d82e06e0de90da9366ca3e31e8,50922906,SELL,2476.43156199,0.0000304999
0x55555cfddd37d8d82e06e0de90da9366ca3e31e8,50922906,SELL,2476.38156070,0.0000063346
0x55555cfddd37d8d82e06e0de90da9366ca3e31e8,50922906,SELL,2476.45699113,0.0002548601
0x55555cfddd37d8d82e06e0de90da9366ca3e31e8,50922906,BUY,2528.26500319,0.0000000198
0x55555cfddd37d8d82e06e0de90da9366ca3e31e8,50922908,SELL,2476.39919082,0.0000143511
0x55555cfddd37d8d82e06e0de90da9366ca3e31e8,50922908,BUY,2478.93937249,0.0005364621
0x55555cfddd37d8d82e06e0de90da9366ca3e31e8,50922909,BUY,2478.95625358,0.0000469593
0x55555cfddd37d8d82e06e0de90da9366ca3e31e8,50922909,SELL,2476.45981857,0.0000474342
0x55555cfddd37d8d82e06e0de90da9366ca3e31e8,50922909,SELL,2476.42845630,0.0000240512
0x55555cfddd37d8d82e06e0de90da9366ca3e31e8,50922909,SELL,2476.45967479,0.0007836029
0x55555cfddd37d8d82e06e0de90da9366ca3e31e8,50922910,SELL,2476.46018761,0.0013765043
0x55555cfddd37d8d82e06e0de90da9366ca3e31e8,50922910,SELL,2476.45787286,0.0002313300
0x55555cfddd37d8d82e06e0de90da9366ca3e31e8,50922910,SELL,2476.45980603,0.0028342237
0x55555cfddd37d8d82e06e0de90da9366ca3e31e8,50922910,SELL,2476.40623094,0.0000176788
0x55555cfddd37d8d82e06e0de90da9366ca3e31e8,50922910,SELL,2476.45859833,0.0007112681
0x55555cfddd37d8d82e06e0de90da9366ca3e31e8,50922910,BUY,2495.27060340,0.0000000569
0x5e7b46d33dae15b8ca77e8d08b14b211e5426f5e,50922911,BUY,2478.94061502,0.0003324489
0x55555cfddd37d8d82e06e0de90da9366ca3e31e8,50922911,SELL,2476.44352575,0.0000484328
0x55555cfddd37d8d82e06e0de90da9366ca3e31e8,50922911,SELL,2476.44530067,0.0000212894
0x55555cfddd37d8d82e06e0de90da9366ca3e31e8,50922911,SELL,2476.45404038,0.0001762286
0x55555cfddd37d8d82e06e0de90da9366ca3e31e8,50922913,SELL,2476.45912001,0.0004694873
0x55555cfddd37d8d82e06e0de90da9366ca3e31e8,50922913,SELL,2476.45441898,0.0000524306
0x55555cfddd37d8d82e06e0de90da9366ca3e31e8,50922913,SELL,2476.44123262,0.0000458590
0xdc964aed82399f500d3e96ad9767d268cba67afc,50922913,SELL,2476.45697386,0.0173735100
0x55555cfddd37d8d82e06e0de90da9366ca3e31e8,50922914,SELL,2476.44783660,0.0000287396
0x55555cfddd37d8d82e06e0de90da9366ca3e31e8,50922914,SELL,2476.43633190,0.0000279175
0x55555cfddd37d8d82e06e0de90da9366ca3e31e8,50922914,SELL,2476.45160315,0.0002654730
0x30f5f2c24b4036f09259a56ae487e7973790a7bc,50922914,BUY,2478.93359654,0.0007024274
0x11037ee4254d2020419bff6e187528d4e61cfcdf,50922915,SELL,2476.45431852,0.0041095698
0x55555cfddd37d8d82e06e0de90da9366ca3e31e8,50922915,SELL,2476.44622819,0.0001280767
0x55555cfddd37d8d82e06e0de90da9366ca3e31e8,50922915,SELL,2476.45270527,0.0010550846
0x55555cfddd37d8d82e06e0de90da9366ca3e31e8,50922915,SELL,2476.45173131,0.0002901801
0x2b13536a311c772561feafcbb6f3cc49dc50ed0f,50922916,BUY,2479.15144715,1.6776876059
0x55555cfddd37d8d82e06e0de90da9366ca3e31e8,50922917,BUY,2479.37223558,0.0004586286
0x55555cfddd37d8d82e06e0de90da9366ca3e31e8,50922917,SELL,2476.89180029,0.0007534459
0x55555cfddd37d8d82e06e0de90da9366ca3e31e8,50922917,BUY,2479.37198705,0.0003321240
0x78e062cd97b4e30e0d68d8c1c1e3beeb6359ddc9,50922917,SELL,2476.89221698,0.0018909353
0x55555cfddd37d8d82e06e0de90da9366ca3e31e8,50922918,SELL,2476.87442958,0.0000316322
0x55555cfddd37d8d82e06e0de90da9366ca3e31e8,50922918,SELL,2476.87336285,0.0000430014
0x55555cfddd37d8d82e06e0de90da9366ca3e31e8,50922918,SELL,2476.87057291,0.0000362692
0xc27a2b4bd5b374c3cb3c711e17901628824f8258,50922918,BUY,2479.37213776,0.0108702988
0x55555cfddd37d8d82e06e0de90da9366ca3e31e8,50922919,SELL,2476.88079622,0.0000270013
0x55555cfddd37d8d82e06e0de90da9366ca3e31e8,50922919,SELL,2476.89434315,0.0002466242
0x55555cfddd37d8d82e06e0de90da9366ca3e31e8,50922919,SELL,2476.89399044,0.0002741458
0x55555cfddd37d8d82e06e0de90da9366ca3e31e8,50922920,BUY,2479.37480091,0.0002755719
0x55555cfddd37d8d82e06e0de90da9366ca3e31e8,50922920,SELL,2476.89065092,0.0001216190
0x55555cfddd37d8d82e06e0de90da9366ca3e31e8,50922920,BUY,2479.37420764,0.0013085685
0x55555cfddd37d8d82e06e0de90da9366ca3e31e8,50922920,SELL,2476.89441712,0.0010784259
0x55555cfddd37d8d82e06e0de90da9366ca3e31e8,50922922,SELL,2476.89042136,0.0001422203
0x55555cfddd37d8d82e06e0de90da9366ca3e31e8,50922922,SELL,2476.89257574,0.0004024498
0x55555cfddd37d8d82e06e0de90da9366ca3e31e8,50922922,BUY,2479.37630157,0.0002768394
0x55555cfddd37d8d82e06e0de90da9366ca3e31e8,50922922,SELL,2476.89386003,0.0001223056
0x55555cfddd37d8d82e06e0de90da9366ca3e31e8,50922923,SELL,2476.89390748,0.0003688172
0x55555cfddd37d8d82e06e0de90da9366ca3e31e8,50922924,SELL,2476.89416642,0.0021324213
0x55555cfddd37d8d82e06e0de90da9366ca3e31e8,50922924,SELL,2476.89328415,0.0001286886
0x55555cfddd37d8d82e06e0de90da9366ca3e31e8,50922925,BUY,2479.38260791,0.0000336112
0x55555cfddd37d8d82e06e0de90da9366ca3e31e8,50922925,SELL,2476.81578249,0.0000119319
0x824abda7e8bfcf47c543761c50bc7bf6756deda9,50922926,BUY,2479.37332781,0.0011595366
0x55555cfddd37d8d82e06e0de90da9366ca3e31e8,50922927,SELL,2476.89180327,0.0002857133
0x55555cfddd37d8d82e06e0de90da9366ca3e31e8,50922927,SELL,2476.86822559,0.0000159988
0x55555cfddd37d8d82e06e0de90da9366ca3e31e8,50922927,SELL,2476.89317413,0.0005292299
0x55555cfddd37d8d82e06e0de90da9366ca3e31e8,50922928,SELL,2476.89233097,0.0000507091
0x55555cfddd37d8d82e06e0de90da9366ca3e31e8,50922928,SELL,2476.89395224,0.0003413735
0x55555cfddd37d8d82e06e0de90da9366ca3e31e8,50922928,SELL,2476.88503763,0.0000656922
0x55555cfddd37d8d82e06e0de90da9366ca3e31e8,50922929,SELL,2476.88529319,0.0000267295
0xd83e60d273fd0cb3b05c2611db940fecb7b6ca64,50922930,BUY,2479.37683848,0.0000562770
0xdf19dcf87ee2c5675f60b66cd49c69c5a8ff38c5,50922935,BUY,2479.37337237,0.0033235539
0xf48596a808f4f67cbf8fc633ad688e32079ece7b,50922935,BUY,2479.37414975,0.0036409003
0x1d578ba0ec858cced790540e703bfa5585684299,50922939,BUY,2479.37587257,0.0001676031
0x824abda7e8bfcf47c543761c50bc7bf6756deda9,50922940,BUY,2479.37931088,0.0001462523
0xd83e60d273fd0cb3b05c2611db940fecb7b6ca64,50922941,BUY,2479.38192064,0.0000858057
0xc27a2b4bd5b374c3cb3c711e17901628824f8258,50922941,BUY,2479.39008111,0.0000318687
0x501ef174b66883ba40f92e6fb24bfb49331d4d4c,50922942,SELL,2476.89573996,0.0001211193
0x54e2acab04c89a3fe02852bf8dd69ee8f526bc75,50922943,SELL,2476.89573996,0.0001211193
0x54e2acab04c89a3fe02852bf8dd69ee8f526bc75,50922944,SELL,2476.89573996,0.0001211193
0x76caac8676f0c1a4eef68a55aad2f33a51b9dd48,50922946,SELL,2476.89444444,0.0099000000
0xe0c10112aa1b8676c1383cb6ec203be38eec3daa,50922952,SELL,2476.89267252,0.0039084919
0xc62fd5289f9b4067360b9abf9d7a24b031ed1e2a,50922953,BUY,2479.37346561,0.0193101558
0x53ce40e24b74faa3f235c2d8d201559c0f449914,50922953,SELL,2476.89709325,0.0009346892
0xf73f9dca822bb85806462f38d88026576a26cd47,50922960,SELL,2476.89620436,0.0051490890
0xe981d32a216fc8f302c55916e094d527e7cd3535,50922961,SELL,2476.89515851,0.0035581441
0xd83e60d273fd0cb3b05c2611db940fecb7b6ca64,50922964,BUY,2479.37806604,0.0000650970
0x05854d0c70d2f696fb3d9c0863100956b795e2ff,50922966,BUY,2479.37863340,0.0393391823
0xb76455d6a7759cb4ea5bdfb1e940c6a15def4708,50922967,BUY,2479.38420522,0.0026835514
0x964d83cb6b45727a55f30931472ccccef014a1e6,50922967,BUY,2480.22725632,0.0000009604
0x4003a42a8d1c0cd24a3e4f742c1fc78105b0139a,50922967,BUY,2479.48831442,0.0000044658
0x1278c1e48e3c9548a5d9f2b16dc27ed311b0697c,50922968,SELL,2476.90386441,0.0001211194
0x3675abef47fd08915031a1f924cb7f253df51278,50922968,SELL,2476.90314107,0.0001931969
0xeee2ed5d5699a78cef90e7245bb92468ccd8702c,50922968,BUY,2479.39519459,0.0824165480
0x50f5ea2395c7086d2e0504c0860365495fac8ad0,50922968,BUY,2479.41876512,0.0974843332
0x00ecc3b50bbb10383faaa194ffaec7eb9aac2d7f,50922968,BUY,2479.43882779,0.0557166253
0x54e2acab04c89a3fe02852bf8dd69ee8f526bc75,50922969,SELL,2476.96165864,0.0001211194
0x501ef174b66883ba40f92e6fb24bfb49331d4d4c,50922969,SELL,2476.96165864,0.0001211194
0x63433977cab688b8b40fbea13f46832ec18ddc5f,50922972,BUY,2479.47248178,0.2016557972
0xfd91e99611bb123210766315fa50166677b87f26,50922972,SELL,2477.01967685,0.0026351959
0xc27a2b4bd5b374c3cb3c711e17901628824f8258,50922972,BUY,2479.50794291,0.0000312130
0x212ac7be36849011a69ac882a449863091b091a7,50922972,BUY,2479.49886626,0.0036373302
0x824abda7e8bfcf47c543761c50bc7bf6756deda9,50922975,BUY,2479.49922779,0.0002121348
0x65a06e2670ecb6c47af1aeac96dda8f7d2972bb9,50922975,BUY,2479.50042053,0.0004456499
0xd83e60d273fd0cb3b05c2611db940fecb7b6ca64,50922975,BUY,2479.50031236,0.0063788292
0x9666f2a2b32faf6be24b3b6b9a4162bdc4890e76,50922975,BUY,2479.50163507,0.0013078548
0x0c49881ee8b4c760b51d3c2f3af5cec9473a9047,50922975,BUY,2479.50180391,0.0028867130
0xc27a2b4bd5b374c3cb3c711e17901628824f8258,50922979,BUY,2479.50604352,0.0000723664
0xa9071aa0965ec14a0d1c42ae0c7871e0ba20ea53,50922979,BUY,2479.50286829,0.0054526160
0xc27a2b4bd5b374c3cb3c711e17901628824f8258,50922981,BUY,2479.50962095,0.0000473590
0xb30549b3cf21f944456bf21ba8d08c560f75c73c,50922986,BUY,2479.50373996,0.0011849048
0x99a001824a6eaa9a8689b3167e420b8c94bf92e4,50922989,SELL,2477.02452568,0.0013703033
0xa761c47da00486e1cf4667c01d39a65917621f25,50922999,BUY,2479.50911583,0.0424858305
0x8717eb43559b28eee1fbf46a4316463838439fdc,50923001,SELL,2477.03492553,0.0058410000
0xcde71402995a4fda77b76c14545fae3ce84925d1,50923001,BUY,2479.51704045,0.0298234425
0xbde7579b12e1b1d9a09d5d58640e36b5fe8c99c6,50923011,BUY,2479.52166089,0.0054736340
0xee1b93f6b630851a37d15dbe604482a9b39a8ebb,50923014,BUY,2479.52298897,0.0034905601
0xc27a2b4bd5b374c3cb3c711e17901628824f8258,50923015,BUY,2479.52720227,0.0001825275
0xeb9f320a934e6ba0025a0d9a20caac12b21a7d17,50923015,SELL,2477.04315886,0.0003985740
0xf265ab17ff7264f3673a64b738510c84cbccabd5,50923018,BUY,2479.52346800,0.0017745345
0xe3530e6b13427790663f0eaa726d924b8c95e44c,50923022,BUY,2479.52448037,0.0056234633
0xecca0eab42bcdc7823a10d4562c4d918a404948b,50923025,BUY,2479.52601646,0.0012374611
0xf360c2c99c74b9f8c2a8e717b2739f04cc5023a5,50923025,BUY,2479.52576267,0.0007718202
0x845b247ead57cf07f823c94fd3ac3a5361d81755,50923025,BUY,2479.92610061,0.0000018291
0x88776fbd991c76aae24e12da906e47fc8be7aab2,50923027,BUY,2479.52609584,0.0010290132
0x0dfa768499c331acbd6df31887eca6f5860fbd6f,50923027,BUY,2479.52654588,0.0004692501
0x9972f4c1e53b5eeb9e2630a7dddb5d5bfbcac451,50923027,BUY,2479.52892389,0.0003428438
0x562edae3245a653adc69f73d23a62e229ebad76e,50923035,BUY,2479.52682537,0.0010046171
0x0a3570924483d24336abb44136ab7816854ad444,50923038,BUY,2479.57768707,0.3910911144
0x0f26b8f936ddb85ba2ebac1ec4b6fb55c4efef79,50923038,BUY,2479.62982949,0.0009705049
0x958a9df69ff12635008c3f10d1a1794f869b48b9,50923038,BUY,2479.63031340,0.0082161695
0xe2f7696f0381d227b527f599ddaa7b51c34619bb,50923042,BUY,2479.63993162,0.0656248232
0x089ca20f31c5b1e46b1686188a57243075ae399b,50923044,BUY,2479.64906707,0.0035511017
0x12c51473ecec31920552b2cefc96f7c3ccf1dacd,50923052,BUY,2479.66487987,0.1176819490
0x313247b46e6ed874dcbd3bd47a343c3914a3e7fe,50923052,BUY,2479.71107392,0.2348627282
0x1f421bce684b0a7cd2926744a6edc7eddcb048b4,50923053,BUY,2479.77890967,0.2828538356
0xd83e60d273fd0cb3b05c2611db940fecb7b6ca64,50923054,BUY,2479.82344167,0.0000593248
0x12c51473ecec31920552b2cefc96f7c3ccf1dacd,50923055,BUY,2479.84551343,0.2253111591
0xb17a25250a727c2a7ba11578adfc5bfa53c01a4c,50923056,BUY,2479.87848359,0.0261168652
0x21b403d22da1a9fa82112393298416f6be86028b,50923059,BUY,2479.90016011,0.1394885526
0x58e7ca15b7ad6af451a455697f1f9acdba27cc98,50923067,SELL,2477.43839340,0.0015970912
0xa6095e4033c8808a6d33b264e4e96b802e10a398,50923071,BUY,2479.92066168,0.0201619353
0x12c51473ecec31920552b2cefc96f7c3ccf1dacd,50923071,BUY,2479.98998301,0.5088157140
0x12c51473ecec31920552b2cefc96f7c3ccf1dacd,50923072,BUY,2480.07006769,0.1022720609
0x54e2acab04c89a3fe02852bf8dd69ee8f526bc75,50923074,BUY,2480.08859490,0.0389439314
0xcb634834e0c57c03c7f56539c04d7412131d7e81,50923080,SELL,2477.61092000,0.0250000000
0x9734dcb3d51526a90cb6bedf16bcd241dbd5da50,50923090,BUY,2480.08784123,0.0051480475
0x58e7ca15b7ad6af451a455697f1f9acdba27cc98,50923096,SELL,2477.60863747,0.0016017691
0x7eff5bca40d89e6356e05e1925d68a52dceda8fb,50923097,SELL,2477.60727273,0.0099000000
0x709a34e31792302780019c8da9eafaf9c2ae4c51,50923101,BUY,2480.08623230,0.0017137065
0x13701f58031e900030fc78ffec9395c147df8275,50923109,BUY,2480.08712791,0.0088719024
0x8d29acc0615f096380c4f9a3d578b1fb4c3a0917,50923112,BUY,2480.08893432,0.0002949947
0x709a34e31792302780019c8da9eafaf9c2ae4c51,50923127,BUY,2480.08933013,0.0068119954
0x9c08584327cb1ba8f58398d108f2262a314a2328,50923129,BUY,2480.09148884,0.0098286959
0x9c08584327cb1ba8f58398d108f2262a314a2328,50923129,BUY,2480.09334342,0.0040776433
0x19a2a35caa9e4526a959f02268c04e9ca5de13e0,50923134,BUY,2480.09419815,0.0015141506
0x824abda7e8bfcf47c543761c50bc7bf6756deda9,50923135,BUY,2480.10987592,0.0000493720
0xd515f81b40c0e63d99d50099d9b4610a3606a818,50923143,BUY,2480.09597732,0.0134012108
0xe53be01d66948a134934e70882c0099f23f42dea,50923146,SELL,2477.60855651,0.0735888571
0x501ef174b66883ba40f92e6fb24bfb49331d4d4c,50923164,BUY,2480.07971129,0.0100762890
0x54e2acab04c89a3fe02852bf8dd69ee8f526bc75,50923164,SELL,2477.59892602,0.0000484340
0xc91ae7afe3cee47c0a26e08fdaaa4dc528624c2a,50923177,BUY,2480.08137181,0.0023869418
0x0644ef1801ef675a207a9f2cc50aaa7010e86424,50923180,SELL,2477.58524626,0.1293823886
0xc27a2b4bd5b374c3cb3c711e17901628824f8258,50923180,BUY,2480.05620883,0.0000312380
0x3675abef47fd08915031a1f924cb7f253df51278,50923180,SELL,2477.56757873,0.0055374708
0x824abda7e8bfcf47c543761c50bc7bf6756deda9,50923180,BUY,2480.04689660,0.0017534902
0xd40e89f1b04bcc38f07180dbd38de14c81ec14f9,50923184,BUY,2480.04728021,0.0018769783
0x378303fac5d1903f55544b18d7dad9230d00c4e8,50923184,BUY,2480.04761541,0.0012086542
0x780fd6ae29141d2f96f7343e376dbb4273aa1a19,50923196,SELL,2477.56795844,0.0014453141
0x9126cfbbfddbc91484797ead1298201b3128e6c6,50923207,BUY,2480.04868949,0.0001659290
0xecca0eab42bcdc7823a10d4562c4d918a404948b,50923207,BUY,2480.06591281,0.0000492576
0x0000208d547a446ba9059cbb2cfcfbaead7d3fa3,50923210,SELL,2477.53730749,0.2332197769
0x31f1bfa17f1004c477526ae07f3b0581639c3b82,50923210,SELL,2477.50495811,0.0139972527
0xa9ee6837d3bb313d742ed2fe9b21ce160bc8cfd2,50923210,SELL,2477.50290860,0.0016655012
0x324f94e3877a8847f398caa6105a055f0f390221,50923210,SELL,2477.50237699,0.0023971715
0x05e1a4cc6bfd48202b44e60d23a5afb139952ed0,50923210,SELL,2477.50195717,0.0008112103
0x05e1a4cc6bfd48202b44e60d23a5afb139952ed0,50923210,SELL,2477.49148589,0.0792128260
0x09d908802a83f1246fdb45119016369c76e0dfa5,50923210,SELL,2477.45868817,0.1714384555
0x09d908802a83f1246fdb45119016369c76e0dfa5,50923210,SELL,2477.43211824,0.0316210864
0x56360a4e7bf90d870e452b8b6f9b235846125b7f,50923210,BUY,2479.90998598,0.0204598124
0xe2f7696f0381d227b527f599ddaa7b51c34619bb,50923213,SELL,2477.43279624,0.0030752370
0xd179476ebc35ab070d25b517c5dcfd471558b3a5,50923230,BUY,2479.91227154,0.0014183002
0xc0ffee2d423e04e42a02018b71455753878d9de2,50923230,BUY,2480.05243357,0.0000065208
0x9862478d2795e7e174958b567b010108a803f956,50923250,BUY,2479.91224460,0.0003548513
0xc91ae7afe3cee47c0a26e08fdaaa4dc528624c2a,50923259,BUY,2479.91417948,0.0143213287
0x501ef174b66883ba40f92e6fb24bfb49331d4d4c,50923262,SELL,2477.43673262,0.0001210929
0xd179476ebc35ab070d25b517c5dcfd471558b3a5,50923264,BUY,2479.91951513,0.0001632569
0x5eed905e372bc0db8ed21a3db8beb3c72f398ed4,50923268,BUY,2479.92983389,0.1050935621
0xc27a2b4bd5b374c3cb3c711e17901628824f8258,50923280,BUY,2479.94485179,0.0008492378
0x501ef174b66883ba40f92e6fb24bfb49331d4d4c,50923292,BUY,2479.97220824,0.0000236527
0xecca0eab42bcdc7823a10d4562c4d918a404948b,50923295,BUY,2479.94954020,0.0001645711
0xc0ffee8cae1d4279e42fba7a6cafeb8e1401140f,50923297,BUY,2480.04537211,0.0000089454
0xc27a2b4bd5b374c3cb3c711e17901628824f8258,50923316,BUY,2479.96419615,0.0000285641
0x029611d759acbb43ad6c3a9ad0002e5dbe3b3540,50923316,SELL,2477.46412906,0.0030309040
0x54e2acab04c89a3fe02852bf8dd69ee8f526bc75,50923324,SELL,2477.46371663,0.0001210916
0xdd02d2122c60ea346079a25d46de762216abdeeb,50923339,SELL,2477.46352884,0.0007081965
0x0f965059354c011e3bfb33244e16b2af0c0ac851,50923341,BUY,2479.94681884,0.0281133734
0x5035f419b19ec2784b1563cae6754e27f6cf684a,50923344,SELL,2477.46525721,0.0451618826
0xa28669d95a6339da0b0216ae1683ef6f9edc2720,50923356,BUY,2479.93948713,0.0048259000
0xc27a2b4bd5b374c3cb3c711e17901628824f8258,50923356,BUY,2479.94326466,0.0001335172
0xa28669d95a6339da0b0216ae1683ef6f9edc2720,50923359,SELL,2477.45953404,0.0072373348
0x83681c14770b44361e21faf91d8325423365ea5c,50923360,BUY,2479.94473830,0.0000168431
0x05854d0c70d2f696fb3d9c0863100956b795e2ff,50923376,BUY,2479.98071544,0.3164137947
0x9f6a58630adc0fb929354300a3b4d3959263cfd7,50923379,SELL,2477.54222732,0.0023941352
0xf3fdd00dc929a195a0e1c79fe8326023191170e3,50923382,BUY,2480.02549744,0.0317491284
0x824abda7e8bfcf47c543761c50bc7bf6756deda9,50923385,BUY,2480.03194437,0.0000668108
0x3482d9a357ba687c57237ec1587e9f7484856f0e,50923393,BUY,2480.03051508,0.0058898287
0x3482d9a357ba687c57237ec1587e9f7484856f0e,50923393,BUY,2480.03805998,0.0000040100
0x6b29280048f1d870bf79f832941708b715ec71b6,50923407,BUY,2480.11996665,0.0000097834
0x7eff5bca40d89e6356e05e1925d68a52dceda8fb,50923417,SELL,2477.53882828,0.0990000000
0xd83e60d273fd0cb3b05c2611db940fecb7b6ca64,50923423,BUY,2480.01478151,0.0725117581
0xc746bd035fce528333ba4409d8dad1dfc953b224,50923423,BUY,2480.02824814,0.0002395582
0xd40e89f1b04bcc38f07180dbd38de14c81ec14f9,50923425,SELL,2477.54265358,0.0173926370
0xd40e89f1b04bcc38f07180dbd38de14c81ec14f9,50923425,SELL,2477.53732950,0.0232941673
0xe2d3d95fe50517bb969d16c890f04e2d8fb06df5,50923439,BUY,2480.01440262,0.0050206567
0x5ab7645710c78079ed9be4ec752ee2fe7676acaa,50923440,SELL,2477.53535354,0.0007920000
0x16d96c3289ba71024f028b38a8762f86aca1e327,50923442,BUY,2480.01559685,0.0046516260
0x5ab7645710c78079ed9be4ec752ee2fe7676acaa,50923443,SELL,2477.53010101,0.0099000000
0xee690b66ae7b57e2be694de1db3a37a5c211d69e,50923443,BUY,2480.06181585,0.0000046382
0x8fa3386ec2c1519f7b99dceb75271c2b09601645,50923444,BUY,2480.06666607,0.4501372984
0x6208ed4f2902a13dec4076d564791598ceb0820b,50923444,BUY,2480.16616992,0.3090859674
0x761ca4c2245dd32f5e5996631768caded87cb612,50923445,SELL,2477.71825185,0.0675000000
0x1363043b90cbc106a667b306e1e884645cda0803,50923447,BUY,2480.19649043,0.0632516587
0x2559f2c1172ab1fab2d1513fd93d261760609a2c,50923447,BUY,2480.25236456,0.3631216718
0xf2d1aff8a41cdef7e06c8443866124184c3ef527,50923447,BUY,2480.31370000,0.1048228210
0x14c63a8dd03bcaf32ed8eaa98a924b88a06a407e,50923447,BUY,2480.33383082,0.0487416401
0xfce111006218d6581b44b8c0b4e50f4026936f5a,50923448,BUY,2480.34105750,0.0003537566
0x000000c557fa9a96d66cd6371abde62d879d0e61,50923448,BUY,2480.34250243,0.0165724117
0x8fa3386ec2c1519f7b99dceb75271c2b09601645,50923448,BUY,2480.38462177,0.3049169566
0x47273b6a561be6b81e5007ae21166fecb6aca163,50923451,BUY,2480.42817414,0.0272304543
0xc27a2b4bd5b374c3cb3c711e17901628824f8258,50923451,BUY,2480.43243849,0.0009364903
0xd83e60d273fd0cb3b05c2611db940fecb7b6ca64,50923454,BUY,2480.45904985,0.0055831706
0x61b04c7e879d1efad0d4badaab72ad4daacadb52,50923455,BUY,2480.47918746,0.1487914754
0x58e7ca15b7ad6af451a455697f1f9acdba27cc98,50923455,SELL,2478.01806396,0.0011950478
0x7d97fc3830b1270fb230ce05af843cb7e195ec9f,50923460,SELL,2478.01337024,0.0389542043
0x1278c1e48e3c9548a5d9f2b16dc27ed311b0697c,50923460,SELL,2478.00313862,0.0001210664
0xe3db3f17d2803fae4864241ea02bb400aae0ee74,50923461,SELL,2478.00956753,0.0044293990
0xa28669d95a6339da0b0216ae1683ef6f9edc2720,50923462,SELL,2478.00800726,0.0035445519
0xc27a2b4bd5b374c3cb3c711e17901628824f8258,50923462,BUY,2480.48801575,0.0004384299
0x9689b11b77d799181612227e474af7da3f49a3e3,50923465,SELL,2477.99469697,0.0990000000
0xdaf7de4da68208b236673eaf6c6376a2571bd22b,50923465,BUY,2480.46225128,0.0001997757
0x6f00ca3af87bd880b9f12328554a5145c5c61791,50923465,BUY,2480.46199043,0.0009556962
0x924e6508bb63128085d658e5851cb86e99a80c91,50923467,BUY,2480.54303330,0.2177326258
0xb2edee1dc145624139fa361385c1e9845976f3a1,50923467,BUY,2480.57494238,0.0256641466
0xe209e0047731aa494289e1af9a0d03da19c5ef08,50923469,BUY,2480.58538080,0.0539507864
0xa366c8c033e78a735467f7a03fcfb1ef5d3a279b,50923469,BUY,2480.48167311,0.2774143556
0x56360a4e7bf90d870e452b8b6f9b235846125b7f,50923469,BUY,2480.52339621,0.0408525697
0xd1d33da7be07a3ca9ff009cc97641d493f6b8532,50923470,BUY,2480.53313466,0.0333424270
0xca61d89dc768739708e7ed62af19b14ea8eaf01b,50923471,BUY,2480.53804888,0.0024594825
0xdabe43dd061114f1593662f8230acf37d3966721,50923471,BUY,2480.56635730,0.2152452235
0xf9e83b90701a01786222fc12d75bcdb9f1506b76,50923473,BUY,2480.74455235,1.1439799097
0x68bad3aa65c03b964d4fb6a79be25760912fe031,50923473,BUY,2480.89546124,0.0059141202
0x4738d4b302a8b30f128b8fc148d430b45a4e3c04,50923473,BUY,2571.77888697,0.0000000109
0xfc907b9af1c07e0f0cbd408ce9551e3600878672,50923478,BUY,2481.17115771,0.0016666077
0xa5df55804c6c8075518c0144715c013bf3b6a277,50923479,SELL,2479.04672356,0.0028937228
0x5df1bc5ef8f26688704288b5567c90927774f2fa,50923479,BUY,2481.54421291,0.1289744492
0x824abda7e8bfcf47c543761c50bc7bf6756deda9,50923479,BUY,2481.56181538,0.0001554694
0x0b0a11eb62e7d24b8b5e64c73da2a4bc6d615e0f,50923483,BUY,2482.12074443,0.3088427200
0xd27da5611d03f6e4750cb2596afb0b2b5278b592,50923484,BUY,2482.21437662,0.4028660898
0xa5da9ba7145341b8cd48312824fe3b6f8c91e72a,50923489,BUY,2482.39521177,0.0020612161
0x0e55f2b0c720bfed82d0344d3d4e98c605a550d6,50923491,BUY,2482.67679631,0.1861102414
0xc88455b47d70ebd7b28ca8d4ddbffe5cc564d532,50923491,BUY,2482.70647267,0.0392323068
0x12c51473ecec31920552b2cefc96f7c3ccf1dacd,50923491,BUY,2482.89227653,0.3875126650
0x81d20b2c34d37e406659a80008723b4ea815717d,50923508,SELL,2480.45517172,0.0495000000
0xc2717dc0bdf61633331f97430caa30519fd0b665,50923508,BUY,2482.93154004,0.0036261117
0x845b247ead57cf07f823c94fd3ac3a5361d81755,50923516,BUY,2482.93541862,0.0001583823
0xf0523316cf23ef167d874fa030b2214280e38ee6,50923516,SELL,2480.44915688,0.0117300058
0x2d93c2f74b2c4697f9ea85d0450148aa45d4d5a2,50923520,SELL,2480.44561825,0.0157605878
0xb77c66e2ab93ff8a8a1b5b6245fa37b7e78e1cc4,50923521,SELL,2480.37910523,0.4903705419
0x67cc5cc94c31281390eb818b710be1659b93dc6e,50923521,BUY,2482.79830749,0.0106003218
0xc9d7dea7c9d72d86dd26d25a9463e9789a686adf,50923537,BUY,2482.79965729,0.0003544386
0xe3db3f17d2803fae4864241ea02bb400aae0ee74,50923551,SELL,2480.32752660,0.0088167029
0x048ef1062cbb39b338ac2685da72adf104b4cef5,50923552,SELL,2480.32615195,0.0004031724
0x5e250d294bc7dffbaa8213eb5d37b18c6994583f,50923557,SELL,2480.32575758,0.0019800000
0xaf7fe18b443ec5d175e908118276dd132ad371dc,50923557,SELL,2480.32561771,0.0009426145
0xbd99453b379b14194aeffb8a6d870f024562203f,50923558,SELL,2480.32539197,0.0007750923
0x76caac8676f0c1a4eef68a55aad2f33a51b9dd48,50923562,SELL,2480.32393939,0.0099000000
0x8778904661ef9cd987f9b2321a85d0f49352720d,50923564,SELL,2480.71198654,0.0004846859
0x73521a5bbfe586866295345b99962781fbc1345f,50923573,BUY,2483.19509393,0.0006891533
0x4b82847c82087ea19418bed079966810f64f39f4,50923580,BUY,2483.34085752,1.1103516220
0x487bb321b7151385096100c1322a43816c1d4bde,50923580,SELL,2480.97083714,0.2535925927
0x09a0a4ed5cab5ecb866edad469312742d1639a79,50923582,SELL,2480.83867178,0.7517807878
0xf04a2505afb967a1b4f43304e17994e94bdc13a1,50923586,SELL,2480.65609291,0.4251562500
0xf2d1aff8a41cdef7e06c8443866124184c3ef527,50923589,SELL,2480.38875051,0.0536169171
0x54e2acab04c89a3fe02852bf8dd69ee8f526bc75,50923590,BUY,2482.86936248,0.0000657671
0x54e2acab04c89a3fe02852bf8dd69ee8f526bc75,50923598,SELL,2480.38162897,0.0008063275
0x56f436e5b81d73b1595ba8684c1878895339a024,50923599,BUY,2482.86559529,0.0134991532
0x14c63a8dd03bcaf32ed8eaa98a924b88a06a407e,50923599,SELL,2480.38032323,0.0495000000
0xd1d33da7be07a3ca9ff009cc97641d493f6b8532,50923603,SELL,2480.36239425,0.0870263388
0xc9d7dea7c9d72d86dd26d25a9463e9789a686adf,50923604,BUY,2482.83321721,0.0003544338
0x286b2bc4f171bf8f31b386e625a4ca09b1f3708f,50923606,SELL,2480.28585061,0.4945279645
0xf2d1aff8a41cdef7e06c8443866124184c3ef527,50923611,SELL,2480.13394562,0.6614701314
0x313bf2519b7cd1f8d676684066bb758b60469a61,50923615,BUY,2482.52980965,0.0051528135
0x313bf2519b7cd1f8d676684066bb758b60469a61,50923615,BUY,2482.53074815,0.0020846686
0x9126cfbbfddbc91484797ead1298201b3128e6c6,50923616,BUY,2482.53129184,0.0006137079
0xc27a2b4bd5b374c3cb3c711e17901628824f8258,50923624,BUY,2482.53154604,0.0009293828
0x0dfa768499c331acbd6df31887eca6f5860fbd6f,50923627,BUY,2482.53209545,0.0004686820
0x9972f4c1e53b5eeb9e2630a7dddb5d5bfbcac451,50923627,BUY,2482.53208167,0.0003414784
0xf2d1aff8a41cdef7e06c8443866124184c3ef527,50923627,SELL,2480.03602803,0.1049677985
0x048ef1062cbb39b338ac2685da72adf104b4cef5,50923628,SELL,2480.02067701,0.0005645050
0x8bb820fe1f391a3906f2a7c7e0b9b1e69dd0fc50,50923632,SELL,2479.92165259,0.7708406397
0x5eed905e372bc0db8ed21a3db8beb3c72f398ed4,50923636,SELL,2479.80737374,0.0990000000
0xf7d84b35cbca1c274e585ca7cb8fc477545a2b88,50923648,BUY,2482.27656349,0.0090161215
0x54e2acab04c89a3fe02852bf8dd69ee8f526bc75,50923656,SELL,2479.79595683,0.0004032590
0xcf5412704264151768b4b7061162154c99718f7c,50923656,SELL,2479.79546628,0.0023870880
0x7e948e586dce6c40a2cecfdf19fcaf08c2e0338c,50923657,SELL,2479.79283918,0.0181549476
0xa28669d95a6339da0b0216ae1683ef6f9edc2720,50923657,SELL,2479.78976810,0.0056206805
0xa6b70dc9d6ed912f5a1d0359480d393badf2ec15,50923660,BUY,2482.27164455,0.0067159898
0x8717eb43559b28eee1fbf46a4316463838439fdc,50923661,SELL,2479.78939394,0.0099000000
0x1278c1e48e3c9548a5d9f2b16dc27ed311b0697c,50923663,SELL,2479.78649693,0.0004032601
0x1278c1e48e3c9548a5d9f2b16dc27ed311b0697c,50923664,SELL,2479.78710799,0.0068554244
0x93fa721696017391e94b83e86a477ba68d763cf3,50923669,SELL,2479.78619765,0.0006868068
0x1278c1e48e3c9548a5d9f2b16dc27ed311b0697c,50923669,SELL,2479.77387835,0.0000806521
0x048ef1062cbb39b338ac2685da72adf104b4cef5,50923670,SELL,2479.78375511,0.0004032606
0x54e2acab04c89a3fe02852bf8dd69ee8f526bc75,50923672,SELL,2479.78526215,0.0040326064
0x1278c1e48e3c9548a5d9f2b16dc27ed311b0697c,50923679,SELL,2479.78486775,0.0004032608
0x1278c1e48e3c9548a5d9f2b16dc27ed311b0697c,50923682,SELL,2479.78414297,0.0040326087
0x90dc5fd4ba0ee975a2f521204a6a57d6a93419ce,50923687,SELL,2479.78308860,0.0024111044
0x82663ef7738255df265f291ec623fd7b0b2d2823,50923688,BUY,2482.26551466,0.0049112365
0x1278c1e48e3c9548a5d9f2b16dc27ed311b0697c,50923696,SELL,2479.78414788,0.0020163045
0x54e2acab04c89a3fe02852bf8dd69ee8f526bc75,50923697,SELL,2479.78315597,0.0020163045
0x824abda7e8bfcf47c543761c50bc7bf6756deda9,50923697,BUY,2482.26540147,0.0030480153
0xa28669d95a6339da0b0216ae1683ef6f9edc2720,50923697,SELL,2479.78347745,0.0051534080
0xd83e60d273fd0cb3b05c2611db940fecb7b6ca64,50923722,BUY,2482.26254426,0.0001924611
0x76caac8676f0c1a4eef68a55aad2f33a51b9dd48,50923738,SELL,2479.78050505,0.0099000000
0x527064a2a834854e0cc5425691897e6713d42efa,50923742,SELL,2479.77761278,0.0116364600
0x54e2acab04c89a3fe02852bf8dd69ee8f526bc75,50923746,SELL,2479.76926422,0.0002016309
0xfbb81bca57f822f2c9c8dd97ba9ee3110d7de629,50923747,SELL,2479.77212121,0.0099000000
0x2b40229289cc22ccc482d086abb41ec762cc3f5b,50923751,BUY,2482.26517052,0.0000767968
0x501ef174b66883ba40f92e6fb24bfb49331d4d4c,50923752,SELL,2479.76631883,0.0001209787
0x54e2acab04c89a3fe02852bf8dd69ee8f526bc75,50923752,SELL,2479.77017143,0.0026333081
0x1278c1e48e3c9548a5d9f2b16dc27ed311b0697c,50923753,SELL,2479.76961460,0.0002016312
0xa971283289448b30188cec3f0e60ad92322e4970,50923756,SELL,2479.71488978,0.4190625000
0x83113a0febb6cf0627e2730fd96a5a0ebc361d30,50923757,SELL,2479.65898990,0.0049500000
0xf04a2505afb967a1b4f43304e17994e94bdc13a1,50923757,SELL,2479.63773536,0.1542187500
0xa5a5491bca93dd4c076e4906e79e7673f4a5a142,50923757,SELL,2479.60011996,0.1321170863
0xa971283289448b30188cec3f0e60ad92322e4970,50923759,SELL,2479.55179642,0.2357812500
0xd14602c85a25a4e520441c47a97a2c9da63ae1be,50923759,SELL,2479.49410507,0.2034375000
0x54d34bade44c3437082aac5d0a584111d867c0da,50923762,SELL,2479.46474747,0.0198000000
0x54d34bade44c3437082aac5d0a584111d867c0da,50923763,SELL,2479.45434343,0.0198000000
0xa971283289448b30188cec3f0e60ad92322e4970,50923764,SELL,2479.41736339,0.2620312500
0x1278c1e48e3c9548a5d9f2b16dc27ed311b0697c,50923766,SELL,2479.31126185,0.0001209945
0xc6411ca5a80deb7abc0827da82e2ddb9c906614a,50923771,SELL,2479.26383838,0.0099000000
0xf04a2505afb967a1b4f43304e17994e94bdc13a1,50923773,SELL,2479.16509630,0.7425000000
0xa971283289448b30188cec3f0e60ad92322e4970,50923773,SELL,2478.77751650,0.9581250000
0x88492ffacdc1e7d2b13e9953877a20f057609edf,50923773,SELL,2478.49276244,1.3255724280
0x048ef1062cbb39b338ac2685da72adf104b4cef5,50923773,SELL,2478.32844948,0.0020166310
0x078283958c29da645350237efc53389372064b99,50923774,BUY,2480.89937418,0.7331192510
0x6fc0ce28d7b077bd7ef13f63b4a8712b0aa759a9,50923774,SELL,2478.42231492,0.7074209324
0xf04a2505afb967a1b4f43304e17994e94bdc13a1,50923775,SELL,2477.89893699,3.5287499803
0xabe2474c9fde6f7da44eb578bf10cfeb5acf5f0a,50923775,SELL,2477.46237374,0.0039600000
0xfbb81bca57f822f2c9c8dd97ba9ee3110d7de629,50923777,SELL,2477.45959596,0.0198000000
0x501ef174b66883ba40f92e6fb24bfb49331d4d4c,50923778,SELL,2477.45608738,0.0088736104
0xc8b78e1264a8aba05579164303201d72abea1753,50923785,SELL,2477.42808999,0.2178000000
0x048ef1062cbb39b338ac2685da72adf104b4cef5,50923786,SELL,2477.40090783,0.0016145602
0x2d95d735aedc8817f39c7e7631d3258bf033392b,50923794,BUY,2479.88356888,0.0000699670
0x048ef1062cbb39b338ac2685da72adf104b4cef5,50923794,BUY,2479.88098261,0.0064416644
0xe5695a90719bb83a37c91088559fe4cc30aa6853,50923795,SELL,2477.40111111,0.0099000000
0xbea39fe72b47a4087e3259a6605a82b729817550,50923797,SELL,2477.39900000,0.0010000000
0xdbe8bfdbaad4bb91d8bbade3591ed700a883cdf0,50923797,SELL,2477.39838384,0.0099000000
0x5ab7645710c78079ed9be4ec752ee2fe7676acaa,50923801,SELL,2477.39646465,0.0007920000
0x123b9b8aaee4f5ae4bd993e35093eefcc7d5eefc,50923811,SELL,2477.38369248,0.0891000000
0x7a2363a401b2340c7941dd2eeff0196a5078d2e6,50923811,SELL,2477.36168350,0.0891000000
0x1278c1e48e3c9548a5d9f2b16dc27ed311b0697c,50923811,BUY,2479.83052719,0.0018535658
0x2dba23d5050f45c5540682e962ca0ed619f171e0,50923822,SELL,2477.02923232,0.0495000000
0xfbb81bca57f822f2c9c8dd97ba9ee3110d7de629,50923822,SELL,2477.01818182,0.0099000000
0xf04a2505afb967a1b4f43304e17994e94bdc13a1,50923824,SELL,2476.80478544,1.3050000000
0xa971283289448b30188cec3f0e60ad92322e4970,50923824,SELL,2476.57592895,0.5489062500
0x048ef1062cbb39b338ac2685da72adf104b4cef5,50923825,SELL,2476.16165334,0.0018568489
0xabe2474c9fde6f7da44eb578bf10cfeb5acf5f0a,50923831,SELL,2476.15626857,0.0033660000
0x8c9277158dd4647cf6cc9b9fe21f78ae25fe42c9,50923834,SELL,2476.10501597,0.4134295486
0xe1181121ac3258d3c0a48ae5e93a4a78297d828a,50923837,SELL,2476.05156566,0.0198000000
0xd14602c85a25a4e520441c47a97a2c9da63ae1be,50923839,SELL,2476.00402598,0.3656250000
0xb21c1f3429de13abdc5095132ba8e92c94d6614d,50923840,SELL,2475.85608725,0.8337130198
0x0b3730126d940bdd9d30c3ef9d8d0e7d9d5742c4,50923840,SELL,2475.69682380,0.4575360400
0x7a2363a401b2340c7941dd2eeff0196a5078d2e6,50923841,SELL,2475.61597475,0.1980000000
0xa971283289448b30188cec3f0e60ad92322e4970,50923842,SELL,2475.37814921,0.1936728900
0x8fa3386ec2c1519f7b99dceb75271c2b09601645,50923844,SELL,2475.10636238,0.6057515858
0xf04a2505afb967a1b4f43304e17994e94bdc13a1,50923844,SELL,2475.00197769,0.2409375000
0xd3a322d12b83df724163131fd5c1d35a9a9b029e,50923846,SELL,2474.82265468,0.2315215431
0xbf2913b6cec8e955c0d42afd35441547b0a9bbb1,50923846,SELL,2474.73769382,0.4577408300
0x824abda7e8bfcf47c543761c50bc7bf6756deda9,50923847,BUY,2477.17887324,0.0000357507
0x1278c1e48e3c9548a5d9f2b16dc27ed311b0697c,50923855,SELL,2474.67967819,0.0004040923
0x501ef174b66883ba40f92e6fb24bfb49331d4d4c,50923863,SELL,2474.68205824,0.0001212277
0x501ef174b66883ba40f92e6fb24bfb49331d4d4c,50923877,BUY,2477.16379192,0.0017031837
0x501ef174b66883ba40f92e6fb24bfb49331d4d4c,50923888,SELL,2474.68697292,0.0017052662
0xe8e4eb3fe4a93b45ddc4589abdd8f8e006d0533d,50923890,SELL,2474.66235354,0.1980000000
0x0841a1262b83cc1db81799bf08f5ab61d636d2c8,50923903,BUY,2477.11511198,0.0005471478
0xe5695a90719bb83a37c91088559fe4cc30aa6853,50923905,SELL,2474.63560606,0.0198000000
0x0000208d547a446ba9059cbb2cfcfbaead7d3fa3,50923906,BUY,2477.11258172,0.0003107146
0x6208ed4f2902a13dec4076d564791598ceb0820b,50923907,SELL,2474.52933203,0.8434879300
0xd59a679e7f509062556288c6cd2be55afb7305a9,50923907,SELL,2474.40095634,0.1982414684
0x1587874ff71aca687624ba7908498287ffd8bb49,50923910,SELL,2474.18995279,0.8436036100
0xf04a2505afb967a1b4f43304e17994e94bdc13a1,50923910,SELL,2474.08043035,0.0451463900
0x2d59a36e8e4aebe3a1f6ae06efe8855cecfbe0ce,50923913,BUY,2476.54648874,0.2187139993
0xb41f8bcfc2368a42fda38e6954ad0387224173b9,50923913,SELL,2474.09580904,0.0135377967
0xa28669d95a6339da0b0216ae1683ef6f9edc2720,50923913,SELL,2474.09334451,0.0068133529
0x2d59a36e8e4aebe3a1f6ae06efe8855cecfbe0ce,50923915,SELL,2473.98658586,0.1980000000
0xa96ba57656cb97944b5d05c567dc8fed7d57fcc0,50923925,SELL,2473.96159596,0.0495000000
0xa971283289448b30188cec3f0e60ad92322e4970,50923927,SELL,2473.92905456,0.2167968750
0x501ef174b66883ba40f92e6fb24bfb49331d4d4c,50923939,BUY,2476.37885900,0.0007418170
0x02051794abbdeb3dcbaa5c3a126db1af40fd156b,50923947,BUY,2476.51778695,0.9283270518
0xd0d0503f5e5247bce89c91aed609ff852c5e41a0,50923948,BUY,2476.63409379,0.0005378635
0x1773c961caff0b9a98509f553a0f07bd4055b2b6,50923954,BUY,2476.65940174,0.0083019825
0x907e78aaa743a15092a653de63604ebf6d88a589,50923955,SELL,2474.18377255,0.0039009960
0xcb586c2c71064d89139eec7b484ce5cabce9dc43,50923958,BUY,2476.81650684,0.4621592467
0xf04a2505afb967a1b4f43304e17994e94bdc13a1,50923962,BUY,2476.92737216,0.4279809913
0x05854d0c70d2f696fb3d9c0863100956b795e2ff,50923963,BUY,2477.05161540,0.0561492789
0x4ee338d1cf81adbbbded4246e0ddd8dbfdbf4315,50923964,SELL,2475.26119425,0.0099150203
0x5f3aeca25ff3e87fc0cc1e1b711f579f950428cb,50923969,SELL,2475.24866925,0.0790090852
0x048ef1062cbb39b338ac2685da72adf104b4cef5,50923993,BUY,2477.75094716,0.1581017162
0x54e2acab04c89a3fe02852bf8dd69ee8f526bc75,50923998,BUY,2477.77711206,0.0001156133
0xe3291fe15fcfd0bc290f44e39770e1610f14095f,50924015,BUY,2477.76641356,0.0057611460
0x6abea4998f9ef34ee1cda5715ccca0e4d4efb730,50924038,BUY,2477.76813766,0.0086792443
0x95773c1f40b82dd8d0529471f6a6016fdfe990aa,50924039,SELL,2475.29000000,0.0001000000
0x501ef174b66883ba40f92e6fb24bfb49331d4d4c,50924042,BUY,2477.80422196,0.0010507408
0x1278c1e48e3c9548a5d9f2b16dc27ed311b0697c,50924045,BUY,2477.80441103,0.0003502423
0xd14602c85a25a4e520441c47a97a2c9da63ae1be,50924049,BUY,2477.88381159,0.6450275378
0x12c51473ecec31920552b2cefc96f7c3ccf1dacd,50924058,BUY,2478.00880586,0.1913288540
0x1278c1e48e3c9548a5d9f2b16dc27ed311b0697c,50924080,SELL,2475.55494487,0.0001535009
0xa971283289448b30188cec3f0e60ad92322e4970,50924082,BUY,2478.06665736,0.2871156669
0x05854d0c70d2f696fb3d9c0863100956b795e2ff,50924084,BUY,2478.10262553,0.0037340895
0xf834e5f8c7be7960dc15c1629963fba01e3921b8,50924087,BUY,2478.10370687,0.0038998965
0xdbe8bfdbaad4bb91d8bbade3591ed700a883cdf0,50924088,BUY,2478.10930966,0.0431228092
0x6512306283ce0236b703d39a8e697acb20fff828,50924088,SELL,2475.63636364,0.0000990000
0xd1d33da7be07a3ca9ff009cc97641d493f6b8532,50924091,BUY,2478.11568495,0.0067604822
0x1278c1e48e3c9548a5d9f2b16dc27ed311b0697c,50924093,SELL,2475.63705785,0.0001534958
0x3fa2f4d9463b516e835ff2d8c3b04663a35830e5,50924098,BUY,2478.12548707,0.0096662672
0xcf5412704264151768b4b7061162154c99718f7c,50924105,BUY,2478.16700055,0.0019362731
0x501ef174b66883ba40f92e6fb24bfb49331d4d4c,50924106,SELL,2475.68878453,0.0001534926
0x67cc5cc94c31281390eb818b710be1659b93dc6e,50924115,BUY,2478.16803947,0.0097158149
0x824abda7e8bfcf47c543761c50bc7bf6756deda9,50924115,BUY,2478.16986310,0.0035439314
0x824abda7e8bfcf47c543761c50bc7bf6756deda9,50924116,BUY,2478.17068102,0.0004880519
0xee690b66ae7b57e2be694de1db3a37a5c211d69e,50924116,BUY,2478.17725283,0.0000625940
0x13c2d2571a5751d92c31c0f91e29a401418b4b25,50924119,BUY,2478.27485927,0.0000066978
0x14adbc7ea094914aa9d9de96b7832915ffefe5f3,50924120,BUY,2478.26545104,0.0000089934
0x048ef1062cbb39b338ac2685da72adf104b4cef5,50924124,BUY,2478.17173656,0.0039725229
0xc27a2b4bd5b374c3cb3c711e17901628824f8258,50924126,BUY,2478.17318982,0.0007362100
0x54e2acab04c89a3fe02852bf8dd69ee8f526bc75,50924130,SELL,2475.69410971,0.0010258396
0xd83e60d273fd0cb3b05c2611db940fecb7b6ca64,50924130,BUY,2478.17357921,0.0002281273
0xc27a2b4bd5b374c3cb3c711e17901628824f8258,50924132,BUY,2478.17858761,0.0000392643
0x5ab7645710c78079ed9be4ec752ee2fe7676acaa,50924136,SELL,2475.69090909,0.0099000000
0x47273b6a561be6b81e5007ae21166fecb6aca163,50924137,SELL,2475.68727273,0.0198000000
0xfcab913452d4f7daa6fa7b09e5cf246cdaf62c8f,50924138,SELL,2475.64550529,0.2994924784
0xa971283289448b30188cec3f0e60ad92322e4970,50924138,SELL,2475.58384566,0.2008593750
0xa971283289448b30188cec3f0e60ad92322e4970,50924138,SELL,2475.48180887,0.6271875000
0x8bb3e054536e730867eb78151a7ac726d2142182,50924141,SELL,2475.29214623,0.1088637458
0xf04a2505afb967a1b4f43304e17994e94bdc13a1,50924141,SELL,2475.20984051,0.5592187500
0xd14602c85a25a4e520441c47a97a2c9da63ae1be,50924141,SELL,2475.11992381,0.1706250000
0xa971283289448b30188cec3f0e60ad92322e4970,50924142,SELL,2475.03336129,0.5320312500
0xd83e60d273fd0cb3b05c2611db940fecb7b6ca64,50924142,BUY,2477.45265166,0.0000753980
0x048ef1062cbb39b338ac2685da72adf104b4cef5,50924142,BUY,2477.46457918,0.0000436983
0xce1a1b1881ba114bca2781a18f41e7d715dbb11c,50924143,SELL,2474.84726332,0.9789672118
0x1278c1e48e3c9548a5d9f2b16dc27ed311b0697c,50924144,SELL,2474.72609656,0.0001777558
0x048ef1062cbb39b338ac2685da72adf104b4cef5,50924146,SELL,2474.72630173,0.0008080486
0x052e7dc50ebf38560d1041bf1ba5d4a00a0c83ca,50924151,SELL,2474.71578973,0.0864457369
0x824abda7e8bfcf47c543761c50bc7bf6756deda9,50924151,BUY,2477.18800511,0.0000377545
0x789f3ad0c526fd54056fe32dba6dd8476de3f252,50924157,SELL,2474.71032900,0.0037958580
0x84bc011ea32ec24aa72961d8d32c8773b95eedfd,50924173,SELL,2474.70803271,0.0020790000
0x824abda7e8bfcf47c543761c50bc7bf6756deda9,50924174,BUY,2477.18530039,0.0029133791
0xe756fc75048de1553453afa4c30cfee0da23940d,50924174,BUY,2477.18732413,0.0000064497
0xc8b78e1264a8aba05579164303201d72abea1753,50924174,SELL,2474.68214876,0.2178000000
0xd83e60d273fd0cb3b05c2611db940fecb7b6ca64,50924174,BUY,2477.13353984,0.0002039922
0x6f00ca3af87bd880b9f12328554a5145c5c61791,50924175,BUY,2477.13241999,0.0007594806
0x824abda7e8bfcf47c543761c50bc7bf6756deda9,50924182,BUY,2477.14373001,0.0000407929
0x2f9d9a39d4be08a44992c09a72284b3e534bd7d4,50924182,SELL,2474.65459432,0.0070033378
0xa973e45617586afbe91755a54a290890ecadf741,50924186,SELL,2474.63690405,0.1306404000
0xc27a2b4bd5b374c3cb3c711e17901628824f8258,50924186,BUY,2477.09740237,0.0003310144
0xdfc3dd8e3351caaa2c9d9b8135fdbec4118ef284,50924194,SELL,2474.68525253,0.0099000000
0x83681c14770b44361e21faf91d8325423365ea5c,50924195,SELL,2474.67794768,0.0000383254
0x527064a2a834854e0cc5425691897e6713d42efa,50924198,SELL,2474.68355817,0.0005475888
0x824abda7e8bfcf47c543761c50bc7bf6756deda9,50924198,BUY,2477.16704308,0.0000473852
0x8095640e015907710e085b68718c59a6202c4335,50924198,BUY,2477.28758344,0.0000036613
0x1278c1e48e3c9548a5d9f2b16dc27ed311b0697c,50924202,BUY,2477.16151087,0.0080737570
0x54e2acab04c89a3fe02852bf8dd69ee8f526bc75,50924206,BUY,2477.16389663,0.0006444111
0xeeefe5a6f39ef2b472c7b441ba7ba693a4d148c0,50924208,SELL,2474.68484848,0.0099000000
0x29981e70da1da89920aedc738ce9dfa13c415819,50924209,SELL,2474.60036164,0.6765344417
0xa971283289448b30188cec3f0e60ad92322e4970,50924211,SELL,2474.04267280,0.4893750000
0xd83e60d273fd0cb3b05c2611db940fecb7b6ca64,50924212,BUY,2476.45865435,0.0011336470
0x2b40229289cc22ccc482d086abb41ec762cc3f5b,50924212,BUY,2480.31335926,0.0000001963
0x1278c1e48e3c9548a5d9f2b16dc27ed311b0697c,50924214,SELL,2473.98125150,0.0006273087
0xb9f554fb5c5c9de3269c98efb9463f7b4220db0d,50924215,BUY,2476.45898712,0.0032541266
0xd83e60d273fd0cb3b05c2611db940fecb7b6ca64,50924224,BUY,2476.46406645,0.0001536497
0xc27a2b4bd5b374c3cb3c711e17901628824f8258,50924226,BUY,2476.46098276,0.0000975828
0x2495fa336905e8649cf0cad1296e71a52ea410db,50924226,SELL,2473.98271776,0.0050560875
0x88776fbd991c76aae24e12da906e47fc8be7aab2,50924227,BUY,2476.45828893,0.0010691389
0x9972f4c1e53b5eeb9e2630a7dddb5d5bfbcac451,50924227,BUY,2476.46100941,0.0003562192
0x297773a41e7ece247dbf1f01ea99863924a76a0f,50924231,SELL,2473.90674846,0.6168679114
0x6dcf474f0317cb2460077dcfbd5033270a8418e7,50924231,SELL,2473.73054806,0.8486512258
0xa9904173954bec4acfe0516a4bb3ce00a58de779,50924231,SELL,2473.58768965,0.3757969555
0x8fa3386ec2c1519f7b99dceb75271c2b09601645,50924231,SELL,2473.41093922,1.1403871788
0x9d18d8333b7a7ed78163191b8091aad2e165ea33,50924231,SELL,2473.24751044,0.2616045601
0x52652cc02ec71e8565a70e82f66b1066cf0152f2,50924240,BUY,2475.69552150,0.0292674553
0x31581cef042bc136317a85129dba679b9514471e,50924241,BUY,2475.69942780,0.0015732928
0xd83e60d273fd0cb3b05c2611db940fecb7b6ca64,50924246,BUY,2475.69961999,0.0021713793
0xc27a2b4bd5b374c3cb3c711e17901628824f8258,50924246,BUY,2475.70035392,0.0004481766
0xfbb81bca57f822f2c9c8dd97ba9ee3110d7de629,50924248,SELL,2473.22363636,0.0099000000
0x501ef174b66883ba40f92e6fb24bfb49331d4d4c,50924249,BUY,2475.76415435,0.0000122661
0x13c2d2571a5751d92c31c0f91e29a401418b4b25,50924252,BUY,2475.65893834,0.0046215251
0x0f26b8f936ddb85ba2ebac1ec4b6fb55c4efef79,50924257,BUY,2475.66075458,0.0022860866
0xc27a2b4bd5b374c3cb3c711e17901628824f8258,50924257,BUY,2475.67354427,0.0000503822
0x01c1816b1a7ed9a77180d46a8fefdf2e0cf97e9f,50924259,BUY,2476.01857655,3.0602083420
0xc0ffee722c49a8c105b0d38d32d374eb6ea1321b,50924259,BUY,2476.40931204,0.0000126320
0xc2717dc0bdf61633331f97430caa30519fd0b665,50924261,BUY,2476.38184862,0.0007641818
0x501ef174b66883ba40f92e6fb24bfb49331d4d4c,50924272,BUY,2476.38024519,0.0011317422
0x55905aff4bb3e96e222eda480dfce842f4e310d0,50924275,SELL,2473.90342089,0.0017368560
0x025a9c987abc1d04f15335e0d2f8dde3e246a7ae,50924280,BUY,2476.38558223,0.0500917752
0x83681c14770b44361e21faf91d8325423365ea5c,50924292,SELL,2474.01281124,0.0000700643
0x46565eedb0bb948ae787dd105cce300f736da28e,50924293,BUY,2476.50721572,0.1025349825
0xd83e60d273fd0cb3b05c2611db940fecb7b6ca64,50924294,BUY,2476.52093077,0.0002259303
0xcf5412704264151768b4b7061162154c99718f7c,50924295,SELL,2474.04337205,0.0029683170
0x455f36a418f4d297ba596c5aa48fb05567bd67ad,50924298,SELL,2474.01890404,0.1980000000
0xeb9c1a1443f3d4a2c5a62bcffd62ced486d4f7a3,50924299,SELL,2473.99147475,0.0247500000
0xc6792e3b1277d37cb2108e0de9c4603c211cc7e2,50924299,SELL,2473.98541414,0.0247500000
0x74e7e002d41b783f6c473864d37307fd73e65110,50924299,SELL,2473.97931313,0.0247500000
0xc2f5b3f6bfe6acce15a45b6d266f8367f6c47930,50924299,SELL,2473.97321212,0.0247500000
0x1278c1e48e3c9548a5d9f2b16dc27ed311b0697c,50924300,SELL,2473.92170500,0.3941280801
0x9689b11b77d799181612227e474af7da3f49a3e3,50924301,SELL,2473.87075758,0.0198000000
0x46565eedb0bb948ae787dd105cce300f736da28e,50924301,BUY,2476.34758334,0.0283859283
0x96582575ce217def03fffd38d4834147c4b44e35,50924302,SELL,2473.87474747,0.0009900000
0xf1db03f87728aaa367418ea015b7fc71de1a68c3,50924304,SELL,2473.87434343,0.0049500000
0x49fe8a357a62008a7e65de651a93c28796ec93a5,50924304,SELL,2473.87313131,0.0049500000
0xf5b2d66812391b767c52f19e9ad0bb26a9899a85,50924306,BUY,2476.35496945,0.0533230283
0xf1db03f87728aaa367418ea015b7fc71de1a68c3,50924307,SELL,2473.88505051,0.0049500000
0x49fe8a357a62008a7e65de651a93c28796ec93a5,50924307,SELL,2473.88383838,0.0049500000
0xcf5412704264151768b4b7061162154c99718f7c,50924309,BUY,2476.35966544,0.0027349379
0x74e7e002d41b783f6c473864d37307fd73e65110,50924311,BUY,2476.36770580,0.0644076240
0xeb9c1a1443f3d4a2c5a62bcffd62ced486d4f7a3,50924311,BUY,2476.38317786,0.0611214659
0xc2f5b3f6bfe6acce15a45b6d266f8367f6c47930,50924311,BUY,2476.39813241,0.0602658563
0xc6792e3b1277d37cb2108e0de9c4603c211cc7e2,50924311,BUY,2476.41292980,0.0599479361
0x39e7c7c94fa8a57fb7c5780a8436a4956d65bd48,50924313,BUY,2476.42359582,0.0265088631
0xf8b691fc58b61a633ef616318bda8c65e9410fa3,50924313,BUY,2476.43006478,0.0260445437
0xc0c0e4f7cb82c826a2596f50ae01cafeac61085d,50924313,BUY,2476.43655790,0.0266671649
0x4f550d4ba6b6e94f7643f8f64430b6d02866d572,50924313,BUY,2476.44195321,0.0171616633
0xc58bdfc2f3f31f30d1f1768d3273d00bbd13b6cb,50924313,BUY,2476.44604532,0.0159306503
0xb3e42508fa9aef0465c851bf43be5bd0725eb1a2,50924313,BUY,2476.44998394,0.0160582585
0x9689b11b77d799181612227e474af7da3f49a3e3,50924314,BUY,2476.45402065,0.0165279608
0x3b482595a58aa19f92a3f97a73a53ab1735bc8f1,50924317,BUY,2476.45976140,0.0302622078
0x5ab7645710c78079ed9be4ec752ee2fe7676acaa,50924322,BUY,2476.46649762,0.0243333948
0xe981d32a216fc8f302c55916e094d527e7cd3535,50924323,BUY,2476.47013499,0.0035422975
0xe8e4eb3fe4a93b45ddc4589abdd8f8e006d0533d,50924327,BUY,2476.47249995,0.0172669133
0x2e7927cbcc86d8f0c0b99b507c19749f6cbc9d8f,50924329,BUY,2476.47523388,0.0020700510
0x59df828b236ac563ae29667f472eb399095ffb49,50924330,BUY,2476.47649203,0.0000363016
0x907e78aaa743a15092a653de63604ebf6d88a589,50924330,SELL,2473.99836366,0.0010425690
0xd83e60d273fd0cb3b05c2611db940fecb7b6ca64,50924335,BUY,2476.48687184,0.0000367928
0x0bc3a5bbaae80d5ca6d208ddd94889527d4aad26,50924336,BUY,2476.47733343,0.0199880691
0x433700890211c1c776c391d414cffd38efdd1811,50924337,SELL,2474.00218696,0.0139829048
0x3b7ebc48dc85a0f4e492a309b8550147b6ef8131,50924337,BUY,2476.47788467,0.0124378256
0x0644ef1801ef675a207a9f2cc50aaa7010e86424,50924343,SELL,2473.99609415,0.0605854651
0x501ef174b66883ba40f92e6fb24bfb49331d4d4c,50924347,BUY,2476.59749610,0.0000065634
0x1c54dfb102aa6f1db6404c4a225634d0fe2fe8a5,50924347,BUY,2476.49222379,0.2250293361
0x824abda7e8bfcf47c543761c50bc7bf6756deda9,50924347,BUY,2476.52465236,0.0000506855
0x9e7ddb6ad871b670f545239b83fe39119b890ae0,50924350,SELL,2474.04376213,0.0024195845
0xa2d37b228d304cf07c9d7e47784c853b5b8e35a2,50924350,SELL,2474.04332703,0.0011170795
0x49e1bf431e9bbbd8e57afcd21ccac3f30e7d98d3,50924350,BUY,2476.52033335,0.0100948091
0x9fbd096ab9dddee2a2a858fcb9187637c234dacd,50924355,BUY,2476.57083115,0.3997462893
0x5ab7645710c78079ed9be4ec752ee2fe7676acaa,50924355,BUY,2476.62235072,0.0179745656
0x3da5aec2a14bb1c60b66081b9bd9a5bd47d10589,50924355,BUY,2476.66388345,0.3194752487
0x9fbd096ab9dddee2a2a858fcb9187637c234dacd,50924355,BUY,2476.75250388,0.3997169675
0x501ef174b66883ba40f92e6fb24bfb49331d4d4c,50924368,BUY,2476.80176217,0.0000121124
0x38adcfa589a565d104c907f394aaa7cb974f58b6,50924371,BUY,2476.81471353,0.0000495467
0x048ef1062cbb39b338ac2685da72adf104b4cef5,50924380,SELL,2474.32557142,0.0001778262
0xc27a2b4bd5b374c3cb3c711e17901628824f8258,50924393,BUY,2476.80221957,0.0006433598
0xf1db03f87728aaa367418ea015b7fc71de1a68c3,50924395,SELL,2474.32525253,0.0024750000
0x49fe8a357a62008a7e65de651a93c28796ec93a5,50924395,SELL,2474.32444444,0.0024750000
0x14adbc7ea094914aa9d9de96b7832915ffefe5f3,50924395,BUY,2477.49933063,0.0000005162
0x83681c14770b44361e21faf91d8325423365ea5c,50924398,BUY,2476.80354893,0.0000281968
0x824abda7e8bfcf47c543761c50bc7bf6756deda9,50924405,BUY,2476.80199691,0.0002307027
0x54e2acab04c89a3fe02852bf8dd69ee8f526bc75,50924408,SELL,2474.32447494,0.0001778263
0xed31f0a05a44f02e3c5cf667d7c145f7788ded99,50924415,BUY,2476.80136297,0.0049723063
0xd83e60d273fd0cb3b05c2611db940fecb7b6ca64,50924449,BUY,2476.80344662,0.0002258241
0xc27a2b4bd5b374c3cb3c711e17901628824f8258,50924449,BUY,2476.80237969,0.0005206887
0x44b2bf4417213bda59014fad8dbcfb68c25d5d30,50924449,BUY,2476.81339620,0.0000752188
0x55c87f0ddb520ce472bf0df7dc4237f2370f0bf0,50924456,BUY,2476.82125770,0.1552859415
0xb9d99ec2931bc1bbc63bc4e9432ca104d7192d8b,50924457,BUY,2476.99513117,1.2555308950
0x1722ee8d098037c47bfdcdc260e197cb7c0d5b4b,50924458,BUY,2477.37720762,1.8441223637
0x8d29acc0615f096380c4f9a3d578b1fb4c3a0917,50924458,SELL,2475.12526289,0.0183360445
0x8d29acc0615f096380c4f9a3d578b1fb4c3a0917,50924458,BUY,2477.60015359,0.0005287157
0x27006aaf498a8140dbb539c352c4669ca6a8a988,50924469,BUY,2477.97502718,3.0399071122
0xf2d1aff8a41cdef7e06c8443866124184c3ef527,50924472,BUY,2478.36589123,0.1292843277
0x29e619b6006a97403990cc7da76bf23cf98aa2fb,50924472,BUY,2478.60920379,1.8429430218
0x1278c1e48e3c9548a5d9f2b16dc27ed311b0697c,50924474,SELL,2476.35740188,0.0080804091
0x76caac8676f0c1a4eef68a55aad2f33a51b9dd48,50924479,SELL,2476.35525253,0.0099000000
0x6f00ca3af87bd880b9f12328554a5145c5c61791,50924484,BUY,2478.86719011,0.2826356385
0x71395f05dfb53febbd1a9f8da998c974390bc302,50924485,SELL,2476.41879447,0.0407299049
0x08b49a086db69b9024a3f9952a9cbdc84cbbd4a6,50924486,BUY,2478.89276517,0.0019194816
0xb76455d6a7759cb4ea5bdfb1e940c6a15def4708,50924500,BUY,2478.89511993,0.0003124001
0x921c4b3ce8bd89e8524afc2847b8e29ba7128d8d,50924501,SELL,2476.35324848,0.4950000000
0xa1c0c954370a4ab8a82e8c3b4a76016406459252,50924502,BUY,2478.79523084,0.2016100377
0x83681c14770b44361e21faf91d8325423365ea5c,50924505,SELL,2476.33071216,0.0000656411
0xdb490c047fe035c1876d0e294c543aaea610dead,50924506,SELL,2476.33702020,0.0396000000
0x8d29acc0615f096380c4f9a3d578b1fb4c3a0917,50924506,BUY,2478.81097485,0.0033768549
0xbf004bff64725914ee36d03b87d6965b0ced4903,50924506,SELL,2476.32076768,0.0990000000
0x5e7b46d33dae15b8ca77e8d08b14b211e5426f5e,50924513,BUY,2478.78798063,0.0006150381
0x02508ffd76e9f7350320ec0d44787468e4dbcab1,50924518,SELL,2476.30815430,0.0020273220
0xa28669d95a6339da0b0216ae1683ef6f9edc2720,50924519,BUY,2478.78731216,0.0050003330
0x366fec5ae6343fb18707f4fe01ba496d889cf4f5,50924521,BUY,2478.78861955,0.0003942426
0xc42b49fc91fb3bdf3edbd4b7fccd58631a2cb85e,50924523,SELL,2476.30483643,0.0379576337
0x88776fbd991c76aae24e12da906e47fc8be7aab2,50924527,BUY,2478.77940091,0.0010666544
0xfffff93233905118d37f2cb2117dc2aa5ccf861e,50924528,BUY,2478.77987077,0.0005400621
0x22e0adc1b4e680bb4483ae32ba3f45d2f9bad67c,50924529,BUY,2478.78867091,0.0000168090
0xc09bd1bedca6b0eeff911bec9c58ecc04b693426,50924531,BUY,2478.77918209,0.0015189760
0xc3d14a1cce9efa52e746a2550017d8764ab4a200,50924532,SELL,2476.28507897,0.1285487433
0xa971283289448b30188cec3f0e60ad92322e4970,50924533,BUY,2478.77021356,0.1849249033
0xf04a2505afb967a1b4f43304e17994e94bdc13a1,50924533,BUY,2478.81785543,0.2006285141
0x1c54dfb102aa6f1db6404c4a225634d0fe2fe8a5,50924535,BUY,2478.85889939,0.1314390154
0x501ef174b66883ba40f92e6fb24bfb49331d4d4c,50924538,BUY,2478.87551356,0.0030255654
0x04247605e28b48251ddafa69a4376a55e4bcbefb,50924539,BUY,2478.87708480,0.0009149373
0x1eecd5469953d2c952564f503f36592b51b1248c,50924540,BUY,2478.89245236,0.0000445941
0xb1124d662e3b0e99fbbaae0b38b3425bdbd87651,50924545,SELL,2476.39780098,0.0005452674
0x242bb3747a903934e8ef52a86cec23183e7c006c,50924545,SELL,2476.39762446,0.0008851163
0x242bb3747a903934e8ef52a86cec23183e7c006c,50924545,SELL,2476.39745211,0.0005114902
0x242bb3747a903934e8ef52a86cec23183e7c006c,50924545,SELL,2476.39729674,0.0007475174
0x0f26b8f936ddb85ba2ebac1ec4b6fb55c4efef79,50924547,BUY,2478.87709054,0.0006204717
0x1c54dfb102aa6f1db6404c4a225634d0fe2fe8a5,50924548,BUY,2478.89147930,0.1283139059
0x864e77f5b2f7f064d7193fffb7da44f6b5bf095e,50924551,SELL,2476.42823529,0.0059500000
0x206284262a150d52b49e2b13317e3b1e0fbb4b58,50924552,BUY,2478.90712638,0.0101689304
0xa971283289448b30188cec3f0e60ad92322e4970,50924552,BUY,2478.97755594,0.5597101187
0xf42b73d2e4d3912eade2a5f7ab39b54064c2acec,50924557,BUY,2479.06767073,0.1693448682
0xcf5412704264151768b4b7061162154c99718f7c,50924558,SELL,2476.60904039,0.0087281370
0x694caa827d1bd3edd2cfbbd06131e17a6013dd74,50924560,BUY,2479.20270591,0.9405060048
0xd1694b359cef4c7436f666f79a0ccacdb2bb8f25,50924560,SELL,2476.81475373,0.2067293399
0xf04a2505afb967a1b4f43304e17994e94bdc13a1,50924560,BUY,2479.30398765,0.2920381400
0xd14602c85a25a4e520441c47a97a2c9da63ae1be,50924560,BUY,2479.36402534,0.1935970834
0xdd02d2122c60ea346079a25d46de762216abdeeb,50924565,SELL,2476.90747594,0.0004618053
0x0f26b8f936ddb85ba2ebac1ec4b6fb55c4efef79,50924569,BUY,2479.39183520,0.0002291631
0xf360c2c99c74b9f8c2a8e717b2739f04cc5023a5,50924575,BUY,2479.38886545,0.0010366538
0xa28669d95a6339da0b0216ae1683ef6f9edc2720,50924576,BUY,2479.38899025,0.0037739306
0x2a7b7b953ee6d3e16d17eab320d06c8130ae7c26,50924613,SELL,2476.87585467,0.2793944463
0xf04a2505afb967a1b4f43304e17994e94bdc13a1,50924614,SELL,2476.82035684,0.1705078125
0xa971283289448b30188cec3f0e60ad92322e4970,50924615,SELL,2476.77593473,0.1896093750
0xd14602c85a25a4e520441c47a97a2c9da63ae1be,50924617,SELL,2476.70767835,0.3637500000
0xf2d1aff8a41cdef7e06c8443866124184c3ef527,50924617,SELL,2476.65949208,0.0266208929
0x54e2acab04c89a3fe02852bf8dd69ee8f526bc75,50924623,SELL,2476.65160637,0.0375084843
0x15d7d5e722904e1712e43635166971bb582420cf,50924633,SELL,2476.63407282,0.1047116770
0xa971283289448b30188cec3f0e60ad92322e4970,50924635,SELL,2476.59182030,0.2378906250
0xffce21c7b843312716f1c1efdb87c9f16f3ff628,50924635,SELL,2476.56194444,0.0036000000
0x1278c1e48e3c9548a5d9f2b16dc27ed311b0697c,50924635,SELL,2476.55681823,0.0385498174
0x8562bc7427b1da946572377621f4661506b08268,50924635,SELL,2476.54596336,0.0496080694
0xa971283289448b30188cec3f0e60ad92322e4970,50924638,SELL,2476.43359013,0.8615625000
0xa971283289448b30188cec3f0e60ad92322e4970,50924638,SELL,2476.29898634,0.2299218750
0x39aacc10290a048410e53f2b9f3df049e33db4bd,50924639,SELL,2476.23405051,0.2970000000
0xb2d1af0746c410e146272e804b1741f07f83b851,50924640,SELL,2476.14867929,0.3960000000
0x59b5dad80dd8ab278b50985c9c2feebadd2d1b30,50924644,SELL,2476.09906111,0.0058396420
0x5ab7645710c78079ed9be4ec752ee2fe7676acaa,50924644,SELL,2476.09717172,0.0099000000
0x5ab7645710c78079ed9be4ec752ee2fe7676acaa,50924645,SELL,2476.09474747,0.0099000000
0x0644ef1801ef675a207a9f2cc50aaa7010e86424,50924646,SELL,2476.08493204,0.0701860836
0xf1db03f87728aaa367418ea015b7fc71de1a68c3,50924651,SELL,2476.07555556,0.0049500000
0x49fe8a357a62008a7e65de651a93c28796ec93a5,50924651,SELL,2476.07434343,0.0049500000
0xe8267a1b9e3062cb9d1b1871dde3658d052b25e7,50924654,SELL,2475.95564665,0.9596613563
0xf04a2505afb967a1b4f43304e17994e94bdc13a1,50924655,SELL,2475.79680303,0.3300000000
0x0f26b8f936ddb85ba2ebac1ec4b6fb55c4efef79,50924655,BUY,2478.23402086,0.0006334301
0x5b46509f2b355e14ebd9337e4f6ada0d057cc343,50924655,BUY,2478.23397536,0.0003550916
0x02ab69f610e34211e749bee493fd0138fe5c818f,50924656,SELL,2475.75592131,0.0027687354
0xc0ffee2d423e04e42a02018b71455753878d9de2,50924656,BUY,2478.27400728,0.0000164090
0x317251f1eac5844c15ad5ab107ee911fd3d13dfb,50924658,SELL,2475.75505051,0.0019800000
0xd14602c85a25a4e520441c47a97a2c9da63ae1be,50924660,SELL,2475.72305507,0.2613281250
0x317251f1eac5844c15ad5ab107ee911fd3d13dfb,50924661,SELL,2475.69040404,0.0019800000
0x54e2acab04c89a3fe02852bf8dd69ee8f526bc75,50924663,BUY,2478.16795621,0.0001936915
0x501ef174b66883ba40f92e6fb24bfb49331d4d4c,50924663,SELL,2475.68982010,0.0016560605
0x5bd5d19b8043a74be680032d44bb1db92647a844,50924669,SELL,2475.64735065,0.3465000000
0x9e0552ff501f02872acd76f3ea42ccd017ee3a50,50924672,SELL,2475.60393119,0.0060939469
0x9229929579de55fc4c925a8b40890f66a303d516,50924680,SELL,2475.59828283,0.0396000000
0xc2717dc0bdf61633331f97430caa30519fd0b665,50924680,BUY,2478.07141136,0.0040457793
0x4136bcfd6ed7ad1ff1455fc641d73f3cc14d460c,50924684,SELL,2475.58710438,0.0594000000
0x4e4995d4c89e85bcfa8f6edc9e60807cdc9c6b02,50924685,BUY,2478.11308242,0.4528336826
0x79becea900ad52da8ce83f721198afb24e4acd54,50924685,BUY,2478.17370677,0.0387188355
0x501ef174b66883ba40f92e6fb24bfb49331d4d4c,50924692,BUY,2478.17852605,0.0003550995
0xedae4d1f735dd363edb29f53cd4301b994793474,50924692,BUY,2478.22649301,0.3885254845
0xce82e198ae3a1c319de9d0569f78c3ffca79a6f4,50924692,BUY,2478.27508562,0.0021330364
0x1278c1e48e3c9548a5d9f2b16dc27ed311b0697c,50924693,BUY,2478.27496242,0.0001936831
0x8a0f7342d8da780662ea365e045f874a3f882790,50924694,BUY,2478.43888283,1.3286774577
0xed7403204312156c59d8a423ad15b64507462a58,50924694,BUY,2478.65924034,0.4575560426
0x366fec5ae6343fb18707f4fe01ba496d889cf4f5,50924695,BUY,2478.72589927,0.0000920328
0x0a7385d81b0a7278197cfd8f11f598a51d69a7aa,50924696,BUY,2478.83906352,0.9990388172
0xeec13a4a32e3225bdbb7b82de2c0128220f13e06,50924696,BUY,2479.01895783,0.4574897237
0x501ef174b66883ba40f92e6fb24bfb49331d4d4c,50924696,SELL,2476.59216569,0.0000807852
0xf2d1aff8a41cdef7e06c8443866124184c3ef527,50924696,BUY,2479.14437835,0.5580221427
0x7f4bce7cb3af3deb85f7fcbbe0151b53a03e81fc,50924696,BUY,2479.25098511,0.3049645669
0x55555cfddd37d8d82e06e0de90da9366ca3e31e8,50924697,BUY,2479.28988072,0.0007003663
0x55555cfddd37d8d82e06e0de90da9366ca3e31e8,50924697,SELL,2476.81008174,0.0003608137
0x55555cfddd37d8d82e06e0de90da9366ca3e31e8,50924697,SELL,2476.80802596,0.0004302756
0x55555cfddd37d8d82e06e0de90da9366ca3e31e8,50924697,BUY,2480.09866096,0.0000004879
0x501ef174b66883ba40f92e6fb24bfb49331d4d4c,50924697,BUY,2507.20251033,0.0000000343
0xa6b70dc9d6ed912f5a1d0359480d393badf2ec15,50924701,BUY,2479.28918498,0.0021702938
0xa9d403b3905b7b5c9c345f711a8b9e858aaa4856,50924702,BUY,2479.31408758,0.2016686803
0x55555cfddd37d8d82e06e0de90da9366ca3e31e8,50924702,BUY,2479.34039199,0.0108330768
0x55555cfddd37d8d82e06e0de90da9366ca3e31e8,50924702,SELL,2476.86263697,0.0010080918
0x55555cfddd37d8d82e06e0de90da9366ca3e31e8,50924702,SELL,2476.86200128,0.0050559103
0x55555cfddd37d8d82e06e0de90da9366ca3e31e8,50924702,SELL,2476.86060058,0.0060292465
0x55555cfddd37d8d82e06e0de90da9366ca3e31e8,50924702,BUY,2479.34016359,0.0000749316
0x1f4eed96f3242f55dab080b318b2f6b33ed2bb0e,50924703,SELL,2476.84812109,0.0962310143
0x1f4eed96f3242f55dab080b318b2f6b33ed2bb0e,50924703,SELL,2476.83516534,0.0087956196
0x907e78aaa743a15092a653de63604ebf6d88a589,50924705,SELL,2476.83397708,0.0007867233
0x55555cfddd37d8d82e06e0de90da9366ca3e31e8,50924706,SELL,2476.82843274,0.0001190995
0x55555cfddd37d8d82e06e0de90da9366ca3e31e8,50924706,SELL,2476.83303310,0.0014444220
0x55555cfddd37d8d82e06e0de90da9366ca3e31e8,50924706,BUY,2479.33248352,0.0000341285
0x55555cfddd37d8d82e06e0de90da9366ca3e31e8,50924706,SELL,2476.81005482,0.0000105139
0x472b183c7ff518c6cc46da5c31be9ff411188de9,50924707,SELL,2476.83222222,0.0099000000
0x55555cfddd37d8d82e06e0de90da9366ca3e31e8,50924707,SELL,2476.82954948,0.0000440143
0x55555cfddd37d8d82e06e0de90da9366ca3e31e8,50924707,BUY,2479.31264769,0.0003372185
0x55555cfddd37d8d82e06e0de90da9366ca3e31e8,50924708,SELL,2476.83011984,0.0009555682
0x55555cfddd37d8d82e06e0de90da9366ca3e31e8,50924708,SELL,2476.83025813,0.0011282061
0x55555cfddd37d8d82e06e0de90da9366ca3e31e8,50924708,SELL,2476.81370110,0.0000549900
0xd55cdaf4ee66d4e6cae7282c7ca705da5855b0b5,50924709,BUY,2479.31253452,0.0259460597
0x55555cfddd37d8d82e06e0de90da9366ca3e31e8,50924709,SELL,2476.83414802,0.0001067831
0x55555cfddd37d8d82e06e0de90da9366ca3e31e8,50924709,SELL,2476.82691441,0.0000572454
0x55555cfddd37d8d82e06e0de90da9366ca3e31e8,50924709,BUY,2479.47132372,0.0000007167
0x55555cfddd37d8d82e06e0de90da9366ca3e31e8,50924711,SELL,2476.83578194,0.0002705969
0x55555cfddd37d8d82e06e0de90da9366ca3e31e8,50924711,SELL,2476.83258138,0.0002291414
0x55555cfddd37d8d82e06e0de90da9366ca3e31e8,50924711,SELL,2476.83209539,0.0000496788
0x630fe4d3d6c2543f308ac2aba30aab5940681e62,50924711,BUY,2479.31766729,0.0169864405
0x0f0067cd819cb8f20bda62046daff7a2b5c88280,50924712,BUY,2479.43154040,0.9049957474
0x55555cfddd37d8d82e06e0de90da9366ca3e31e8,50924712,SELL,2477.04903110,0.0000114495
0x55555cfddd37d8d82e06e0de90da9366ca3e31e8,50924712,BUY,2479.54499311,0.0004656201
0x048ef1062cbb39b338ac2685da72adf104b4cef5,50924713,SELL,2477.05404111,0.0000807483
0x55555cfddd37d8d82e06e0de90da9366ca3e31e8,50924713,BUY,2479.54400197,0.0002797728
0x55555cfddd37d8d82e06e0de90da9366ca3e31e8,50924713,SELL,2477.05666380,0.0001235696
0x55555cfddd37d8d82e06e0de90da9366ca3e31e8,50924713,SELL,2477.06426560,0.0013170845
0x55555cfddd37d8d82e06e0de90da9366ca3e31e8,50924713,BUY,2479.54470788,0.0001667609
0x55555cfddd37d8d82e06e0de90da9366ca3e31e8,50924715,SELL,2477.06375743,0.0003099355
0x55555cfddd37d8d82e06e0de90da9366ca3e31e8,50924716,SELL,2477.06351283,0.0013960579
0x55555cfddd37d8d82e06e0de90da9366ca3e31e8,50924717,SELL,2477.05564604,0.0000463001
0x55555cfddd37d8d82e06e0de90da9366ca3e31e8,50924719,SELL,2477.03120718,0.0000258701
0x55555cfddd37d8d82e06e0de90da9366ca3e31e8,50924719,SELL,2477.05721664,0.0001037703
0x55555cfddd37d8d82e06e0de90da9366ca3e31e8,50924719,SELL,2477.06285428,0.0005239060
0x55555cfddd37d8d82e06e0de90da9366ca3e31e8,50924720,BUY,2479.55243659,0.0000200064
0x55555cfddd37d8d82e06e0de90da9366ca3e31e8,50924720,SELL,2477.06144331,0.0002708270
0x55555cfddd37d8d82e06e0de90da9366ca3e31e8,50924720,SELL,2477.02682488,0.0000078998
0x55555cfddd37d8d82e06e0de90da9366ca3e31e8,50924720,SELL,2477.02289025,0.0000117524
0x55555cfddd37d8d82e06e0de90da9366ca3e31e8,50924720,BUY,2497.36663678,0.0000000525
0x55555cfddd37d8d82e06e0de90da9366ca3e31e8,50924720,SELL,2477.00727968,0.0000150117
0x55555cfddd37d8d82e06e0de90da9366ca3e31e8,50924720,SELL,2477.00575878,0.0000105623
0x55555cfddd37d8d82e06e0de90da9366ca3e31e8,50924720,SELL,2477.06284173,0.0010398053
0x55555cfddd37d8d82e06e0de90da9366ca3e31e8,50924720,SELL,2477.06055003,0.0001251548
0xcc76a27bab15050c20c20453e9c436ca02c78b82,50924720,BUY,2479.56913698,0.2176049806
0x55555cfddd37d8d82e06e0de90da9366ca3e31e8,50924721,SELL,2477.11671513,0.0004776012
0x55555cfddd37d8d82e06e0de90da9366ca3e31e8,50924721,SELL,2477.10146995,0.0000518836
0x55555cfddd37d8d82e06e0de90da9366ca3e31e8,50924721,SELL,2477.10553755,0.0000791137
0x55555cfddd37d8d82e06e0de90da9366ca3e31e8,50924721,BUY,2481.23119612,0.0000003478
0x55555cfddd37d8d82e06e0de90da9366ca3e31e8,50924721,SELL,2477.11402466,0.0001141873
0x55555cfddd37d8d82e06e0de90da9366ca3e31e8,50924721,SELL,2477.11608639,0.0003444138
0x610953fca72e5c22cca803e5f471c9a9bc81e6da,50924722,BUY,2479.59723503,0.0119107521
0xc593b259532d1c9ad95dba41f6c8a0260068fdac,50924722,BUY,2479.71799855,0.9654331071
0x55555cfddd37d8d82e06e0de90da9366ca3e31e8,50924723,BUY,2479.83847296,0.0005527703
0x55555cfddd37d8d82e06e0de90da9366ca3e31e8,50924723,SELL,2477.35376508,0.0001380974
0x55555cfddd37d8d82e06e0de90da9366ca3e31e8,50924723,SELL,2477.35758922,0.0013785567
0x501ef174b66883ba40f92e6fb24bfb49331d4d4c,50924723,BUY,2479.83708735,0.0001935611
0x55555cfddd37d8d82e06e0de90da9366ca3e31e8,50924724,SELL,2477.35618137,0.0002519589
0x55555cfddd37d8d82e06e0de90da9366ca3e31e8,50924724,SELL,2477.33933727,0.0000031457
0x55555cfddd37d8d82e06e0de90da9366ca3e31e8,50924724,SELL,2477.35182814,0.0001138074
0x55555cfddd37d8d82e06e0de90da9366ca3e31e8,50924725,SELL,2477.35075203,0.0000079367
0x55555cfddd37d8d82e06e0de90da9366ca3e31e8,50924725,SELL,2477.30923442,0.0000138497
0x55555cfddd37d8d82e06e0de90da9366ca3e31e8,50924725,BUY,2497.66322780,0.0000000524
0x55555cfddd37d8d82e06e0de90da9366ca3e31e8,50924725,BUY,2479.83988002,0.0002824384
0x55555cfddd37d8d82e06e0de90da9366ca3e31e8,50924725,SELL,2477.35145729,0.0001248717
0x55555cfddd37d8d82e06e0de90da9366ca3e31e8,50924725,SELL,2477.34944516,0.0000939625
0x55555cfddd37d8d82e06e0de90da9366ca3e31e8,50924727,SELL,2477.33412553,0.0000153810
0x55555cfddd37d8d82e06e0de90da9366ca3e31e8,50924727,BUY,2479.83734920,0.0006297558
0x55555cfddd37d8d82e06e0de90da9366ca3e31e8,50924727,SELL,2477.34628240,0.0000525974
0x55555cfddd37d8d82e06e0de90da9366ca3e31e8,50924728,SELL,2477.27874841,0.0000092876
0x55555cfddd37d8d82e06e0de90da9366ca3e31e8,50924728,SELL,2477.35698800,0.0001112722
0x55555cfddd37d8d82e06e0de90da9366ca3e31e8,50924728,SELL,2477.35362235,0.0002264872
0x55555cfddd37d8d82e06e0de90da9366ca3e31e8,50924729,SELL,2477.35729400,0.0017821987
0x55555cfddd37d8d82e06e0de90da9366ca3e31e8,50924729,SELL,2477.35244627,0.0001025732
0x55555cfddd37d8d82e06e0de90da9366ca3e31e8,50924729,SELL,2477.35503587,0.0000980949
0x55555cfddd37d8d82e06e0de90da9366ca3e31e8,50924729,SELL,2477.35392686,0.0000248854
0x55555cfddd37d8d82e06e0de90da9366ca3e31e8,50924729,BUY,2482.20978406,0.0000002768
0x55555cfddd37d8d82e06e0de90da9366ca3e31e8,50924731,BUY,2479.83724019,0.0013350469
0x55555cfddd37d8d82e06e0de90da9366ca3e31e8,50924731,SELL,2477.35651798,0.0004043544
0x1278c1e48e3c9548a5d9f2b16dc27ed311b0697c,50924731,BUY,2479.83689254,0.0006048785
0x55555cfddd37d8d82e06e0de90da9366ca3e31e8,50924732,BUY,2479.85069447,0.0000207396
0x55555cfddd37d8d82e06e0de90da9366ca3e31e8,50924732,SELL,2477.32109009,0.0000174229
0x55555cfddd37d8d82e06e0de90da9366ca3e31e8,50924732,SELL,2477.34919209,0.0000667185
0x55555cfddd37d8d82e06e0de90da9366ca3e31e8,50924732,SELL,2477.34876848,0.0000128492
0x55555cfddd37d8d82e06e0de90da9366ca3e31e8,50924733,BUY,2479.83794449,0.0002514338
0x55555cfddd37d8d82e06e0de90da9366ca3e31e8,50924733,SELL,2477.34834561,0.0000765581
0x55555cfddd37d8d82e06e0de90da9366ca3e31e8,50924734,SELL,2477.34070332,0.0000438930
0x55555cfddd37d8d82e06e0de90da9366ca3e31e8,50924734,SELL,2477.35729742,0.0018950545
0x55555cfddd37d8d82e06e0de90da9366ca3e31e8,50924734,SELL,2477.35373919,0.0000429293
0x55555cfddd37d8d82e06e0de90da9366ca3e31e8,50924735,SELL,2477.33452903,0.0000193309
0x55555cfddd37d8d82e06e0de90da9366ca3e31e8,50924735,SELL,2477.33621434,0.0000466590
0x55555cfddd37d8d82e06e0de90da9366ca3e31e8,50924737,BUY,2479.84193358,0.0000513908
0x55555cfddd37d8d82e06e0de90da9366ca3e31e8,50924737,SELL,2477.35046024,0.0000850106
0x55555cfddd37d8d82e06e0de90da9366ca3e31e8,50924737,BUY,2479.83953692,0.0002115931
0x54e2acab04c89a3fe02852bf8dd69ee8f526bc75,50924737,BUY,2479.83655371,0.0001935611
0x55555cfddd37d8d82e06e0de90da9366ca3e31e8,50924738,SELL,2477.35665705,0.0014095516
0x55555cfddd37d8d82e06e0de90da9366ca3e31e8,50924738,SELL,2477.35642173,0.0020786303
0x55555cfddd37d8d82e06e0de90da9366ca3e31e8,50924738,SELL,2477.34668798,0.0000534475
0x55555cfddd37d8d82e06e0de90da9366ca3e31e8,50924738,BUY,2486.17558852,0.0000001319
0x55555cfddd37d8d82e06e0de90da9366ca3e31e8,50924739,SELL,2477.33802471,0.0000416960
0x55555cfddd37d8d82e06e0de90da9366ca3e31e8,50924739,SELL,2477.35480401,0.0000348521
0xf05875882f0e38d7a60904d2b26d0ef40ec2410a,50924748,SELL,2477.35515152,0.0099000000
0x3482d9a357ba687c57237ec1587e9f7484856f0e,50924750,BUY,2479.83605197,0.0224168247
0x3482d9a357ba687c57237ec1587e9f7484856f0e,50924750,BUY,2479.84501312,0.0000040123
0x048ef1062cbb39b338ac2685da72adf104b4cef5,50924773,BUY,2479.83878272,0.0000241951
0x907e78aaa743a15092a653de63604ebf6d88a589,50924780,SELL,2477.35930023,0.0004611717
0xbfc16ae9c2fe4534e5a698aa483ef4fa470d88cb,50924799,BUY,2479.84796000,0.0750000000
0x317251f1eac5844c15ad5ab107ee911fd3d13dfb,50924800,SELL,2477.37777778,0.0009900000
0xd83e60d273fd0cb3b05c2611db940fecb7b6ca64,50924804,BUY,2479.88644804,0.0000259964
0xb04e00e3e0f31073464804fe4182844ac2f7d418,50924807,BUY,2479.85697582,0.0000403249
0x26134cf0d048852d4465d120c205292d3a44d124,50924813,SELL,2477.37225462,0.0001319128
0xabb2acd3be814a80e502575d6c1dc5f789e9cd10,50924814,SELL,2477.25598902,0.9864776853
0x9673be1f42937b6d53cab792102b45d46ad6d29b,50924817,SELL,2477.12999179,0.0345345013
0x88776fbd991c76aae24e12da906e47fc8be7aab2,50924827,BUY,2479.60495099,0.0010670341
0x0dfa768499c331acbd6df31887eca6f5860fbd6f,50924827,BUY,2479.60557170,0.0004692351
0x9972f4c1e53b5eeb9e2630a7dddb5d5bfbcac451,50924827,BUY,2479.60580420,0.0003555170
0x0219d164a4e96ff9763d1debcbc5d394a680df9e,50924830,SELL,2477.12561175,0.0038034313
0x317251f1eac5844c15ad5ab107ee911fd3d13dfb,50924831,BUY,2479.60464239,0.0009491453
0x907e78aaa743a15092a653de63604ebf6d88a589,50924836,SELL,2477.12504658,0.0014304510
0x1ba85bd1feebb318794c0c93a7a3f7ff86727ca8,50924836,SELL,2477.12445950,0.0045059593
0x317251f1eac5844c15ad5ab107ee911fd3d13dfb,50924840,SELL,2477.12356902,0.0029700000
0xc27a2b4bd5b374c3cb3c711e17901628824f8258,50924851,BUY,2479.60436259,0.0001997036
0x385cabd7edc10b230d32699ae9fe2cb0b6d63369,50924851,BUY,2479.60358001,0.0000934714
0xbe221165fef28b2bb91afb2c4264c0eca32f0e93,50924852,BUY,2479.79744538,1.5786128360
0x6b63ebbf36a78e0d2161b762e5a5b06dfe5d215c,50924852,BUY,2480.01632443,0.1924536207
0x84c5f531438e538019d56b0463da102d83ca50b3,50924853,BUY,2480.04858688,0.0685083824
0x031889d0fa51812502bf6ca5c94f5b870319d0cf,50924855,BUY,2480.05980143,0.0221878428
0x031889d0fa51812502bf6ca5c94f5b870319d0cf,50924855,BUY,2480.07254477,0.0809661848
0x2b9d291149c1be243a51957bc505a8a07bfd0a06,50924862,BUY,2480.47636908,3.1858433265
0x9815527a2b6cdbf7ed9eddbc0db7bfd76776519b,50924878,BUY,2481.13549242,2.1320085095
0xb1286b5cdcdc84060f996b1471a276b6c01e2d28,50924884,BUY,2481.46790289,0.4570380700
0x094b9da660674ae8abfed5642ae51f2bc61faacd,50924886,BUY,2481.97606874,3.4070923880
0x2b88a3f9eda010c1b930633863e1e851d360405d,50924887,BUY,2482.51694737,0.7047801667
0x73b24c4328ff37a923b0e33b5dabc1fe457d0f41,50924887,BUY,2482.80973854,1.5204238619
0x8c9b38dcb94fa62f76ca288ee2e8e28b155eecfc,50924892,SELL,2480.52476953,0.0200415600
0x38c5b44829beacf7eaa608f7f7bc833603394aae,50924892,BUY,2483.35785825,2.6842457449
0x29e619b6006a97403990cc7da76bf23cf98aa2fb,50924892,BUY,2483.95062936,1.8172532544
0xd0b404edd816260199585423b0449933592909b9,50924901,BUY,2484.19010963,0.0003542402
0x77162eb08a150e126c20e6e8d0601a3b451a5e7b,50924916,SELL,2481.69970263,0.0000499420
0xc5f04d6e383303d4774296b04ca8bbb381131c66,50924917,BUY,2484.19065003,0.0021653093
0x224f9dbadb4d24c92c4d64d8ba19e1fce6521101,50924925,SELL,2481.69802309,0.0693000000
0x09eb6344395d4ede71abdb36ded0c7658275200a,50924934,SELL,2481.67587879,0.0990000000
0x09eb6344395d4ede71abdb36ded0c7658275200a,50924936,SELL,2481.66025253,0.0198000000
0x09eb6344395d4ede71abdb36ded0c7658275200a,50924936,SELL,2481.65500000,0.0198000000
0x76d7f85acd7757a18ab79323cbd51b861aaa99fa,50924943,BUY,2484.13623638,0.0005932670
0x0be17b95ce99866a1b6dbba47d4b7c693a8a3857,50924946,SELL,2481.02551388,4.7685491515
0x83f3eb771147b5fe6a789ebd372e07ca3550a121,50924946,SELL,2480.29708987,0.7736319427
0xf04a2505afb967a1b4f43304e17994e94bdc13a1,50924947,SELL,2480.10405463,0.6956250000
0xa971283289448b30188cec3f0e60ad92322e4970,50924947,SELL,2479.98261858,0.2287500000
0x763c77ce949fc6bd21841c3a6d402c693d68612c,50924951,SELL,2479.89389253,0.4466782685
0xa971283289448b30188cec3f0e60ad92322e4970,50924951,SELL,2479.76533709,0.5320312500
0xf2d1aff8a41cdef7e06c8443866124184c3ef527,50924951,SELL,2479.69121668,0.0320845424
0xd14602c85a25a4e520441c47a97a2c9da63ae1be,50924951,SELL,2479.63174343,0.4209375000
0xa971283289448b30188cec3f0e60ad92322e4970,50924951,SELL,2479.53250420,0.3346875000
0xf76b2a36217dd793359cfcd405efc37d830f45cb,50924952,BUY,2481.97434362,0.0001774523
0xf04a2505afb967a1b4f43304e17994e94bdc13a1,50924952,SELL,2479.45707917,0.2400000000
0x476f05ab3eeb2c3abf2ff1af09afa7b81615cd6f,50924952,SELL,2479.32150125,0.7924383098
0x32ced4117c48afcd3e2828cc88ce6f9bbfce8730,50924953,SELL,2479.14755838,0.5322787401
0x025a9c987abc1d04f15335e0d2f8dde3e246a7ae,50924953,SELL,2479.06368306,0.1065017832
0xda5c48178531ddf5edf24252aa3b919496bcc913,50924953,SELL,2478.98804177,0.4696762422
0xd14602c85a25a4e520441c47a97a2c9da63ae1be,50924954,SELL,2478.89647407,0.2278125000
0xf04a2505afb967a1b4f43304e17994e94bdc13a1,50924956,SELL,2478.84410740,0.1710937500
0xc33ad02cbd995ee0d154483169e5145fb3802e2a,50924959,SELL,2478.80091623,0.1579277523
0xc33ad02cbd995ee0d154483169e5145fb3802e2a,50924959,SELL,2478.77549082,0.0357592526
0x0d277f6a36c4c87754cc630326b075573eb7e322,50924959,SELL,2478.76928263,0.0115343607
0x0d277f6a36c4c87754cc630326b075573eb7e322,50924959,SELL,2478.76759602,0.0013141494
0x05854d0c70d2f696fb3d9c0863100956b795e2ff,50924959,SELL,2478.72466402,0.3407095844
0x05854d0c70d2f696fb3d9c0863100956b795e2ff,50924959,SELL,2478.63608249,0.3761840516
0x98d9fdf9c7b268a970635640efd6540d74507b78,50924962,BUY,2481.08004753,0.0806100554
0x5b97d269f88808542d50a7c8483d8b00363e3582,50924966,BUY,2481.09047879,0.0033524303
0xa9d1b845fda34c4024b09e8c209600bcbdc2f11a,50924968,SELL,2478.48689200,1.0000000000
0x2237149b4cb23cac0d15e18f51e0b47298dbccc2,50924975,BUY,2480.85718233,0.1094631734
0x5b97d269f88808542d50a7c8483d8b00363e3582,50924980,BUY,2480.87108915,0.0030045745
0x9666f2a2b32faf6be24b3b6b9a4162bdc4890e76,50924982,BUY,2480.87224607,0.0014568340
0xbce58cc4a21bba0d080414e6c310d1ff3b9b693c,50924982,BUY,2480.87219266,0.0006907232
0xf38e2e46b38ce60e2d9982130a51b67eddcbdfd2,50924987,SELL,2478.39027129,0.0118441750
0xe0c10112aa1b8676c1383cb6ec203be38eec3daa,50924989,BUY,2480.86945149,0.0008624013
0x9fbd096ab9dddee2a2a858fcb9187637c234dacd,50924991,BUY,2481.11702913,1.9950691329
0x5b97d269f88808542d50a7c8483d8b00363e3582,50924994,BUY,2481.37126556,0.0023015496
0xdaf7de4da68208b236673eaf6c6376a2571bd22b,50924997,BUY,2481.37307355,0.0127690888
0xd83e60d273fd0cb3b05c2611db940fecb7b6ca64,50924998,BUY,2481.37677846,0.0002752025
0xf2d1aff8a41cdef7e06c8443866124184c3ef527,50924999,SELL,2478.84574947,0.3677470396
0xa971283289448b30188cec3f0e60ad92322e4970,50924999,SELL,2478.77434326,0.1762500000
0x21cca169b32063ae2b6f28998e44740ce6127a09,50924999,BUY,2481.23251674,0.0022420797
0xdd02d2122c60ea346079a25d46de762216abdeeb,50925000,SELL,2478.75070593,0.0004476384
0xccaf47fe775c8dd46daecb4ea9822bd2370df531,50925000,SELL,2478.71751975,0.2781863764
0x77162eb08a150e126c20e6e8d0601a3b451a5e7b,50925002,BUY,2481.16756582,0.0000803581
0xf122b90b42cb57c1f7953fa654ad0e341935bd5d,50925003,SELL,2478.68310689,0.0006333730
0xcadf7fdae211270922d793078bb9d95219d3d174,50925003,BUY,2481.16362131,0.0003990063
0x5b97d269f88808542d50a7c8483d8b00363e3582,50925007,BUY,2481.16421456,0.0023314898
0xd14602c85a25a4e520441c47a97a2c9da63ae1be,50925007,SELL,2478.66176394,0.1776562500
0xa971283289448b30188cec3f0e60ad92322e4970,50925011,SELL,2478.59626667,0.3527343750
0x98e9a49d58e28263ddfdea323358ac76d1f9719a,50925011,SELL,2478.53113136,0.1747140290
0x63b82e5dde4896f79c8679d0215a0c821ae4bf44,50925012,BUY,2481.01458645,0.0000324073
0x7107799905239a51c3466e966466bb2072c9dbd8,50925013,BUY,2480.99097443,0.0011035977
0xd14602c85a25a4e520441c47a97a2c9da63ae1be,50925013,SELL,2478.48718059,0.1835156250
0x8569bd85a8929a0866a8d83f8b0a98c202f4c536,50925018,SELL,2478.42261103,0.3394188514
0x85f360b5c54f54c9785a566d350aab5d43d80ff3,50925019,SELL,2478.25397689,1.0264040844
0xdd02d2122c60ea346079a25d46de762216abdeeb,50925020,SELL,2478.12473678,0.0003704184
0x6ee62fb521531b587e79262d759dec8ce4fef341,50925022,BUY,2480.60964736,0.0201563354
0x824abda7e8bfcf47c543761c50bc7bf6756deda9,50925026,BUY,2480.61524307,0.0001769359
0xeb81aa0d5a2d17fc5c20477ce148d479cb57a3b0,50925031,SELL,2478.11770028,0.1173247655
0xa9d1b845fda34c4024b09e8c209600bcbdc2f11a,50925037,SELL,2478.02267433,0.6525000000
0x96d4dcda8e116ec26905900e17ce2ca60b9e74a9,50925051,SELL,2477.84962048,0.7494491420
0xe9087e84acf0c5a83b7e244fb6f2904729897cd5,50925055,SELL,2477.75464646,0.0198000000
0xe49b9976910a0a5eaf10897aeacd197d3ae25307,50925057,SELL,2477.75205035,0.0014598248
0xe4ec80e2f45d170540217b6271d3622da41634f6,50925059,BUY,2480.23215720,0.0043224901
0xe4ec80e2f45d170540217b6271d3622da41634f6,50925059,BUY,2480.23289662,0.0019673935
0x2536b5a863731982230ea98f513687a922e4f286,50925067,BUY,2480.23494907,0.0149437653
0xd14602c85a25a4e520441c47a97a2c9da63ae1be,50925070,SELL,2477.71771552,0.3192187500
0xa971283289448b30188cec3f0e60ad92322e4970,50925070,SELL,2477.65419281,0.1954687500
0xf9e83b90701a01786222fc12d75bcdb9f1506b76,50925073,SELL,2477.52774004,0.8291815921
0xf04a2505afb967a1b4f43304e17994e94bdc13a1,50925073,SELL,2477.37075358,0.4429687500
0xd14602c85a25a4e520441c47a97a2c9da63ae1be,50925073,SELL,2477.29417344,0.1776562500
0x55905aff4bb3e96e222eda480dfce842f4e310d0,50925073,SELL,2477.27079600,0.0111325500
0xa971283289448b30188cec3f0e60ad92322e4970,50925074,SELL,2477.23046558,0.3164062500
0xa971283289448b30188cec3f0e60ad92322e4970,50925075,SELL,2477.12144749,0.5671875000
0xd14602c85a25a4e520441c47a97a2c9da63ae1be,50925075,SELL,2477.03056524,0.1694531250
0xbd3d056a6eab0c5b9ed2f16d924fda3ff0438056,50925076,SELL,2477.00717172,0.0198000000
0xf42b73d2e4d3912eade2a5f7ab39b54064c2acec,50925078,SELL,2476.98194187,0.1850636423
0x2d93c2f74b2c4697f9ea85d0450148aa45d4d5a2,50925079,SELL,2476.95730690,0.0143550964
0xd14602c85a25a4e520441c47a97a2c9da63ae1be,50925080,SELL,2476.93290340,0.1837500000
0xc185e5c09d3d09b04ce0b71836f77fc85d22a07a,50925083,SELL,2476.76034205,1.2151503982
0x7f77bad9eb06373fe3aee84f85a9d701ff820eeb,50925087,SELL,2476.48712600,1.0000000000
0x1141640007142d50a6c74421dccb799dac1c8c19,50925092,BUY,2478.84229782,0.0012746672
0xd515f81b40c0e63d99d50099d9b4610a3606a818,50925099,BUY,2478.85075047,0.0000905577
0x64c1b17c65d1d7ebe6edb7f1eee935ae478d014b,50925100,BUY,2478.85302784,0.0000695955
0xd39e7e1a967e8a74952a535268015cc81590854c,50925102,SELL,2476.33020220,0.2752983432
0xf2d1aff8a41cdef7e06c8443866124184c3ef527,50925102,SELL,2476.21699155,0.6432786700
0xc0ffee48a9e45ad104a5b38c0844aacc5b82e6f8,50925103,BUY,2478.61626840,0.0000104853
0x9fbd096ab9dddee2a2a858fcb9187637c234dacd,50925103,SELL,2476.07642343,0.4978366812
0xf70da97812cb96acdf810712aa562db8dfa3dbef,50925104,SELL,2475.96928089,0.3719912295
0x4ab990595b8d586bf0aaac3fc43978eca4b71ed3,50925104,BUY,2478.40230111,0.0078577417
0xf38853b21c69a661db262670e2d9911cb652fb5b,50925106,BUY,2478.40559577,0.0002762611
0x62e38d58c420233741c3cdd774fe5797a040f05e,50925108,SELL,2475.83391064,0.7433761575
0x27006aaf498a8140dbb539c352c4669ca6a8a988,50925109,SELL,2475.70784673,0.2802073916
0x0d96c15ad1333697b7d66b3ab681df310c509800,50925109,SELL,2475.62265841,0.4115580981
0x4c8e4715ecb53da6c6c0cb6fd84d7853fd0dd289,50925113,SELL,2475.55600497,0.1296589596
0x472b183c7ff518c6cc46da5c31be9ff411188de9,50925136,SELL,2475.36565657,0.0148500000
0xb8ec9cc40eaceac14d23f8c7dea5e04c714daaae,50925140,BUY,2478.02729332,1.5100780480
0xe1f683fec3aced3e55dbb4d3a6f22c25c9e57bd5,50925140,BUY,2478.21437706,0.0011888951
0xc746bd035fce528333ba4409d8dad1dfc953b224,50925141,BUY,2478.21545953,0.0002047203
0xd08327b02ec16cfc22b9d57acf53f3a472f3e42a,50925141,BUY,2478.23751557,0.1916683716
0x5eed905e372bc0db8ed21a3db8beb3c72f398ed4,50925144,BUY,2478.27251850,0.0920725329
0xa971283289448b30188cec3f0e60ad92322e4970,50925144,BUY,2478.32428547,0.3276631584
0xfc0eb530d7c701c7ec2f33abd04ca6313625738f,50925146,BUY,2478.46547256,0.8169142602
0xa5a5491bca93dd4c076e4906e79e7673f4a5a142,50925147,BUY,2478.59101775,0.2007586687
0xbc23599eec9bb463040bad831bfae96d149dc8d5,50925159,BUY,2478.66768145,0.4206666092
0x7a278595bdb4776dadcc55e242cf4f3be1a40de9,50925162,BUY,2478.72427130,0.0379927954
0xda89b3106c774599a001ecd57270fef4bedffce6,50925163,SELL,2476.25018389,0.0050914710
0xc9f75e3f5cf794d4ee12282484549b424bdd999e,50925165,BUY,2478.72874894,0.0083315397
0x55905aff4bb3e96e222eda480dfce842f4e310d0,50925167,BUY,2478.73068675,0.0063056689
0xc27a2b4bd5b374c3cb3c711e17901628824f8258,50925167,BUY,2478.73224479,0.0004918405
0xdd02d2122c60ea346079a25d46de762216abdeeb,50925176,BUY,2478.73188455,0.0007687197
0xc27a2b4bd5b374c3cb3c711e17901628824f8258,50925176,BUY,2478.73215886,0.0000951696
0x5ab7645710c78079ed9be4ec752ee2fe7676acaa,50925178,SELL,2476.25252525,0.0007920000
0x5ab7645710c78079ed9be4ec752ee2fe7676acaa,50925181,BUY,2478.73481041,0.0269953739
0x82f84fcf779622e65c9e2e94bc034ac0d52b7a45,50925184,SELL,2476.25921864,0.0048420900
0xdd02d2122c60ea346079a25d46de762216abdeeb,50925199,SELL,2476.25856870,0.0004288284
0x1c947f073463086cb0b1efa96f33b4fbbe9a8cf4,50925204,SELL,2476.25806777,0.0003966400
0xc82a51186bfa66e353f9dfa063faea30e92107c4,50925204,BUY,2478.74281999,0.0493738043
0x207d67753fd88622a118f9867dd04e0e27cc3268,50925214,BUY,2478.76370868,0.1198177942
0x609f63f0e1995a150e8ed33d4c6b29893a28e52c,50925232,BUY,2478.77853314,0.0003550136
0x378303fac5d1903f55544b18d7dad9230d00c4e8,50925256,SELL,2476.28498234,0.0001451856
0x40b478d68e306ce3450ce27752e6795ccdb3df35,50925258,BUY,2478.76496415,0.0004157312
0x9846b1bcf32ef192fc963049176121acba2c11d7,50925262,BUY,2478.76403388,0.0055021042
0x92985e9b2b49cf23a58b04756eb06fcfdebb0998,50925274,SELL,2476.28618182,0.0018333333
0x4249c5ddb041a5702b76810d3a59857c0b39d15c,50925278,BUY,2478.76517299,0.0009666870
0x4bf447b78c80096e640d4e431e6c4be63a0e49dd,50925278,SELL,2476.28597872,0.0018840897
0xdff12585624c8992d5c9d7ad7976e2f794766c7e,50925286,BUY,2478.76796625,0.0327954585
0x6658f0185026bca770515b4e4c232f7e3c859843,50925292,SELL,2476.29292921,0.0073755789
0xf78213ac7944cefaa4ece55c18b066f4b88278ce,50925292,BUY,2478.83024435,0.4864121001
0xf76b2a36217dd793359cfcd405efc37d830f45cb,50925297,BUY,2478.89156377,0.0093583428
0xf9e83b90701a01786222fc12d75bcdb9f1506b76,50925301,BUY,2479.26427055,3.0085709106
0xd14602c85a25a4e520441c47a97a2c9da63ae1be,50925301,BUY,2479.65150442,0.1257434468
0x4e4995d4c89e85bcfa8f6edc9e60807cdc9c6b02,50925301,BUY,2479.68902577,0.1778773578
0xcd7709493d2b3ef2dc1f5c415fc95e79050572f0,50925301,BUY,2479.76306853,0.4213458952
0x0bc3a5bbaae80d5ca6d208ddd94889527d4aad26,50925305,BUY,2479.82415280,0.0215579802
0x68e301b7e524330bd54b7ef27c3529f167b3df5f,50925306,BUY,2479.84095778,0.1144030254
0x69374f8233a4069d48f8994d84052ecae6277ef5,50925309,BUY,2479.87477437,0.1592416117
0x03ad9259a227e44886c6b1c1833c2e79379b976a,50925310,BUY,2479.90460535,0.0821091850
0x74ae4228e85943bb2db2a524ac5275cacaf6dc81,50925312,BUY,2479.94286986,0.2210736411
0x30411d53e20272a2b7c6498700267d67bcf0b82a,50925314,BUY,2480.01392070,0.3538048374
0x98d9fdf9c7b268a970635640efd6540d74507b78,50925320,BUY,2480.06258097,0.0399183475
0xf04a2505afb967a1b4f43304e17994e94bdc13a1,50925327,BUY,2480.09405701,0.2107063454
0x22f097eb2f76b91f922513737dd6d30411d447b5,50925328,SELL,2477.63998171,0.0036422628
0xeb9f320a934e6ba0025a0d9a20caac12b21a7d17,50925330,BUY,2480.12101969,0.0002592910
0x12c51473ecec31920552b2cefc96f7c3ccf1dacd,50925330,BUY,2480.14410285,0.2009476629
0x61d8476eb8ac232391e4d3776f83846e906a69af,50925335,BUY,2480.17175077,0.0227524566
0x0f014545de76a29892b9319e5a4123b28299f33b,50925348,SELL,2477.97368593,0.0025788567
0x6806ba3a4e083785d44a3a20a86266699d42519f,50925351,SELL,2477.96283838,0.0990000000
0x0f3f10d5b42c9773e0056ad977c13679334367a7,50925352,BUY,2480.43088858,0.2015778905
0x95773c1f40b82dd8d0529471f6a6016fdfe990aa,50925352,SELL,2477.97000000,0.0001000000
0x76caac8676f0c1a4eef68a55aad2f33a51b9dd48,50925354,SELL,2477.97348485,0.0198000000
0x1044a557d719fa69667dacbff8bc2fea60d8d736,50925357,BUY,2480.47387309,0.1859369647
0x8309fe2e70b06b0e50c95bf69ef8ff856f649899,50925364,SELL,2477.97628079,0.3297267090
0xf04a2505afb967a1b4f43304e17994e94bdc13a1,50925365,SELL,2477.89915637,0.2950781250
0x43370188473a398394e4ba4a7c7cbb2c6265e22a,50925368,SELL,2477.83264870,0.2434892781
0xb5eb5bc59cd6f90697bfd27c0337695c686320ab,50925369,BUY,2480.28542355,0.0255873370
0xd14602c85a25a4e520441c47a97a2c9da63ae1be,50925371,SELL,2477.69135643,0.9525000000
0xa971283289448b30188cec3f0e60ad92322e4970,50925371,SELL,2477.55291893,0.1692187500
0x61c4ef55367342a911d3baf65ce4a97a8f9c5f50,50925371,SELL,2477.52835017,0.0297000000
0x63234fe39b930741187f7a3c8098b9e2a8d2ed97,50925372,SELL,2477.51613967,0.0845010253
0x0a7385d81b0a7278197cfd8f11f598a51d69a7aa,50925373,SELL,2477.47150586,0.2772039765
0x460a715022465648db0db29f674e1ee9faea814a,50925373,SELL,2477.35150384,0.6952750869
0x24f4d2829289fd296c5b4e4d39c501cdf2fdec95,50925374,SELL,2477.17808772,0.7101897642
0x6ee62fb521531b587e79262d759dec8ce4fef341,50925374,BUY,2479.56991403,0.0040329575
0x9282d23417addf415003f876a707a13f8b9f1eb7,50925376,BUY,2479.57313282,0.0216812315
0x4337012eaf1f862b8dbdc6b62a01782ae01ef038,50925377,SELL,2477.08644647,0.0839776130
0x54e2acab04c89a3fe02852bf8dd69ee8f526bc75,50925378,SELL,2477.07202841,0.0001211095
0xda36f279bca99d11de6948d8260d612a4e3993d9,50925380,SELL,2477.06750361,0.0693000000
0x824abda7e8bfcf47c543761c50bc7bf6756deda9,50925390,BUY,2479.53442396,0.0001466582
0x54e2acab04c89a3fe02852bf8dd69ee8f526bc75,50925395,SELL,2477.05429948,0.0001211116
0xb9d99ec2931bc1bbc63bc4e9432ca104d7192d8b,50925396,SELL,2477.03459064,0.1595940967
0xf04a2505afb967a1b4f43304e17994e94bdc13a1,50925396,SELL,2476.95858289,0.4565625000
0x1cbf4788daa0e78a0c2769133698c29f152362ca,50925398,BUY,2479.38211056,0.0079819851
0xad58d92a036b8ae55501c24573c93b24b00b883c,50925400,BUY,2479.38716564,0.0337324643
0xad58d92a036b8ae55501c24573c93b24b00b883c,50925410,BUY,2479.39539845,0.0329233409
0x048ef1062cbb39b338ac2685da72adf104b4cef5,50925412,BUY,2479.40017340,0.0018965091
0x2555a39203c226415ab34734bad363c4ea44dfbf,50925416,SELL,2476.91103735,0.0819812133
0x105b4fbb1ac9a62bd6df3bf7aca0f1d993e464d7,50925419,BUY,2479.38309887,0.0005756000
0x05d8fa8346470be95c8fa94300ccb313c0775c6c,50925424,SELL,2476.86271728,0.3318407109
0x88776fbd991c76aae24e12da906e47fc8be7aab2,50925427,BUY,2479.30129275,0.0010666388
0x0dfa768499c331acbd6df31887eca6f5860fbd6f,50925427,BUY,2479.30130171,0.0004692927
0x9972f4c1e53b5eeb9e2630a7dddb5d5bfbcac451,50925427,BUY,2479.30214117,0.0003553867
0x501ef174b66883ba40f92e6fb24bfb49331d4d4c,50925427,BUY,2479.30095761,0.0001936030
0xad58d92a036b8ae55501c24573c93b24b00b883c,50925428,BUY,2479.30781541,0.0552821655
0x54e2acab04c89a3fe02852bf8dd69ee8f526bc75,50925430,SELL,2476.83054151,0.0001211229
0x677f42ef7e942edb2ed74303e7ecf950909a5f99,50925436,BUY,2479.31523345,0.0035202801
0x5ab7645710c78079ed9be4ec752ee2fe7676acaa,50925437,SELL,2476.83565657,0.0099000000
0x12c51473ecec31920552b2cefc96f7c3ccf1dacd,50925439,SELL,2476.80830103,0.2124940048
0x98d9fdf9c7b268a970635640efd6540d74507b78,50925440,SELL,2476.77669476,0.0436122288
0x61d8476eb8ac232391e4d3776f83846e906a69af,50925442,SELL,2476.76844076,0.0232253416
0xd14602c85a25a4e520441c47a97a2c9da63ae1be,50925443,SELL,2476.72432045,0.3346875000
0x1278c1e48e3c9548a5d9f2b16dc27ed311b0697c,50925445,SELL,2476.67477292,0.0001211257
0x4ee338d1cf81adbbbded4246e0ddd8dbfdbf4315,50925446,SELL,2476.68260293,0.0007429224
0xa28669d95a6339da0b0216ae1683ef6f9edc2720,50925446,SELL,2476.68193765,0.0072015816
0x54e2acab04c89a3fe02852bf8dd69ee8f526bc75,50925447,BUY,2479.15968885,0.0008067250
0xaa936257cd7689d3f04336389dc951c0b439a64f,50925449,SELL,2476.66903030,0.0990000000
0xc27a2b4bd5b374c3cb3c711e17901628824f8258,50925454,BUY,2479.13493308,0.0020695554
0x7d97fc3830b1270fb230ce05af843cb7e195ec9f,50925454,BUY,2479.26680199,0.0000051039
0xad58d92a036b8ae55501c24573c93b24b00b883c,50925458,BUY,2479.14815519,0.1074501875
0xa95157266e0f53d2762fd8a885d4cdb2409eb29e,50925459,SELL,2476.68111658,0.0142919211
0x048ef1062cbb39b338ac2685da72adf104b4cef5,50925465,SELL,2476.67934095,0.0001211299
0x207d67753fd88622a118f9867dd04e0e27cc3268,50925471,SELL,2476.67649855,0.0227436155
0x611df6821fbf58ba1c482e6148cdf01ed2fbd0b3,50925473,BUY,2479.15307566,0.0066272152
0x54e2acab04c89a3fe02852bf8dd69ee8f526bc75,50925476,SELL,2476.67533627,0.0001211301
0xaf483340eb39c784bd51274728d704664729ab9a,50925479,SELL,2476.65246297,0.1852953488
0xc27a2b4bd5b374c3cb3c711e17901628824f8258,50925481,BUY,2479.11972319,0.0000559477
0x6da54a88e7382c0efc2b49a68a1bbc9e1135f21a,50925483,BUY,2479.10909809,0.0011536652
0xc27a2b4bd5b374c3cb3c711e17901628824f8258,50925493,BUY,2479.10503304,0.0218530656
0xbbe06ea75813760ae2387276b64b592a4b6ce29f,50925494,SELL,2476.62898799,0.0017166451
0xbbe06ea75813760ae2387276b64b592a4b6ce29f,50925494,SELL,2475.54830187,0.0000006075
0xd83e60d273fd0cb3b05c2611db940fecb7b6ca64,50925496,BUY,2479.11195682,0.0378420070
0x5eed905e372bc0db8ed21a3db8beb3c72f398ed4,50925497,SELL,2476.63503030,0.0247500000
0x5eed905e372bc0db8ed21a3db8beb3c72f398ed4,50925498,SELL,2476.62892929,0.0247500000
0x9e10496618700907928e4a7507cad90f5588ccb8,50925501,SELL,2476.59809170,0.2255041235
0xa971283289448b30188cec3f0e60ad92322e4970,50925502,SELL,2476.52913235,0.3501562500
0x24de11bc09c4b658a0658140684f52b6d6444aa9,50925503,SELL,2476.45509795,0.2510005978
0xf44fa06e0606fe37f21513d6bbcc685b184d5081,50925503,SELL,2476.42198306,0.0175349534
0x9ea43c07c878afd8d7d24b69ec54b96a0f5d2b6b,50925505,BUY,2478.89757153,0.0028359227
0xd14602c85a25a4e520441c47a97a2c9da63ae1be,50925510,SELL,2476.38570449,0.2751562500
0xa971283289448b30188cec3f0e60ad92322e4970,50925511,SELL,2476.32451778,0.2210156250
0x67d698a325f29e17a9477f28ba4fe50f1cec60e4,50925514,SELL,2476.29316571,0.0331527446
0x3688b87e0aefc15f62eae1272edc11f7a761bf73,50925517,SELL,2476.15049177,1.1249988954
0x8fa3386ec2c1519f7b99dceb75271c2b09601645,50925522,SELL,2475.99503672,0.1370000654
0x3688b87e0aefc15f62eae1272edc11f7a761bf73,50925526,SELL,2475.95799478,0.1637772849
0x224cfc26c83fccc3463c804e7f86b10651d5df96,50925529,SELL,2475.91173730,0.2117583107
0xf04a2505afb967a1b4f43304e17994e94bdc13a1,50925531,SELL,2475.85460025,0.2521875000
0xf04a2505afb967a1b4f43304e17994e94bdc13a1,50925533,SELL,2475.78887460,0.2814843750
0xd14602c85a25a4e520441c47a97a2c9da63ae1be,50925533,SELL,2475.73521378,0.1542187500
0xb76455d6a7759cb4ea5bdfb1e940c6a15def4708,50925537,BUY,2478.18884613,0.0017420936
0xa971283289448b30188cec3f0e60ad92322e4970,50925540,SELL,2475.64991057,0.4982812500
0x56360a4e7bf90d870e452b8b6f9b235846125b7f,50925569,SELL,2475.58655303,0.0158400000
0x0fd8f1e816662eaba64cc86bb618ddee6126db95,50925578,SELL,2475.57079111,0.1125000000
0x5ab7645710c78079ed9be4ec752ee2fe7676acaa,50925580,SELL,2475.55565657,0.0099000000
0xf04a2505afb967a1b4f43304e17994e94bdc13a1,50925580,SELL,2475.45061096,0.8437500000
0xe8ca8dae7eb814b713306cde0733e40423d7dd65,50925584,BUY,2477.82567423,0.0140460099
0xf2d1aff8a41cdef7e06c8443866124184c3ef527,50925584,BUY,2477.88215516,0.4441002389
0xf2d1aff8a41cdef7e06c8443866124184c3ef527,50925584,BUY,2477.96736343,0.2468908639
0xef896ef08ff145bc4b457174edece658ea902df7,50925594,SELL,2475.49726588,0.1880922388
0xb0299e8f5566a3b9c420854cb64cf2db0a6a39c4,50925594,SELL,2475.47375838,0.0028503829
0x501ef174b66883ba40f92e6fb24bfb49331d4d4c,50925595,SELL,2475.47090511,0.0001211866
0xd83e60d273fd0cb3b05c2611db940fecb7b6ca64,50925597,BUY,2477.95248117,0.0003417410
0xb04e00e3e0f31073464804fe4182844ac2f7d418,50925609,BUY,2477.95247686,0.0000403559
0x1278c1e48e3c9548a5d9f2b16dc27ed311b0697c,50925610,BUY,2477.95921234,0.0001155984
0x5115114525475047bae8c42aec29bfe2a227db22,50925615,BUY,2477.95272381,0.0016473139
0x8095640e015907710e085b68718c59a6202c4335,50925629,BUY,2477.95627641,0.0003805745
0x83113a0febb6cf0627e2730fd96a5a0ebc361d30,50925630,BUY,2477.95542302,0.0239927310
0xf05875882f0e38d7a60904d2b26d0ef40ec2410a,50925633,BUY,2477.95952910,0.0091863159
0x4ab6e6ce2c95cf2a1468295bf83d140df4022508,50925636,BUY,2478.59471141,5.1398822810
0x501ef174b66883ba40f92e6fb24bfb49331d4d4c,50925639,SELL,2476.74820591,0.0004039615
0x2afaa84bef9000bd5d3b5aa809ba49909ca97d2e,50925642,SELL,2476.73221549,0.1485000000
0x2afaa84bef9000bd5d3b5aa809ba49909ca97d2e,50925642,SELL,2476.69558249,0.1485000000
0x29e619b6006a97403990cc7da76bf23cf98aa2fb,50925642,BUY,2479.39471300,1.9338742935
0x2c1ca48016098e0ebf6a895f0b08d89b8ad93411,50925647,SELL,2477.15437310,0.0020710316
0x824abda7e8bfcf47c543761c50bc7bf6756deda9,50925649,BUY,2479.64244139,0.0000944668
0xd83e60d273fd0cb3b05c2611db940fecb7b6ca64,50925651,BUY,2479.63774796,0.0001221477
0x46c4e459fdadfa3f5db2542743fbdbbcfc58050c,50925651,SELL,2477.15416206,0.0000729167
0x0f02e7f28e1865801ec70926c4b18e332e04afba,50925653,BUY,2479.64519797,0.0000471305
0x824abda7e8bfcf47c543761c50bc7bf6756deda9,50925657,BUY,2479.63596281,0.0003162819
0x824abda7e8bfcf47c543761c50bc7bf6756deda9,50925659,BUY,2479.63476642,0.0004237580
0xd83e60d273fd0cb3b05c2611db940fecb7b6ca64,50925664,BUY,2479.63794041,0.0001140904
0x4738d4b302a8b30f128b8fc148d430b45a4e3c04,50925668,BUY,2479.64014163,0.0000208571
0xb5eb5bc59cd6f90697bfd27c0337695c686320ab,50925673,BUY,2479.63497431,0.0127201944
0x385b3e146f99ea9fe9802299f00ba4f3af2c4ebb,50925674,SELL,2477.15676768,0.0049500000
0xc251a3bf0d8cd9e124583cb843e5ea249763af06,50925675,BUY,2479.63476526,0.0050311228
0x048ef1062cbb39b338ac2685da72adf104b4cef5,50925675,SELL,2477.15418516,0.0004039615
0x7582802d44aa5885f208d759beb2b80c7c65b0df,50925676,SELL,2477.15506799,0.0087217370
0x1278c1e48e3c9548a5d9f2b16dc27ed311b0697c,50925677,BUY,2479.63905463,0.0001533171
0x9071827765b67a33ba8ff3253158e09db16142b3,50925677,BUY,2479.63375238,0.0009295776
0x4a1c00fca5c12ee16b6db1d23e46beb2129c18c9,50925690,SELL,2477.07208208,0.6566914289
0xd14602c85a25a4e520441c47a97a2c9da63ae1be,50925694,SELL,2476.96828426,0.1846875000
0x048ef1062cbb39b338ac2685da72adf104b4cef5,50925698,BUY,2479.42503454,0.0058311515
0xd14602c85a25a4e520441c47a97a2c9da63ae1be,50925701,SELL,2476.89657558,0.4082812500
0x1278c1e48e3c9548a5d9f2b16dc27ed311b0697c,50925703,BUY,2479.32665039,0.0000789440
0x83681c14770b44361e21faf91d8325423365ea5c,50925707,SELL,2476.83190532,0.0000563345
0x2afaa84bef9000bd5d3b5aa809ba49909ca97d2e,50925708,BUY,2479.36092186,0.2913777630
0x9975a4dde6fabb65242ad11f9b8b44c87caa75ce,50925709,SELL,2476.91751543,0.0037787310
0x4fb2eed398096777992f28818ff8f2db389a4579,50925712,BUY,2479.39199185,0.0073952764
0x2d53b7982cf80ffdd822c439a196454078d66369,50925712,BUY,2479.39360401,0.0010634713
0x2d53b7982cf80ffdd822c439a196454078d66369,50925712,BUY,2479.39366920,0.0008418623
0x347a2b64c117be1d33fd44bb6ba3fe255b173028,50925712,SELL,2476.91340580,0.0087635599
0x7107799905239a51c3466e966466bb2072c9dbd8,50925714,BUY,2479.37979622,0.0069819057
0xd7bf96052d25d051eb83d3a65c44a475421a5980,50925720,SELL,2476.89318490,0.0069950227
0xd31594b17ef269b74c46c9d297463b73e1ae7558,50925721,BUY,2479.38099876,0.0797844491
0x61c526911f870795a6731684e43960d7a000e889,50925722,BUY,2479.39366443,0.0021024971
0x61c526911f870795a6731684e43960d7a000e889,50925722,BUY,2479.39401290,0.0014549991
0xf0523316cf23ef167d874fa030b2214280e38ee6,50925722,BUY,2479.40142133,0.0433547731
0x447c8fe349cdd72542ef3bbab788b5c8cd33eeba,50925722,BUY,2479.40876215,0.0007761282
0x98429db1fd151c025d5216329dba970d2891eecc,50925726,BUY,2479.40862173,0.0055433961
0x98429db1fd151c025d5216329dba970d2891eecc,50925726,BUY,2479.40982240,0.0030540502
0x98429db1fd151c025d5216329dba970d2891eecc,50925726,BUY,2479.41048336,0.0024363380
0x98429db1fd151c025d5216329dba970d2891eecc,50925726,BUY,2479.41097875,0.0019662440
0xdce041bee255393169fb297f1507746f2047229b,50925726,BUY,2479.41116640,0.0013414463
0xdce041bee255393169fb297f1507746f2047229b,50925726,BUY,2479.41157400,0.0010703197
0x88776fbd991c76aae24e12da906e47fc8be7aab2,50925727,BUY,2479.41176768,0.0010679606
0x775e2641f6609275f0e49d6f3f58e1d1f82b93bb,50925727,SELL,2476.92599906,0.0572575229
0x5eda278fe10cc808a7090f36eba4bbe842f729c8,50925728,BUY,2479.40111921,0.0014089495
0x5eda278fe10cc808a7090f36eba4bbe842f729c8,50925728,BUY,2479.40147440,0.0009709739
0x5eda278fe10cc808a7090f36eba4bbe842f729c8,50925728,BUY,2479.40205910,0.0009352263
0xec2e8cd24d36657708133b156a39fdb3bdf6a3f9,50925729,BUY,2479.40762465,0.0492964266
0xec2e8cd24d36657708133b156a39fdb3bdf6a3f9,50925729,BUY,2479.41435428,0.0041037546
0xec2e8cd24d36657708133b156a39fdb3bdf6a3f9,50925729,BUY,2479.41530061,0.0033180896
0x0f014545de76a29892b9319e5a4123b28299f33b,50925729,SELL,2476.93675512,0.0006732901
0xc27a2b4bd5b374c3cb3c711e17901628824f8258,50925731,BUY,2479.41795765,0.0001788964
0x6598f6c0f2032cd217ea4f14231cc6a2645e0aa1,50925731,SELL,2476.93687482,0.0087134179
0xe9a0da4806312550fa8d519b362420618d5f0c64,50925731,BUY,2479.41534908,0.0051337776
0xba7e7cb240cfd12f4e191d0ae29ad01806942894,50925731,SELL,2476.93630086,0.0062120758
0x4cbd1487960b91dcbe39c1576484b037f0cf5838,50925731,SELL,2476.93521551,0.0025863620
0x703300930e3b33ea9c1a54e61b4a83387f64bed7,50925732,SELL,2476.93435123,0.0044199682
0xbb4578fdc917e1edf1eae752ca5ce4477b8d03e6,50925732,SELL,2476.92940871,0.0356468944
0x33ef65e8fc22ce1cd57d82c33a8bb5211e4a8bf5,50925732,SELL,2476.92417633,0.0067698007
0x2a09323b63333d5d23bff02371e5d7335f911c0e,50925732,SELL,2476.92288665,0.0036851123
0x5e250d294bc7dffbaa8213eb5d37b18c6994583f,50925732,SELL,2476.92181818,0.0049500000
0x6a62b6cb96d7d224aa15a60491f439ee0466177b,50925732,SELL,2476.92082287,0.0031451102
0xc9565e2e724ef1f48d4d3edc121e293350fade1c,50925732,SELL,2476.91969689,0.0059827559
0x784679d56fc82348e1ca35b4c9963e2e73cdcf85,50925733,SELL,2476.91389326,0.0408699084
0x6065461d1ab19f090a541ec229bb60331bd0ad35,50925733,SELL,2476.90850643,0.0029945680
0xde8a099d6b16583990a4c83eca90c40dd857cee5,50925734,SELL,2476.90703534,0.0089310752
0xd7bbfbed34c93cf9f02a650727db91aa5b31f55b,50925734,BUY,2479.38530077,0.0020434787
0x3b5d82d7f6d216928483d0f892ef7f30adc298fe,50925735,SELL,2476.90561830,0.0066454224
0x0d78f650a0b1fea988eb346a97894770c4799d2e,50925737,SELL,2476.90339809,0.0113531477
0x188783c7048e1b904f0b937cd20798f5dd799934,50925737,SELL,2476.90118386,0.0065969321
0x98616b851f79c2bf71cb2231930759685a15a85d,50925738,BUY,2479.37966511,0.0036821327
0x0000208d547a446ba9059cbb2cfcfbaead7d3fa3,50925746,SELL,2476.91641548,0.0125343576
0x72736cae12928e8f8310697d74846ce3cf8dba45,50925746,SELL,2476.91458684,0.0022897596
0x62253fb4b010925674cfb29da811be2c3ad4af42,50925759,SELL,2476.91422264,0.0006627185
0x62253fb4b010925674cfb29da811be2c3ad4af42,50925759,SELL,2476.91397958,0.0013077168
0xada0c6bbc01464a44798e457009ab9ccd57bdc2f,50925760,SELL,2476.91330803,0.0041362933
0x177987fb33752206c831a2074acc62c95f98ca70,50925761,SELL,2476.91204880,0.0010502234
0x8682d65528995ce7e9c1d6e60bdaf1e1a6764c35,50925761,SELL,2476.91228292,0.0020734485
0x8682d65528995ce7e9c1d6e60bdaf1e1a6764c35,50925761,SELL,2476.91186245,0.0013351581
0x6e1f672448465ad3fcebef9282190b370a18e93c,50925761,SELL,2476.91114692,0.0044654133
0xc5995ccb206ffd727fb4816054fc629217955be6,50925763,BUY,2479.39002207,0.0052270469
0x6605e3870d08dd4d198e55815c0dba7ea598d9c1,50925764,BUY,2479.39239960,0.0139677479
0xfbd5ff613ae469ad960b1c6cd4cc12100d744555,50925764,BUY,2479.39513110,0.0079750907
0xcdd8455c77e0ed418e265e4a054f2ad3be408208,50925765,BUY,2479.39671547,0.0016595037
0x7f8bb4052135e815baf8cc6162df6fe5b9bad4b5,50925769,SELL,2476.90318772,0.1177450614
0x1278c1e48e3c9548a5d9f2b16dc27ed311b0697c,50925771,SELL,2476.88749726,0.0001211218
0x8ccad1fd60124d58b94e22c423731e546c2da184,50925772,BUY,2479.36826380,0.0058854379
0xcccdf003d900652c6284f74594f9a8df166035a9,50925774,BUY,2479.36898684,0.0008526044
0x4d0e1af7df802ae9fd5ca5ca36bcf14c65d0f89c,50925785,BUY,2479.36974780,0.0039995398
0x1278c1e48e3c9548a5d9f2b16dc27ed311b0697c,50925789,SELL,2476.89027172,0.0002018660
0xa375e506488b47c9647997420921dba82de2c966,50925795,BUY,2479.37068012,0.0009578616
0xa7d20fd31078a5703b0717e548452ea6c0c8a689,50925795,BUY,2479.37109756,0.0013648897
0xf7c5282096a914d86db1739a62a6a773764c1fc9,50925805,SELL,2476.89169969,0.0006305540
0x54e2acab04c89a3fe02852bf8dd69ee8f526bc75,50925805,SELL,2476.88350623,0.0001211195
0xc2270067a24ccc201a51b9402bac365ddf773a48,50925806,SELL,2476.89086264,0.0059130118
0xc2270067a24ccc201a51b9402bac365ddf773a48,50925806,SELL,2476.88984896,0.0023046314
0xc27a2b4bd5b374c3cb3c711e17901628824f8258,50925809,BUY,2479.36961913,0.0006962665
0x824abda7e8bfcf47c543761c50bc7bf6756deda9,50925812,BUY,2479.37566216,0.0000320807
0x1278c1e48e3c9548a5d9f2b16dc27ed311b0697c,50925816,SELL,2476.88972159,0.0001211196
0x3e4cbf6341eb85af1f5eeb536257ee370cb4a76d,50925819,SELL,2476.88664351,0.0000316700
0x6ee62fb521531b587e79262d759dec8ce4fef341,50925829,BUY,2479.37094671,0.0201664055
0xd83e60d273fd0cb3b05c2611db940fecb7b6ca64,50925836,BUY,2479.38403361,0.0000927799
0x7f77bad9eb06373fe3aee84f85a9d701ff820eeb,50925837,SELL,2476.75466800,1.0000000000
0xcf44ddf235784abaad74ea3ae77ac4b1f320eb29,50925842,BUY,2479.11019699,0.0014648074
0x553ddd9f5f8dd7e629f2840ab7b0d1a0c41d37de,50925843,BUY,2483.30455125,0.0000001840
0x03d9964f4d93a24b58c0fc3a8df3474b59ba8557,50925845,BUY,2479.11051227,0.0005395939
0x011b9c9f62894270c81f1d5746146407c919fad9,50925847,BUY,2479.11081403,0.0014840228
0x5317942e22f8b382507f78f118c6906875fb0433,50925848,BUY,2479.11094254,0.0021297958
0x9126cfbbfddbc91484797ead1298201b3128e6c6,50925848,BUY,2479.11195065,0.0016393862
0x0bcf0b05f4bdbb7342f654ebc88f9219d10c7666,50925848,BUY,2479.12606201,0.0000669857
0x289ad9c22c9d26cdb9f2989cfd59295a4875365e,50925849,SELL,2476.63196472,0.0089980471
0xc27a2b4bd5b374c3cb3c711e17901628824f8258,50925849,BUY,2479.11091153,0.0002167547
0x048ef1062cbb39b338ac2685da72adf104b4cef5,50925850,SELL,2476.61929603,0.0000807548
0xc09bd1bedca6b0eeff911bec9c58ecc04b693426,50925855,BUY,2479.40761271,0.0011716573
0xb21c1f3429de13abdc5095132ba8e92c94d6614d,50925856,BUY,2479.52185453,0.9269059915
0xf2d1aff8a41cdef7e06c8443866124184c3ef527,50925856,BUY,2479.64462600,0.0667213807
0x666ea77bcb63545660526bb7e81825fa90242527,50925858,BUY,2479.65831181,0.0439806071
0x6ee62fb521531b587e79262d759dec8ce4fef341,50925862,BUY,2479.66423163,0.0040328041
0x6ee62fb521531b587e79262d759dec8ce4fef341,50925865,BUY,2479.66622482,0.0040328008
0xaa823db1acc1aedfccc6e919e237cba28dd40725,50925869,BUY,2479.66699984,0.0017832229
0xa7638c2f66102ac036930b5c1f9723f170942159,50925870,BUY,2479.68053597,0.1081975404
0x048ef1062cbb39b338ac2685da72adf104b4cef5,50925870,SELL,2477.21243822,0.0000807367
0xfc0eb530d7c701c7ec2f33abd04ca6313625738f,50925871,BUY,2479.74851761,0.1586334837
0xd7bf96052d25d051eb83d3a65c44a475421a5980,50925872,BUY,2479.76836358,0.0019961542
0xb1ccf0bf26c0468854c514ec3a649d34041242cc,50925873,BUY,2479.79073441,0.1790326909
0xcf5412704264151768b4b7061162154c99718f7c,50925875,SELL,2477.33309522,0.0041661180
0x98c0aa9b906dce9d3747e01c84e8c5559efd7ceb,50925875,BUY,2479.90624972,0.7640737767
0x048ef1062cbb39b338ac2685da72adf104b4cef5,50925876,SELL,2477.51191479,0.0000807334
0x8c9b38dcb94fa62f76ca288ee2e8e28b155eecfc,50925878,BUY,2480.00306292,0.0193246661
0x9e10496618700907928e4a7507cad90f5588ccb8,50925879,BUY,2480.09600733,0.7328588194
0xf20ef76463d0de117f658b80b2c65e1d86132003,50925882,BUY,2480.23743676,0.0387475830
0x53881155498cae8660195670591f1e23ae81431f,50925883,BUY,2480.24228916,0.0005233323
0x2ff77cd44ccd4eb7d0b51800cddc8512085ec6dc,50925888,BUY,2480.24344592,0.0080428746
0xee042ac1d580a775e9ce23db76d87537a108b19e,50925891,BUY,2480.24975827,0.0438219113
0xa1e97b7a0d45210618c5615e2d9ef46a554e41f0,50925891,BUY,2480.26069894,0.0446844955
0x0c3e1a131dc512b703318ea1037fba0214237c72,50925896,BUY,2480.31181837,0.0065819039
0x0c3e1a131dc512b703318ea1037fba0214237c72,50925896,BUY,2480.31322805,0.0004964724
0x0c3e1a131dc512b703318ea1037fba0214237c72,50925896,BUY,2480.31336178,0.0028037538
0xc27a2b4bd5b374c3cb3c711e17901628824f8258,50925900,BUY,2480.31128664,0.0025681631
0xe1f683fec3aced3e55dbb4d3a6f22c25c9e57bd5,50925900,SELL,2477.82673394,0.0416567969
0x54e2acab04c89a3fe02852bf8dd69ee8f526bc75,50925901,SELL,2477.81885202,0.0000807157
0x824abda7e8bfcf47c543761c50bc7bf6756deda9,50925904,BUY,2480.30246675,0.0001409768
0x212dbcb64ab4dcc4523c36796189c004c5c56b0e,50925906,SELL,2477.82122328,0.0011523337
0xdf19dcf87ee2c5675f60b66cd49c69c5a8ff38c5,50925906,SELL,2477.82122657,0.0008361705
0x16d96c3289ba71024f028b38a8762f86aca1e327,50925906,SELL,2477.82015647,0.0078339895
0x25ab8a02cb7c677c2bcec2f7760d77a49a55675d,50925906,SELL,2477.81896709,0.0018026551
0x289ad9c22c9d26cdb9f2989cfd59295a4875365e,50925907,BUY,2480.32416201,0.2082267822
0x000000c557fa9a96d66cd6371abde62d879d0e61,50925911,BUY,2480.35493487,0.0406090482
0x5806665a042faa081ba38b26b08ddb08896c4e5f,50925916,BUY,2480.36018972,0.0020158363
0xbf2913b6cec8e955c0d42afd35441547b0a9bbb1,50925928,BUY,2480.71009716,0.5715047541
0x5ab7645710c78079ed9be4ec752ee2fe7676acaa,50925933,SELL,2478.29929293,0.0099000000
0x6332685fb57d440b9812cc5f625376f8bee6eba1,50925938,SELL,2478.29618759,0.0154257341
0xd179476ebc35ab070d25b517c5dcfd471558b3a5,50925943,SELL,2478.29254400,0.0144258708
0xb3e42508fa9aef0465c851bf43be5bd0725eb1a2,50925950,BUY,2482.74675297,0.0000003126
0xc58bdfc2f3f31f30d1f1768d3273d00bbd13b6cb,50925950,BUY,2482.74675304,0.0000003126
0x4f550d4ba6b6e94f7643f8f64430b6d02866d572,50925950,BUY,2482.74675312,0.0000003126
0x34ed24663c2301d553e90cc12d74f45dd088e22d,50925954,SELL,2478.30655956,0.0079858030
0x1278c1e48e3c9548a5d9f2b16dc27ed311b0697c,50925963,BUY,2480.78634302,0.0030162682
0x09535b5c76a7daa3d888b9aff95199aff386afa3,50925965,BUY,2480.78982259,0.0268462888
0x724f1e61c57266dc40f012e3a36c0e0aedef7ad4,50925971,SELL,2478.31239656,0.0007747986
0xc27a2b4bd5b374c3cb3c711e17901628824f8258,50925982,BUY,2480.79554500,0.0003250590
0x5e7b46d33dae15b8ca77e8d08b14b211e5426f5e,50925982,BUY,2480.79376122,0.0033201224
0x824abda7e8bfcf47c543761c50bc7bf6756deda9,50925984,BUY,2480.79581962,0.0002535755
0x4708240ef81edd2e2bc3dd0fba6af95a415ef093,50925987,BUY,2480.79741248,0.0273076776
0xa1d5a3243fe47304bb0b80f8f8af1f955d910f88,50925991,BUY,2480.80133928,0.0014539092
0xb42f812a44c22cc6b861478900401ee759ebead6,50925995,BUY,2480.80137036,0.0004030956
0x3b455e4e15835207ec66f62524da7568cd9d0178,50926006,SELL,2478.32034022,0.0005900638
0x04247605e28b48251ddafa69a4376a55e4bcbefb,50926012,SELL,2478.31069410,0.0841488916
0xad58d92a036b8ae55501c24573c93b24b00b883c,50926013,SELL,2478.28809091,0.0990000000
0xb42f812a44c22cc6b861478900401ee759ebead6,50926016,BUY,2480.75605617,0.0004031029
0x9a8a709e81875305aead4b13db4e5263bd65a483,50926018,BUY,2480.75164516,0.0045967072
0xe4601ab2441fbc03ea8440aa42cb8352bb03b437,50926018,BUY,2480.75338215,0.0100775838
0x08b49a086db69b9024a3f9952a9cbdc84cbbd4a6,50926019,BUY,2480.75512969,0.0038447160
0x978db60a9c968dda80ee2d23912216298e93f0f1,50926022,SELL,2478.15918018,0.9417672810
0x5134944c09631d62df3988605baa84dd4fe76f09,50926024,BUY,2480.52970325,0.0555562970
0x88776fbd991c76aae24e12da906e47fc8be7aab2,50926027,BUY,2480.53752198,0.0010659936
0x0dfa768499c331acbd6df31887eca6f5860fbd6f,50926027,BUY,2480.53739847,0.0004690588
0x9972f4c1e53b5eeb9e2630a7dddb5d5bfbcac451,50926027,BUY,2480.53836943,0.0003551721
0x0de1440eca9c79dd6cacfaf99c1285092f574e12,50926047,BUY,2480.54870298,0.0213484581
0xc0ffee59f94f54f4f293f01672976408bc1cad7f,50926047,BUY,2480.55242835,0.0087851213
0x0a12e60c05c778941e108677231f872af5961eff,50926052,BUY,2480.55787226,0.0005032469
0x0a12e60c05c778941e108677231f872af5961eff,50926056,BUY,2480.55747039,0.0005034602
0x75c1e7e3945d8572ce53b85c23592b737fd07d93,50926059,BUY,2480.70456402,1.1936175988
0x7779bc4d7a28783f7e535cc4fedc920764656e43,50926060,BUY,2481.03808439,0.3814555943
0x59bbcc7abcb76cc6a9f0f65ffb5f7408c00a306b,50926066,BUY,2481.08587910,0.0016309911
0x835dcb10ac51e1635ab32a41127baaf3062e3695,50926067,SELL,2478.53442656,0.5731105559
0x8768462035983b52b0314ed297289be995e9e714,50926069,SELL,2478.37391805,0.1794297429
0x0a12e60c05c778941e108677231f872af5961eff,50926074,SELL,2478.35050505,0.0099000000
0x64610bf0b0b431321f9a37d62f8bf0c2e01c97d5,50926080,SELL,2478.34841410,0.0061697790
0x1e0fa0e83f3c55da84fc078f106530d07c8e211d,50926087,SELL,2478.34672292,0.0087001729
0x7d97fc3830b1270fb230ce05af843cb7e195ec9f,50926101,BUY,2480.82642273,0.0037573056
0xb64fd874c1a9634465efb1463443ac8f54dc201e,50926108,SELL,2478.31968687,0.1980000000
0x9d057b14ed3409f79f3a03f30121c9b5d9496888,50926113,BUY,2480.77603028,0.0011346784
0x0a12e60c05c778941e108677231f872af5961eff,50926123,SELL,2478.29404040,0.0099000000
0xd59a679e7f509062556288c6cd2be55afb7305a9,50926128,SELL,2477.99899391,0.8848148302
0xc4331ca187521d2ccfc36db4ca6017cc9fab51a3,50926136,BUY,2480.08166380,0.0072590178
0x4a1c00fca5c12ee16b6db1d23e46beb2129c18c9,50926143,SELL,2477.51213424,0.2900034180
0xb5eb5bc59cd6f90697bfd27c0337695c686320ab,50926146,BUY,2479.95732964,0.0129546225
0x12c51473ecec31920552b2cefc96f7c3ccf1dacd,50926151,SELL,2477.45464586,0.2017808249
0x12c51473ecec31920552b2cefc96f7c3ccf1dacd,50926154,SELL,2477.41738057,0.1002070353
0x01c1816b1a7ed9a77180d46a8fefdf2e0cf97e9f,50926155,SELL,2477.36760641,0.3032218848
0xf70da97812cb96acdf810712aa562db8dfa3dbef,50926157,SELL,2477.32317990,0.0567302644
0x74bb789f60c62f3be44382f10fab8b7bff1dec22,50926158,SELL,2477.24290404,0.1980000000
0x254eff45135ab7e0ffc5a8d4c913f89dd3e6166d,50926162,SELL,2477.21332371,0.0415800000
0x32ced4117c48afcd3e2828cc88ce6f9bbfce8730,50926163,SELL,2477.07684134,1.0648611359
0x920f44a013176223ced9a556899b7e6b0498a878,50926163,SELL,2476.92249064,0.1863120900
0x5ebb1c69fa0ee16d5f03eece7abfa13c9f630fb1,50926163,SELL,2476.88729293,0.0990000000
0xa26b331926bf719fef7bbf92b999236c30103b71,50926167,SELL,2476.83817848,0.2992000000
0xc5863c240e35b607b8fb01c8f46e3d68d0cf5eb8,50926168,SELL,2476.75218000,0.2000000000
0x26fc33eee5660d5cc1434d0c237bd0ac88005ea1,50926171,SELL,2476.72733290,0.0014685714
0xb956c97cdab7e3fe05029a432b0c1b137c4a1548,50926171,SELL,2476.72687200,0.0022682614
0x44be7eea5f2dbfc94aed77796c2ebdfc0e67fe2e,50926174,SELL,2476.72603973,0.0044794377
0x44be7eea5f2dbfc94aed77796c2ebdfc0e67fe2e,50926174,SELL,2476.72530783,0.0014544241
0x909036f525804c91465891ea06c3fa892536a500,50926196,BUY,2479.17993173,0.0023912068
0x824abda7e8bfcf47c543761c50bc7bf6756deda9,50926200,BUY,2479.18068319,0.0005708087
0x33a6e39012776b1e9a6335aebb14dd782d635780,50926207,BUY,2479.19938131,0.0000134769
0xa12fa23701f00ad2663e339386d65cd94a144cbc,50926255,SELL,2476.69083133,0.0629310134
0x12a47eb458134042805600f303c3f124937e8f92,50926255,SELL,2476.68306350,0.0000486695
0x3675abef47fd08915031a1f924cb7f253df51278,50926255,SELL,2476.68296166,0.0002966217
0x76caac8676f0c1a4eef68a55aad2f33a51b9dd48,50926264,SELL,2476.68171717,0.0099000000
0xe1a5a23e98de34d289d69808cc4cff1e2fe00a1e,50926287,SELL,2476.68012617,0.0033732984
0xc0ffee90c2cfa398e0af37eeadb39d200e331eec,50926318,BUY,2478.90529823,0.0025630096
0x6332685fb57d440b9812cc5f625376f8bee6eba1,50926320,BUY,2478.90610874,0.0012605887
0x88776fbd991c76aae24e12da906e47fc8be7aab2,50926327,BUY,2478.90676885,0.0010699289
0x9e80063b5c6b647d70bf4278f9f9592126b9c816,50926332,BUY,2478.90728442,0.0008326979
0x22f097eb2f76b91f922513737dd6d30411d447b5,50926349,SELL,2476.42736849,0.0036539210
0x33b34ec46601c5c823303ca8455522e0fe5d2988,50926349,BUY,2478.90961740,0.0000747784
0x79505fe7ce1af039038428f974eb81d39e119fd7,50926361,SELL,2476.42683166,0.0017389199
0x91cba162758b7ea8f71ca1bb24c84d830dc0e731,50926380,BUY,2478.90561631,0.0031773804
0x501ef174b66883ba40f92e6fb24bfb49331d4d4c,50926396,BUY,2478.90891154,0.0036523508
0xa23a1fac0753dfa327b543158cd7b289e8cf4eef,50926404,BUY,2478.91057250,0.0013563329
0x461e7c04ce077dd0065904657728019fa35e89f4,50926407,BUY,2478.91026967,0.0013901141
0x2d93c2f74b2c4697f9ea85d0450148aa45d4d5a2,50926414,SELL,2476.42606506,0.0573164877
0x17e49b3ee0a0eafb2d64e8ccf9913d68525f9f9c,50926419,BUY,2478.89786154,0.0011799518
0x51ccb174a7ccd9bdd65e82150bf201f5e7b25369,50926460,SELL,2476.41894910,0.0041017680
0x5014d862bd0dc5f577868e2d8d4759e44fec1c0f,50926464,BUY,2478.89759225,0.0028526503
0x0841a1262b83cc1db81799bf08f5ab61d636d2c8,50926468,BUY,2478.90151109,0.0002397259
0xa1ebf2043e76446efa2724bd1ec18321776096ff,50926487,SELL,2476.41747564,0.0176622720
0x55555cfddd37d8d82e06e0de90da9366ca3e31e8,50926507,SELL,2476.40952488,0.0000438421
0x55555cfddd37d8d82e06e0de90da9366ca3e31e8,50926507,SELL,2476.41344716,0.0035699515
0x55555cfddd37d8d82e06e0de90da9366ca3e31e8,50926511,SELL,2476.41286028,0.0010727129
0x55555cfddd37d8d82e06e0de90da9366ca3e31e8,50926511,SELL,2476.41167469,0.0007400627
0x55555cfddd37d8d82e06e0de90da9366ca3e31e8,50926511,SELL,2476.38804686,0.0000402255
0x55555cfddd37d8d82e06e0de90da9366ca3e31e8,50926512,BUY,2478.89212725,0.0002797233
0x55555cfddd37d8d82e06e0de90da9366ca3e31e8,50926512,SELL,2476.41236871,0.0001235440
0x55555cfddd37d8d82e06e0de90da9366ca3e31e8,50926514,BUY,2478.89136190,0.0013222233
0x55555cfddd37d8d82e06e0de90da9366ca3e31e8,50926514,SELL,2476.41185885,0.0004483063
0x55555cfddd37d8d82e06e0de90da9366ca3e31e8,50926514,SELL,2476.39880654,0.0000560907
0x55555cfddd37d8d82e06e0de90da9366ca3e31e8,50926515,SELL,2476.38613834,0.0000210613
0x55555cfddd37d8d82e06e0de90da9366ca3e31e8,50926515,SELL,2476.41251031,0.0026135484
0x55555cfddd37d8d82e06e0de90da9366ca3e31e8,50926515,SELL,2476.40810248,0.0002276095
0x55555cfddd37d8d82e06e0de90da9366ca3e31e8,50926515,SELL,2476.41126627,0.0005007092
0x55555cfddd37d8d82e06e0de90da9366ca3e31e8,50926515,BUY,2479.67521673,0.0000004940
0x55555cfddd37d8d82e06e0de90da9366ca3e31e8,50926515,SELL,2476.39101618,0.0000360537
0x55555cfddd37d8d82e06e0de90da9366ca3e31e8,50926517,SELL,2476.39856244,0.0000534886
0x55555cfddd37d8d82e06e0de90da9366ca3e31e8,50926517,SELL,2476.40837977,0.0000570269
0x55555cfddd37d8d82e06e0de90da9366ca3e31e8,50926517,SELL,2476.41072065,0.0002356653
0x55555cfddd37d8d82e06e0de90da9366ca3e31e8,50926518,SELL,2476.41069888,0.0005917371
0x55555cfddd37d8d82e06e0de90da9366ca3e31e8,50926518,SELL,2476.39998617,0.0000372323
0x55555cfddd37d8d82e06e0de90da9366ca3e31e8,50926519,SELL,2476.41032628,0.0002696120
0x55555cfddd37d8d82e06e0de90da9366ca3e31e8,50926519,BUY,2478.89187773,0.0001659709
0x55555cfddd37d8d82e06e0de90da9366ca3e31e8,50926525,BUY,2478.89208302,0.0002085149
0x55555cfddd37d8d82e06e0de90da9366ca3e31e8,50926525,SELL,2476.41061197,0.0001741577
0x55555cfddd37d8d82e06e0de90da9366ca3e31e8,50926525,SELL,2476.41046143,0.0008763196
0x55555cfddd37d8d82e06e0de90da9366ca3e31e8,50926532,SELL,2476.40815458,0.0003145148
0x55555cfddd37d8d82e06e0de90da9366ca3e31e8,50926532,SELL,2476.40902230,0.0002847724
0x55555cfddd37d8d82e06e0de90da9366ca3e31e8,50926533,SELL,2476.40781892,0.0003107134
0x55555cfddd37d8d82e06e0de90da9366ca3e31e8,50926533,SELL,2476.40124195,0.0000905532
0x55555cfddd37d8d82e06e0de90da9366ca3e31e8,50926533,SELL,2476.40666657,0.0002856417
0x55555cfddd37d8d82e06e0de90da9366ca3e31e8,50926533,SELL,2476.38666526,0.0000336684
0x147025750dba4ae3e1401d312e9f42f2d820801c,50926552,SELL,2476.40864897,0.0017257721
0x7ecb301ee60efb332dd12395d8b5affe5857518d,50926562,BUY,2478.89650972,0.0793804208
0xa28669d95a6339da0b0216ae1683ef6f9edc2720,50926599,BUY,2478.90656139,0.0041466101
0x9e0552ff501f02872acd76f3ea42ccd017ee3a50,50926605,BUY,2478.90812413,0.0006480773
0x9972f4c1e53b5eeb9e2630a7dddb5d5bfbcac451,50926627,BUY,2478.90728465,0.0003559907
0xfffff93233905118d37f2cb2117dc2aa5ccf861e,50926628,BUY,2478.90576563,0.0005701742
0x048ef1062cbb39b338ac2685da72adf104b4cef5,50926642,BUY,2478.90690360,0.0002280469
0x048ef1062cbb39b338ac2685da72adf104b4cef5,50926649,BUY,2478.91200394,0.0001115542
0xd8e31f23d7e18cbec1e70f0a2adac2655bd045c6,50926667,BUY,2478.92978171,0.0098824090
0x048ef1062cbb39b338ac2685da72adf104b4cef5,50926667,BUY,2478.93231051,0.0004497360
0x048ef1062cbb39b338ac2685da72adf104b4cef5,50926676,BUY,2478.95491670,0.0000269142
0xe042ab9a6371f9f7d10f4510c1e89b792e4d12e0,50926683,SELL,2476.29469660,1.2819012403
0xf04a2505afb967a1b4f43304e17994e94bdc13a1,50926695,BUY,2478.64370987,0.2418790319
0xc27a2b4bd5b374c3cb3c711e17901628824f8258,50926695,BUY,2478.67706495,0.0001182804
0xa28669d95a6339da0b0216ae1683ef6f9edc2720,50926695,BUY,2478.67460045,0.0060945051
0xd5b3c98e6851a5acd0046b2d38224785b1e5b3c1,50926696,SELL,2476.19587879,0.0247500000
0xcbe8ad9fe3a8fea86b0277d9a606677bcdffe269,50926696,SELL,2476.18977778,0.0247500000
0xe9c08778544631bc6f8f64ad01e23e9173c709f4,50926696,SELL,2476.18367677,0.0247500000
0x51115025fae52742da71eea3be04d5dcd05f2850,50926696,SELL,2476.17757576,0.0247500000
0x7b88ff8997ed543524135e4a13c024e4acfb8169,50926697,BUY,2478.66064625,0.0651919153
0x6abea4998f9ef34ee1cda5715ccca0e4d4efb730,50926697,BUY,2478.66928908,0.0044077833
0x0da0b09f4fdb937468a9444458ce57be8f7c2ec5,50926697,SELL,2476.17644444,0.0247500000
0x65dca6062955f3d94f9e89c0a493eb60d5b3b724,50926700,BUY,2478.66234252,0.0297937132
0x0da0b09f4fdb937468a9444458ce57be8f7c2ec5,50926700,BUY,2478.66938410,0.0271839990
0x2bbb68033e4b8d8263defacae6d3164ac390bbae,50926700,BUY,2478.68319054,0.0264978781
0x768fb80c54884b2bc6197735b5fcc777c4da99ea,50926700,BUY,2478.68976218,0.0265270705
0x302cfcc4115d7f198e5674943e1bfcacef90ef58,50926700,BUY,2478.69593704,0.0236872971
0xda2c7c0163c6df02597169153404eddc24347ee6,50926700,BUY,2478.70227637,0.0276165140
0x46c9a61ca26c221462ca495b38cf1551e16cae2f,50926700,BUY,2478.70861821,0.0237216095
0x0fea3732e4a48f35143520e5439a2864e1e2aa6d,50926700,BUY,2478.71434898,0.0228771500
0x926d7652470a9c4f57df2e85511b14adf8ef69e4,50926700,BUY,2478.72024217,0.0247535720
0x5ab7645710c78079ed9be4ec752ee2fe7676acaa,50926702,BUY,2478.76097844,0.1027464690
0xf09f8b6ce12c7a78b49e7ab7801fdd9e73101eb6,50926702,BUY,2478.85196525,0.0656593928
0x76caac8676f0c1a4eef68a55aad2f33a51b9dd48,50926703,SELL,2476.38060606,0.0099000000
0x51115025fae52742da71eea3be04d5dcd05f2850,50926706,BUY,2478.92593835,0.0222197332
0xd5b3c98e6851a5acd0046b2d38224785b1e5b3c1,50926706,BUY,2478.93693966,0.0225909813
0xcbe8ad9fe3a8fea86b0277d9a606677bcdffe269,50926706,BUY,2478.94239897,0.0216139480
0x9c9d3ebe107614d5b4f933c4cd1ed74890e8d991,50926706,BUY,2478.94563581,0.0039780441
0x142256d020042944b4faffd0f4a8093f85c108f6,50926706,BUY,2478.95238292,0.0512691421
0xaf9247d039286cb8b321bd15766a752605aa58c8,50926706,BUY,2478.96157399,0.0228937026
0x5ab7645710c78079ed9be4ec752ee2fe7676acaa,50926707,BUY,2478.97238371,0.0647285041
0x76caac8676f0c1a4eef68a55aad2f33a51b9dd48,50926710,BUY,2478.98110141,0.0056101831
0xc5dd972a67c01937551eca42bfca74b886833916,50926716,SELL,2476.50251391,0.0071125060
0x4b48ab6687cc63ff60ef00a41c2dc9c1fa0933fc,50926732,BUY,2478.98047495,0.0037676392
0x1278c1e48e3c9548a5d9f2b16dc27ed311b0697c,50926770,BUY,2478.92892705,0.9779048546
0xe743a49f04f2f77eb2d3b753ae3ad599de8cea84,50926777,BUY,2479.04991027,0.0003057320
0x1278c1e48e3c9548a5d9f2b16dc27ed311b0697c,50926785,BUY,2479.05529541,0.0001255055
0x8f5869a3cb123770ce88c904c26c0805007294e0,50926803,BUY,2479.05278174,0.0068732086
0x6f00ca3af87bd880b9f12328554a5145c5c61791,50926811,BUY,2479.05574567,0.0002778501
0x501ef174b66883ba40f92e6fb24bfb49331d4d4c,50926822,SELL,2476.57428571,0.0070000000
0x048ef1062cbb39b338ac2685da72adf104b4cef5,50926845,SELL,2476.57345772,0.0000928703
0x501ef174b66883ba40f92e6fb24bfb49331d4d4c,50926850,SELL,2476.57343132,0.0001211351
0xcf5412704264151768b4b7061162154c99718f7c,50926850,BUY,2479.05233278,0.0026046864
0x7b7fa421a97215cdcb420e65d7d8edff6a516df8,50926869,BUY,2479.05473389,0.0014469527
0x7b7fa421a97215cdcb420e65d7d8edff6a516df8,50926869,BUY,2479.05534604,0.0014732701
0x1278c1e48e3c9548a5d9f2b16dc27ed311b0697c,50926873,SELL,2476.57578589,0.0001211350
0xcb17330472cd13443d85561362b89eec11556859,50926883,BUY,2479.05553892,0.0022526716
0xa971283289448b30188cec3f0e60ad92322e4970,50926901,BUY,2479.09979715,0.3581339097
0xa971283289448b30188cec3f0e60ad92322e4970,50926902,BUY,2479.32420377,0.6628413628
0x88776fbd991c76aae24e12da906e47fc8be7aab2,50926927,BUY,2479.20911839,0.0010691688
0x5df1bc5ef8f26688704288b5567c90927774f2fa,50926927,BUY,2479.22436994,0.1272929235
0x12517ec7a589b4114f215c59e79cfa488d091230,50926928,BUY,2479.66664565,0.1209840043
0x29e619b6006a97403990cc7da76bf23cf98aa2fb,50926931,BUY,2479.90891994,1.8388867984
0x37cd2fe5816bb366194eaa66b137aa459c28b5cf,50926948,BUY,2480.14124490,0.0403202843
0x4080e676a2fd02898e18894c0338f27dc447c1b8,50926953,BUY,2480.24442144,0.7916154541
0xcb0ff7fad88db430c895007cb1f4c882da4c4861,50926954,SELL,2477.86191195,0.0003152645
0xc27a2b4bd5b374c3cb3c711e17901628824f8258,50926992,BUY,2480.35151515,0.0002350022
0xf2d1aff8a41cdef7e06c8443866124184c3ef527,50926997,BUY,2480.53624186,0.9450188812
0x05854d0c70d2f696fb3d9c0863100956b795e2ff,50927000,BUY,2480.68549839,0.2618036331
0x29e619b6006a97403990cc7da76bf23cf98aa2fb,50927001,BUY,2480.94498642,1.8360436700
0x59495c0497abb3c2a60eb7df89b6ad94df8b6993,50927001,SELL,2478.67933333,0.0990000000
0x05612bca6b3d9a3740b51c99ef405c75a1489cb3,50927012,BUY,2481.14794867,0.0008060785
0x05612bca6b3d9a3740b51c99ef405c75a1489cb3,50927012,BUY,2481.15055466,0.0003008745
0x4ee5ed29c70c8c4a48af20e53da2f63c0616fa2d,50927015,SELL,2478.63762065,0.0445500000
0x4ee5ed29c70c8c4a48af20e53da2f63c0616fa2d,50927021,BUY,2481.22290903,0.0523875850
0x876b77c72309bf84e5ae97e2a332f226c6591010,50927022,SELL,2478.71208418,0.2970000000
0x68634e035322376a824b69af143fb087ea214d55,50927024,SELL,2478.70804040,0.0618750000
0x73976a95bc1746cd5b3c1fadd0ea35860693bedd,50927024,SELL,2478.69275152,0.0618750000
0x7c036870c7571898312bf7ce3901b08f57df2830,50927024,SELL,2478.67746263,0.0618750000
0x12c51473ecec31920552b2cefc96f7c3ccf1dacd,50927024,BUY,2481.23603621,0.5566028430
0x5ab7645710c78079ed9be4ec752ee2fe7676acaa,50927030,SELL,2478.99181818,0.0099000000
0xc9f75e3f5cf794d4ee12282484549b424bdd999e,50927030,BUY,2481.48013895,0.0664433043
0xfd1115c2d803659e085040ec1e5147410b11070d,50927032,SELL,2478.99500000,0.0990000000
0x5ab7645710c78079ed9be4ec752ee2fe7676acaa,50927035,SELL,2478.98106061,0.0007920000
0x876b77c72309bf84e5ae97e2a332f226c6591010,50927038,BUY,2481.51487043,0.2098032590
0x4c0432357445d07396de7b60db23d975cdc619ea,50927045,BUY,2481.54406041,0.0120537110
0xafc83d9d9636019a4975ee54f1727eadcdd680ca,50927055,BUY,2481.56337230,0.1347994296
0x2da97cfa1904409aa99535ddd1ddad457e5632cc,50927055,BUY,2481.59201571,0.0829457226
0xff4004f4ad44189f15d544e9af78e49e605e5e01,50927057,BUY,2481.60733336,0.0109201156
0x150952108f28dcaf4e4542090e67cd2696563944,50927061,BUY,2481.61674758,0.0605462508
0x497adb804d197ec4f230106d1dfd44c8d633b8e4,50927061,BUY,2481.63268814,0.0606880578
0xc082b2e4ed816e3abfc127f5fd46877b893c6c9a,50927065,BUY,2481.70255072,0.3552757661
0x1e172c2043a06e77a847b2a1c4a8756285fe5877,50927067,BUY,2481.77117754,0.1663882197
0x0841a1262b83cc1db81799bf08f5ab61d636d2c8,50927074,BUY,2481.79477378,0.0001529103
0x4c0432357445d07396de7b60db23d975cdc619ea,50927078,SELL,2479.31035354,0.0118800000
0x99b00593e9a64bd070283d9a353f6c62b0783829,50927091,BUY,2481.84301725,0.4029263709
0xbb0e31d765ee8bd8982d3750e36aaf84d5ff0e9c,50927094,SELL,2479.41157202,0.0241135875
0xb143f6ca55358fac056eca7ac1a228a1f018b048,50927117,SELL,2479.40307456,0.0405687244
0x591c33299a98472a91f2dc2877d91a1bc2b1f9a5,50927122,BUY,2481.88220512,0.0239310640
0x9d21078cd7c9ffa5443ba27d36498f43a67955a5,50927122,BUY,2481.89947421,0.0004611992
0x61994cbbe3b3fdfdac748667348abf9ac1a63aa5,50927122,SELL,2479.41611426,0.0051665543
0x61994cbbe3b3fdfdac748667348abf9ac1a63aa5,50927122,SELL,2479.41493622,0.0038009499
0x0034a05dca91cb3234ef72456413746b70ca18c3,50927125,BUY,2481.89602653,0.0016703697
0x0bcf0b05f4bdbb7342f654ebc88f9219d10c7666,50927140,BUY,2481.91675421,0.0000372559
0xb9870c5a769de74b91426ad3bc95ac0442ec813b,50927142,SELL,2479.40838384,0.0495000000
0x0034a05dca91cb3234ef72456413746b70ca18c3,50927159,BUY,2481.87268213,0.0016719032
0x59495c0497abb3c2a60eb7df89b6ad94df8b6993,50927173,SELL,2479.39304545,0.1980000000
0xeecb06c6bbb9d4debdb28894d85b21226fa7df9f,50927173,BUY,2481.84968871,0.0105314879
0xeecb06c6bbb9d4debdb28894d85b21226fa7df9f,50927174,BUY,2481.85249927,0.0105246706
0xb3a8d750d1b748dab8da477463244b35385dd49c,50927179,BUY,2481.86317644,0.0164072735
0x4675bb30d0b3a70ef943d4d0fd06725942b76289,50927183,SELL,2479.38272727,0.0099000000
0x59495c0497abb3c2a60eb7df89b6ad94df8b6993,50927184,SELL,2479.34063636,0.1980000000
0x0fea3732e4a48f35143520e5439a2864e1e2aa6d,50927184,SELL,2479.28214141,0.0495000000
0x37d7dd179670da30ceef548d661ef0848c3a4ebc,50927185,SELL,2479.20201818,0.1650000000
0x5ac3e031502eee2047cefca9842317f4f490a216,50927185,SELL,2479.15870909,0.1650000000
0xe6fc66a3eec1000c20edc45565f6a3c8fabac24b,50927185,SELL,2479.11539394,0.1650000000
0x926d7652470a9c4f57df2e85511b14adf8ef69e4,50927185,SELL,2479.08723232,0.0495000000
0x4675bb30d0b3a70ef943d4d0fd06725942b76289,50927185,SELL,2479.05343434,0.0099000000
0x5ac3e031502eee2047cefca9842317f4f490a216,50927185,SELL,2479.03050303,0.1650000000
0x37d7dd179670da30ceef548d661ef0848c3a4ebc,50927185,SELL,2478.98718788,0.1650000000
0xe6fc66a3eec1000c20edc45565f6a3c8fabac24b,50927185,SELL,2478.94387879,0.1650000000
0x4675bb30d0b3a70ef943d4d0fd06725942b76289,50927186,SELL,2478.91979798,0.0099000000
0x876b77c72309bf84e5ae97e2a332f226c6591010,50927187,SELL,2478.89254545,0.1980000000
0xb9870c5a769de74b91426ad3bc95ac0442ec813b,50927188,BUY,2481.36248707,0.1097535489
0xba0a35fec59b32349d21500e7ac3b8076ed4bbbd,50927189,BUY,2481.40989600,0.0343117097
0x59495c0497abb3c2a60eb7df89b6ad94df8b6993,50927189,BUY,2481.45992331,0.3463568942
0xb9870c5a769de74b91426ad3bc95ac0442ec813b,50927190,BUY,2481.51767466,0.0929536603
0x876b77c72309bf84e5ae97e2a332f226c6591010,50927190,BUY,2481.55447396,0.1870605513
0x65dca6062955f3d94f9e89c0a493eb60d5b3b724,50927191,SELL,2479.08510101,0.0990000000
0x0da0b09f4fdb937468a9444458ce57be8f7c2ec5,50927191,SELL,2479.05911111,0.0990000000
0x926d7652470a9c4f57df2e85511b14adf8ef69e4,50927191,SELL,2479.03313131,0.0990000000
0xda2c7c0163c6df02597169153404eddc24347ee6,50927191,SELL,2478.95517172,0.0990000000
0x302cfcc4115d7f198e5674943e1bfcacef90ef58,50927191,SELL,2478.92918182,0.0990000000
0x2bbb68033e4b8d8263defacae6d3164ac390bbae,50927191,SELL,2478.90320202,0.0990000000
0x0fea3732e4a48f35143520e5439a2864e1e2aa6d,50927191,SELL,2478.87721212,0.0990000000
0x59495c0497abb3c2a60eb7df89b6ad94df8b6993,50927192,BUY,2481.79382961,0.3326637870
0x3218badab5053e24b7de1363f87af2e7721d1352,50927192,SELL,2479.35600000,0.0010000000
0xfcc971f45d944f380c9986585cd65ff9e001a518,50927192,SELL,2479.35555556,0.0039600000
0x8362b24587fce9c4c7e13e81633d688ae830a774,50927192,BUY,2481.84454422,0.0629226892
0x20b5d81ab672b49bf06ee0acdfe5978cb096c95d,50927193,SELL,2479.18963636,0.1980000000
0xeecb06c6bbb9d4debdb28894d85b21226fa7df9f,50927193,BUY,2482.02590467,0.0237929322
0x8362b24587fce9c4c7e13e81633d688ae830a774,50927193,BUY,2482.05912023,0.0620687585
0x8362b24587fce9c4c7e13e81633d688ae830a774,50927194,BUY,2482.08152231,0.0574067635
0x8362b24587fce9c4c7e13e81633d688ae830a774,50927195,BUY,2482.09713260,0.0613581455
0x853dda5a97ba1a002cb7bdd61270c4654719740d,50927195,BUY,2482.12103716,0.0355355995
0xfeddac826bb043ffc903d95c8123ccd17320c76f,50927195,BUY,2482.13079917,0.0386834610
0xc488c56fbdd0bf2677acae3a97ccd755c5cd98ea,50927195,BUY,2482.17668283,0.0802609236
0xfeddac826bb043ffc903d95c8123ccd17320c76f,50927195,BUY,2482.19239140,0.0391320215
0x8362b24587fce9c4c7e13e81633d688ae830a774,50927196,BUY,2482.21658539,0.0593278745
0xccb09e51823ae0c3655fbc4d5afc123980f8d913,50927196,SELL,2479.69578384,0.4743484816
0xc488c56fbdd0bf2677acae3a97ccd755c5cd98ea,50927197,BUY,2482.12697257,0.0439221370
0xfeddac826bb043ffc903d95c8123ccd17320c76f,50927197,BUY,2482.13556392,0.0214352889
0x853dda5a97ba1a002cb7bdd61270c4654719740d,50927197,BUY,2482.14096414,0.0196513597
0x8362b24587fce9c4c7e13e81633d688ae830a774,50927197,BUY,2482.15129050,0.0589340265
0xb3a8d750d1b748dab8da477463244b35385dd49c,50927198,BUY,2482.07357076,0.0591772507
0x2da97cfa1904409aa99535ddd1ddad457e5632cc,50927198,SELL,2479.59898990,0.0009900000
0x4959e556a1be6bba4c89deea1bb49140e5ca7d29,50927199,SELL,2479.56919697,0.1980000000
0x853dda5a97ba1a002cb7bdd61270c4654719740d,50927199,BUY,2482.02808179,0.0261310726
0x984297569252f49546c097c84758f6bccb767628,50927199,BUY,2482.03557843,0.0311606911
0x8ce051d97df4703b7e4e9026f7789265e31adc6b,50927200,SELL,2479.53323636,0.2475000000
0x984297569252f49546c097c84758f6bccb767628,50927201,BUY,2482.00430640,0.0308721725
0xfeddac826bb043ffc903d95c8123ccd17320c76f,50927201,BUY,2482.01207563,0.0281895313
0xeecb06c6bbb9d4debdb28894d85b21226fa7df9f,50927201,BUY,2482.01721971,0.0107126187
0x853dda5a97ba1a002cb7bdd61270c4654719740d,50927201,BUY,2481.97770306,0.0262187432
0x984297569252f49546c097c84758f6bccb767628,50927201,BUY,2481.99275174,0.0312081141
0xeecb06c6bbb9d4debdb28894d85b21226fa7df9f,50927202,BUY,2481.99824658,0.0106170579
0x365f9b0d5c17a07c0f8407fc4c66323a239e8f01,50927202,BUY,2482.01925652,0.1690946075
0x8362b24587fce9c4c7e13e81633d688ae830a774,50927202,BUY,2482.14233950,0.0570467123
0x8362b24587fce9c4c7e13e81633d688ae830a774,50927203,BUY,2482.20482662,0.0567557848
0x365f9b0d5c17a07c0f8407fc4c66323a239e8f01,50927203,BUY,2482.23429833,0.1673729282
0xd5d5fdd457884307616895b0939fa82644c0a211,50927203,BUY,2482.27903273,0.1728084649
0x76caac8676f0c1a4eef68a55aad2f33a51b9dd48,50927203,SELL,2479.81868687,0.0099000000
0xeecb06c6bbb9d4debdb28894d85b21226fa7df9f,50927203,BUY,2482.30040289,0.0093831029
0x8362b24587fce9c4c7e13e81633d688ae830a774,50927203,BUY,2482.30835189,0.0511845726
0x984297569252f49546c097c84758f6bccb767628,50927203,BUY,2482.32140884,0.0480150514
0x853dda5a97ba1a002cb7bdd61270c4654719740d,50927203,BUY,2482.33300769,0.0402021722
0xfeddac826bb043ffc903d95c8123ccd17320c76f,50927203,BUY,2482.34407800,0.0439248120
0x2da97cfa1904409aa99535ddd1ddad457e5632cc,50927203,BUY,2482.35058100,0.0011765522
0xc488c56fbdd0bf2677acae3a97ccd755c5cd98ea,50927203,BUY,2482.44465392,0.0891967314
0x8362b24587fce9c4c7e13e81633d688ae830a774,50927204,BUY,2482.46328414,0.0523643870
0xccb09e51823ae0c3655fbc4d5afc123980f8d913,50927204,SELL,2479.92601752,0.4743484816
0xc4210bfd73206c3208ae1f0854ee146ed8f1271b,50927204,SELL,2479.85387442,0.0922306860
0x5f3ada916b3d4f6964e99828bf4f9c58aae85ce2,50927204,SELL,2479.78120880,0.0922306860
0x05ecde3dab8971a81137d3c31e0c6ad984c36d97,50927204,SELL,2479.66011028,0.0922306860
0x1303db2ebcec8ebe990989f99b94ef081507e753,50927204,SELL,2479.61167737,0.0922306860
0x2eb84c206561b0f8773f8039508efcd6a3f62cde,50927204,SELL,2479.58745550,0.0922306860
0x72b1143c421ce0f6de954997f8221e6e3c0db84b,50927204,SELL,2479.56324447,0.0922306860
0x2fe4093c894749e596f458764c377bf4f1337b58,50927204,SELL,2479.51480072,0.0922306860
0x1d3ec927cc89557d7854f616e3cc964439bfdb26,50927204,SELL,2479.49058969,0.0922306860
0xbc165e0542c078352a3f148de4c313d1c135d018,50927205,BUY,2482.20802139,1.8875434374
0x8362b24587fce9c4c7e13e81633d688ae830a774,50927205,BUY,2482.46285172,0.0501317927
0xeecb06c6bbb9d4debdb28894d85b21226fa7df9f,50927206,BUY,2482.51732335,0.0069095316
0x8362b24587fce9c4c7e13e81633d688ae830a774,50927207,BUY,2482.52361823,0.0413881049
0xb3a8d750d1b748dab8da477463244b35385dd49c,50927207,BUY,2482.53639366,0.0557342939
0x8362b24587fce9c4c7e13e81633d688ae830a774,50927207,BUY,2482.54916206,0.0413157981
0xfeddac826bb043ffc903d95c8123ccd17320c76f,50927208,BUY,2482.57118734,0.0250736492
0xe6fc66a3eec1000c20edc45565f6a3c8fabac24b,50927208,BUY,2482.58685359,0.5889136764
0xfc907b9af1c07e0f0cbd408ce9551e3600878672,50927208,SELL,2480.48903539,0.0009988498
0x92a8d5ce2ecc201be0d707f4922ab6484bb50d61,50927210,SELL,2480.72625859,0.2475000000
0xc26786d817c5385017ce4a2cd06e1c44246457ba,50927211,SELL,2480.40112323,0.2475000000
0x2f268190f9c97b14f3c81842c5daf10e694dee69,50927211,SELL,2480.33610101,0.2475000000
0xeecb06c6bbb9d4debdb28894d85b21226fa7df9f,50927211,BUY,2482.78660963,0.0056778335
0x36f987da605928f41b799231b22e53a0eda30f79,50927213,SELL,2479.99628283,0.1237500000
0x7c036870c7571898312bf7ce3901b08f57df2830,50927213,SELL,2479.93128081,0.1237500000
0x8362b24587fce9c4c7e13e81633d688ae830a774,50927213,BUY,2482.40626270,0.0223148039
0x7c036870c7571898312bf7ce3901b08f57df2830,50927214,SELL,2479.89486869,0.2475000000
0x8362b24587fce9c4c7e13e81633d688ae830a774,50927214,BUY,2482.21697896,0.0226389012
0xdf914b966a20d6efac1e0f05fbbf15e745ec0e36,50927214,BUY,2482.21910918,0.0932544122
0x8362b24587fce9c4c7e13e81633d688ae830a774,50927214,BUY,2482.24001223,0.0219014800
0x8362b24587fce9c4c7e13e81633d688ae830a774,50927215,BUY,2482.24573243,0.0217777661
0xd401bfeca15420cff401dd5113707b6416491d3c,50927216,SELL,2479.73168939,0.1320000000
0xd6d17923a7c8da26bb386da87fcdd47554013ea6,50927216,SELL,2479.66236364,0.1320000000
0x34ed24663c2301d553e90cc12d74f45dd088e22d,50927216,SELL,2479.64418854,0.0007979334
0x0bd25aaf269cb40d023be6c80ab5c8cd08746935,50927217,BUY,2482.14287012,0.1257662420
0x302cfcc4115d7f198e5674943e1bfcacef90ef58,50927217,BUY,2482.16523271,0.0435957899
0x65dca6062955f3d94f9e89c0a493eb60d5b3b724,50927217,BUY,2482.17676008,0.0439212307
0x926d7652470a9c4f57df2e85511b14adf8ef69e4,50927217,BUY,2482.18823524,0.0433230774
0x0fea3732e4a48f35143520e5439a2864e1e2aa6d,50927217,BUY,2482.19958145,0.0431327037
0xf9c719d6a45e804f5af0df0c42d936f29ba22d72,50927217,BUY,2482.21102841,0.0437464852
0xda2c7c0163c6df02597169153404eddc24347ee6,50927217,BUY,2482.22246153,0.0433578568
0x768fb80c54884b2bc6197735b5fcc777c4da99ea,50927217,BUY,2482.24503474,0.0429959220
0x46c9a61ca26c221462ca495b38cf1551e16cae2f,50927217,BUY,2482.26774918,0.0428470257
0x7c036870c7571898312bf7ce3901b08f57df2830,50927218,SELL,2479.77279424,0.1441817653
0xc488c56fbdd0bf2677acae3a97ccd755c5cd98ea,50927218,BUY,2482.23507653,0.0562805958
0xd4b4cab5cf150f46448a8b312cf4d96521953c5f,50927218,SELL,2479.73654490,0.3505583816
0x392bf2dc7fd3f566e407f5b43711258cc17edb5c,50927218,SELL,2479.48547475,0.0495000000
0x6541bfd839b10d5e5254a6a2cff029917d72f546,50927218,BUY,2481.96490325,0.0348143396
0x8362b24587fce9c4c7e13e81633d688ae830a774,50927219,BUY,2481.97274955,0.0246621068
0x8362b24587fce9c4c7e13e81633d688ae830a774,50927219,BUY,2481.97912826,0.0237706318
0xfbb81bca57f822f2c9c8dd97ba9ee3110d7de629,50927219,BUY,2481.98381895,0.0119369034
0x8362b24587fce9c4c7e13e81633d688ae830a774,50927219,BUY,2481.99903960,0.0237965261
0x76caac8676f0c1a4eef68a55aad2f33a51b9dd48,50927220,BUY,2482.00415313,0.0149180455
0x28d52ce74cd74fbde12e7f5b529c0657ca1ada3e,50927220,BUY,2482.22559174,1.4923744217
0x371903abb32f5f69b536b77495e92adedfea25da,50927220,SELL,2479.90104377,0.2970000000
0x8362b24587fce9c4c7e13e81633d688ae830a774,50927221,BUY,2482.35282416,0.0229691797
0x8362b24587fce9c4c7e13e81633d688ae830a774,50927222,BUY,2482.35800163,0.0207810851
0x8362b24587fce9c4c7e13e81633d688ae830a774,50927222,BUY,2482.36338209,0.0204102354
0xb3a8d750d1b748dab8da477463244b35385dd49c,50927222,BUY,2482.36813572,0.0156791708
0x8362b24587fce9c4c7e13e81633d688ae830a774,50927223,BUY,2482.38046060,0.0208390965
0x8362b24587fce9c4c7e13e81633d688ae830a774,50927224,BUY,2482.39538423,0.0186871388
0xfeddac826bb043ffc903d95c8123ccd17320c76f,50927224,BUY,2482.40177356,0.0300141229
0x853dda5a97ba1a002cb7bdd61270c4654719740d,50927224,BUY,2482.41796625,0.0274697251
0x8362b24587fce9c4c7e13e81633d688ae830a774,50927224,BUY,2482.42403347,0.0184943150
0x853dda5a97ba1a002cb7bdd61270c4654719740d,50927224,BUY,2482.43005637,0.0274469630
0xfeddac826bb043ffc903d95c8123ccd17320c76f,50927224,BUY,2482.43760910,0.0298747714
0x984297569252f49546c097c84758f6bccb767628,50927224,BUY,2482.44581934,0.0326787297
0x8362b24587fce9c4c7e13e81633d688ae830a774,50927224,BUY,2482.45248477,0.0178294410
0x8362b24587fce9c4c7e13e81633d688ae830a774,50927224,BUY,2482.45716503,0.0177891863
0x8362b24587fce9c4c7e13e81633d688ae830a774,50927226,BUY,2482.47988814,0.0149199517
0x92a8d5ce2ecc201be0d707f4922ab6484bb50d61,50927226,BUY,2482.54590444,0.4873900562
0x8362b24587fce9c4c7e13e81633d688ae830a774,50927226,BUY,2482.70457422,0.0126718935
0x266f3b176a8546f80523091ca6bf14e39556e232,50927226,BUY,2482.74807014,0.3184145490
0x0dfa768499c331acbd6df31887eca6f5860fbd6f,50927227,BUY,2482.80787891,0.0004686299
0x9972f4c1e53b5eeb9e2630a7dddb5d5bfbcac451,50927227,BUY,2482.80754317,0.0003552229
0xb408bfcb7171e4d77c3ed54b73902aac4f0659aa,50927227,BUY,2482.80978971,0.0170359426
0xeecb06c6bbb9d4debdb28894d85b21226fa7df9f,50927227,BUY,2482.81279670,0.0053878686
0xc443521587fa9e7d3fac953bac33a4348724ee47,50927232,SELL,2480.43555556,0.0099000000
0x2c04f733957c4f2d2ff2b91ca9a6540801972c8d,50927232,SELL,2480.40404040,0.0000198000
0xa4e4cedac55f3c12d6dd5a6d25b31871f4fd34cc,50927233,BUY,2482.94284913,0.1998835121
0x9bcb1706b677b3f7c754a71bde04c47271d747fd,50927234,SELL,2480.48419192,0.0198000000
0x29db5a11f9e18f5543ce0b04181e6b96be192478,50927237,SELL,2480.77824242,0.1485000000
0xf78201616d6ae8cd7a63be1930e6639ba67e109e,50927237,SELL,2480.73922559,0.1485000000
0x6eca704a5b07edc675e7032bc752406b7aa951ac,50927237,SELL,2480.71838384,0.0099000000
0x371903abb32f5f69b536b77495e92adedfea25da,50927239,BUY,2483.23536232,0.2710458200
0x29e51e2c8d7b3e14032934380c305fd61533a53f,50927239,SELL,2480.78270910,0.0430006500
0x2afaa84bef9000bd5d3b5aa809ba49909ca97d2e,50927239,SELL,2480.73805387,0.2970000000
0x02aebaa90a653813fb16437732f66965f7dd9a01,50927240,SELL,2480.68602020,0.0990000000
0x3988e35b0bf27c2c5f7c625fdd9351f14b923afb,50927240,SELL,2480.61959596,0.0099000000
0xd6d17923a7c8da26bb386da87fcdd47554013ea6,50927241,SELL,2480.59238384,0.1980000000
0xe28601398a5448d1147e6e8b0e0c6d686f0d216d,50927241,SELL,2480.48833838,0.1980000000
0x9bcb1706b677b3f7c754a71bde04c47271d747fd,50927241,SELL,2480.45969697,0.0198000000
0x371903abb32f5f69b536b77495e92adedfea25da,50927242,SELL,2480.41811785,0.2970000000
0x6826813b1415391a0af9a52563f6660f366772a9,50927242,SELL,2480.37777778,0.0099000000
0x392bf2dc7fd3f566e407f5b43711258cc17edb5c,50927243,SELL,2480.36739394,0.0495000000
0x34d2e305fb5fd7e9258f1dd1494509b727a6c63e,50927244,SELL,2480.35959596,0.0099000000
0xd6d17923a7c8da26bb386da87fcdd47554013ea6,50927246,BUY,2483.01945529,0.1883356049
0xa96ba57656cb97944b5d05c567dc8fed7d57fcc0,50927246,BUY,2483.10615555,0.0973288663
0x76caac8676f0c1a4eef68a55aad2f33a51b9dd48,50927247,BUY,2483.09403056,0.0082798705
0x392bf2dc7fd3f566e407f5b43711258cc17edb5c,50927249,BUY,2483.10395794,0.0360406550
0xc407a2c88ca6c5c622dab22f275eaa9212da1073,50927250,BUY,2483.12376578,0.1145880169
0xac2a980db5e3b873b176946b1232e715314091fd,50927251,SELL,2480.63709091,0.1485000000
0x4aa6e34b80bf2f14149eba2fa759aabc926c1cb7,50927252,BUY,2483.21347289,0.0753419390
0x9bf23826df180e2f8ed9ecfd9b7ea6de3bb87ee4,50927252,BUY,2483.23356658,0.0774228975
0x8ce051d97df4703b7e4e9026f7789265e31adc6b,50927253,BUY,2483.39426492,0.9817632413
0x6826813b1415391a0af9a52563f6660f366772a9,50927255,BUY,2483.47194503,0.0043237738
0x2afaa84bef9000bd5d3b5aa809ba49909ca97d2e,50927255,SELL,2480.95063300,0.2970000000
0xa667a51bdcb32dabc8a9396a4523b5fef314ebe7,50927257,BUY,2483.42874052,0.4589826531
0x34ed24663c2301d553e90cc12d74f45dd088e22d,50927258,BUY,2483.49164765,0.0003102366
0x64354b77dab250ac68fd25672330461bd763f417,50927258,SELL,2480.99983838,0.0495000000
0xf907877022b1e61232aca00661d6fb629b356d4c,50927259,SELL,2481.04236364,0.1650000000
0xbb89cab2e3dc55a31a889cbe48e4ec6c50f16128,50927259,SELL,2480.99900000,0.1650000000
0x6e57d0f76f07a966017b46d319fe93dd84989bed,50927259,SELL,2480.95563636,0.1650000000
0xd9ed75de45860c900a329144ebf020794d01fb07,50927260,BUY,2483.48656260,0.5304492897
0xa43cb7567d494a1b4223850601af2ab32cdb2bd0,50927264,SELL,2481.06042424,0.0330000000
0x009abfb3cb0be6a8ff6067dc944c3c56c1f7316b,50927267,BUY,2483.60501258,0.5674889920
0xf907877022b1e61232aca00661d6fb629b356d4c,50927267,BUY,2483.74786555,0.1037131323
0xe5983e16baaa146ce4ed691796bc199026ee1151,50927268,SELL,2481.27185859,0.0495000000
0x29e51e2c8d7b3e14032934380c305fd61533a53f,50927268,BUY,2483.75402774,0.0420097352
0xb408bfcb7171e4d77c3ed54b73902aac4f0659aa,50927269,SELL,2481.36315152,0.0495000000
0x7a6edd5ca1debdd5818dec76c1741a79431ee3ab,50927269,SELL,2481.39241878,0.0277420441
0x3202dc472c722a45b299ee2acbf0134bcc895cda,50927269,SELL,2481.38510136,0.0277420441
0x01cf616693dc8e3ef21f985acf21d2bca646136a,50927269,BUY,2483.88778319,0.1749942046
0x36f987da605928f41b799231b22e53a0eda30f79,50927270,BUY,2483.91668031,0.1036737863
0x68634e035322376a824b69af143fb087ea214d55,50927270,BUY,2484.11430286,0.1620007729
0x73976a95bc1746cd5b3c1fadd0ea35860693bedd,50927270,BUY,2484.15681022,0.1604764097
0x7c036870c7571898312bf7ce3901b08f57df2830,50927270,BUY,2484.20274621,0.1880222766
0x7020ae2927743071336877c3c1f97ad79e4b74f3,50927271,SELL,2481.73088889,0.0990000000
0xa07c0ba78be732348a64fa264cf8026e79bab3d5,50927271,BUY,2484.23730700,0.2720583573
0x5e4811c6e57a8859e7921912227fbacb60156980,50927275,SELL,2481.75516162,0.0990000000
0xfbb81bca57f822f2c9c8dd97ba9ee3110d7de629,50927275,BUY,2484.22689034,0.0080438019
0x76caac8676f0c1a4eef68a55aad2f33a51b9dd48,50927279,BUY,2484.30376733,0.0096838005
0xc11c930a1042aa9f518fb507b734b4c01648628d,50927279,SELL,2481.81696968,0.0329996700
0x64354b77dab250ac68fd25672330461bd763f417,50927279,SELL,2481.80827263,0.0329996700
0x9d6640983525b0a573d73f421e368f9a83858713,50927282,BUY,2484.32284645,0.3331229909
0xac2a980db5e3b873b176946b1232e715314091fd,50927282,BUY,2484.39116207,0.1850704358
0xf04a2505afb967a1b4f43304e17994e94bdc13a1,50927284,SELL,2481.78602000,0.3000000000
0xc724012a70e8fa9163bcac72767f4e0c56012dd8,50927284,SELL,2481.74218182,0.0330000000
0x96c10db3d006b6e549796901faa83c67e4d54c96,50927284,SELL,2481.73348485,0.0330000000
0xf78201616d6ae8cd7a63be1930e6639ba67e109e,50927289,SELL,2481.70092256,0.1485000000
0x29db5a11f9e18f5543ce0b04181e6b96be192478,50927289,SELL,2481.66183165,0.1485000000
0x0f014545de76a29892b9319e5a4123b28299f33b,50927290,SELL,2481.56265745,0.0005041755
0xb3a8d750d1b748dab8da477463244b35385dd49c,50927295,SELL,2481.53139394,0.0495000000
0xc9f75e3f5cf794d4ee12282484549b424bdd999e,50927297,SELL,2481.51184848,0.0990000000
0x82fe0011e69dc835e8a84de5b37e78114edaaea0,50927298,SELL,2481.47796463,0.1585044170
0x83681c14770b44361e21faf91d8325423365ea5c,50927301,SELL,2481.44651905,0.0000576128
0xb403c828fd9832b2bb9646dccfe6b30f3baa0231,50927303,SELL,2481.45636364,0.0049500000
0xda105fffc9a83b166210a6ca2b614e3780bb6ad6,50927305,SELL,2481.45522198,0.0031099860
0xb9870c5a769de74b91426ad3bc95ac0442ec813b,50927306,BUY,2483.94974459,0.0869010536
0x4ab6e6ce2c95cf2a1468295bf83d140df4022508,50927307,SELL,2481.44918630,0.2178461159
0x72d6d3574300b76fffd27b31948bf4afe2c468ba,50927308,SELL,2481.40228244,0.1385500531
0xda105fffc9a83b166210a6ca2b614e3780bb6ad6,50927308,BUY,2483.86772800,0.0010465098
0xf98deabd31ac2bbb41a309d3832d5a557fde5978,50927309,SELL,2481.27584500,0.8244882197
0xd0d08887e8a5b16049534a7f3fc1de92848f5bea,50927309,SELL,2481.16359483,0.0290814379
0xda105fffc9a83b166210a6ca2b614e3780bb6ad6,50927312,SELL,2481.15799299,0.0132204600
0x98d9fdf9c7b268a970635640efd6540d74507b78,50927312,SELL,2481.15007213,0.0474444792
0x000000c557fa9a96d66cd6371abde62d879d0e61,50927313,SELL,2481.13959236,0.0323141835
0xda105fffc9a83b166210a6ca2b614e3780bb6ad6,50927316,BUY,2483.61865571,0.0007439471
0x64354b77dab250ac68fd25672330461bd763f417,50927317,SELL,2481.13117495,0.0329996700
0x3eaaffa83bd1cecff673567a161608e3df51d123,50927317,SELL,2481.12250819,0.0329996700
0xc11c930a1042aa9f518fb507b734b4c01648628d,50927317,SELL,2481.11384144,0.0329996700
0xc62fd5289f9b4067360b9abf9d7a24b031ed1e2a,50927317,SELL,2481.10461953,0.0371250000
0xda105fffc9a83b166210a6ca2b614e3780bb6ad6,50927319,SELL,2481.09888566,0.0066615120
0x75248f467538bd72ca82ac6a6a7e6190b64b9721,50927321,SELL,2481.07199495,0.1980000000
0xda105fffc9a83b166210a6ca2b614e3780bb6ad6,50927321,SELL,2481.04326763,0.0204603300
0x2c04f733957c4f2d2ff2b91ca9a6540801972c8d,50927321,SELL,2481.01010101,0.0000198000
0x7c5b52af457af05c0ce6cb3c50999a71bb27246e,50927322,SELL,2481.03148629,0.0693000000
0xc84248de43b69297e56366a26c812146628aca16,50927322,SELL,2480.99636364,0.1980000000
0xc84248de43b69297e56366a26c812146628aca16,50927323,SELL,2480.96383838,0.0495000000
0x5e33117e60a5fd25159d8be67f7ff65dbaeee548,50927324,BUY,2483.44080105,0.0024024841
0x76caac8676f0c1a4eef68a55aad2f33a51b9dd48,50927324,SELL,2480.95666667,0.0099000000
0xc724012a70e8fa9163bcac72767f4e0c56012dd8,50927326,SELL,2480.93368485,0.1650000000
0x3016506ee11656d0b192cd78e92fba00c3e0fa08,50927326,SELL,2480.89032121,0.1650000000
0x96c10db3d006b6e549796901faa83c67e4d54c96,50927326,SELL,2480.84696364,0.1650000000
0xb7e83f0176d6343c74d24290e70cd9123d7e96c0,50927337,SELL,2480.82444444,0.0049500000
0x76caac8676f0c1a4eef68a55aad2f33a51b9dd48,50927337,SELL,2480.82262626,0.0099000000
0xe41e795690f0d2a1e12173fb9a585845540e7238,50927343,BUY,2483.30487990,0.0051933547
0x2c04f733957c4f2d2ff2b91ca9a6540801972c8d,50927353,SELL,2480.80808081,0.0000198000
0x83681c14770b44361e21faf91d8325423365ea5c,50927369,BUY,2483.43715807,0.0000058520
0xf5d62ac9f2587191076a693cfd709eb6464610b4,50927370,SELL,2480.80304545,0.1980000000
0xfcc971f45d944f380c9986585cd65ff9e001a518,50927373,BUY,2483.26047319,0.0015737910
0x9df75ab163a9a51f1ad06439d69f2e25a9a53f01,50927374,BUY,2483.26338286,0.0248950596
0x054f3688a0581bd1fe4839f4138aed23f6c663d7,50927374,BUY,2483.26860707,0.0144543643
0x34ed24663c2301d553e90cc12d74f45dd088e22d,50927375,SELL,2480.78662552,0.0079802026
0xfffff93233905118d37f2cb2117dc2aa5ccf861e,50927378,BUY,2483.27840205,0.0000271633
0x7c5b52af457af05c0ce6cb3c50999a71bb27246e,50927395,SELL,2480.78178451,0.0297000000
0x501ef174b66883ba40f92e6fb24bfb49331d4d4c,50927400,SELL,2480.59229600,0.0000040760
0x501ef174b66883ba40f92e6fb24bfb49331d4d4c,50927400,SELL,2480.59229600,0.0000040760
0x54e2acab04c89a3fe02852bf8dd69ee8f526bc75,50927402,SELL,2480.59229600,0.0000040760
0x048ef1062cbb39b338ac2685da72adf104b4cef5,50927403,SELL,2480.59229600,0.0000040760
0x1278c1e48e3c9548a5d9f2b16dc27ed311b0697c,50927403,SELL,2480.59229600,0.0000040760
0x501ef174b66883ba40f92e6fb24bfb49331d4d4c,50927405,SELL,2480.59229600,0.0000040760
0x501ef174b66883ba40f92e6fb24bfb49331d4d4c,50927406,SELL,2480.59229600,0.0000040760
0x4fe760119cf0bb9fab676dfad98caada5ec402a2,50927407,SELL,2480.77753228,0.0027301831
0x9113db71ab03dcfc2c8c21b4a81c569ef0ffd571,50927407,SELL,2480.77566805,0.0114590027
0x9113db71ab03dcfc2c8c21b4a81c569ef0ffd571,50927407,SELL,2480.77283289,0.0101201931
0x9113db71ab03dcfc2c8c21b4a81c569ef0ffd571,50927407,SELL,2480.77105422,0.0034177624
0xb60453f825414620ee8c815a664fad52b1030d8f,50927414,BUY,2483.25443998,0.0087051124
0x54e2acab04c89a3fe02852bf8dd69ee8f526bc75,50927419,SELL,2480.59229600,0.0000040760
0x501ef174b66883ba40f92e6fb24bfb49331d4d4c,50927420,SELL,2480.59229600,0.0000040760
0x54e2acab04c89a3fe02852bf8dd69ee8f526bc75,50927420,SELL,2480.70000000,0.0000100000
0x1278c1e48e3c9548a5d9f2b16dc27ed311b0697c,50927421,SELL,2480.59229600,0.0000040760
0x501ef174b66883ba40f92e6fb24bfb49331d4d4c,50927421,SELL,2480.59229600,0.0000040760
0x54e2acab04c89a3fe02852bf8dd69ee8f526bc75,50927423,SELL,2480.59229600,0.0000040760
0x54e2acab04c89a3fe02852bf8dd69ee8f526bc75,50927424,SELL,2480.59229600,0.0000040760
0x3675abef47fd08915031a1f924cb7f253df51278,50927424,SELL,2480.77146876,0.0101593417
0x1bf52ac03d5d4e0a041c7f44778adcc5269dc390,50927425,BUY,2483.25370754,0.0050482240
0x574be013006558d0a5682a6b0508f02d147377bf,50927425,BUY,2483.25459958,0.0032215786
0x9d21078cd7c9ffa5443ba27d36498f43a67955a5,50927438,BUY,2483.15817185,0.0001018058
0x111a94e06dc3020ff534a46e38413e8b88cfeb72,50927441,BUY,2483.15297981,0.0041321598
0xa7d20fd31078a5703b0717e548452ea6c0c8a689,50927444,BUY,2483.15389591,0.0022282123
0x5ab7645710c78079ed9be4ec752ee2fe7676acaa,50927444,BUY,2483.15556117,0.0118539162
0x282609c1807d01d5d42f86b820ee366c6b09580e,50927475,SELL,2480.64110568,0.0021566163
0x7a61be7113f23c20808c28363c0026279a46fe05,50927478,BUY,2483.12377221,0.0016798357
0x7a61be7113f23c20808c28363c0026279a46fe05,50927478,BUY,2483.12517031,0.0106107676
0x0e66dc3f953f8d907c1d414061054fabe4139450,50927478,BUY,2483.12740885,0.0057374970
0xab4e242c5b489e8301408c93003903364214559f,50927498,BUY,2483.13551006,0.0007973790
0xab4e242c5b489e8301408c93003903364214559f,50927498,BUY,2483.13572001,0.0007973789
0xab4e242c5b489e8301408c93003903364214559f,50927498,BUY,2483.13592995,0.0007973788
0x2be9354ad0aa69e0ebfb2021ccaecb8ed24b5980,50927540,BUY,2484.04951212,0.0018405615
0x19a2a35caa9e4526a959f02268c04e9ca5de13e0,50927543,BUY,2484.04984407,0.0024381733
0x19a2a35caa9e4526a959f02268c04e9ca5de13e0,50927543,BUY,2484.05090834,0.0005897077
0x19a2a35caa9e4526a959f02268c04e9ca5de13e0,50927543,BUY,2484.05043911,0.0007445606
0x73f621bea8e0fbaac0730bc6e946720898fff56e,50927556,BUY,2484.05180603,0.0117377105
0x03d9964f4d93a24b58c0fc3a8df3474b59ba8557,50927559,BUY,2484.05521276,0.0003617722
0x03d9964f4d93a24b58c0fc3a8df3474b59ba8557,50927559,BUY,2484.05359967,0.0004298965
0xf04a2505afb967a1b4f43304e17994e94bdc13a1,50927577,BUY,2484.07475137,0.1577366389
0xcbb45e5c7a8fa81e15c5b5a5af033151967890a1,50927577,BUY,2484.32240135,1.7198340319
0x629737199dc94f337d2c6d36031e364b0120f6b9,50927577,BUY,2484.61827640,0.5230636409
0x6332685fb57d440b9812cc5f625376f8bee6eba1,50927577,BUY,2484.68817248,0.0064400468
0x692c7f062068805c05e52db8eac3369193cdae06,50927577,BUY,2484.68903446,0.0003380689
0xf9d732c84cddc18a9f30e27add63ce8ea17b5933,50927577,SELL,2482.20429536,0.0053886382
0xe6fec63723e5e45130e964fce5aa952e8c559736,50927580,BUY,2484.75966711,0.5457997186
0x323c0a430ad398258e9260da0cf1ddf28badd87b,50927580,BUY,2484.85621528,0.1859470846
0xc550e73a39aaba568179579b9a1f8020ca376fcd,50927584,BUY,2484.88163212,0.0065185069
0xecca0eab42bcdc7823a10d4562c4d918a404948b,50927587,BUY,2484.88290194,0.0019523343
0xeef597069eaec7a232e0ecf83b41a465ace416fd,50927587,BUY,2484.91047480,0.2083221445
0xc550e73a39aaba568179579b9a1f8020ca376fcd,50927590,BUY,2484.93852302,0.0030612621
0x8041421b4afa5b1deae0770c96b3a2c10d32829a,50927592,BUY,2484.98564989,0.3552502623
0x3729e20e2ef9bda86daecf814d5e022c6786150f,50927616,SELL,2490.44409973,0.4998843412
0x094b9da660674ae8abfed5642ae51f2bc61faacd,50927616,SELL,2490.17881616,1.5025637033
0xa971283289448b30188cec3f0e60ad92322e4970,50927617,SELL,2489.93855100,0.3112500000
0xf04a2505afb967a1b4f43304e17994e94bdc13a1,50927617,SELL,2489.84275343,0.4120312500
0x9c4116b9a87b8cc85d3ade79fbcdd475a75101e9,50927617,SELL,2489.73570298,0.3962614421
0xa971283289448b30188cec3f0e60ad92322e4970,50927617,SELL,2489.53548818,1.1156250000
0xb143f6ca55358fac056eca7ac1a228a1f018b048,50927617,SELL,2489.34755310,0.3036583156
0x1bf52ac03d5d4e0a041c7f44778adcc5269dc390,50927619,SELL,2489.28322256,0.1822303673
0xf5f3ef3787a1c068c8cafef35f07fa784977bea1,50927622,SELL,2489.25106343,0.0605590698
0xee690b66ae7b57e2be694de1db3a37a5c211d69e,50927623,BUY,2491.74654656,0.0000254324
0x2a27e100942c7ff3b03e27bd5d60a3dfc89ef080,50927623,SELL,2489.24249504,0.0001838411
0xd14602c85a25a4e520441c47a97a2c9da63ae1be,50927640,SELL,2488.92462283,1.6368750000
0x6ad76f15e53c999e5a56170d479e6980b7c15ee6,50927640,SELL,2488.56465504,1.0846459205
0xa971283289448b30188cec3f0e60ad92322e4970,50927640,SELL,2488.38951911,0.2395312500
0x6c6f30b1a2f8729f12ceb07222c09e0afc2df955,50927642,SELL,2488.10455400,1.9154104020
0x12c51473ecec31920552b2cefc96f7c3ccf1dacd,50927658,BUY,2492.69161594,0.5494612880
0x8717eb43559b28eee1fbf46a4316463838439fdc,50927660,BUY,2492.76631941,0.0139860105
0xaf97d853751852410e57f4a49a4fdcb1e6192600,50927661,BUY,2492.90086134,1.0008047098
0x6c229cd01287f12e2c043fc20e4f500a9e1a9e88,50927661,BUY,2493.04154270,0.0601373854
0xeec13a4a32e3225bdbb7b82de2c0128220f13e06,50927661,BUY,2493.12724439,0.5862075934
0x8d29acc0615f096380c4f9a3d578b1fb4c3a0917,50927663,BUY,2493.20863295,0.0273167288
0x8d29acc0615f096380c4f9a3d578b1fb4c3a0917,50927663,BUY,2493.21305735,0.0014536022
0x6ed7cfc5b8329deabcb4f6a489518f63d285055e,50927665,BUY,2493.21560164,0.0225282631
0x96d4dcda8e116ec26905900e17ce2ca60b9e74a9,50927667,SELL,2490.71481268,0.0843340020
0x83681c14770b44361e21faf91d8325423365ea5c,50927672,SELL,2490.69464789,0.0000782440
0xb40bf8b86920698bf0f288199fd75aa3f569aab9,50927676,SELL,2490.60941650,0.7115675498
0x0f014545de76a29892b9319e5a4123b28299f33b,50927678,SELL,2490.51438770,0.0056928067
0x0f014545de76a29892b9319e5a4123b28299f33b,50927681,SELL,2490.51321946,0.0011652976
0xb7e83f0176d6343c74d24290e70cd9123d7e96c0,50927682,BUY,2493.00609789,0.0011085404
0x5f9d2ebcf584651bf391b04afad3806645d2462c,50927684,BUY,2493.01220963,0.0001277310
0x1add90cfe379ad9c56c36522a3a4d33e89032671,50927699,SELL,2490.23610851,1.8153795697
0x6abea4998f9ef34ee1cda5715ccca0e4d4efb730,50927699,SELL,2489.99341220,0.0180642237
0x1278c1e48e3c9548a5d9f2b16dc27ed311b0697c,50927703,SELL,2489.00000000,0.0000010000
0xc2270067a24ccc201a51b9402bac365ddf773a48,50927705,SELL,2489.99098659,0.0004718860
0xe93685f3bba03016f02bd1828badd6195988d950,50927729,BUY,2492.50429405,0.0020739242
0xdb62a38067287e4a15a599a6bfdac1652a1deafb,50927729,BUY,2492.50702391,0.0198595228
0x759979fcfd683fc9ea9806d1a07e1896c5c70690,50927729,BUY,2492.51228845,0.0198594808
0xad01523b1c9ed195fd0c7659020ca048c4a61f19,50927729,BUY,2492.51755299,0.0198594389
0x3434796ac44111bcfbe7dfb7fc9890e8dcfc4070,50927729,BUY,2492.52281754,0.0198593969
0xd5ec2afd64333a03ee0fc45a7dfb9d05aeb85981,50927729,BUY,2492.52808209,0.0198593550
0xd1838033367a69d1f7bfe4762b0815d9cacc6cbb,50927729,BUY,2492.53334665,0.0198593130
0x0c3e1a131dc512b703318ea1037fba0214237c72,50927729,SELL,2490.04376123,0.0023034358
0xd5ec2afd64333a03ee0fc45a7dfb9d05aeb85981,50927729,BUY,2492.53800089,0.0198592760
0x759979fcfd683fc9ea9806d1a07e1896c5c70690,50927729,BUY,2492.54326546,0.0198592340
0xad01523b1c9ed195fd0c7659020ca048c4a61f19,50927729,BUY,2492.54853004,0.0198591921
0xdb62a38067287e4a15a599a6bfdac1652a1deafb,50927729,BUY,2492.55379462,0.0198591501
0x3434796ac44111bcfbe7dfb7fc9890e8dcfc4070,50927729,BUY,2492.55905920,0.0198591082
0xd1838033367a69d1f7bfe4762b0815d9cacc6cbb,50927729,BUY,2492.56432379,0.0198590662
0x759979fcfd683fc9ea9806d1a07e1896c5c70690,50927731,BUY,2492.56958839,0.0198590243
0xd5ec2afd64333a03ee0fc45a7dfb9d05aeb85981,50927731,BUY,2492.57485299,0.0198589823
0x3434796ac44111bcfbe7dfb7fc9890e8dcfc4070,50927731,BUY,2492.58011760,0.0198589404
0xdb62a38067287e4a15a599a6bfdac1652a1deafb,50927731,BUY,2492.58538222,0.0198588985
0xad01523b1c9ed195fd0c7659020ca048c4a61f19,50927731,BUY,2492.59064684,0.0198588565
0xd1838033367a69d1f7bfe4762b0815d9cacc6cbb,50927731,BUY,2492.59591146,0.0198588146
0x1278c1e48e3c9548a5d9f2b16dc27ed311b0697c,50927749,SELL,2489.00000000,0.0000010000
0x8a9dde87eb1f9982e8e79583cb989858516d00b4,50927750,SELL,2489.65923328,0.1448225674
0x8d32bf60153023563bbebf0b29b4e66cf687d9a4,50927750,SELL,2489.60054676,0.2987519367
0xbe221165fef28b2bb91afb2c4264c0eca32f0e93,50927751,SELL,2489.45209297,0.8232990797
0xf04a2505afb967a1b4f43304e17994e94bdc13a1,50927752,SELL,2489.29275802,0.3810937500
0x39c30ab9da0edfd7ef2e293714ae69b9b6cb0d68,50927753,SELL,2489.22709710,0.1152179142
0x789f3ad0c526fd54056fe32dba6dd8476de3f252,50927760,BUY,2491.70345255,0.0036689037
0xf78201616d6ae8cd7a63be1930e6639ba67e109e,50927762,BUY,2491.73295215,0.2191765709
0x29db5a11f9e18f5543ce0b04181e6b96be192478,50927762,BUY,2491.78691376,0.1881168082
0xb30549b3cf21f944456bf21ba8d08c560f75c73c,50927763,SELL,2489.32000000,0.0001500000
0xaea2f764c17c5e97d70381fc9dd82be9bf5bbe7b,50927777,SELL,2489.28439402,0.4550751500
0x27006aaf498a8140dbb539c352c4669ca6a8a988,50927777,SELL,2489.17806122,0.3487459562
0x88776fbd991c76aae24e12da906e47fc8be7aab2,50927827,BUY,2491.38122900,0.0010638986
0x0dfa768499c331acbd6df31887eca6f5860fbd6f,50927827,BUY,2491.38127897,0.0004670172
0x9972f4c1e53b5eeb9e2630a7dddb5d5bfbcac451,50927827,BUY,2491.38207949,0.0003544796
0x9d18d8333b7a7ed78163191b8091aad2e165ea33,50927831,BUY,2491.39870631,0.1342639202
0x00ab5598a09367d40a09768dfa8e438f3913b510,50927833,BUY,2491.43775273,0.1605498671
0x3016506ee11656d0b192cd78e92fba00c3e0fa08,50927877,SELL,2489.33333333,0.0000330000
0x96c10db3d006b6e549796901faa83c67e4d54c96,50927877,SELL,2489.33333333,0.0000330000
0xc724012a70e8fa9163bcac72767f4e0c56012dd8,50927877,SELL,2489.33333333,0.0000330000
0xe1f683fec3aced3e55dbb4d3a6f22c25c9e57bd5,50927886,BUY,2491.83756588,0.0002768575
0xfab25996584e19327ef851cde76c8beb6f3cec51,50927892,SELL,2489.34484848,0.0099000000
0xffe55d878f234a89755fc0fcb6a9651b1d814c27,50927921,BUY,2491.82295383,0.0829310620
0xc595487b07e02292d95a7bbff2704cfc3ccedc7e,50927937,SELL,2489.27909563,0.4810000000
0x4675bb30d0b3a70ef943d4d0fd06725942b76289,50928006,SELL,2488.21161616,0.0099000000
0xd78723b2dd9cc2674a87da936d66f3241c8c1630,50928007,BUY,2490.82460109,0.9376149312
0x2eb84c206561b0f8773f8039508efcd6a3f62cde,50928008,SELL,2488.45435474,0.0303556860
0x5f3ada916b3d4f6964e99828bf4f9c58aae85ce2,50928008,SELL,2488.44634965,0.0303556860
0x49d501f603e3f2728b79e087095516e3af4c7d47,50928008,SELL,2488.43831162,0.0303556860
0xc06aff4273c51f33d73dd931f41578542ce79515,50928008,SELL,2488.43030653,0.0303556860
0x1d3ec927cc89557d7854f616e3cc964439bfdb26,50928008,SELL,2488.42226850,0.0303556860
0x2fe4093c894749e596f458764c377bf4f1337b58,50928008,SELL,2488.41423046,0.0303556860
0x05ecde3dab8971a81137d3c31e0c6ad984c36d97,50928008,SELL,2488.40622537,0.0303556860
0x72b1143c421ce0f6de954997f8221e6e3c0db84b,50928008,SELL,2488.39818734,0.0303556860
0x1303db2ebcec8ebe990989f99b94ef081507e753,50928008,SELL,2488.39018225,0.0303556860
0x63993c0094399d77a7c49b6669edc1a971c68287,50928008,SELL,2488.38214422,0.0303556860
0x3376159ca1f8669f04d1ea5c8ac6f05c6cf35dcd,50928008,SELL,2488.37410618,0.0303556860
0xb290052d2dc6bfe8dc5fff61ce67200147bb42bd,50928008,SELL,2488.36610109,0.0303556860
0xc4210bfd73206c3208ae1f0854ee146ed8f1271b,50928008,SELL,2488.35806306,0.0303556860
0x9b5c716ab00c152a16cb3bd73bd16c297689de40,50928008,SELL,2488.35002503,0.0303556860
0x96b32ba2a8c879ce3c6ccc8043df7f586762b71e,50928008,SELL,2488.34201994,0.0303556860
0xe5d05cb1c9402a6ad6f3bcf4a5345c6f3c34ca74,50928008,SELL,2488.33398191,0.0303556860
0x3403638c12f69970f7f568d15618eeaefe6d42c2,50928008,BUY,2490.82133225,0.0083809701
0x4675bb30d0b3a70ef943d4d0fd06725942b76289,50928053,BUY,2490.82326188,0.0212634593
0x12c51473ecec31920552b2cefc96f7c3ccf1dacd,50928054,BUY,2490.86329802,0.2812320570
0x89a751c5d4be1d14d7a34563b55366ae898c659c,50928137,BUY,2491.47958520,0.0011007046
0x5ab7645710c78079ed9be4ec752ee2fe7676acaa,50928143,SELL,2488.98676768,0.0099000000
0xf2d1aff8a41cdef7e06c8443866124184c3ef527,50928145,SELL,2488.92189212,0.4810899421
0x38a3a7e8b8a7eea9b80bda88e5e1cae29b04c2a1,50928212,SELL,2488.84703518,0.0696500000
0x1722ee8d098037c47bfdcdc260e197cb7c0d5b4b,50928268,SELL,2487.72512312,0.2681856194
0xfab25996584e19327ef851cde76c8beb6f3cec51,50928268,SELL,2487.68828283,0.0099000000
0x46764c29ea35206eaf56401dbeca10a695de38aa,50928272,SELL,2487.63106909,0.4238578868
0xd26daa94b84b9c9401c841741292b7b2678fdf4f,50928275,SELL,2487.54890404,0.1980000000
0x55555cfddd37d8d82e06e0de90da9366ca3e31e8,50928307,SELL,2487.37042168,0.0005897264
0x55555cfddd37d8d82e06e0de90da9366ca3e31e8,50928307,SELL,2487.37100104,0.0002922009
0x55555cfddd37d8d82e06e0de90da9366ca3e31e8,50928307,SELL,2487.37049650,0.0002899033
0x55555cfddd37d8d82e06e0de90da9366ca3e31e8,50928308,SELL,2487.37087614,0.0005788429
0x55555cfddd37d8d82e06e0de90da9366ca3e31e8,50928308,SELL,2487.36565097,0.0000955714
0x55555cfddd37d8d82e06e0de90da9366ca3e31e8,50928308,SELL,2487.36993189,0.0001884167
0x55555cfddd37d8d82e06e0de90da9366ca3e31e8,50928308,BUY,2492.04771538,0.0000002913
0x55555cfddd37d8d82e06e0de90da9366ca3e31e8,50928308,SELL,2487.37012646,0.0002178944
0x55555cfddd37d8d82e06e0de90da9366ca3e31e8,50928308,SELL,2487.36913345,0.0004481856
0x55555cfddd37d8d82e06e0de90da9366ca3e31e8,50928309,SELL,2487.37048120,0.0007905710
0x55555cfddd37d8d82e06e0de90da9366ca3e31e8,50928309,SELL,2487.36930743,0.0006755659
0x55555cfddd37d8d82e06e0de90da9366ca3e31e8,50928309,SELL,2487.34639986,0.0000216838
0x55555cfddd37d8d82e06e0de90da9366ca3e31e8,50928309,SELL,2487.33767089,0.0000185504
0x55555cfddd37d8d82e06e0de90da9366ca3e31e8,50928309,BUY,2508.52348514,0.0000000502
0x55555cfddd37d8d82e06e0de90da9366ca3e31e8,50928311,SELL,2487.35228006,0.0000458246
0x55555cfddd37d8d82e06e0de90da9366ca3e31e8,50928311,SELL,2487.36428316,0.0000397951
0x55555cfddd37d8d82e06e0de90da9366ca3e31e8,50928311,SELL,2487.36606354,0.0000784549
0x55555cfddd37d8d82e06e0de90da9366ca3e31e8,50928311,BUY,2496.85497065,0.0000001214
0x55555cfddd37d8d82e06e0de90da9366ca3e31e8,50928312,BUY,2489.87776151,0.0000403727
0x55555cfddd37d8d82e06e0de90da9366ca3e31e8,50928312,SELL,2487.35052615,0.0000266360
0x55555cfddd37d8d82e06e0de90da9366ca3e31e8,50928312,SELL,2487.36942781,0.0017944552
0x55555cfddd37d8d82e06e0de90da9366ca3e31e8,50928313,SELL,2487.36305963,0.0000469686
0x55555cfddd37d8d82e06e0de90da9366ca3e31e8,50928314,BUY,2489.85938570,0.0013363670
0x55555cfddd37d8d82e06e0de90da9366ca3e31e8,50928314,SELL,2487.36945745,0.0046125480
0x55555cfddd37d8d82e06e0de90da9366ca3e31e8,50928314,SELL,2487.36831937,0.0001111207
0x1278c1e48e3c9548a5d9f2b16dc27ed311b0697c,50928314,SELL,2487.36763085,0.0005195505
0x2536b5a863731982230ea98f513687a922e4f286,50928349,SELL,2487.36391919,0.0495000000
0xc8bbbb8771a2ed46d8703dc659d20e8645509a8b,50928349,BUY,2489.84729042,0.0006543494
0x7582802d44aa5885f208d759beb2b80c7c65b0df,50928351,SELL,2487.35636161,0.0087217370
0x4c3f6892566956ae8f2c7c4e373d0a089ae38676,50928351,SELL,2487.34053905,0.1113651760
0xac032e1a03b4b5f32cc10de7addfcd0cf1342440,50928352,SELL,2487.32188552,0.0297000000
0xd7e4ed1df7318b3998705494673e9a3034be188c,50928497,BUY,2488.80536821,0.2325720550
0x66583507df36ada40eae2d572358e76971c69de3,50928499,SELL,2486.34715589,0.0011610945
0x12c51473ecec31920552b2cefc96f7c3ccf1dacd,50928499,BUY,2488.90041847,0.4886275377
0x5ab7645710c78079ed9be4ec752ee2fe7676acaa,50928756,SELL,2485.10040404,0.0099000000
0x9a3a5fe5ae96a355ec7d8ff7d8e8c12eea2078f1,50928759,SELL,2485.05392449,0.3441901995
0x501ef174b66883ba40f92e6fb24bfb49331d4d4c,50928762,BUY,2487.50183242,0.0001007967
0x88492ffacdc1e7d2b13e9953877a20f057609edf,50928764,SELL,2484.97308329,0.2706198886
0x324b0f8361e21671d02b82e3a27b131845e495bd,50928765,SELL,2484.92626669,0.0852580352
0x5115114525475047bae8c42aec29bfe2a227db22,50928784,BUY,2487.37307490,0.0004192970
0xd83e60d273fd0cb3b05c2611db940fecb7b6ca64,50928785,BUY,2487.37245453,0.0015385074
0x501ef174b66883ba40f92e6fb24bfb49331d4d4c,50928785,SELL,2484.88499876,0.0001207299
0x2d50c922e0f5872d17041508e12d00ccbce2f893,50928917,SELL,2482.56427331,1.0942182300
0x4337019d937ebcbd73dd750072d86c1ce664b350,50928918,BUY,2485.15901060,0.0000023290
0x048ef1062cbb39b338ac2685da72adf104b4cef5,50929162,SELL,2482.48237100,0.0000049970
0xb2be3f3044c734a810cdcdd84e722be161ec03a4,50929162,BUY,2485.15869175,0.3621301529
0xfbb81bca57f822f2c9c8dd97ba9ee3110d7de629,50929166,BUY,2485.20772351,0.0099214954
0xfbb81bca57f822f2c9c8dd97ba9ee3110d7de629,50929170,BUY,2485.21010019,0.0078337763
0x19450158d1bda08ee4d13a729e1dd934387057c1,50929173,SELL,2482.72505051,0.0099000000
0x11bb3f954087a0e2b510e150f6d10be431534728,50929173,BUY,2485.22618354,0.0000333241
0xfbb81bca57f822f2c9c8dd97ba9ee3110d7de629,50929180,BUY,2485.20928115,0.0061240814
0x13b63a4b9039886673f1e2f918dd8e1d31749099,50929183,SELL,2482.72019096,0.0400769464
0xbb7fc8013e0d0cf104d23fa8bcadd102116042b7,50929200,SELL,2482.70867368,0.0475000000
0xd179476ebc35ab070d25b517c5dcfd471558b3a5,50929209,BUY,2485.18868065,0.0001744033
0x824abda7e8bfcf47c543761c50bc7bf6756deda9,50929218,BUY,2485.19006578,0.0000746631
0x1ccf3051a6bdd298f10862248219269c2ba2dd95,50929220,BUY,2485.19148127,0.0001218940
0x567735661390b70ff104a18f8b6e6e385aea2870,50929224,SELL,2482.69557460,0.0528912724
0xd83e60d273fd0cb3b05c2611db940fecb7b6ca64,50929227,BUY,2485.18064844,0.0000847975
0x38adcfa589a565d104c907f394aaa7cb974f58b6,50929229,BUY,2485.18299865,0.0000063879
0xa971283289448b30188cec3f0e60ad92322e4970,50929240,SELL,2482.63850090,0.3815625000
0xa971283289448b30188cec3f0e60ad92322e4970,50929241,SELL,2482.55556491,0.2493750000
0xc0ffee722c49a8c105b0d38d32d374eb6ea1321b,50929245,BUY,2485.01011958,0.0223490740
0x54e2acab04c89a3fe02852bf8dd69ee8f526bc75,50929245,SELL,2482.11440444,0.0000019935
0xee5c2c81220317aab869265767efb9710d2bc618,50929253,SELL,2482.52775380,0.0066612500
0x0f014545de76a29892b9319e5a4123b28299f33b,50929266,SELL,2482.52622840,0.0021800789
0xc21cb0278f686fdda5a8fe47bc4b5a351d047704,50929271,SELL,2482.51075866,0.1185556103
0x1278c1e48e3c9548a5d9f2b16dc27ed311b0697c,50929278,SELL,2482.49517803,0.0001208462
0xca71a0b558f3ad25cb6276baa41ca9bab85d0810,50929292,SELL,2482.49252525,0.0198000000
0x501ef174b66883ba40f92e6fb24bfb49331d4d4c,50929300,BUY,2484.97468632,0.0000450576
0x0b68287ce71302fc353fbd6860da27c843cbade2,50929309,BUY,2484.96719849,0.0013027387
0x71c47c3c8e7abdf81c1f4ca02a8e4ae183d523a5,50929310,SELL,2482.48201991,0.0020588512
0xb172dc0084342ba6223db8bf974f792e97cebf08,50929312,SELL,2482.44647666,0.2719801185
0xc6beaa72b1d2162e90d21964dd7c5b6317c21e85,50929363,BUY,2484.89539578,0.0022017816
0x501ef174b66883ba40f92e6fb24bfb49331d4d4c,50929373,SELL,2482.40923960,0.0001991211
0x1f8a481e42810c7a96224b4034ae5497d68fc109,50929384,SELL,2482.40001387,0.0044122434
0x613a9792ebb8e2d8f690953d7f0754ef702761d7,50929386,SELL,2482.38509893,0.0101512320
0xd14602c85a25a4e520441c47a97a2c9da63ae1be,50929388,SELL,2482.33279227,0.3881250000
0x158e90478187c036f550518b6f6195da0299ff12,50929412,BUY,2484.79278450,0.0004090808
0x048ef1062cbb39b338ac2685da72adf104b4cef5,50929420,SELL,2482.19131940,0.0007452745
0xf04a2505afb967a1b4f43304e17994e94bdc13a1,50929420,SELL,2482.15789852,0.2589843750
0x4381045063b19a615a272733fa6b5f169b622646,50929423,SELL,2482.12068565,0.0243146844
0xa971283289448b30188cec3f0e60ad92322e4970,50929432,SELL,2482.05396184,0.4176562500
0xb46c4026303ec47fb9f29bf31bffc0b958a359f3,50929437,SELL,2481.98580618,0.1022459058
0x613a9792ebb8e2d8f690953d7f0754ef702761d7,50929440,SELL,2481.96999167,0.0101898416
0x000000c557fa9a96d66cd6371abde62d879d0e61,50929440,SELL,2481.96651895,0.0162584631
0x4337013ef5cd421cef649fc58c1b0defd37bbeb1,50929441,SELL,2481.94899346,0.1171822410
0x81adf99fcc6073157008e25010967d307875c13c,50929443,SELL,2481.88865992,0.3985154753
0xf91e8bf46b9e90909e53c82353c833bb4a5e3a45,50929445,SELL,2481.82508871,0.0856739381
0xb46c4026303ec47fb9f29bf31bffc0b958a359f3,50929446,SELL,2481.79885956,0.1141176929
0x865166dca4519a0aee3fe30db27dd5de799d7c5c,50929447,SELL,2481.76792265,0.1300143007
0x566bd93f69754a6bc3cee93104509f5a4adb60dc,50929447,SELL,2481.73640657,0.1100263397
0xb46c4026303ec47fb9f29bf31bffc0b958a359f3,50929447,SELL,2481.70692923,0.1144898024
0x60b5ed0ce185867bc97b1e6424836145160b4ef9,50929447,BUY,2484.18305566,0.0014555352
0x3675abef47fd08915031a1f924cb7f253df51278,50929447,BUY,2484.18382703,0.0016474606
0x43370250bfc02c7f085cb105558da41e9cdb2d79,50929448,SELL,2481.60262117,0.2172282163
0x866bbaa6497d8bbd90036ec4a6138b37df973f9c,50929464,SELL,2481.57359615,0.0024530310
0x501ef174b66883ba40f92e6fb24bfb49331d4d4c,50929466,SELL,2481.56904368,0.0003989403
0xf0523316cf23ef167d874fa030b2214280e38ee6,50929477,SELL,2481.52367788,0.3585877878
0x6824b393723cff3f81b1550f6f81b60e7aede99c,50929477,SELL,2481.46678550,0.0748298547
0x14f91ddd5099fffcfd207d567e453a6fa041214f,50929481,SELL,2481.45682771,0.0010320840
0x501ef174b66883ba40f92e6fb24bfb49331d4d4c,50929484,SELL,2477.16634007,0.0000000880
0xa690a888b4ddb107c90ba1ffce376898b8f9e362,50929499,SELL,2481.08411288,0.4591266911
0x73fd53958b392943da411755ba8cffcd7ccd735b,50929500,SELL,2480.83866307,0.0255398257
0xd14602c85a25a4e520441c47a97a2c9da63ae1be,50929500,SELL,2480.81517974,0.1542187500
0x45f2042f4f06daf288e18c60f875f0c37054d352,50929511,SELL,2479.48703275,0.0335825672
0xa3a153db9fdf76faf5123301f43fa8bb55526ce9,50929511,SELL,2479.48244247,0.0015358254
0xed9aa27c85871d45e2a452f4e8c8a327ce7e8ebd,50929514,BUY,2481.96791403,0.0598317275
0xed9aa27c85871d45e2a452f4e8c8a327ce7e8ebd,50929514,BUY,2481.97712355,0.0103003105
0x83681c14770b44361e21faf91d8325423365ea5c,50929516,SELL,2479.50675262,0.0001347740
0x33ead221502570c730ffa48a73b5d61378943c5d,50929517,BUY,2482.12836285,1.0193434707
0xb60ba73c2e6b9fde6287e91086e50b077896a8bc,50929517,BUY,2482.28618778,0.1861396028
0x1278c1e48e3c9548a5d9f2b16dc27ed311b0697c,50929519,BUY,2482.31079749,0.0005123549
0x000000c557fa9a96d66cd6371abde62d879d0e61,50929522,BUY,2482.31552126,0.0368356038
0x395e9b25043842dde5bcdfe18ec125bde88067f5,50929524,BUY,2482.37145817,0.3903993517
0x16d890467de4d32bbcbab402073c5533609ae848,50929528,BUY,2482.48384465,0.4679102547
0x5b6901d5e9625c7bac31c3053a1804d73b5dcee9,50929540,BUY,2482.57681584,0.0013137193
0x048ef1062cbb39b338ac2685da72adf104b4cef5,50929543,SELL,2480.09444717,0.0001209631
0xbb0e31d765ee8bd8982d3750e36aaf84d5ff0e9c,50929554,BUY,2482.57533431,0.0059213518
0x54e2acab04c89a3fe02852bf8dd69ee8f526bc75,50929557,SELL,2480.09363205,0.0024192627
0x501ef174b66883ba40f92e6fb24bfb49331d4d4c,50929561,SELL,2480.08571972,0.0001209632
0xb41e21d9f69a34af8faabcbf374a037d69dfdf5d,50929563,BUY,2482.57678440,0.0107897186
0x5d8be91f2908ac0ec0b83a8490a726e62d15c8aa,50929574,SELL,2480.09575320,0.0031209767
0x2998f6fea60b2b225d54a85e2d8ffa96d29e62a0,50929588,BUY,2482.62322595,0.0000463888
0x0f13937d96e3d6669066dba1f74594e2318b8ae2,50929589,SELL,2480.11873585,0.1033109973
0x0f13937d96e3d6669066dba1f74594e2318b8ae2,50929589,SELL,2480.10263412,0.0198302547
0x88776fbd991c76aae24e12da906e47fc8be7aab2,50929627,BUY,2482.58280814,0.0010588029
0x0dfa768499c331acbd6df31887eca6f5860fbd6f,50929627,BUY,2482.58284512,0.0004686724
0x501ef174b66883ba40f92e6fb24bfb49331d4d4c,50929638,SELL,2480.09223976,0.0001209628
0xd606f0d65290756527d7d433d5c617f659350aad,50929648,SELL,2480.03182424,0.4950000000
0x501ef174b66883ba40f92e6fb24bfb49331d4d4c,50929652,SELL,2479.96426161,0.0001209630
0x6919b0bbe70bf119cf6df1528edcfa4d94ff104c,50929652,SELL,2479.96678105,0.0018772764
0xe9a0da4806312550fa8d519b362420618d5f0c64,50929688,BUY,2481.48732185,0.0022992126
0x7d97fc3830b1270fb230ce05af843cb7e195ec9f,50929688,BUY,2481.48996166,0.0002027072
0x137df8f4a1843b3ce33f68c56f0ff097f34db671,50929692,SELL,2479.00622857,0.0000006228
0x428996ae1cd1d7649d0b8dfe24e823f063b4f368,50929703,BUY,2481.51091313,0.1818800210
0xcbaa69b6f66ed2ca8bc8ac21dbad5d06f777bacf,50929727,BUY,2482.02739258,0.3896984388
0x0c046577bd25f7ef96955f60e71f7863c75046c5,50929746,BUY,2482.28633184,0.0000726109
0x610953fca72e5c22cca803e5f471c9a9bc81e6da,50929752,BUY,2482.26988035,0.0050631924
0x610953fca72e5c22cca803e5f471c9a9bc81e6da,50929752,BUY,2482.27082543,0.0028310771
0x0bae37dab2052902a3013b3279fb0f78568c2bb4,50929760,SELL,2479.78807615,0.0099800000
0xd127468833c2f90ab00404d062fa36e51b54af54,50929795,BUY,2482.27787212,0.0354625975
0x9cc08811e8e9404e197fb6f818d9209315429500,50929823,BUY,2482.28585958,0.0000474083
0x51c0e459dc5c074a870a7804d989267f2486dcfd,50929845,BUY,2482.28075121,0.0026163330
0xf89aea2a2aaac45acdfb6284df95e62262bc485a,50929862,SELL,2479.79858621,0.0022557106
0xd4b377751823bab0c7630f7c3b4fab1cf585d201,50929862,SELL,2479.79822150,0.0005339898
0xa28669d95a6339da0b0216ae1683ef6f9edc2720,50929877,BUY,2482.29683586,0.0181872028
0x217557c139838dabfde67d6aa171d39f39e4f11b,50929877,BUY,2482.30129920,0.0160635266
0x0e82088081b31aadf32e0444f6094dd659c9c795,50929877,BUY,2482.30551417,0.0162490104
0x88776fbd991c76aae24e12da906e47fc8be7aab2,50929927,BUY,2482.30917242,0.0010574489
0xca71a0b558f3ad25cb6276baa41ca9bab85d0810,50929946,BUY,2482.32960191,0.1588746505
0xc0e2e837257edcb87e0be9b42084f870a7432f4a,50929962,BUY,2482.35340202,0.0003387032
0xa9071aa0965ec14a0d1c42ae0c7871e0ba20ea53,50929971,BUY,2482.39767381,0.0563002965
0xd64ee6445fd2556aca43715e828dfd679c95947f,50929996,SELL,2479.93376180,0.0022204710
0x00f8ce494f6d0b9b7631f85fb226a68379806d6e,50930004,SELL,2479.91609322,0.1180000000
0x4fb13512cc1998bdb95799eaf4f1537cb8828c72,50930014,BUY,2482.38322365,0.0051123214
0x4c855204c4eed411a03d20ace673d08837a8f5ee,50930028,BUY,2482.41294772,0.0000047236
0x8d4fde7a0694d301760f0ce9ae5d557da47ad7dc,50930029,SELL,2479.88255333,0.1500000000
0xb30549b3cf21f944456bf21ba8d08c560f75c73c,50930029,SELL,2479.86244295,0.0019145009
0x2e96c34d06922e9ec4d809e9c2bb58877b5f7fc2,50930041,SELL,2479.83483990,0.0111040270
0xc27a2b4bd5b374c3cb3c711e17901628824f8258,50930046,BUY,2482.31994976,0.0000858741
0xce878ec43b6b40f0cf4f8a852d3e355c5a40c8e1,50930065,SELL,2479.54382711,2.1994950000
0x9a3a5fe5ae96a355ec7d8ff7d8e8c12eea2078f1,50930096,SELL,2479.19673136,0.4558243675
0x55555cfddd37d8d82e06e0de90da9366ca3e31e8,50930101,SELL,2479.12109959,0.0000324066
0x55555cfddd37d8d82e06e0de90da9366ca3e31e8,50930101,BUY,2481.61501976,0.0002794209
0x55555cfddd37d8d82e06e0de90da9366ca3e31e8,50930101,SELL,2479.12980220,0.0001234078
0x55555cfddd37d8d82e06e0de90da9366ca3e31e8,50930101,SELL,2479.13145233,0.0001039719
0x55555cfddd37d8d82e06e0de90da9366ca3e31e8,50930104,SELL,2479.10414950,0.0015303576
0x55555cfddd37d8d82e06e0de90da9366ca3e31e8,50930104,SELL,2479.09867135,0.0001315264
0x55555cfddd37d8d82e06e0de90da9366ca3e31e8,50930104,SELL,2479.10212578,0.0002513543
0x55555cfddd37d8d82e06e0de90da9366ca3e31e8,50930104,BUY,2484.98043240,0.0000002157
0x55555cfddd37d8d82e06e0de90da9366ca3e31e8,50930104,SELL,2479.08944703,0.0000321299
0x55555cfddd37d8d82e06e0de90da9366ca3e31e8,50930105,SELL,2479.10022509,0.0001017615
0x55555cfddd37d8d82e06e0de90da9366ca3e31e8,50930105,BUY,2481.58524043,0.0003352252
0x55555cfddd37d8d82e06e0de90da9366ca3e31e8,50930105,SELL,2479.09457167,0.0000354831
0x55555cfddd37d8d82e06e0de90da9366ca3e31e8,50930106,SELL,2479.10374797,0.0007203861
0x55555cfddd37d8d82e06e0de90da9366ca3e31e8,50930106,BUY,2481.58812420,0.0002781445
0x55555cfddd37d8d82e06e0de90da9366ca3e31e8,50930106,SELL,2479.09594150,0.0001228827
0x55555cfddd37d8d82e06e0de90da9366ca3e31e8,50930106,SELL,2479.08199023,0.0000099710
0x55555cfddd37d8d82e06e0de90da9366ca3e31e8,50930107,SELL,2479.10153664,0.0001126404
0x55555cfddd37d8d82e06e0de90da9366ca3e31e8,50930107,SELL,2479.07418902,0.0000264845
0x55555cfddd37d8d82e06e0de90da9366ca3e31e8,50930107,SELL,2479.09285718,0.0000765562
0x55555cfddd37d8d82e06e0de90da9366ca3e31e8,50930109,SELL,2479.10051391,0.0000929494
0x55555cfddd37d8d82e06e0de90da9366ca3e31e8,50930109,BUY,2481.61157354,0.0000339255
0x55555cfddd37d8d82e06e0de90da9366ca3e31e8,50930109,SELL,2479.07904751,0.0000120771
0x55555cfddd37d8d82e06e0de90da9366ca3e31e8,50930109,BUY,2481.58514918,0.0013208332
0x55555cfddd37d8d82e06e0de90da9366ca3e31e8,50930111,SELL,2479.09950477,0.0000291428
0x55555cfddd37d8d82e06e0de90da9366ca3e31e8,50930111,SELL,2479.09512042,0.0000291147
0x55555cfddd37d8d82e06e0de90da9366ca3e31e8,50930111,SELL,2479.09693434,0.0000448736
0x55555cfddd37d8d82e06e0de90da9366ca3e31e8,50930111,SELL,2479.10050753,0.0000857553
0x55555cfddd37d8d82e06e0de90da9366ca3e31e8,50930111,BUY,2493.97263545,0.0000000734
0x55555cfddd37d8d82e06e0de90da9366ca3e31e8,50930112,SELL,2479.07787213,0.0000291358
0x55555cfddd37d8d82e06e0de90da9366ca3e31e8,50930112,BUY,2481.58877652,0.0002475124
0x55555cfddd37d8d82e06e0de90da9366ca3e31e8,50930112,SELL,2479.09974609,0.0000480832
0x55555cfddd37d8d82e06e0de90da9366ca3e31e8,50930114,SELL,2479.08999577,0.0000488595
0x55555cfddd37d8d82e06e0de90da9366ca3e31e8,50930114,SELL,2479.09227117,0.0000451504
0x55555cfddd37d8d82e06e0de90da9366ca3e31e8,50930120,SELL,2479.09382068,0.0000556385
0x55555cfddd37d8d82e06e0de90da9366ca3e31e8,50930120,SELL,2479.10203712,0.0030761670
0x55555cfddd37d8d82e06e0de90da9366ca3e31e8,50930120,SELL,2479.06752616,0.0000204044
0x6fe9f4df83c368fa89af5f8c3696d30799b369cb,50930120,SELL,2479.10137334,0.0019627301
0x55555cfddd37d8d82e06e0de90da9366ca3e31e8,50930124,SELL,2479.09918823,0.0000525175
0x55555cfddd37d8d82e06e0de90da9366ca3e31e8,50930124,SELL,2479.09983102,0.0001503409
0x6332685fb57d440b9812cc5f625376f8bee6eba1,50930135,BUY,2481.58348589,0.0093584017
0xa971283289448b30188cec3f0e60ad92322e4970,50930142,SELL,2478.98427513,0.5615625000
0xf04a2505afb967a1b4f43304e17994e94bdc13a1,50930143,SELL,2478.71772005,0.6070312500
0x54e2acab04c89a3fe02852bf8dd69ee8f526bc75,50930207,SELL,2478.30563744,0.0046817527
0x501ef174b66883ba40f92e6fb24bfb49331d4d4c,50930220,SELL,2478.30449941,0.0034903956
0x4337012eaf1f862b8dbdc6b62a01782ae01ef038,50930223,BUY,2481.45072566,0.0000015451
0x88776fbd991c76aae24e12da906e47fc8be7aab2,50930227,BUY,2480.78497713,0.0010566293
0x37cd2fe5816bb366194eaa66b137aa459c28b5cf,50930239,BUY,2480.78992573,0.0403097412
0xac032e1a03b4b5f32cc10de7addfcd0cf1342440,50930293,BUY,2480.79691688,0.0162298412
0x5ffc8c0d0aad9863ad6d51039a907cb9be778750,50930352,SELL,2478.11231396,0.0001008832
0xe226c3d455be157c544ad62fda8d0728f12c3a5d,50930379,BUY,2480.59327288,0.0071312513
0xbb0e31d765ee8bd8982d3750e36aaf84d5ff0e9c,50930394,BUY,2480.59658205,0.0052711126
0x574be013006558d0a5682a6b0508f02d147377bf,50930394,SELL,2478.11657460,0.0020902992
0x824abda7e8bfcf47c543761c50bc7bf6756deda9,50930412,BUY,2480.63016384,0.0000266920
0xecca0eab42bcdc7823a10d4562c4d918a404948b,50930412,BUY,2480.59951704,0.0003129360
0xe44161ff13fc196e5d6d118fd7a4945a63f1f0ff,50930423,SELL,2478.11760000,0.0004166667
0x12c51473ecec31920552b2cefc96f7c3ccf1dacd,50930438,BUY,2480.71385750,0.3196056658
0xd14602c85a25a4e520441c47a97a2c9da63ae1be,50930440,BUY,2480.79076485,0.3056305770
0x6c229cd01287f12e2c043fc20e4f500a9e1a9e88,50930446,BUY,2480.83755714,0.0604332192
0x12c51473ecec31920552b2cefc96f7c3ccf1dacd,50930450,BUY,2480.87738635,0.2634035469
0x4c6e39e2d34790c3e17979b1ea3e828ba126ab72,50930474,BUY,2480.98732871,0.0000369857
0xe0f7cdf7a2edcc5f908b77fce5dac336347314e5,50930483,BUY,2480.98525344,0.0089484901
0xa28669d95a6339da0b0216ae1683ef6f9edc2720,50930488,BUY,2480.98827168,0.0034754211
0x3ff44cb290f72440e44b345a0d2dc89cdbc9c38f,50930497,BUY,2481.07256977,0.6850946231
0xb8fc4efa40fa2e12f76277869cadf9a1fa5e5ebc,50930500,BUY,2481.15736849,0.0015545217
0x88776fbd991c76aae24e12da906e47fc8be7aab2,50930527,BUY,2481.16328717,0.0010550007
0x7c40c792f376d2921854faa4c52985b906aae2f3,50930527,BUY,2481.21516069,0.4195710297
0xf2d1aff8a41cdef7e06c8443866124184c3ef527,50930530,BUY,2481.48446452,0.4014094334
0x46faf5b683721515d5df0aec5e79e4d7f22a8bd7,50930538,BUY,2481.55503176,0.1377731844
0x46faf5b683721515d5df0aec5e79e4d7f22a8bd7,50930538,BUY,2481.57580615,0.0208195389
0xa971283289448b30188cec3f0e60ad92322e4970,50930538,BUY,2481.62921355,0.3825089920
0x82bbc295e816205f42a64734e5a60bf2e0101d64,50930545,BUY,2481.74066036,0.0044575713
0xdc2cb7eed37caacdf5462c42b987d21d0b47c610,50930546,BUY,2481.78529711,0.3377790790
0x4b82847c82087ea19418bed079966810f64f39f4,50930553,BUY,2482.05443988,0.6198391773
0x54e2acab04c89a3fe02852bf8dd69ee8f526bc75,50930564,SELL,2479.69538948,0.0001209846
0x2a3bc307a8a81253dbf755298e7d563190dffd66,50930564,BUY,2482.19023086,0.0640025329
0x292c08946571c600032912a7268ce5387139ec70,50930566,BUY,2482.26318649,0.4932545053
0x434b004c25968bf105db6439a8042402138eb473,50930566,BUY,2482.39563747,0.1509882205
0xa09458bba926ae08662353b17fbb36f6dbf8b963,50930566,BUY,2482.42401067,0.0656287964
0xa1c0c954370a4ab8a82e8c3b4a76016406459252,50930567,BUY,2482.45152746,0.0503282737
0xf3cfecc7a7e986e271932ef24406de4aee02442c,50930567,BUY,2482.45987214,0.0132866196
0xa971283289448b30188cec3f0e60ad92322e4970,50930571,BUY,2482.66369517,0.2634423274
0xa971283289448b30188cec3f0e60ad92322e4970,50930577,SELL,2480.50543435,0.1992187500
0xaf7fe18b443ec5d175e908118276dd132ad371dc,50930583,SELL,2480.14564034,0.0172158587
0x75248f467538bd72ca82ac6a6a7e6190b64b9721,50930587,SELL,2480.12396633,0.1485000000
0xff09a4652f335e3aa2007cfcb2db5a7f54326122,50930589,SELL,2480.08861789,0.0405900000
0x428996ae1cd1d7649d0b8dfe24e823f063b4f368,50930590,BUY,2482.58900160,0.1812623836
0x6b7ecadd2b458f2b77a50557fe231ad20a7c9846,50930600,SELL,2480.11464884,0.0453827540
0x31f1bfa17f1004c477526ae07f3b0581639c3b82,50930600,SELL,2480.10846899,0.0019919181
0x9e80063b5c6b647d70bf4278f9f9592126b9c816,50930600,SELL,2480.10811137,0.0007427265
0x6f00ca3af87bd880b9f12328554a5145c5c61791,50930600,BUY,2482.59048545,0.0009946365
0x1278c1e48e3c9548a5d9f2b16dc27ed311b0697c,50930604,SELL,2479.23260683,0.0000000436
0xd59a679e7f509062556288c6cd2be55afb7305a9,50930605,SELL,2479.93088364,1.3212464039
0xa557f04397227948db25a3a81ece5285ec538f0e,50930609,SELL,2479.74454394,0.0480200000
0xc15449fe5829c96133a8b0bac70060e11c25cc13,50930612,SELL,2479.62340700,0.0121683434
0xbd99453b379b14194aeffb8a6d870f024562203f,50930612,BUY,2482.10448267,0.0137245036
0x8659a2054f5e4305320ccfc4dc661b29290e9e60,50930623,SELL,2479.62202020,0.0198000000
0xcfb07ae4f3913a32a3850271d7dd52ca1e4a06ed,50930628,SELL,2479.48010431,0.0048107299
0xcfb07ae4f3913a32a3850271d7dd52ca1e4a06ed,50930628,SELL,2479.47911844,0.0027310063
0xa93af0ae41207db9f578fe07956b62f6797ae9f7,50930637,SELL,2479.47555556,0.0144000000
0x445b179925905671ad944008958ad4809b832911,50930648,SELL,2479.52175227,0.0872964997
0x1278c1e48e3c9548a5d9f2b16dc27ed311b0697c,50930671,SELL,2479.51032858,0.0001209916
0x501ef174b66883ba40f92e6fb24bfb49331d4d4c,50930684,SELL,2479.51028479,0.0002379502
0x574be013006558d0a5682a6b0508f02d147377bf,50930689,SELL,2479.50698987,0.0246753634
0xbb0e31d765ee8bd8982d3750e36aaf84d5ff0e9c,50930693,BUY,2482.06971069,0.0048089230
0x501ef174b66883ba40f92e6fb24bfb49331d4d4c,50930707,SELL,2479.56108007,0.1403397556
0xe9a6f974051eb6e67080394568883891cb87c16f,50930712,SELL,2479.54392270,0.0023990670
0xec613ab9a2df9ca12ae0d690e95efcb075505ff9,50930715,SELL,2479.53775143,0.0472300000
0xd893d87381106199efe879ee01584920d368b298,50930733,BUY,2481.99716381,0.0006380394
0xd893d87381106199efe879ee01584920d368b298,50930733,SELL,2479.47377710,0.0000181389
0x92985e9b2b49cf23a58b04756eb06fcfdebb0998,50930733,SELL,2479.51488889,0.0045000000
0x1278c1e48e3c9548a5d9f2b16dc27ed311b0697c,50930739,SELL,2479.44857352,0.0008066096
0xbc5c9457aa733b312538c785dde4583b037ca77d,50930748,BUY,2481.93074124,0.0037809351
0x61d8476eb8ac232391e4d3776f83846e906a69af,50930750,SELL,2479.44582818,0.0292938532
0x501ef174b66883ba40f92e6fb24bfb49331d4d4c,50930757,SELL,2479.44039429,0.0001209946
0xcfd050e673f3e0f4a13d73b2e206f3913f179476,50930761,BUY,2481.90762018,0.0009146021
0xf9d732c84cddc18a9f30e27add63ce8ea17b5933,50930787,BUY,2481.90430039,0.0269643342
0x574be013006558d0a5682a6b0508f02d147377bf,50930823,BUY,2481.90807156,0.0020145790
0x88776fbd991c76aae24e12da906e47fc8be7aab2,50930827,BUY,2481.90847628,0.0010532189
0xbb0e31d765ee8bd8982d3750e36aaf84d5ff0e9c,50930873,BUY,2481.90428090,0.0050214245
0x8b3b773be87f5180c156b4ea383fa57bf1a2c579,50930880,BUY,2482.27063081,0.0429523988
0x5dfe65f8138693515205c1630c27bc079511d4bb,50930882,BUY,2482.42694867,0.2496546290
0xe44161ff13fc196e5d6d118fd7a4945a63f1f0ff,50930883,SELL,2479.97760000,0.0004166667
0x007d39bde5c377b42dcc7409c1969739589b67ca,50930898,BUY,2482.55525809,0.0805621544
0xad800ab8c7738dfc9111765049cb6ca2f4fbd241,50930902,BUY,2482.61325556,0.3625212256
0x9d76858f30ca74eb8daa2cf294bb1ab7ec86c7b8,50930907,BUY,2482.72771661,0.0050458868
0x9a3a5fe5ae96a355ec7d8ff7d8e8c12eea2078f1,50930918,BUY,2482.76118219,0.2509080211
0xbb0e31d765ee8bd8982d3750e36aaf84d5ff0e9c,50930933,BUY,2482.79599999,0.0149724653
0x05854d0c70d2f696fb3d9c0863100956b795e2ff,50930946,BUY,2482.81067019,0.0961857245
0x0f014545de76a29892b9319e5a4123b28299f33b,50930948,SELL,2480.34079996,0.0019314031
0x094b9da660674ae8abfed5642ae51f2bc61faacd,50930951,BUY,2482.90346072,0.6164808154
0xd35d6c4e6619f0e6b50b690f749416180ba3f567,50930981,SELL,2481.20524735,0.0211548682
0x3752914977cf53f7ea4d0cd7e9f1d15a3b90c524,50930981,BUY,2483.68584118,0.0008196250
0x421fa8056f7d8ad5bbc066d683faf60ccd0bcab4,50930984,BUY,2483.78675749,0.2288383100
0x1278c1e48e3c9548a5d9f2b16dc27ed311b0697c,50930994,SELL,2481.33363358,0.0001209027
0xef896ef08ff145bc4b457174edece658ea902df7,50930996,BUY,2483.83747109,0.1570708831
0x1278c1e48e3c9548a5d9f2b16dc27ed311b0697c,50931003,SELL,2481.37486649,0.0001209007
0xbbe06ea75813760ae2387276b64b592a4b6ce29f,50931004,BUY,2483.86761857,0.0724676302
0x38c5b44829beacf7eaa608f7f7bc833603394aae,50931009,BUY,2483.97784755,0.7737092808
0xf04a2505afb967a1b4f43304e17994e94bdc13a1,50931021,SELL,2481.37117620,0.2835937500
0xf2d1aff8a41cdef7e06c8443866124184c3ef527,50931021,SELL,2481.33273186,0.0084048253
0xa971283289448b30188cec3f0e60ad92322e4970,50931021,SELL,2481.25755224,0.5653125000
0x4ce63e379aea0756cb05c31cbc5ef48d1dc88331,50931029,BUY,2483.27279310,0.0000291108
0xaedce07a16eb2f17977a9b13a800d364e3d62058,50931032,SELL,2480.70570134,0.4655905972
0xa971283289448b30188cec3f0e60ad92322e4970,50931044,SELL,2480.62450362,0.3196875000
0xf04a2505afb967a1b4f43304e17994e94bdc13a1,50931055,SELL,2480.56814421,0.1638281250
0xd893d87381106199efe879ee01584920d368b298,50931058,BUY,2482.81688122,0.0008227993
0xd893d87381106199efe879ee01584920d368b298,50931058,SELL,2480.32833128,0.0000762193
0xd893d87381106199efe879ee01584920d368b298,50931058,SELL,2480.33179232,0.0003288721
0xd893d87381106199efe879ee01584920d368b298,50931058,SELL,2480.33326908,0.0004939272
0xd893d87381106199efe879ee01584920d368b298,50931058,BUY,2482.89886536,0.0000007552
0x1f4eed96f3242f55dab080b318b2f6b33ed2bb0e,50931058,SELL,2480.33336134,0.0038561135
0x0d96c15ad1333697b7d66b3ab681df310c509800,50931069,SELL,2479.77505812,2.7193090083
0xe58f5e5bbfeb4e01dbadce7c61e9fbf78f033afb,50931069,SELL,2478.65194602,0.0790052437
0xdaf7de4da68208b236673eaf6c6376a2571bd22b,50931069,BUY,2480.05370014,0.0007603005
0xcfb07ae4f3913a32a3850271d7dd52ca1e4a06ed,50931073,BUY,2480.07331732,0.0683006260
0xcfb07ae4f3913a32a3850271d7dd52ca1e4a06ed,50931073,BUY,2480.08189171,0.0012208819
0xc6b62a026240ad384fba914ca25169009a5cf65d,50931084,BUY,2480.08364118,0.0173105505
0x64f5ee01b51912f582079af5ec865c397bac6404,50931085,BUY,2480.25956251,0.4458867704
0x1fb438c424cd0ec6a4c0ac4f1d2e00ffa5ce3fec,50931085,BUY,2480.35613785,0.3403081058
0x4cadfc6851364eaaf1e3c02a053e1eda1088f0f2,50931098,BUY,2480.61497827,0.4886084643
0x501ef174b66883ba40f92e6fb24bfb49331d4d4c,50931106,SELL,2478.57954516,0.0001209846
0x824abda7e8bfcf47c543761c50bc7bf6756deda9,50931109,BUY,2481.06339959,0.0094860220
0xbb0e31d765ee8bd8982d3750e36aaf84d5ff0e9c,50931114,BUY,2481.06838367,0.0313058304
0x048ef1062cbb39b338ac2685da72adf104b4cef5,50931118,BUY,2481.07696978,0.0001509727
0x88776fbd991c76aae24e12da906e47fc8be7aab2,50931127,BUY,2481.07251376,0.0010728336
0x0c28f2bacbd3471b2686e9d88d790100eac694a3,50931127,BUY,2481.11360312,0.3340962477
0xfffff93233905118d37f2cb2117dc2aa5ccf861e,50931128,BUY,2481.26718211,0.0003161578
0x46bf47d82a51a6fcddd47fc65f3cb9d68cb03ffc,50931145,BUY,2481.49510673,0.0000267383
0x65085f117ecb3cdea070df1568a4a97f094e9640,50931146,SELL,2478.98289128,0.0040098510
0x64354b77dab250ac68fd25672330461bd763f417,50931150,SELL,2478.92230437,0.0329996700
0x3eaaffa83bd1cecff673567a161608e3df51d123,50931150,SELL,2478.90506178,0.0329996700
0xc01cece6d67e85ffda8f12f08a1b2503698ef105,50931174,BUY,2481.39133848,0.0749957643
0x1278c1e48e3c9548a5d9f2b16dc27ed311b0697c,50931179,BUY,2481.40226631,0.0005476150
0xc27a2b4bd5b374c3cb3c711e17901628824f8258,50931200,BUY,2481.40689367,0.0401778468
0xf9f319a6d0d101c18569772f707060fb73f68105,50931203,BUY,2481.42158726,0.0045405299
0xf9f319a6d0d101c18569772f707060fb73f68105,50931203,BUY,2481.42292932,0.0053349439
0xe3291fe15fcfd0bc290f44e39770e1610f14095f,50931209,BUY,2481.42890009,0.0001568362
0xe3291fe15fcfd0bc290f44e39770e1610f14095f,50931209,BUY,2481.42691720,0.0007581174
0xa28669d95a6339da0b0216ae1683ef6f9edc2720,50931210,SELL,2478.94201684,0.0281308548
0xd9dbdd82361b24729498711e732cf74e83923eb5,50931246,BUY,2481.52232741,0.6305293298
0x564af80460f6d4eb1f243e7a4fcf5dfe1ec87faf,50931252,SELL,2479.12252525,0.0099000000
0x05854d0c70d2f696fb3d9c0863100956b795e2ff,50931253,SELL,2479.12090472,0.0001274028
0xaa1b272196abc18860d3bee19b731e43e43802bb,50931260,BUY,2481.83359841,1.7710961870
0x61d8476eb8ac232391e4d3776f83846e906a69af,50931263,BUY,2482.07070607,0.0410826330
0x88f555826e4c0279600bf2408abbfd6c1f88f2cc,50931286,BUY,2482.07583843,0.0078037620
0x815a1af047397d300a433184c1d46cd55eabdd58,50931294,BUY,2482.55387172,0.0013865919
0x048ef1062cbb39b338ac2685da72adf104b4cef5,50931310,BUY,2482.58188974,0.0003522260
0x03d9964f4d93a24b58c0fc3a8df3474b59ba8557,50931312,BUY,2482.63556665,0.0000092511
0xa971283289448b30188cec3f0e60ad92322e4970,50931315,BUY,2482.76552125,0.3890709009
0x501ef174b66883ba40f92e6fb24bfb49331d4d4c,50931334,BUY,2483.00417115,0.0001856151
0xe44161ff13fc196e5d6d118fd7a4945a63f1f0ff,50931344,SELL,2480.52000000,0.0004166667
0x6da54a88e7382c0efc2b49a68a1bbc9e1135f21a,50931353,BUY,2483.00416059,0.0039256040
0xf65b81c75c2134da3ebef36ec94fd1da4c49ce70,50931363,BUY,2483.00588459,0.0092518319
0xc27a2b4bd5b374c3cb3c711e17901628824f8258,50931377,BUY,2483.01535209,0.0001144653
0xe27ff138f30e9584e10895b153dd848b208f7ba7,50931380,SELL,2480.52509483,0.0007792080
0x1278c1e48e3c9548a5d9f2b16dc27ed311b0697c,50931383,BUY,2483.00776400,0.0010308006
0x2164836a7a607c1d0664e4473a758518768608c3,50931389,BUY,2483.01429327,0.0507447743
0x501ef174b66883ba40f92e6fb24bfb49331d4d4c,50931396,BUY,2483.02145485,0.0012118824
0x7be3b98e60c26081631d81295380c486ff34ac4f,50931397,BUY,2483.02182264,0.0035695538
0x03d9964f4d93a24b58c0fc3a8df3474b59ba8557,50931403,BUY,2483.02280509,0.0002117383
0x37cd2fe5816bb366194eaa66b137aa459c28b5cf,50931412,SELL,2480.53464617,0.0403198666
0x1278c1e48e3c9548a5d9f2b16dc27ed311b0697c,50931412,SELL,2480.52337752,0.0001209414
0x88776fbd991c76aae24e12da906e47fc8be7aab2,50931427,BUY,2483.02545938,0.0010717973
0x1278c1e48e3c9548a5d9f2b16dc27ed311b0697c,50931428,BUY,2483.02598381,0.0001940447
0x564af80460f6d4eb1f243e7a4fcf5dfe1ec87faf,50931431,SELL,2480.54050505,0.0198000000
0x1278c1e48e3c9548a5d9f2b16dc27ed311b0697c,50931456,BUY,2483.01725221,0.0003337246
0x472b183c7ff518c6cc46da5c31be9ff411188de9,50931468,SELL,2480.53151515,0.0099000000
0xd893d87381106199efe879ee01584920d368b298,50931472,BUY,2483.01271647,0.0002110311
0xd893d87381106199efe879ee01584920d368b298,50931472,SELL,2480.49109957,0.0000125108
0xd893d87381106199efe879ee01584920d368b298,50931472,SELL,2480.50344302,0.0000212542
0xd893d87381106199efe879ee01584920d368b298,50931472,BUY,2515.30866118,0.0000000298
0xf5f3ef3787a1c068c8cafef35f07fa784977bea1,50931478,SELL,2480.52224965,0.0614313038
0x83681c14770b44361e21faf91d8325423365ea5c,50931478,SELL,2480.51415593,0.0000991395
0xe7a9317834b1436edf8ce311d617925db26dff64,50931488,BUY,2483.03705985,0.3088911714
0x048ef1062cbb39b338ac2685da72adf104b4cef5,50931490,SELL,2480.58863885,0.0001209427
0x12c51473ecec31920552b2cefc96f7c3ccf1dacd,50931491,BUY,2483.09183956,0.1096987549
0x1278c1e48e3c9548a5d9f2b16dc27ed311b0697c,50931510,SELL,2480.66400000,0.0010000000
0xa1457263c41f4e82b0d79c21563d7423ebc39115,50931517,BUY,2483.16330502,0.1225354903
0x12c51473ecec31920552b2cefc96f7c3ccf1dacd,50931518,BUY,2483.19286450,0.1032104854
0x363077ef2e4b0abd62a053a7f7ba82d8d52646ac,50931527,BUY,2483.25769189,0.0020134841
0x20b5d81ab672b49bf06ee0acdfe5978cb096c95d,50931533,BUY,2483.29694405,0.2977254008
0x1528af0c7c76dd1285b781f0ad3e21eda1a8ef7b,50931540,BUY,2483.34626480,0.0000599393
0x84f82870363307a5cb0987b4d3d3e96a745cb0f0,50931560,SELL,2480.91687879,0.0990000000
0x1278c1e48e3c9548a5d9f2b16dc27ed311b0697c,50931564,BUY,2483.38703999,0.0002745577
0xe00d7c51dec3958abe81060b34f6144bc7379c56,50931566,BUY,2483.38787019,0.0075422487
0x9d057b14ed3409f79f3a03f30121c9b5d9496888,50931569,SELL,2480.90457069,0.0006546979
0x5e33117e60a5fd25159d8be67f7ff65dbaeee548,50931569,SELL,2480.90390460,0.0044393638
0x5e33117e60a5fd25159d8be67f7ff65dbaeee548,50931569,SELL,2480.90316330,0.0012298316
0xc01cece6d67e85ffda8f12f08a1b2503698ef105,50931570,BUY,2483.39394922,0.0623825475
0x2b4e398d9c70723c9014baf7b2146c29ec58e026,50931570,BUY,2483.42160099,0.1488516778
0x000000c557fa9a96d66cd6371abde62d879d0e61,50931570,BUY,2483.45478925,0.1024987792
0x9e7ddb6ad871b670f545239b83fe39119b890ae0,50931571,BUY,2483.47520177,0.0099478843
0x0bcf0b05f4bdbb7342f654ebc88f9219d10c7666,50931572,BUY,2483.48567846,0.0000327753
0x564af80460f6d4eb1f243e7a4fcf5dfe1ec87faf,50931573,SELL,2480.99292929,0.0019800000
0x564af80460f6d4eb1f243e7a4fcf5dfe1ec87faf,50931574,SELL,2480.99242424,0.0019800000
0x49b1acf99222439d2750df9e68affef55b0b7508,50931580,BUY,2483.89712768,0.0006459648
0x54e2acab04c89a3fe02852bf8dd69ee8f526bc75,50931600,SELL,2481.43779350,0.0080598434
0x653dcf7edc6adb1e744e25d13d931dd6da8885dd,50931619,SELL,2480.50493178,0.4153396451
0x393ccba82b2ab518194bd5f4b19b16160aab55c6,50931623,SELL,2480.37753493,0.5440000000
0x69b5f938a385bb63ab0ecc974fa0478c9db2a097,50931626,SELL,2480.29894873,0.0571834678
0xf04a2505afb967a1b4f43304e17994e94bdc13a1,50931647,SELL,2479.92269229,0.8587500000
0xf04a2505afb967a1b4f43304e17994e94bdc13a1,50931648,SELL,2479.66188337,1.1371875000
0xd8d87a5bdefc3116579db6ef147ce63eda6d5bd4,50931706,SELL,2479.01417208,0.0049643036
0x0e82088081b31aadf32e0444f6094dd659c9c795,50931706,SELL,2479.01304116,0.0036945223
0xc5dd972a67c01937551eca42bfca74b886833916,50931706,SELL,2479.01113369,0.0010060459
0x0000208d547a446ba9059cbb2cfcfbaead7d3fa3,50931708,BUY,2481.70955944,0.6833023605
0x0c3e1a131dc512b703318ea1037fba0214237c72,50931710,BUY,2481.80183828,0.0198636492
0x0c3e1a131dc512b703318ea1037fba0214237c72,50931710,BUY,2481.80906291,0.0353731890
0x5e7b46d33dae15b8ca77e8d08b14b211e5426f5e,50931712,BUY,2481.81951412,0.0444458678
0xa95cbbeedf916491a4e89f7459f447e1b7b6f45e,50931715,SELL,2479.33332522,0.0626501348
0x1278c1e48e3c9548a5d9f2b16dc27ed311b0697c,50931716,BUY,2481.80637594,0.0003545804
0x38adcfa589a565d104c907f394aaa7cb974f58b6,50931717,BUY,2481.84524937,0.0000132841
0xfffff93233905118d37f2cb2117dc2aa5ccf861e,50931728,BUY,2481.80621220,0.0002116886
0x22e0adc1b4e680bb4483ae32ba3f45d2f9bad67c,50931731,BUY,2481.81520504,0.0000167889
0x1528af0c7c76dd1285b781f0ad3e21eda1a8ef7b,50931744,BUY,2481.80744798,0.0000289607
0x82e1ff9cc4a4b2e323177006fce9b93703930d18,50931744,SELL,2479.28101605,0.0000207641
0x82e1ff9cc4a4b2e323177006fce9b93703930d18,50931749,SELL,2479.29957574,0.0000215537
0x048ef1062cbb39b338ac2685da72adf104b4cef5,50931749,BUY,2481.80647999,0.0003993700
0x0a12e60c05c778941e108677231f872af5961eff,50931779,SELL,2479.32696970,0.0099000000
0x9126cfbbfddbc91484797ead1298201b3128e6c6,50931787,BUY,2481.81074658,0.0002442314
0x65a06e2670ecb6c47af1aeac96dda8f7d2972bb9,50931787,BUY,2481.80865853,0.0121537891
0xd8e7fca8d2027402140757fc9bfe8e2eed7589d9,50931790,BUY,2481.82595540,0.1208787423
0x1278c1e48e3c9548a5d9f2b16dc27ed311b0697c,50931792,BUY,2481.84328415,0.0005127306
0xee690b66ae7b57e2be694de1db3a37a5c211d69e,50931794,BUY,2481.84222279,0.0010377860
0xe44161ff13fc196e5d6d118fd7a4945a63f1f0ff,50931803,SELL,2479.36080000,0.0004166667
0xd127468833c2f90ab00404d062fa36e51b54af54,50931812,BUY,2481.95545698,0.8662305812
0x6f00ca3af87bd880b9f12328554a5145c5c61791,50931819,BUY,2482.07031901,0.0003686096
0xd30a5929e87e086d9169ca00e046f2bb52e6f9ff,50931827,SELL,2479.54332933,0.0007856669
0x1278c1e48e3c9548a5d9f2b16dc27ed311b0697c,50931831,BUY,2482.02678548,0.0004408470
0x54e2acab04c89a3fe02852bf8dd69ee8f526bc75,50931841,SELL,2479.53510857,0.0001209900
0x11037ee4254d2020419bff6e187528d4e61cfcdf,50931851,BUY,2482.02610263,0.0091113526
0xc9ac853e67081843af3d237f32456cf743aa2ead,50931864,SELL,2479.52598648,0.0015732055
0x564af80460f6d4eb1f243e7a4fcf5dfe1ec87faf,50931870,SELL,2479.51929293,0.0099000000
0x564af80460f6d4eb1f243e7a4fcf5dfe1ec87faf,50931871,SELL,2479.51767677,0.0019800000
0x6f30212a99f96150e7c958c943636b0c4f2d27da,50931885,BUY,2482.04279866,0.0501628961
0x999f938d97639e825dc963d375c69c78e5e03f38,50931894,BUY,2482.05760807,0.0484417310
0x54e2acab04c89a3fe02852bf8dd69ee8f526bc75,50931894,SELL,2479.57616758,0.0001209888
0x69bba16f52a9a648a2542e5a0db5545bf93c3eba,50931897,SELL,2479.57942334,0.0231220748
0x1278c1e48e3c9548a5d9f2b16dc27ed311b0697c,50931899,SELL,2479.57418194,0.0001209881
0x55555cfddd37d8d82e06e0de90da9366ca3e31e8,50931902,SELL,2479.56980434,0.0001315583
0x55555cfddd37d8d82e06e0de90da9366ca3e31e8,50931902,SELL,2479.57139889,0.0004424962
0x55555cfddd37d8d82e06e0de90da9366ca3e31e8,50931902,SELL,2479.57014531,0.0001976137
0x1278c1e48e3c9548a5d9f2b16dc27ed311b0697c,50931902,SELL,2479.57272727,0.0011000000
0x55555cfddd37d8d82e06e0de90da9366ca3e31e8,50931904,SELL,2479.57222737,0.0011561954
0x55555cfddd37d8d82e06e0de90da9366ca3e31e8,50931905,SELL,2479.53963849,0.0000175198
0x55555cfddd37d8d82e06e0de90da9366ca3e31e8,50931905,SELL,2479.56411187,0.0000816357
0x55555cfddd37d8d82e06e0de90da9366ca3e31e8,50931905,SELL,2479.54783611,0.0000199137
0x55555cfddd37d8d82e06e0de90da9366ca3e31e8,50931905,BUY,2484.87304471,0.0000002463
0x55555cfddd37d8d82e06e0de90da9366ca3e31e8,50931905,SELL,2479.52881572,0.0000218642
0x55555cfddd37d8d82e06e0de90da9366ca3e31e8,50931905,SELL,2479.57056443,0.0000199853
0x55555cfddd37d8d82e06e0de90da9366ca3e31e8,50931907,SELL,2479.57193504,0.0002308527
0x55555cfddd37d8d82e06e0de90da9366ca3e31e8,50931907,SELL,2479.57165864,0.0013688808
0x55555cfddd37d8d82e06e0de90da9366ca3e31e8,50931907,SELL,2479.56932164,0.0001731748
0x55555cfddd37d8d82e06e0de90da9366ca3e31e8,50931910,SELL,2479.54764688,0.0000151766
0x55555cfddd37d8d82e06e0de90da9366ca3e31e8,50931910,SELL,2479.57155451,0.0005816456
0x55555cfddd37d8d82e06e0de90da9366ca3e31e8,50931910,SELL,2479.55507565,0.0000277368
0x55555cfddd37d8d82e06e0de90da9366ca3e31e8,50931912,SELL,2479.56406024,0.0001193085
0x55555cfddd37d8d82e06e0de90da9366ca3e31e8,50931913,BUY,2482.06610577,0.0000534224
0x55555cfddd37d8d82e06e0de90da9366ca3e31e8,50931913,SELL,2479.56060477,0.0000483457
0x55555cfddd37d8d82e06e0de90da9366ca3e31e8,50931913,BUY,2482.07328504,0.0000340909
0x55555cfddd37d8d82e06e0de90da9366ca3e31e8,50931913,SELL,2479.54951161,0.0000121542
0x55555cfddd37d8d82e06e0de90da9366ca3e31e8,50931917,BUY,2482.07356200,0.0000292953
0x55555cfddd37d8d82e06e0de90da9366ca3e31e8,50931917,SELL,2479.55971233,0.0000235562
0x55555cfddd37d8d82e06e0de90da9366ca3e31e8,50931917,SELL,2479.56743937,0.0003078501
0x55555cfddd37d8d82e06e0de90da9366ca3e31e8,50931917,SELL,2479.56700498,0.0001551989
0x55555cfddd37d8d82e06e0de90da9366ca3e31e8,50931923,SELL,2479.56785275,0.0000759286
0x55555cfddd37d8d82e06e0de90da9366ca3e31e8,50931923,SELL,2479.56328064,0.0000419985
0x55555cfddd37d8d82e06e0de90da9366ca3e31e8,50931923,BUY,2484.59159044,0.0000002644
0x55555cfddd37d8d82e06e0de90da9366ca3e31e8,50931923,SELL,2479.56089051,0.0000636947
0x55555cfddd37d8d82e06e0de90da9366ca3e31e8,50931923,SELL,2479.56231466,0.0000937524
0x55555cfddd37d8d82e06e0de90da9366ca3e31e8,50931923,SELL,2479.56740746,0.0001578118
0x55555cfddd37d8d82e06e0de90da9366ca3e31e8,50931923,BUY,2483.88009487,0.0000003257
0x55555cfddd37d8d82e06e0de90da9366ca3e31e8,50931927,SELL,2479.56403414,0.0000363552
0x55555cfddd37d8d82e06e0de90da9366ca3e31e8,50931927,SELL,2479.55864396,0.0000617981
0x55555cfddd37d8d82e06e0de90da9366ca3e31e8,50931927,BUY,2487.25292046,0.0000001552
0x55555cfddd37d8d82e06e0de90da9366ca3e31e8,50931927,BUY,2482.05151481,0.0002093015
0x55555cfddd37d8d82e06e0de90da9366ca3e31e8,50931928,BUY,2482.05171608,0.0002487184
0x55555cfddd37d8d82e06e0de90da9366ca3e31e8,50931928,SELL,2479.56819354,0.0008709589
0x55555cfddd37d8d82e06e0de90da9366ca3e31e8,50931928,BUY,2482.05101273,0.0005467917
0x501ef174b66883ba40f92e6fb24bfb49331d4d4c,50931944,SELL,2479.56963253,0.0020164790
0xf3a5b9ab4004e1a59552623c99fde3b963ee6173,50931966,BUY,2482.05164463,0.0071183950
0x501ef174b66883ba40f92e6fb24bfb49331d4d4c,50931970,SELL,2479.55674992,0.0000806592
0xf65b81c75c2134da3ebef36ec94fd1da4c49ce70,50931971,SELL,2479.56496231,0.0296095880
0xf65b81c75c2134da3ebef36ec94fd1da4c49ce70,50931971,SELL,2479.56087376,0.0016837453
0x1278c1e48e3c9548a5d9f2b16dc27ed311b0697c,50931982,SELL,2479.56057104,0.0020164863
0x1278c1e48e3c9548a5d9f2b16dc27ed311b0697c,50932023,BUY,2481.95747684,0.0010698270
0x0dfa768499c331acbd6df31887eca6f5860fbd6f,50932027,BUY,2481.95812955,0.0004687903
0x9972f4c1e53b5eeb9e2630a7dddb5d5bfbcac451,50932027,BUY,2481.95885969,0.0003574548
0x1278c1e48e3c9548a5d9f2b16dc27ed311b0697c,50932036,SELL,2479.47628316,0.0011454032
0x33b0abd6bf20ceed4553cf41faa4be29c6415f34,50932040,SELL,2479.46687310,0.0708189599
0x04be6c369d5b08a654fce6280c150fdc2d5fc0a9,50932045,BUY,2481.96182582,0.0000308583
0x04be6c369d5b08a654fce6280c150fdc2d5fc0a9,50932045,SELL,2471.08287787,0.0000001040
0x5bcff1fb37c66bf553e662f7e4e21cebfb3ec1cb,50932049,BUY,2481.94745774,0.0648871238
0x74118e4faf7ed9ae1608ab16d161b8f655b50405,50932082,SELL,2479.45052683,0.0004031494
0x436d9faf39f8e7ef10b8adb540fd627f1383891f,50932108,BUY,2481.93259935,0.0023488567
0x436d9faf39f8e7ef10b8adb540fd627f1383891f,50932108,BUY,2481.93382821,0.0009961180
0x2915637a5f4b83b4097fc0b2eae2fe3c1c761465,50932110,BUY,2481.93382063,0.0023369205
0x6ee62fb521531b587e79262d759dec8ce4fef341,50932116,BUY,2481.94056901,0.0120873160
0x6ee62fb521531b587e79262d759dec8ce4fef341,50932119,BUY,2481.94267769,0.0040291019
0xe9a6f974051eb6e67080394568883891cb87c16f,50932131,BUY,2481.94352467,0.0015413872
0xa971283289448b30188cec3f0e60ad92322e4970,50932140,BUY,2482.23903163,0.1781277042
0xc2717dc0bdf61633331f97430caa30519fd0b665,50932162,BUY,2491.06581297,0.0000001000
0x8c0f73c5d0753b545ba3b484a3090e661e34b1e2,50932168,BUY,2482.32663704,0.1830069066
0x4e983863664336c241f06c0a681557f8e4075958,50932170,BUY,2482.35348412,0.0221563933
0x12c51473ecec31920552b2cefc96f7c3ccf1dacd,50932204,BUY,2482.45172076,0.0425133795
0x12c51473ecec31920552b2cefc96f7c3ccf1dacd,50932206,BUY,2482.47397750,0.1275389953
0xd9e13d843cb632223ca420274cb44ba6ba4b6fd1,50932213,BUY,2482.49506144,0.0253861250
0xd83e60d273fd0cb3b05c2611db940fecb7b6ca64,50932224,BUY,2482.51061268,0.0000271242
0x05854d0c70d2f696fb3d9c0863100956b795e2ff,50932233,BUY,2482.49887968,0.0034842421
0x03e7a8b74e50520220dd8d9f7db95590814ac549,50932261,BUY,2482.62135624,0.0136990685
0x04be6c369d5b08a654fce6280c150fdc2d5fc0a9,50932265,SELL,2480.13597789,0.0393823753
0x26fa84d4278e25247b5d37b41afa927252372bd1,50932266,BUY,2482.61311513,0.0009972122
0x7c783c1a96aeb20952331fcf66a5cc33c9b4b186,50932267,BUY,2482.61563564,0.0192284856
0x37cd2fe5816bb366194eaa66b137aa459c28b5cf,50932269,BUY,2482.62339734,0.0402799716
0xfdce93ff3df9b07150162b94c9749f75b4ebf6b8,50932274,BUY,2482.62933926,0.0050204337
0xe44161ff13fc196e5d6d118fd7a4945a63f1f0ff,50932288,SELL,2480.19600000,0.0004166667
0xa971283289448b30188cec3f0e60ad92322e4970,50932299,BUY,2482.74034672,0.4603288143
0xe44161ff13fc196e5d6d118fd7a4945a63f1f0ff,50932299,SELL,2480.31600000,0.0004166667
0x501ef174b66883ba40f92e6fb24bfb49331d4d4c,50932300,BUY,2482.81640277,0.1214581661
0x8cc5fe07c18bddf12a7b0639a8e912e1e34e7523,50932300,BUY,2482.83883076,0.0499178595
0x82c7242f6a2078c83102104fa70f02a89895101c,50932300,BUY,2482.86941037,0.1836672815
0xa6361d9bf40dbaa3ee11326cb56a524dba930521,50932300,BUY,2482.93456124,0.3139873326
0x6b02858bad7fe44c67595f09645cd31d4fa3a481,50932301,BUY,2482.99674907,0.1610151121
0x88776fbd991c76aae24e12da906e47fc8be7aab2,50932327,BUY,2483.01846198,0.0010708527
0x501ef174b66883ba40f92e6fb24bfb49331d4d4c,50932335,BUY,2483.01924624,0.0085991383
0x0f60b3d7a680df58ada3711375577f6e8d5fd14f,50932335,BUY,2483.02073840,0.0000281830
0x30f5f2c24b4036f09259a56ae487e7973790a7bc,50932338,BUY,2483.36095010,0.0000012656
0x71d1be9180c6ed1dc402aa19f7fced5c6f0176f3,50932339,SELL,2480.53877614,0.0078478289
0xd08327b02ec16cfc22b9d57acf53f3a472f3e42a,50932342,SELL,2480.51270055,0.1916683716
0x9b6d34b3bb579f8fed1ae29e536c05fc2fe8f3d5,50932343,BUY,2482.97727904,0.0556048753
0x14560392c6f22199bc62c626b7041371da8b7942,50932343,BUY,2482.98580850,0.0093788430
0x51c0e459dc5c074a870a7804d989267f2486dcfd,50932343,SELL,2480.50418537,0.0035181456
0x0000208d547a446ba9059cbb2cfcfbaead7d3fa3,50932346,BUY,2482.99399616,0.0602924744
0xb130a459e0c132265f370bf62916930a33e1e396,50932346,BUY,2483.00451311,0.0199609549
0xb130a459e0c132265f370bf62916930a33e1e396,50932346,BUY,2483.01043637,0.0253576941
0xf04a2505afb967a1b4f43304e17994e94bdc13a1,50932347,BUY,2483.15651318,1.0903943113
0xf04a2505afb967a1b4f43304e17994e94bdc13a1,50932348,BUY,2483.36779651,0.5231458557
0xc27a2b4bd5b374c3cb3c711e17901628824f8258,50932349,BUY,2483.43702072,0.0032044706
0x824abda7e8bfcf47c543761c50bc7bf6756deda9,50932365,BUY,2483.53291233,0.0044878693
0x931ab551bb83390e4fdc46ae0e2c074debd3bc3d,50932370,BUY,2483.53408492,0.0046554602
0x931ab551bb83390e4fdc46ae0e2c074debd3bc3d,50932370,BUY,2483.53617015,0.0005968635
0x54e2acab04c89a3fe02852bf8dd69ee8f526bc75,50932377,BUY,2483.54371017,0.0000255872
0x8b06ca62192dd2bff936e57e87073378deb9ccb2,50932378,SELL,2481.04418847,0.0000938911
0xf04a2505afb967a1b4f43304e17994e94bdc13a1,50932378,BUY,2483.57820749,0.3311808312
0x79f15a4c23ab7e71839a5c511637519ab5f11b8b,50932386,BUY,2483.75455987,1.0136917442
0x4d82280c3f554a147e61f41cc461047024233547,50932390,BUY,2483.90356667,0.1200000000
0xd83e60d273fd0cb3b05c2611db940fecb7b6ca64,50932391,BUY,2483.92042967,0.0002630684
0x9cbcda12971d2cc0df997c437cf4aa08a3f8a8c0,50932401,BUY,2483.92117642,0.0005733080
0xf951c66ba1ece55cc485ab62528b9523cb112259,50932403,SELL,2481.43565158,0.0045843208
0x37cd2fe5816bb366194eaa66b137aa459c28b5cf,50932436,SELL,2481.42975092,0.0402928912
0x614d073f68e0f834dcac28f295d401b764a8bcaa,50932439,BUY,2483.98648649,0.5987351413
0xd83e60d273fd0cb3b05c2611db940fecb7b6ca64,50932443,BUY,2484.06591719,0.0002945220
0xa6b70dc9d6ed912f5a1d0359480d393badf2ec15,50932443,BUY,2484.06579355,0.0006358427
0x4ce63e379aea0756cb05c31cbc5ef48d1dc88331,50932443,BUY,2484.06629515,0.0001504614
0x8cc1665ee965345e79b132adb124782bad8c78e0,50932449,BUY,2484.08140344,0.1208372896
0xecca0eab42bcdc7823a10d4562c4d918a404948b,50932458,BUY,2484.10158161,0.0001396102
0x6b02858bad7fe44c67595f09645cd31d4fa3a481,50932481,BUY,2484.11848663,0.1609424036
0x82c7242f6a2078c83102104fa70f02a89895101c,50932481,BUY,2484.14931693,0.0734290603
0x7d916d905e55afd7912a76c1782e992e05156dd4,50932481,BUY,2484.16933603,0.0788601635
0x434b004c25968bf105db6439a8042402138eb473,50932481,BUY,2484.21145506,0.2414045708
0xcf534bd9cc92c790c678fb6c33d24dd73ba5e605,50932481,BUY,2484.25114887,0.0603501784
0x8fcaa6632bef0c220471e1dbf71243888b1c564f,50932481,BUY,2484.36490611,0.8046322000
0xa09458bba926ae08662353b17fbb36f6dbf8b963,50932481,BUY,2484.48449730,0.1045971510
0xf6520607dfbfe078710fc19d93782132ccd18c80,50932482,BUY,2484.70484262,1.5704271723
0x923609e48e0c88606cc2d774f0f916e52371c1f8,50932482,BUY,2484.93240355,0.1592807915
0xa6361d9bf40dbaa3ee11326cb56a524dba930521,50932482,BUY,2484.99463934,0.3137270349
0x292c08946571c600032912a7268ce5387139ec70,50932482,BUY,2485.13964691,0.7882937293
0x783d0b8c2d5f5b13414370ae64e20a5568f87cb7,50932482,BUY,2485.32805878,0.6434563012
0x84cce49dce6961f98fabb994e1a90a449a6bd817,50932482,BUY,2485.42264838,0.0752010931
0xf3cfecc7a7e986e271932ef24406de4aee02442c,50932482,BUY,2485.43535254,0.0213135699
0x8cc5fe07c18bddf12a7b0639a8e912e1e34e7523,50932482,BUY,2485.44470884,0.0498655229
0xbd5a76237c894482a0feaaa7268f6d3df31e12fd,50932483,SELL,2482.96383838,0.0198000000
0xb30549b3cf21f944456bf21ba8d08c560f75c73c,50932491,SELL,2482.92764182,0.0000121739
0x9d21078cd7c9ffa5443ba27d36498f43a67955a5,50932500,BUY,2485.44686772,0.0054070554
0x105b4fbb1ac9a62bd6df3bf7aca0f1d993e464d7,50932500,BUY,2485.44930296,0.0004531993
0x14adbc7ea094914aa9d9de96b7832915ffefe5f3,50932500,SELL,2482.93869674,0.1833422277
0x0f014545de76a29892b9319e5a4123b28299f33b,50932500,SELL,2482.89514964,0.1482182560
0x501ef174b66883ba40f92e6fb24bfb49331d4d4c,50932502,SELL,2482.87017684,0.0001208235
0x31081eebc1381b40e4750db5d32510e4f6758b75,50932505,BUY,2485.38450863,0.0000015788
0x0cba32c91172c24fa0061e0445f6ff7fa8954df2,50932506,BUY,2485.36085055,0.0025081014
0x02aebaa90a653813fb16437732f66965f7dd9a01,50932506,SELL,2482.86983838,0.0495000000
0x8fcaa6632bef0c220471e1dbf71243888b1c564f,50932507,BUY,2485.45385609,0.8042796671
0xa6361d9bf40dbaa3ee11326cb56a524dba930521,50932512,BUY,2485.56996618,0.0784136044
0x783d0b8c2d5f5b13414370ae64e20a5568f87cb7,50932512,BUY,2485.66490026,0.6433691041
0xa09458bba926ae08662353b17fbb36f6dbf8b963,50932513,BUY,2485.75813762,0.0653397237
0x7d916d905e55afd7912a76c1782e992e05156dd4,50932513,BUY,2485.77709104,0.0788091582
0x292c08946571c600032912a7268ce5387139ec70,50932517,BUY,2485.91091736,0.7880491559
0xf6520607dfbfe078710fc19d93782132ccd18c80,50932517,BUY,2486.09204018,0.5885815876
0x92985e9b2b49cf23a58b04756eb06fcfdebb0998,50932518,BUY,2486.17193255,0.0184626571
0x92985e9b2b49cf23a58b04756eb06fcfdebb0998,50932518,BUY,2486.17762089,0.0246234173
0xf3cfecc7a7e986e271932ef24406de4aee02442c,50932518,BUY,2486.18363958,0.0213071549
0x33a6e39012776b1e9a6335aebb14dd782d635780,50932519,BUY,2486.18689392,0.0005838459
0x3d763fa9b52bce0d1cb854d4e811d7b1a7cc5ae6,50932523,BUY,2486.18993366,0.0000513464
0xa28669d95a6339da0b0216ae1683ef6f9edc2720,50932527,SELL,2483.70094870,0.0006464740
0x6b02858bad7fe44c67595f09645cd31d4fa3a481,50932530,BUY,2486.20760459,0.1608071664
0x783d0b8c2d5f5b13414370ae64e20a5568f87cb7,50932530,BUY,2486.31349898,0.6432012699
0x8fcaa6632bef0c220471e1dbf71243888b1c564f,50932530,BUY,2486.50413575,0.8039399457
0x33a6e39012776b1e9a6335aebb14dd782d635780,50932531,BUY,2486.61136374,0.0007922766
0xc2717dc0bdf61633331f97430caa30519fd0b665,50932531,SELL,2484.05728097,0.5092343464
0xc0ffee077edd3997c2a65ef68c71a5bc6400051a,50932531,BUY,2486.49112487,0.1136798536
0x8cc5fe07c18bddf12a7b0639a8e912e1e34e7523,50932535,BUY,2486.51266734,0.0498441056
0xe3977c6fde3b85fe72e247efcd657f9cadf913c4,50932536,BUY,2486.52224952,0.0228293280
0x7d916d905e55afd7912a76c1782e992e05156dd4,50932541,BUY,2486.53562842,0.0787851168
0xf3cfecc7a7e986e271932ef24406de4aee02442c,50932541,BUY,2486.54779203,0.0133652669
0x54e2acab04c89a3fe02852bf8dd69ee8f526bc75,50932544,SELL,2484.06283789,0.0008051403
0x81533081730c558ba5619151168fa2619d4d966c,50932552,BUY,2486.55320482,0.0295312137
0x8cc1665ee965345e79b132adb124782bad8c78e0,50932555,SELL,2484.06043432,0.0813845103
0x6b02858bad7fe44c67595f09645cd31d4fa3a481,50932558,BUY,2486.55682667,0.1607845820
0x20b8f72383d6b0a3e31ebe2bc8569b08a9433e60,50932558,SELL,2484.07251178,0.1485000000
0x1c17719716a37b8fa9db887b81335798bfdd4d4b,50932559,SELL,2484.04699514,0.0454355591
0x54e2acab04c89a3fe02852bf8dd69ee8f526bc75,50932561,SELL,2484.03800507,0.0001207695
0x6931064018344fa69f83256d767e803b7d7c199f,50932562,SELL,2484.04089543,0.0007788672
0x6f6bedb07592a4c4205d6f3e0ee99e93eaaf88f2,50932563,BUY,2486.54858869,0.1661260403
0x783d0b8c2d5f5b13414370ae64e20a5568f87cb7,50932563,BUY,2486.65520071,0.6431128849
0xb45a45690d820751bc025f4b6cb421c4621f8041,50932563,SELL,2484.24977162,0.0307393785
0xfb8a41c31d38b7b96efad817b9d5f89477ab15fd,50932565,BUY,2486.73952167,0.0583156996
0x8fcaa6632bef0c220471e1dbf71243888b1c564f,50932566,BUY,2486.77368412,0.2009632011
0xf3cfecc7a7e986e271932ef24406de4aee02442c,50932566,BUY,2486.80092878,0.0053455626
0xf65b81c75c2134da3ebef36ec94fd1da4c49ce70,50932566,BUY,2486.84516458,0.3308212730
0x7d916d905e55afd7912a76c1782e992e05156dd4,50932567,BUY,2486.89913559,0.0787736009
0xd9dbdd82361b24729498711e732cf74e83923eb5,50932572,BUY,2487.05362889,1.0935830050
0xf04a2505afb967a1b4f43304e17994e94bdc13a1,50932576,BUY,2487.33378446,1.0322614874
0xd14602c85a25a4e520441c47a97a2c9da63ae1be,50932576,BUY,2487.51415294,0.3361030336
0xd14602c85a25a4e520441c47a97a2c9da63ae1be,50932576,BUY,2487.59797674,0.2997731957
0x53eda859d867a1a4c6ea60336a23933a8513eab9,50932578,SELL,2485.15005150,0.0032439470
0x53eda859d867a1a4c6ea60336a23933a8513eab9,50932578,SELL,2485.14938596,0.0018120947
0x285e093e334a4ad3d1f37c5e8f8b5761ed0cf1f7,50932579,BUY,2487.64745323,0.0855887287
0x5ffc8c0d0aad9863ad6d51039a907cb9be778750,50932581,SELL,2485.16832644,0.0001006153
0x7d916d905e55afd7912a76c1782e992e05156dd4,50932586,BUY,2487.66520304,0.0492183393
0xdeef60f9c9dc04ccf03ef1b917060d2900bc6a46,50932588,SELL,2485.18425304,0.0028574352
0x740fd1831113cca8758ffaa1a651fdeafd2b232b,50932588,SELL,2485.18354279,0.0025381574
0xa971283289448b30188cec3f0e60ad92322e4970,50932592,BUY,2487.78768418,0.8906812141
0xf04a2505afb967a1b4f43304e17994e94bdc13a1,50932593,BUY,2488.08627765,0.4622041451
0x54e2acab04c89a3fe02852bf8dd69ee8f526bc75,50932598,SELL,2485.67281585,0.0000804611
0xa971283289448b30188cec3f0e60ad92322e4970,50932600,BUY,2488.35620884,1.4851474318
0xa3e26d513cbd41c37b26ed3da5b034a3e1dbdf20,50932600,BUY,2488.67918878,0.9632086489
0xa971283289448b30188cec3f0e60ad92322e4970,50932600,BUY,2488.83126269,0.1881324889
0x1c54dfb102aa6f1db6404c4a225634d0fe2fe8a5,50932600,BUY,2488.86906203,0.0979441802
0xf3a5b9ab4004e1a59552623c99fde3b963ee6173,50932612,BUY,2488.88973192,0.0001253832
0x5115114525475047bae8c42aec29bfe2a227db22,50932612,BUY,2488.89095702,0.0001101045
0x824abda7e8bfcf47c543761c50bc7bf6756deda9,50932625,BUY,2488.88245333,0.0003357989
0xc01cece6d67e85ffda8f12f08a1b2503698ef105,50932625,SELL,2486.33868064,0.4184226506
0x88776fbd991c76aae24e12da906e47fc8be7aab2,50932627,BUY,2488.77211649,0.0010668932
0x0dfa768499c331acbd6df31887eca6f5860fbd6f,50932627,BUY,2488.77248520,0.0004675068
0x9972f4c1e53b5eeb9e2630a7dddb5d5bfbcac451,50932627,BUY,2488.77387380,0.0003554859
0x4003a42a8d1c0cd24a3e4f742c1fc78105b0139a,50932636,SELL,2486.22429329,0.4524352714
0x3ecf9447a053a4c639497b8853274c8bf06ef8de,50932643,SELL,2486.16414141,0.0019800000
0x74bb789f60c62f3be44382f10fab8b7bff1dec22,50932644,BUY,2488.70420064,0.3941661290
0x69ec3d00e51f38ed91429c9101fef4e711b5d9a7,50932648,SELL,2486.22613264,0.3181597710
0x74bb789f60c62f3be44382f10fab8b7bff1dec22,50932648,BUY,2488.71911612,0.3549624565
0x73b24c4328ff37a923b0e33b5dabc1fe457d0f41,50932648,SELL,2486.23361369,0.3354142135
0x8208ee8ef90c26ca2449bc726798347ecaa40585,50932649,SELL,2486.13014217,0.4497875839
0x69ec3d00e51f38ed91429c9101fef4e711b5d9a7,50932649,SELL,2486.02623795,0.3391120593
0x34d040f61aa7205bb6c47419fa7c23408ecf7cda,50932651,SELL,2485.89190174,0.4523905831
0x054ee07bad0db4c3455d7b055fcaae4109a14220,50932651,SELL,2485.77665740,0.4227310937
0x8fef17b3649cb1229c8605f385dd2e38ed4fc589,50932652,SELL,2485.67716700,0.3328237544
0x15d7d5e722904e1712e43635166971bb582420cf,50932654,SELL,2485.62369206,0.0732088106
0x010b50e397bc25e207a0d1b67199fcf677221403,50932656,SELL,2485.52050182,0.0000079360
0xd8ae31b058be9410290287bf5dccd4a1dd215e20,50932657,SELL,2485.51481981,0.0000106887
0x04247605e28b48251ddafa69a4376a55e4bcbefb,50932660,BUY,2488.05384866,0.0002358751
0x8cc5fe07c18bddf12a7b0639a8e912e1e34e7523,50932662,BUY,2488.05805179,0.0498131464
0xdb88cb1b11d1656a8407cd5e3e6d381d9008e7a1,50932664,SELL,2485.52714129,0.3800227929
0xdb88cb1b11d1656a8407cd5e3e6d381d9008e7a1,50932664,SELL,2485.46457753,0.0951004943
0xdb88cb1b11d1656a8407cd5e3e6d381d9008e7a1,50932664,SELL,2485.44578510,0.0475497791
0xd83e60d273fd0cb3b05c2611db940fecb7b6ca64,50932665,BUY,2487.93470415,0.0000950628
0x428996ae1cd1d7649d0b8dfe24e823f063b4f368,50932667,SELL,2485.41746251,0.1678905131
0x884f42bacde1ef7091c040fc4f859c3bda412a1e,50932668,BUY,2487.88317128,0.0018525307
0x3675abef47fd08915031a1f924cb7f253df51278,50932668,BUY,2487.88611866,0.0224664837
0x178451b72b769839bdedfa3d0393acf49fb2f0bc,50932668,BUY,2487.89168176,0.0002358495
0x3cf5b06d8c33884f82ff3153718ba86c4563613f,50932675,BUY,2487.89252299,0.0000216456
0x82f639c08fbc3ef62c7f8be3e8b801f0a047c674,50932676,SELL,2485.03326429,2.8000000000
0x4fd6e019fae8272e763b87efedc12abcf9835f67,50932678,BUY,2487.15628441,0.0379224657
0x428996ae1cd1d7649d0b8dfe24e823f063b4f368,50932681,SELL,2484.65593046,0.1428176898
0x3c6391a1b3a1b852123549f50c88af3104f5da84,50932684,BUY,2487.13911350,0.0000476560
0x67cc5cc94c31281390eb818b710be1659b93dc6e,50932684,BUY,2537.66926446,0.0000000193
0x43a831fdffe4aaaab403ec1134c297015e5e69cf,50932685,SELL,2484.62738047,0.0742500000
0x000000c557fa9a96d66cd6371abde62d879d0e61,50932694,BUY,2487.09643507,0.0499547654
0x1278c1e48e3c9548a5d9f2b16dc27ed311b0697c,50932700,SELL,2484.62180607,0.0000603714
0x38c5b44829beacf7eaa608f7f7bc833603394aae,50932701,BUY,2487.17026366,0.4702705436
0xb7782f063e9c37f2985fb120e862e154c6d4cf4e,50932702,BUY,2487.33587965,0.7862927383
0x1fd2c33c59aeb4951d434d25e19c2e29aff4a63d,50932702,BUY,2487.65153654,1.6083060803
0xf04a2505afb967a1b4f43304e17994e94bdc13a1,50932702,BUY,2487.92445346,0.4617353266
0x6ee62fb521531b587e79262d759dec8ce4fef341,50932704,BUY,2488.05943804,0.0200959829
0x56c262027e0de4aea31d2489529cb25d23e58a8b,50932705,BUY,2488.10164649,0.2999827262
0x6ee62fb521531b587e79262d759dec8ce4fef341,50932707,BUY,2488.14279400,0.0120571858
0xc27a2b4bd5b374c3cb3c711e17901628824f8258,50932709,BUY,2488.14563936,0.0003204085
0x6ee62fb521531b587e79262d759dec8ce4fef341,50932710,BUY,2488.14499849,0.0040190584
0x6ee62fb521531b587e79262d759dec8ce4fef341,50932712,BUY,2488.14605849,0.0040190567
0x8778904661ef9cd987f9b2321a85d0f49352720d,50932713,BUY,2488.14700249,0.0032176411
0x6ee62fb521531b587e79262d759dec8ce4fef341,50932715,BUY,2488.14795120,0.0040190536
0x9d21078cd7c9ffa5443ba27d36498f43a67955a5,50932720,BUY,2488.14932534,0.0014734188
0x23a6bd021871a4d519198b5dabb5afd353c6df18,50932731,BUY,2488.14902881,0.0012057156
0x501ef174b66883ba40f92e6fb24bfb49331d4d4c,50932735,SELL,2485.66165272,0.0000603461
0x048ef1062cbb39b338ac2685da72adf104b4cef5,50932736,BUY,2488.16469006,0.0000127025
0x29ffb0d7339cf7671f2e2fa58d2a446c270db949,50932737,BUY,2488.15116591,0.0000481518
0x048ef1062cbb39b338ac2685da72adf104b4cef5,50932742,BUY,2488.14969935,0.0019504490
0xdeda0aa0cd222ce330eaf88de0fec0ce4c832828,50932744,BUY,2488.15993918,0.0775847336
0x43a831fdffe4aaaab403ec1134c297015e5e69cf,50932744,BUY,2488.18040711,0.0775789631
0xa971283289448b30188cec3f0e60ad92322e4970,50932747,BUY,2488.30414118,0.8606776232
0xd14602c85a25a4e520441c47a97a2c9da63ae1be,50932747,BUY,2488.43800263,0.1542210007
0xa971283289448b30188cec3f0e60ad92322e4970,50932747,BUY,2488.48134391,0.1743778281
0x57a0d06d83bba6c29dc138a17ccc2a7317d1220d,50932749,BUY,2488.94217835,0.0123461084
0xe44161ff13fc196e5d6d118fd7a4945a63f1f0ff,50932751,SELL,2486.45520000,0.0004166667
0x653dcf7edc6adb1e744e25d13d931dd6da8885dd,50932754,BUY,2488.96057333,0.1280109108
0xeefe57ae1838a6aef38c08ad487e8dea3d28d626,50932754,BUY,2489.07094226,0.7071759423
0x501ef174b66883ba40f92e6fb24bfb49331d4d4c,50932756,SELL,2486.74540785,0.0000482615
0xe44161ff13fc196e5d6d118fd7a4945a63f1f0ff,50932760,SELL,2486.74560000,0.0004166667
0xed5fb4155ad6f160b7ebebaee956740bc4e89e2b,50932765,BUY,2489.23640305,0.0011671599
0x2998f6fea60b2b225d54a85e2d8ffa96d29e62a0,50932771,SELL,2486.74323361,0.0333509917
0x2998f6fea60b2b225d54a85e2d8ffa96d29e62a0,50932771,BUY,2489.23567202,0.0000997756
0xab770ddce9a1d7773a5cafa8d6fba75aaf5789be,50932777,SELL,2486.60531607,1.0121114448
0x37cd2fe5816bb366194eaa66b137aa459c28b5cf,50932778,BUY,2488.96540553,0.0401773362
0xb2c39273c50fd58e3b01136d40479ac13ed040e4,50932778,SELL,2486.35572146,0.9598137090
0xd515f81b40c0e63d99d50099d9b4610a3606a818,50932780,BUY,2488.76242441,0.0000116315
0x1278c1e48e3c9548a5d9f2b16dc27ed311b0697c,50932789,SELL,2486.22905970,0.0002011078
0xdc9704b29a345777bf4203803435295db56eacad,50932803,SELL,2486.22825370,0.0055159026
0x048ef1062cbb39b338ac2685da72adf104b4cef5,50932806,SELL,2486.22756178,0.0001206647
0x05854d0c70d2f696fb3d9c0863100956b795e2ff,50932808,BUY,2488.73492259,0.1459335065
0x79f15a4c23ab7e71839a5c511637519ab5f11b8b,50932810,BUY,2488.75546725,0.0000642245
0x9f873e79ecbdd54dd58870745db5b9e6fea05d86,50932817,SELL,2486.26585843,0.0017526183
0xc9ac853e67081843af3d237f32456cf743aa2ead,50932817,SELL,2486.26541295,0.0016238323
0xc9ac853e67081843af3d237f32456cf743aa2ead,50932817,SELL,2486.26500402,0.0014756351
0x1278c1e48e3c9548a5d9f2b16dc27ed311b0697c,50932818,SELL,2486.25526761,0.0000925082
0x5bee1108cda44d239ad2f3196c035edb5c1aadee,50932824,SELL,2486.26340000,0.0100000000
0x6f00ca3af87bd880b9f12328554a5145c5c61791,50932825,SELL,2486.25994782,0.0166622714
0x8cc5fe07c18bddf12a7b0639a8e912e1e34e7523,50932826,BUY,2488.75245336,0.0497992477
0x501ef174b66883ba40f92e6fb24bfb49331d4d4c,50932831,SELL,2486.27088082,0.0001206626
0x8d16f8851022e721f192262b2864be81e7830ab4,50932832,SELL,2486.26949495,0.0099000000
0x1f8a481e42810c7a96224b4034ae5497d68fc109,50932857,SELL,2486.26790266,0.0024527908
0x13b63a4b9039886673f1e2f918dd8e1d31749099,50932868,SELL,2486.26228363,0.0400198976
0x501ef174b66883ba40f92e6fb24bfb49331d4d4c,50932874,SELL,2486.25701425,0.0000965306
0x2976c9cf53b1ebf6f05b48fa3cd172e3fac6e3ac,50932878,BUY,2488.83181979,0.6565810622
0x79f15a4c23ab7e71839a5c511637519ab5f11b8b,50932878,BUY,2488.91977059,0.0000481655
0x6ee62fb521531b587e79262d759dec8ce4fef341,50932881,BUY,2488.92118337,0.0200890250
0x3729e20e2ef9bda86daecf814d5e022c6786150f,50932881,BUY,2488.94743246,0.1786506622
0x3ff44cb290f72440e44b345a0d2dc89cdbc9c38f,50932881,BUY,2488.98774104,0.1266142596
0xd9bf41e69322dc9539b2a5b9e39be535b195c2db,50932885,BUY,2489.04027128,0.2711888625
0xc36ed8a273bec828fdd8f4697d75a279431d57ad,50932887,SELL,2486.56125500,0.2000000000
0xeee2ed5d5699a78cef90e7245bb92468ccd8702c,50932890,BUY,2489.07587629,0.3982024250
0x50f5ea2395c7086d2e0504c0860365495fac8ad0,50932890,BUY,2489.17979131,0.3886406202
0x0f014545de76a29892b9319e5a4123b28299f33b,50932894,SELL,2486.72116387,0.1618288777
0x8fc3f785163acbb1efe5452355a8628626088e78,50932900,BUY,2489.18897033,0.0021062037
0x924e6508bb63128085d658e5851cb86e99a80c91,50932908,SELL,2486.67745476,0.1738567124
0x12c51473ecec31920552b2cefc96f7c3ccf1dacd,50932911,SELL,2486.60098021,0.4060698363
0x12c51473ecec31920552b2cefc96f7c3ccf1dacd,50932912,SELL,2486.49831229,0.3725481041
0x12c51473ecec31920552b2cefc96f7c3ccf1dacd,50932914,SELL,2486.43378761,0.1167860879
0xd39e7e1a967e8a74952a535268015cc81590854c,50932915,SELL,2486.38403930,0.2605288217
0xf2d1aff8a41cdef7e06c8443866124184c3ef527,50932915,SELL,2486.31343594,0.2749942224
0x9c4116b9a87b8cc85d3ade79fbcdd475a75101e9,50932916,SELL,2486.21812750,0.4479646708
0xf2d1aff8a41cdef7e06c8443866124184c3ef527,50932916,SELL,2486.15359162,0.0417727040
0x12c51473ecec31920552b2cefc96f7c3ccf1dacd,50932918,SELL,2486.12463226,0.1781737735
0x12c51473ecec31920552b2cefc96f7c3ccf1dacd,50932919,SELL,2486.08407221,0.1297648453
0x12c51473ecec31920552b2cefc96f7c3ccf1dacd,50932920,SELL,2486.03700931,0.2276127390
0x12c51473ecec31920552b2cefc96f7c3ccf1dacd,50932922,SELL,2486.00270611,0.0328029056
0x12c51473ecec31920552b2cefc96f7c3ccf1dacd,50932924,SELL,2485.99762120,0.0016078825
0x88776fbd991c76aae24e12da906e47fc8be7aab2,50932927,BUY,2488.48617994,0.0010655337
0x0841a1262b83cc1db81799bf08f5ab61d636d2c8,50932929,BUY,2488.48683875,0.0023661210
0x39a78508f7904733ad92dad58415a8ee1885b617,50932929,BUY,2488.48898927,0.0167316830
0xb143f6ca55358fac056eca7ac1a228a1f018b048,50932933,SELL,2485.99001057,0.1007459374
0xcbe8f8ac2bfe59cedae6cf02284edc0f847cf12c,50932936,BUY,2488.46529299,0.0031401692
0x501ef174b66883ba40f92e6fb24bfb49331d4d4c,50932938,SELL,2485.97673826,0.0000884964
0xc45a6ceea7c143dc2961aad7c593e6f7264ecf7c,50932938,SELL,2485.97616162,0.0099000000
0x5b1f1d6890754134f84f152f412cd6c3f8b81a91,50932938,SELL,2485.97363636,0.0099000000
0x501ef174b66883ba40f92e6fb24bfb49331d4d4c,50932951,SELL,2485.97232737,0.0000884966
0x83681c14770b44361e21faf91d8325423365ea5c,50932959,SELL,2485.96224453,0.0000843026
0x2dda77d83f22eb7ddea5a736d8df990cdc90b346,50932959,SELL,2485.96226541,0.0761473674
0xef896ef08ff145bc4b457174edece658ea902df7,50932964,BUY,2488.46621716,0.1983394284
0x12c51473ecec31920552b2cefc96f7c3ccf1dacd,50932964,BUY,2488.51603702,0.1793688292
0xf04a2505afb967a1b4f43304e17994e94bdc13a1,50932966,BUY,2488.57518086,0.2690687001
0x100bce1a32c0a9a17218d205ba8088167e0ea97b,50932967,BUY,2488.70955100,0.7493450227
0xd15ca75ff73aa5173c28bd82fff302204cf6c6d9,50932968,SELL,2486.30380929,0.0000505948
0x2ff77cd44ccd4eb7d0b51800cddc8512085ec6dc,50932968,BUY,2488.80985499,0.0099036433
0x600c66953f92b22f653a1b538001032f9d8a63c8,50932975,BUY,2488.81565289,0.0347092039
0xcb17330472cd13443d85561362b89eec11556859,50932975,BUY,2488.82818937,0.0039330662
0xcb17330472cd13443d85561362b89eec11556859,50932975,BUY,2488.83003189,0.0110370675
0x6521c3e28260d14e81ec2e2a380faf35beffe0f6,50932976,BUY,2488.83463263,0.0238017618
0x52f9609e3a6e1897db00fc6e9adccb9ed00d1cb5,50932976,BUY,2488.86327553,0.1933193140
0xd59a679e7f509062556288c6cd2be55afb7305a9,50932976,BUY,2488.92706450,0.2897649121
0xf2d1aff8a41cdef7e06c8443866124184c3ef527,50932976,BUY,2488.97925321,0.1054471891
0x54e2acab04c89a3fe02852bf8dd69ee8f526bc75,50932981,SELL,2486.50478945,0.0001286947
0x462675de2b553ae67a8fc18ec0d421d0e9bf564f,50932991,BUY,2488.99392011,0.0058272203
0xfc0eb530d7c701c7ec2f33abd04ca6313625738f,50932992,BUY,2489.11501929,0.9112092006
0x9e10496618700907928e4a7507cad90f5588ccb8,50932992,BUY,2489.28100354,0.3455626037
0xd3a322d12b83df724163131fd5c1d35a9a9b029e,50932993,BUY,2489.37574874,0.3717659459
0x476f05ab3eeb2c3abf2ff1af09afa7b81615cd6f,50932993,BUY,2489.45341388,0.2162094659
0x03d9964f4d93a24b58c0fc3a8df3474b59ba8557,50933002,BUY,2489.69875106,0.0000013684
0x501ef174b66883ba40f92e6fb24bfb49331d4d4c,50933002,SELL,2486.99143578,0.0126928982
0x126dbd576d4dfec53261c12ee438bce8156ff239,50933008,SELL,2486.98942161,0.0007631597
0xc7c94031f8fca51f1cd30259cd9f7a4df6701a54,50933009,BUY,2489.48339897,0.0376259966
0xd2bfd5462b38d85417574fb1e97db6ca0e235308,50933014,BUY,2489.48972472,0.0096969153
0x3e4cbf6341eb85af1f5eeb536257ee370cb4a76d,50933021,SELL,2486.99957859,0.0000474600
0x90dc5fd4ba0ee975a2f521204a6a57d6a93419ce,50933024,SELL,2487.00144050,0.0009514570
0xd299f82c17ef4e9f2a22e63ac8b42c6ae7024128,50933027,SELL,2487.00000000,0.0001500000
0x946433a1691467f0596d3771635f138375219f4f,50933033,BUY,2489.49109419,0.0028461363
0x1278c1e48e3c9548a5d9f2b16dc27ed311b0697c,50933036,SELL,2487.00249053,0.0000804181
0x509c3ae90de64d3bd57f94d72caecfdf41d14f3e,50933041,BUY,2489.49210871,0.0039132882
0x048ef1062cbb39b338ac2685da72adf104b4cef5,50933055,SELL,2487.00336955,0.0010856439
0x1278c1e48e3c9548a5d9f2b16dc27ed311b0697c,50933062,SELL,2487.00321575,0.0000804181
0x4fc08b528b0880d5e6ff99646565d8cc1438d1ac,50933065,BUY,2489.69175048,1.5114796975
0x69ec3d00e51f38ed91429c9101fef4e711b5d9a7,50933065,BUY,2490.30946546,3.1632751842
0x693717e97ec4d8310a5459463f2b60c67aa7e471,50933072,SELL,2487.90200198,0.4988490809
0x84a40c7239f942abc8b976a461f34185f6e7cd28,50933073,SELL,2487.80239364,0.2559696818
0x0be17b95ce99866a1b6dbba47d4b7c693a8a3857,50933077,SELL,2487.75369479,0.1130230447
0x5b62c5db99618808083f3ea970ce2127b961030b,50933078,SELL,2487.68963087,0.3725317308
0x2bf1ce1f327e3f3cbebdbe8d8cddf8ce8a9043e6,50933078,SELL,2487.58181412,0.4445757405
0x9695d4c038e7882dc26ed7d7661a3e6dd09c5e48,50933079,SELL,2487.42677565,0.7305377922
0xb28c369576104e804841c6794b69066e4e99612c,50933082,BUY,2489.82135368,0.0132860532
0x476f05ab3eeb2c3abf2ff1af09afa7b81615cd6f,50933088,SELL,2487.30030812,0.2546440295
0xc2717dc0bdf61633331f97430caa30519fd0b665,50933093,BUY,2489.75840516,0.0000184379
0x924e6508bb63128085d658e5851cb86e99a80c91,50933094,SELL,2487.24683197,0.1507856985
0xb9f554fb5c5c9de3269c98efb9463f7b4220db0d,50933099,BUY,2489.74761506,0.0000242864
0xe743a49f04f2f77eb2d3b753ae3ad599de8cea84,50933100,BUY,2489.71608789,0.0000361475
0x69f25d0c2325eeb5ec7496fb7f0bf5dcdd082231,50933100,SELL,2487.18881472,0.2891300000
0x048ef1062cbb39b338ac2685da72adf104b4cef5,50933105,SELL,2487.15067075,0.0000562893
0x1f68479a375ccff6d6c8d556913cdda0b65a18b5,50933111,SELL,2487.15038099,0.0021403290
0x8d16f8851022e721f192262b2864be81e7830ab4,50933116,SELL,2487.14747475,0.0198000000
0x54e2acab04c89a3fe02852bf8dd69ee8f526bc75,50933118,SELL,2487.13232588,0.0000562893
0x6658f0185026bca770515b4e4c232f7e3c859843,50933118,SELL,2487.14343933,0.0107719248
0x1278c1e48e3c9548a5d9f2b16dc27ed311b0697c,50933129,SELL,2487.14148806,0.0040206800
0xefa28a1b95c80326f03fcd976a5b1a0ca465cbca,50933141,BUY,2489.64137923,0.0863144635
0x462675de2b553ae67a8fc18ec0d421d0e9bf564f,50933162,SELL,2487.16274510,0.0010200000
0x048ef1062cbb39b338ac2685da72adf104b4cef5,50933183,SELL,2487.16344478,0.0002010322
0x1278c1e48e3c9548a5d9f2b16dc27ed311b0697c,50933188,SELL,2487.16331219,0.0008041289
0x54e2acab04c89a3fe02852bf8dd69ee8f526bc75,50933190,BUY,2489.65259913,0.0006465324
0x048ef1062cbb39b338ac2685da72adf104b4cef5,50933208,SELL,2487.16335026,0.0002010322
0x6ee62fb521531b587e79262d759dec8ce4fef341,50933217,BUY,2489.65500682,0.0200831038
0x501ef174b66883ba40f92e6fb24bfb49331d4d4c,50933219,SELL,2487.16827155,0.0002010322
0x0f014545de76a29892b9319e5a4123b28299f33b,50933226,SELL,2487.14382264,0.1876206264
0x88776fbd991c76aae24e12da906e47fc8be7aab2,50933227,BUY,2489.60825544,0.0010635742
0x0dfa768499c331acbd6df31887eca6f5860fbd6f,50933227,BUY,2489.60891858,0.0004673497
0x9972f4c1e53b5eeb9e2630a7dddb5d5bfbcac451,50933227,BUY,2489.61095755,0.0003543795
0xe44161ff13fc196e5d6d118fd7a4945a63f1f0ff,50933243,SELL,2487.11760000,0.0004166667
0x9960bf9de3f01ecffed1d62c813e6e13e0888201,50933245,BUY,2489.61374778,0.0400081491
0x1278c1e48e3c9548a5d9f2b16dc27ed311b0697c,50933246,SELL,2487.12949382,0.0002010358
0xe44161ff13fc196e5d6d118fd7a4945a63f1f0ff,50933258,SELL,2487.12933754,0.0003170000
0x501ef174b66883ba40f92e6fb24bfb49331d4d4c,50933264,SELL,2487.12985873,0.0002010349
0x2bd0d303861a9bef7a5a6596d8457c83b9d48b57,50933277,BUY,2490.15653991,4.0694459784
0xf2d1aff8a41cdef7e06c8443866124184c3ef527,50933278,BUY,2490.75911385,0.4897543677
0x49d15678a1ea50f2c4436dcc30f0cec5d013f601,50933283,BUY,2491.00703396,1.3855012896
0xfc0eb530d7c701c7ec2f33abd04ca6313625738f,50933285,BUY,2491.38631588,1.4853193338
0x9cfc4bfa1e20f29373d8735f615349bde09231eb,50933288,SELL,2489.09092451,0.0041996256
0x7a63c4f7435db0e26ca4bdfc9f5bc456a2407db9,50933291,BUY,2491.84704033,0.2580609526
0x1278c1e48e3c9548a5d9f2b16dc27ed311b0697c,50933293,BUY,2491.88421487,0.0002890319
0x579f1056eebea9906b96d8fd54297bede5f4d2ed,50933294,SELL,2489.38732323,0.0198000000
0xad3fe4fa38ad6e05b7fc11647fc36457943493ed,50933313,BUY,2492.12515717,1.8865333639
0x1278c1e48e3c9548a5d9f2b16dc27ed311b0697c,50933321,SELL,2489.88143609,0.0001204877
0x12c51473ecec31920552b2cefc96f7c3ccf1dacd,50933325,SELL,2489.86800724,0.1016312862
0x12c51473ecec31920552b2cefc96f7c3ccf1dacd,50933326,SELL,2489.84636609,0.0623972568
0x433702873e33d4846d399a75aaf96eacf181d0b2,50933328,SELL,2489.58682333,0.0621445440
0xf2d1aff8a41cdef7e06c8443866124184c3ef527,50933335,SELL,2488.74146548,0.1758419426
0x554a02baa3074062c4262c0b998db596dd6ab9e2,50933335,SELL,2488.54106650,1.3426877647
0xfc907b9af1c07e0f0cbd408ce9551e3600878672,50933353,SELL,2488.28836493,0.0009977385
0x1278c1e48e3c9548a5d9f2b16dc27ed311b0697c,50933357,BUY,2490.77977459,0.0033800592
0x3ac984227dbe0e7c32ccd9eb3792d30749f24a64,50933376,SELL,2488.28326599,0.0297000000
0xb408bfcb7171e4d77c3ed54b73902aac4f0659aa,50933389,BUY,2490.77051206,0.0066341752
0x501ef174b66883ba40f92e6fb24bfb49331d4d4c,50933392,SELL,2488.26798452,0.0004018860
0xce1a1b1881ba114bca2781a18f41e7d715dbb11c,50933408,BUY,2490.79211625,0.2575398958
0x956f9835ed55f501d7583a9c27bf2645526ca155,50933408,BUY,2490.89935601,0.5536510982
0x54e2acab04c89a3fe02852bf8dd69ee8f526bc75,50933420,SELL,2488.48215011,0.0004018514
0xab770ddce9a1d7773a5cafa8d6fba75aaf5789be,50933422,BUY,2491.08935300,0.2261641034
0x0be17b95ce99866a1b6dbba47d4b7c693a8a3857,50933424,BUY,2491.24279933,0.3002314572
0xb7782f063e9c37f2985fb120e862e154c6d4cf4e,50933425,BUY,2491.43537434,0.8517926730
0x6fc0ce28d7b077bd7ef13f63b4a8712b0aa759a9,50933425,BUY,2491.64730997,0.7532084964
0x1278c1e48e3c9548a5d9f2b16dc27ed311b0697c,50933446,SELL,2489.25552464,0.0001767597
0x02c749407b8470addc5f261153ec0729633cf4a8,50933450,SELL,2488.62966758,4.9215000000
0x83f3eb771147b5fe6a789ebd372e07ca3550a121,50933450,BUY,2491.06593816,4.5085268700
0x83f3eb771147b5fe6a789ebd372e07ca3550a121,50933452,BUY,2491.72204697,0.4583543591
0x501ef174b66883ba40f92e6fb24bfb49331d4d4c,50933453,SELL,2489.28707665,0.0001205168
0x2fce6236c8082c5cf53ad87cf78effe4642b39d4,50933457,SELL,2489.27665469,0.0000623056
0x12c51473ecec31920552b2cefc96f7c3ccf1dacd,50933466,BUY,2491.82086842,0.0758821589
0x0a7385d81b0a7278197cfd8f11f598a51d69a7aa,50933475,BUY,2491.89175858,0.3402693099
0x395e9b25043842dde5bcdfe18ec125bde88067f5,50933477,BUY,2491.97384168,0.2812163094
0x10b55f998b5c415c8430ebf2bc3f1d8c999f7b10,50933483,BUY,2492.18594815,0.9553361047
0x2f25d8a5d2bf0b3fb0293bef6981890482b7caea,50933483,BUY,2492.32473867,0.0952925581
0x29e619b6006a97403990cc7da76bf23cf98aa2fb,50933485,BUY,2492.68508999,2.6327814718
0x501ef174b66883ba40f92e6fb24bfb49331d4d4c,50933489,SELL,2490.53983942,0.0005413421
0x79aa6ae43f9eb52f3cd605564e1d48e48fad8f0c,50933511,SELL,2490.33385723,0.0118305098
0x048ef1062cbb39b338ac2685da72adf104b4cef5,50933512,SELL,2490.32877426,0.0000803087
0xbb0e31d765ee8bd8982d3750e36aaf84d5ff0e9c,50933514,SELL,2490.33148691,0.0052764373
0x65ced2036f2d7d326ffa06a07cd13cfe4eef9215,50933518,SELL,2490.28633481,0.3380757731
0xedba44ee3bcd66d0bd55099615cbc9086c1c99f0,50933519,SELL,2490.24092308,0.0130000000
0x52652cc02ec71e8565a70e82f66b1066cf0152f2,50933526,SELL,2490.22066581,0.1409773780
0x1278c1e48e3c9548a5d9f2b16dc27ed311b0697c,50933526,SELL,2490.20190781,0.0000803136
0x88776fbd991c76aae24e12da906e47fc8be7aab2,50933527,BUY,2492.69510605,0.0010607820
0x501ef174b66883ba40f92e6fb24bfb49331d4d4c,50933544,SELL,2490.20201850,0.0000803148
0x80cbe9d982fc28787f40065beef6d0282ad98d50,50933558,SELL,2490.12072929,0.7949239162
0x1278c1e48e3c9548a5d9f2b16dc27ed311b0697c,50933566,SELL,2490.01279025,0.0000803209
0x97aabda1e94538d4af1bdd4511fb8c3668feef71,50933568,SELL,2489.96060354,0.3960000000
0x6dc2c3bd844074dd0ae01592e41c2036b3205c6b,50933569,SELL,2489.90664122,0.0131000000
0xfa5287b6efd536d1e6101ef65942e1c012230186,50933569,SELL,2489.90433483,0.0020070000
0xe7e800a2ad586da2691ea632f6e929062c0e4477,50933575,BUY,2492.43858658,0.1255906780
0xc4c604a2f18e59e032acbe56b42364e6ad5c469e,50933575,BUY,2492.41608932,0.0124748412
0x54e2acab04c89a3fe02852bf8dd69ee8f526bc75,50933575,BUY,2492.46052696,0.0036108897
0x2bd0d303861a9bef7a5a6596d8457c83b9d48b57,50933576,SELL,2489.95124323,0.1359558525
0x1278c1e48e3c9548a5d9f2b16dc27ed311b0697c,50933576,BUY,2492.42547653,0.0005551580
0xf2d1aff8a41cdef7e06c8443866124184c3ef527,50933576,SELL,2489.84613471,0.6625415153
0x79aa6ae43f9eb52f3cd605564e1d48e48fad8f0c,50933580,SELL,2489.75709396,0.0127231829
0x4328e5af17b657d6d7cef9b65b5eb432e23a75c5,50933583,SELL,2489.72303030,0.0445500000
0xadf3194180fc874d03587fea704a062ee4a2fe36,50933584,SELL,2489.71139798,0.0436429476
0x6ee62fb521531b587e79262d759dec8ce4fef341,50933585,BUY,2492.19987961,0.0200625963
0x501ef174b66883ba40f92e6fb24bfb49331d4d4c,50933592,SELL,2489.71093253,0.0001204959
0xd8ae31b058be9410290287bf5dccd4a1dd215e20,50933597,SELL,2489.59039297,0.0000055118
0xd8ae31b058be9410290287bf5dccd4a1dd215e20,50933597,SELL,2489.66814893,0.0000128608
0x048ef1062cbb39b338ac2685da72adf104b4cef5,50933602,SELL,2489.71089364,0.0001204959
0x048ef1062cbb39b338ac2685da72adf104b4cef5,50933605,BUY,2492.22051488,0.0000332238
0x1278c1e48e3c9548a5d9f2b16dc27ed311b0697c,50933613,BUY,2492.21943357,0.0000261269
0x501ef174b66883ba40f92e6fb24bfb49331d4d4c,50933614,SELL,2489.71087064,0.0001204959
0x924e6508bb63128085d658e5851cb86e99a80c91,50933618,BUY,2492.31702631,0.8680189483
0xd39e7e1a967e8a74952a535268015cc81590854c,50933618,BUY,2492.47882414,0.3575694724
0x500c71a50aee5a134058779075508f94c6f772c7,50933622,BUY,2495.99809339,15.2705954916
0xb00c92c47d4ec2afb57ce8a70d881394f9335c31,50933622,SELL,2495.50028890,0.1979719041
0x30db4211a072b678f6b8fc4388fe5c162414cace,50933623,SELL,2495.47258170,0.0105987572
0x2b9d291149c1be243a51957bc505a8a07bfd0a06,50933623,BUY,2498.06667536,0.5207872591
0xcbd01987b493d3285eac66fe45d784c9c44fb7ec,50933623,BUY,2498.20669014,0.5319022382
0x839905625a03f2832a08bfa667f3c1492076380f,50933624,SELL,2495.82425222,0.0266973922
0x6c229cd01287f12e2c043fc20e4f500a9e1a9e88,50933628,SELL,2495.18003319,0.0604332192
0xb143f6ca55358fac056eca7ac1a228a1f018b048,50933629,SELL,2495.14536808,0.2006834092
0xd83e60d273fd0cb3b05c2611db940fecb7b6ca64,50933629,BUY,2497.61671554,0.0002728505
0x9f8cf8cd1d6b168972314bae24677c0959df2102,50933631,SELL,2495.11067002,0.0466021249
0xd8ae31b058be9410290287bf5dccd4a1dd215e20,50933634,SELL,2495.09974384,0.0000038872
0xc0ffee445a22e6228cfb77ec0483c426fc856161,50933634,SELL,2495.10400000,0.0001250000
0x1278c1e48e3c9548a5d9f2b16dc27ed311b0697c,50933635,BUY,2497.60202292,0.0018044220
0xe1a8bb4aab946436c44aa2c42ca419be45083484,50933636,SELL,2495.04338759,0.4635647323
0xa971283289448b30188cec3f0e60ad92322e4970,50933636,SELL,2494.90736085,0.5610937500
0x85e24646ba6eab3d47035abeda640e6cf345bf8d,50933636,SELL,2494.79331468,0.2980342891
0x7c40c792f376d2921854faa4c52985b906aae2f3,50933636,SELL,2494.74267092,0.0834375226
0xa971283289448b30188cec3f0e60ad92322e4970,50933636,SELL,2494.67224822,0.4471875000
0xfc3893a2214cd7e5a043cb49fe37bca500bec87c,50933638,SELL,2494.47996401,0.0769883951
0xedae4d1f735dd363edb29f53cd4301b994793474,50933639,SELL,2494.30647625,1.2303861824
0x1f421bce684b0a7cd2926744a6edc7eddcb048b4,50933639,SELL,2493.99151855,0.5041073703
0xf8cb817e67f31eabc3a86c5dab7e9fb298d45138,50933641,SELL,2493.85989515,0.4877572438
0x9d50006fe0bd757cd402e12121d03d527ae97cfa,50933643,SELL,2493.75260017,0.3210209449
0x1e5efffba9cf8d1153fb6ca7b1d8703eee288395,50933659,SELL,2493.38158440,0.0000610877
0x54e2acab04c89a3fe02852bf8dd69ee8f526bc75,50933660,SELL,2493.39209486,0.0002005296
0x501ef174b66883ba40f92e6fb24bfb49331d4d4c,50933665,BUY,2495.89390072,0.0119868641
0x408c7ae38b11b9f79e3cb52a4c51bdb26f62f644,50933692,SELL,2493.34008671,0.4537025126
0xbd119420d79bc40671c0d4718ad6b11ddca0b344,50933697,SELL,2493.22777528,0.3927174142
0xfc3893a2214cd7e5a043cb49fe37bca500bec87c,50933698,SELL,2492.97031800,0.5502246606
0x55555cfddd37d8d82e06e0de90da9366ca3e31e8,50933699,SELL,2492.86337321,0.0000084277
0x55555cfddd37d8d82e06e0de90da9366ca3e31e8,50933699,SELL,2492.88253765,0.0000428051
0x55555cfddd37d8d82e06e0de90da9366ca3e31e8,50933699,BUY,2495.39376735,0.0005411374
0x54e2acab04c89a3fe02852bf8dd69ee8f526bc75,50933699,SELL,2492.89512444,0.0001403773
0x058e41960282a2c98cc3d17d60766cacb3a4dda1,50933700,SELL,2492.78275000,0.0040000000
0x55555cfddd37d8d82e06e0de90da9366ca3e31e8,50933700,SELL,2492.78200136,0.0033057784
0x55555cfddd37d8d82e06e0de90da9366ca3e31e8,50933700,SELL,2492.74099834,0.0000243511
0x55555cfddd37d8d82e06e0de90da9366ca3e31e8,50933700,SELL,2492.76820949,0.0000682458
0x04ed4c636b16e9be1d84e213d0a3b2dbd582ad00,50933700,SELL,2492.74343096,0.2876532952
0x6aec94ff9bc4da70039d5b0f794bfe6064f1ede8,50933701,SELL,2492.63805369,0.5086685386
0x0d96c15ad1333697b7d66b3ab681df310c509800,50933704,BUY,2495.11603085,0.3847507002
0x55555cfddd37d8d82e06e0de90da9366ca3e31e8,50933704,SELL,2492.65766158,0.0000214947
0x55555cfddd37d8d82e06e0de90da9366ca3e31e8,50933704,SELL,2492.67198002,0.0001997732
0x55555cfddd37d8d82e06e0de90da9366ca3e31e8,50933704,SELL,2492.65301944,0.0000399847
0x55555cfddd37d8d82e06e0de90da9366ca3e31e8,50933704,SELL,2492.67186564,0.0025511091
0x55555cfddd37d8d82e06e0de90da9366ca3e31e8,50933704,SELL,2492.66841838,0.0002687854
0x55555cfddd37d8d82e06e0de90da9366ca3e31e8,50933704,SELL,2492.67133863,0.0003697190
0x55555cfddd37d8d82e06e0de90da9366ca3e31e8,50933704,BUY,2495.23393553,0.0000007602
0xf2d1aff8a41cdef7e06c8443866124184c3ef527,50933705,BUY,2495.25017690,0.6332156926
0x55555cfddd37d8d82e06e0de90da9366ca3e31e8,50933706,SELL,2492.83573236,0.0003572694
0x55555cfddd37d8d82e06e0de90da9366ca3e31e8,50933706,SELL,2492.83394735,0.0001386695
0x55555cfddd37d8d82e06e0de90da9366ca3e31e8,50933707,SELL,2492.83199794,0.0000517516
0x55555cfddd37d8d82e06e0de90da9366ca3e31e8,50933707,SELL,2492.83301281,0.0000897220
0x55555cfddd37d8d82e06e0de90da9366ca3e31e8,50933707,BUY,2495.33191444,0.0002778897
0x55555cfddd37d8d82e06e0de90da9366ca3e31e8,50933707,SELL,2492.83138980,0.0001226898
0x6c6f30b1a2f8729f12ceb07222c09e0afc2df955,50933707,BUY,2495.39132497,0.4554670755
0xf2d1aff8a41cdef7e06c8443866124184c3ef527,50933707,BUY,2495.48782713,0.2717650079
0xc8fcec57a20a151d380f9d63ed866232bc5ac053,50933708,BUY,2495.59597860,0.5432249870
0x55555cfddd37d8d82e06e0de90da9366ca3e31e8,50933708,SELL,2493.16663024,0.0000941734
0x55555cfddd37d8d82e06e0de90da9366ca3e31e8,50933708,SELL,2493.16604712,0.0000453002
0x501ef174b66883ba40f92e6fb24bfb49331d4d4c,50933709,SELL,2493.17091022,0.0001404023
0x048ef1062cbb39b338ac2685da72adf104b4cef5,50933710,BUY,2495.77328637,0.0008441780
0x55555cfddd37d8d82e06e0de90da9366ca3e31e8,50933711,BUY,2495.77295639,0.0013133691
0x55555cfddd37d8d82e06e0de90da9366ca3e31e8,50933711,BUY,2495.79992805,0.0000337327
0x55555cfddd37d8d82e06e0de90da9366ca3e31e8,50933711,SELL,2493.22636316,0.0000119885
0x55555cfddd37d8d82e06e0de90da9366ca3e31e8,50933713,BUY,2495.77505800,0.0001640216
0x55555cfddd37d8d82e06e0de90da9366ca3e31e8,50933713,SELL,2493.27066508,0.0000632904
0x55555cfddd37d8d82e06e0de90da9366ca3e31e8,50933713,SELL,2493.26131689,0.0000227730
0x55555cfddd37d8d82e06e0de90da9366ca3e31e8,50933713,BUY,2496.26114726,0.0000005761
0x55555cfddd37d8d82e06e0de90da9366ca3e31e8,50933713,BUY,2495.77444871,0.0006164215
0x55555cfddd37d8d82e06e0de90da9366ca3e31e8,50933714,SELL,2493.27468781,0.0002843718
0x55555cfddd37d8d82e06e0de90da9366ca3e31e8,50933714,SELL,2493.26322140,0.0000372985
0x55555cfddd37d8d82e06e0de90da9366ca3e31e8,50933714,SELL,2493.25798424,0.0000360661
0x09bf0bbabb0916c17a19793109d6dcb842c0668f,50933715,SELL,2493.27721832,0.0061073072
0x0d2653818e2414002fc3ad3f117f98e97c538a1a,50933715,SELL,2493.27488065,0.0115323710
0x55555cfddd37d8d82e06e0de90da9366ca3e31e8,50933717,SELL,2493.23231243,0.0000121312
0x55555cfddd37d8d82e06e0de90da9366ca3e31e8,50933717,SELL,2493.27241034,0.0002312764
0x55555cfddd37d8d82e06e0de90da9366ca3e31e8,50933718,SELL,2493.25091320,0.0000126506
0x55555cfddd37d8d82e06e0de90da9366ca3e31e8,50933718,SELL,2493.27285597,0.0006463003
0x55555cfddd37d8d82e06e0de90da9366ca3e31e8,50933718,SELL,2493.27146571,0.0003495007
0x55555cfddd37d8d82e06e0de90da9366ca3e31e8,50933719,SELL,2493.27049955,0.0003774171
0x55555cfddd37d8d82e06e0de90da9366ca3e31e8,50933719,SELL,2493.27103760,0.0005397869
0x54e2acab04c89a3fe02852bf8dd69ee8f526bc75,50933720,SELL,2493.26614558,0.0001403777
0x55555cfddd37d8d82e06e0de90da9366ca3e31e8,50933721,BUY,2495.77108261,0.0002765686
0x55555cfddd37d8d82e06e0de90da9366ca3e31e8,50933721,SELL,2493.26854974,0.0001221545
0x55555cfddd37d8d82e06e0de90da9366ca3e31e8,50933721,SELL,2493.27015483,0.0000919804
0x55555cfddd37d8d82e06e0de90da9366ca3e31e8,50933721,SELL,2493.26921387,0.0001265206
0x55555cfddd37d8d82e06e0de90da9366ca3e31e8,50933721,BUY,2498.11957925,0.0000002778
0xc87948a5998aa9269acd4bdb4081998fec4ba12c,50933722,SELL,2493.27051962,0.0165696300
0x55555cfddd37d8d82e06e0de90da9366ca3e31e8,50933723,SELL,2493.26805858,0.0002244187
0x55555cfddd37d8d82e06e0de90da9366ca3e31e8,50933723,SELL,2493.26759727,0.0017094142
0x55555cfddd37d8d82e06e0de90da9366ca3e31e8,50933723,BUY,2495.76311139,0.0003333265
0x55555cfddd37d8d82e06e0de90da9366ca3e31e8,50933724,SELL,2493.26581997,0.0003750073
0x55555cfddd37d8d82e06e0de90da9366ca3e31e8,50933724,SELL,2493.26742267,0.0001434996
0x55555cfddd37d8d82e06e0de90da9366ca3e31e8,50933724,SELL,2493.26666497,0.0000317038
0x55555cfddd37d8d82e06e0de90da9366ca3e31e8,50933726,BUY,2495.76426128,0.0004602887
0x55555cfddd37d8d82e06e0de90da9366ca3e31e8,50933726,SELL,2493.24217328,0.0000357847
0x55555cfddd37d8d82e06e0de90da9366ca3e31e8,50933726,SELL,2493.26001639,0.0000482204
0x55555cfddd37d8d82e06e0de90da9366ca3e31e8,50933727,SELL,2493.26152353,0.0001503095
0x55555cfddd37d8d82e06e0de90da9366ca3e31e8,50933727,SELL,2493.25794564,0.0001012731
0x55555cfddd37d8d82e06e0de90da9366ca3e31e8,50933727,SELL,2493.26633319,0.0003397026
0x55555cfddd37d8d82e06e0de90da9366ca3e31e8,50933730,SELL,2493.26742709,0.0006315728
0x55555cfddd37d8d82e06e0de90da9366ca3e31e8,50933730,SELL,2493.26654762,0.0002911426
0x55555cfddd37d8d82e06e0de90da9366ca3e31e8,50933730,SELL,2493.25827950,0.0000368233
0x54e2acab04c89a3fe02852bf8dd69ee8f526bc75,50933731,SELL,2493.57382880,0.0001403780
0xea7efba65d22efad6ba68ae42edcdbad533f08d2,50933733,BUY,2496.07767351,0.0118986682
0x0be17b95ce99866a1b6dbba47d4b7c693a8a3857,50933733,BUY,2496.30221487,1.6786621748
0x3bf562ab55f09850053f9e6db0a36d4971a6e456,50933734,BUY,2496.52752058,0.0167786983
0x6fc0ce28d7b077bd7ef13f63b4a8712b0aa759a9,50933738,BUY,2496.67631603,1.1032794581
0x54e2acab04c89a3fe02852bf8dd69ee8f526bc75,50933739,BUY,2496.82364501,0.0030511350
0xe7a9317834b1436edf8ce311d617925db26dff64,50933742,BUY,2497.00988502,1.4004574948
0x048ef1062cbb39b338ac2685da72adf104b4cef5,50933748,SELL,2495.49426154,0.0006011511
0x54e2acab04c89a3fe02852bf8dd69ee8f526bc75,50933750,BUY,2497.99315459,0.0000671967
0x048ef1062cbb39b338ac2685da72adf104b4cef5,50933752,BUY,2497.94353948,0.0001296831
0x79becea900ad52da8ce83f721198afb24e4acd54,50933756,SELL,2495.44180389,0.0315531790
0x8cc5fe07c18bddf12a7b0639a8e912e1e34e7523,50933756,SELL,2495.43099081,0.0498835337
0x434b004c25968bf105db6439a8042402138eb473,50933758,SELL,2495.32341563,0.1509127264
0x84cce49dce6961f98fabb994e1a90a449a6bd817,50933758,SELL,2495.29711389,0.0470839526
0x3bf562ab55f09850053f9e6db0a36d4971a6e456,50933759,SELL,2495.29050505,0.0024750000
0x501ef174b66883ba40f92e6fb24bfb49331d4d4c,50933763,SELL,2495.23316477,0.0001402642
0x2d93c2f74b2c4697f9ea85d0450148aa45d4d5a2,50933769,SELL,2495.22437985,0.0931628762
0x9729585607568dcbf1f5f3802afbf5b221702932,50933774,BUY,2497.83828743,0.9715159197
0xcbd01987b493d3285eac66fe45d784c9c44fb7ec,50933789,BUY,2498.04171888,0.6775094064
0x3a4f3b6a8e3fdaabdb360fa75f434379b1d3d75c,50933789,BUY,2498.15736371,0.1919527997
0x67ce4e077c57c43fd6ad31571f4e2f55a19a83c3,50933800,BUY,2498.20220315,0.1451818358
0x434b004c25968bf105db6439a8042402138eb473,50933804,SELL,2495.68117750,0.2412838685
0x02d10297d5374375a2752b97520137c4d0035bb0,50933806,SELL,2495.44110297,0.3199010472
0xa16fd1dfd5b44a6de8a73951d492112c83ea7491,50933808,SELL,2495.39811116,0.0012879384
0x6aec94ff9bc4da70039d5b0f794bfe6064f1ede8,50933809,SELL,2495.34449604,0.4050428406
0x52652cc02ec71e8565a70e82f66b1066cf0152f2,50933810,BUY,2497.79272454,0.0362440438
0xa28669d95a6339da0b0216ae1683ef6f9edc2720,50933810,SELL,2495.29577778,0.0343975002
0x010b50e397bc25e207a0d1b67199fcf677221403,50933820,SELL,2495.28787306,0.0000959781
0x229b8996215b293c9208f74bf566172a6ee8de43,50933821,SELL,2495.28987039,0.0013388857
0xe08a3a48ab491764d1cfec1f5e869a8a7fe4ff18,50933821,SELL,2495.28902977,0.0015667620
0x1145aff849d4b8cd8845f0a50ad6d090a10f3957,50933822,SELL,2495.28850385,0.0012686305
0x61da2143a369296cfbe6c1d8ba3a37c548479b71,50933823,SELL,2495.26910291,0.0015724669
0x4978679aea4cd0a58d35145837c0175506a63b0a,50933823,SELL,2495.26826392,0.0016168626
0x2f5e26ffe2f1d10b21971ec568a50a623736daea,50933824,SELL,2495.26689293,0.0012753838
0xb70a910512df2b56daf45f2c88d3a53249cf3558,50933826,SELL,2495.19728849,0.4097231320
0x88776fbd991c76aae24e12da906e47fc8be7aab2,50933827,BUY,2497.64074017,0.0010572109
0x0dfa768499c331acbd6df31887eca6f5860fbd6f,50933827,BUY,2497.64076613,0.0004658468
0x000000c557fa9a96d66cd6371abde62d879d0e61,50933830,SELL,2495.13936875,0.0302740288
0xf5b77b30ef47f56e4ab7d6d28fbe3e91f894b9a9,50933831,SELL,2494.74283105,0.2255607949
0x02d10297d5374375a2752b97520137c4d0035bb0,50933833,SELL,2494.54383097,0.4368769281
0x4c5e529d3bea56b9fb85213b41aa832c903faadd,50933837,SELL,2494.44863481,0.2804021371
0x126dbd576d4dfec53261c12ee438bce8156ff239,50933840,SELL,2494.41090220,0.0022559695
0x03d9964f4d93a24b58c0fc3a8df3474b59ba8557,50933861,BUY,2496.90711011,0.0002530791
0x03d9964f4d93a24b58c0fc3a8df3474b59ba8557,50933861,BUY,2496.90872577,0.0002535655
0x611151b11991a7483035538a7095ca2b929ab099,50933861,SELL,2494.41014211,0.0022229789
0x0e74e108a4a4fbdc56775a5c92a6d5516588c5a9,50933861,SELL,2494.40863466,0.0020769700
0xce1e2fa5bebc5c5c067fd8b6a260a0d1a750bedf,50933861,SELL,2494.40753825,0.0017050337
0x6bcb54dec131082a121bb308b4d80e6298b2f38b,50933863,SELL,2494.40650297,0.0017771265
0x8f79368f64265f59e6960a47a9fac1cdbb630a4a,50933864,SELL,2494.40441544,0.0019071759
0xef6884caabc548344a90ed25ca7ee3e190b5dae0,50933864,SELL,2494.40391477,0.0017695502
0x4ec30ccff8cc9d1859f8b9ee77b5831f47c474fc,50933864,SELL,2494.40319709,0.0022242423
0x36541d85cf37bbeb0d6d53424b76287952b86068,50933864,SELL,2494.40255794,0.0019775677
0xb85e101ee41c17a82f5ef31a7d8b90890d894fb7,50933865,SELL,2494.40236244,0.0017207529
0xab50756a0ae152118031a7af27aa37df794c27a4,50933866,SELL,2494.40154795,0.0017429940
0x2b3465d107e87870a3515226d59e7237c27b35ec,50933868,SELL,2494.40119658,0.0017231278
0x0f02e7f28e1865801ec70926c4b18e332e04afba,50933870,BUY,2496.90658717,0.0000405510
0x4c5e529d3bea56b9fb85213b41aa832c903faadd,50933874,SELL,2494.36920381,0.2404713124
0x0f014545de76a29892b9319e5a4123b28299f33b,50933880,SELL,2494.32402982,0.1001604976
0x83681c14770b44361e21faf91d8325423365ea5c,50933887,SELL,2494.29580037,0.0000652998
0x048ef1062cbb39b338ac2685da72adf104b4cef5,50933892,SELL,2494.40175035,0.0005661810
0x54e2acab04c89a3fe02852bf8dd69ee8f526bc75,50933904,BUY,2496.95822170,0.0000130439
0xc27a2b4bd5b374c3cb3c711e17901628824f8258,50933907,BUY,2496.91122002,0.0000265096
0x007d39bde5c377b42dcc7409c1969739589b67ca,50933911,BUY,2496.88774326,0.0800997164
0x0a7385d81b0a7278197cfd8f11f598a51d69a7aa,50933915,BUY,2497.01303284,0.8627717508
0xad3fe4fa38ad6e05b7fc11647fc36457943493ed,50933926,BUY,2497.64461914,1.8797236961
0xccb34ab224c251115bafe4b2a72655a451adfa89,50933926,BUY,2498.13664086,1.8228653803
0xf2d1aff8a41cdef7e06c8443866124184c3ef527,50933928,BUY,2498.88551600,0.0337406306
0xbb0e31d765ee8bd8982d3750e36aaf84d5ff0e9c,50933930,SELL,2496.38973408,0.0147000080
0xf2d1aff8a41cdef7e06c8443866124184c3ef527,50933936,BUY,2499.90525779,1.2310459324
0x13b63a4b9039886673f1e2f918dd8e1d31749099,50933938,SELL,2497.56451857,0.0398440914
0x56ffaa320ee50c85dbaef855fdd3d1ab612bb843,50933943,SELL,2497.55858586,0.0019800000
0xfbd45e17dd91e8ada28bed59ffbae25f9cde80b1,50933944,BUY,2500.19376666,0.4069911963
0x56ffaa320ee50c85dbaef855fdd3d1ab612bb843,50933945,SELL,2497.74797980,0.0019800000
0xcf5296587c71533886a283be7fc3dad692cc47ad,50933947,SELL,2497.74646465,0.0099000000
0x53ce40e24b74faa3f235c2d8d201559c0f449914,50933951,BUY,2500.24509736,0.0048309596
0x8c5e7e1df04978a2412e6765fbdfd9a4f554ebdb,50933958,SELL,2497.73773149,0.0190230893
0x84cce49dce6961f98fabb994e1a90a449a6bd817,50933962,SELL,2497.72523330,0.0751634926
0xcf5296587c71533886a283be7fc3dad692cc47ad,50933962,SELL,2497.71454545,0.0049500000
0xa1c0c954370a4ab8a82e8c3b4a76016406459252,50933968,SELL,2497.70044062,0.0503031096
0x292c08946571c600032912a7268ce5387139ec70,50933968,SELL,2497.62816966,0.4930078780
0x923609e48e0c88606cc2d774f0f916e52371c1f8,50933971,SELL,2497.38887073,0.0997856805
0xcf534bd9cc92c790c678fb6c33d24dd73ba5e605,50933972,SELL,2497.36221476,0.1006052768
0x554a02baa3074062c4262c0b998db596dd6ab9e2,50933982,SELL,2497.23534846,0.9632483104
0x79f15a4c23ab7e71839a5c511637519ab5f11b8b,50933989,BUY,2499.57989193,0.0000421243
0x1dbc26258ca23d95714a30df73f808e2c2ddf56c,50933992,SELL,2496.98445493,0.6624033909
0xe8bca8c1485a7447a74c891ebfb1c849a45b342f,50933992,SELL,2496.80544696,0.6836169615
0xf2d1aff8a41cdef7e06c8443866124184c3ef527,50933992,SELL,2496.67684043,0.2834969655
0x554a02baa3074062c4262c0b998db596dd6ab9e2,50933993,SELL,2496.35226790,1.0510328265
0x79f15a4c23ab7e71839a5c511637519ab5f11b8b,50934012,BUY,2498.85416776,0.0000021538
0x12c51473ecec31920552b2cefc96f7c3ccf1dacd,50934012,SELL,2496.10352026,0.8208429720
0x79f15a4c23ab7e71839a5c511637519ab5f11b8b,50934023,BUY,2498.50161037,0.0000071523
0xa1daf3779b4bbf6ac29705368985f3fddca17755,50934051,SELL,2495.99333333,0.0099000000
0x79f15a4c23ab7e71839a5c511637519ab5f11b8b,50934070,BUY,2498.49114550,0.0000479810
0x6d494ec741b1b32ff5b91d8f3d1f9cf5244ce36c,50934084,BUY,2498.48454847,0.0273968190
0x500c71a50aee5a134058779075508f94c6f772c7,50934086,SELL,2495.85233370,1.0395475582
0x6523312dba2a71e119fb39a0e456a2a43be7d267,50934086,SELL,2495.63480066,0.5996377389
0x0c28f2bacbd3471b2686e9d88d790100eac694a3,50934088,SELL,2495.04978780,0.6619843740
0x56ffaa320ee50c85dbaef855fdd3d1ab612bb843,50934110,SELL,2494.65959596,0.0009900000
0x670ee5b69d773aeb2f57bce85bd9c6cc07b52dfe,50934118,BUY,2497.16081181,0.0300377227
0x88776fbd991c76aae24e12da906e47fc8be7aab2,50934127,BUY,2497.16546265,0.0010559436
0x29e619b6006a97403990cc7da76bf23cf98aa2fb,50934127,SELL,2494.43348672,1.7724169241
0xbb1a1a2773a799d83078ae4d59d9f4b2b6ac50ff,50934131,BUY,2497.50077039,6.0698292164
0x12c51473ecec31920552b2cefc96f7c3ccf1dacd,50934132,SELL,2494.71933007,0.3763457835
0xb30549b3cf21f944456bf21ba8d08c560f75c73c,50934132,BUY,2494.90251851,0.0011867033
0xf04a2505afb967a1b4f43304e17994e94bdc13a1,50934134,BUY,2494.97159313,0.4847050837
0x3be22b314654c396a12c5e8d79abdd65aac3caaf,50934135,BUY,2495.03458722,0.0154697206
0x8c1a98b8d1f51a0529bef303c1e74f7dcc64b739,50934135,SELL,2492.54057099,0.0040211538
0x0e5bd3a95ce260a97ac4e7a72b3c1439276ac9d2,50934135,SELL,2492.53731180,0.0041281986
0x756ee9975656c6e571143f1c04401dc3d98f24db,50934135,BUY,2495.08141413,0.3974615812
0xd34ab87af78dd1b387e96f17e91d5b9634cb7d64,50934135,SELL,2492.63537332,0.0041052089
0x6c5697bac6beff9941cc126b9e6c67212c54d07d,50934135,SELL,2492.63420897,0.0040575179
0xd6ec712d41aaa745d14c36e7112b295afe46a1cc,50934136,BUY,2495.25718476,1.0287271812
0x53c24438b79f68ed0bad0ff333bbceb6d6b5450c,50934136,SELL,2492.92089736,0.0041780451
0x21cca169b32063ae2b6f28998e44740ce6127a09,50934137,BUY,2495.41930175,0.0317072537
0x3be22b314654c396a12c5e8d79abdd65aac3caaf,50934138,BUY,2495.42690909,0.0288214861
0x3f86dc9a09ceddd9c2ec647babff5831212c48d2,50934139,BUY,2495.43363579,0.0228177773
0x0c6a6030cfcff4a7f5e62cb943f2dc3408e56666,50934141,BUY,2495.47882395,0.3362621926
0x542d75a93447932e86bb4cd245183cbed01d26af,50934145,BUY,2495.53934818,0.1442724324
0xd092d5c230e973551ffa155f0fefe3b882c475ac,50934145,BUY,2495.57865815,0.1678270663
0x12c51473ecec31920552b2cefc96f7c3ccf1dacd,50934148,BUY,2495.67443409,0.0248217633
0x12c51473ecec31920552b2cefc96f7c3ccf1dacd,50934149,BUY,2495.72472985,0.3746110149
0x12c51473ecec31920552b2cefc96f7c3ccf1dacd,50934150,BUY,2495.79757455,0.2036476957
0x919e15deb891d5c28f1d4c6a40f290d976396df6,50934152,SELL,2491.96083427,11.7000000000
0x0be17b95ce99866a1b6dbba47d4b7c693a8a3857,50934152,BUY,2494.31561424,10.5895908706
0x6b6507560e960bf9ac5ac6bde2b06261b0616ca2,50934152,BUY,2495.64921358,0.0039009124
0xcaa0702fc971e7285d02a595b9cc6d5adbfcc6de,50934157,SELL,2493.38165593,0.0056702250
0x88638019ce83422ced519e7d84035284f5b22713,50934162,BUY,2495.87753001,0.0096263365
0x59d1373d3a23c0bcb89374916c048b603b52e2f6,50934176,SELL,2493.28121590,0.8124122522
0x54e2acab04c89a3fe02852bf8dd69ee8f526bc75,50934177,BUY,2495.26064496,0.0029320200
0x89ac7d20e62457e27cafd3ff79df37465220d785,50934177,SELL,2492.76012439,0.0000407765
0x3482d9a357ba687c57237ec1587e9f7484856f0e,50934178,BUY,2495.27795556,0.1154808258
0x3482d9a357ba687c57237ec1587e9f7484856f0e,50934178,BUY,2495.35902426,0.0000038047
0x501ef174b66883ba40f92e6fb24bfb49331d4d4c,50934181,SELL,2492.79742221,0.0007101748
0x833ca4cd8e5d5bc0222845b3828cd3dbdf28e204,50934184,SELL,2492.79575758,0.0148500000
0xa549b76aed081aec46d44af0850a822789128ede,50934184,BUY,2495.29032350,0.0003225677
0x79f15a4c23ab7e71839a5c511637519ab5f11b8b,50934197,BUY,2495.28992527,0.0000400350
0x9695d4c038e7882dc26ed7d7661a3e6dd09c5e48,50934202,SELL,2492.42615609,0.7373066093
0xfc0eb530d7c701c7ec2f33abd04ca6313625738f,50934202,SELL,2492.16991229,0.6866769956
0x8d09588cc32478336ec465d6f2d01f6e948c42f5,50934202,SELL,2492.08070853,0.0044372724
0xe08a3a48ab491764d1cfec1f5e869a8a7fe4ff18,50934202,SELL,2492.07851280,0.0042180449
0x3928f1889771870cca2ae3e7885e1b3b5e9e177a,50934202,SELL,2492.07749702,0.0042944270
0xd494a67630c76dc3e46ff2430f7b24f7383c942a,50934202,SELL,2492.07528011,0.0043822268
0x79f15a4c23ab7e71839a5c511637519ab5f11b8b,50934208,BUY,2494.90465427,0.0000880915
0x83ac83ae6a86f97a000c391a30ba13807d0708e6,50934209,BUY,2494.90603833,0.0205910660
0xdd0655e7ad2e1047758e96b6b51b30909e6f33ea,50934209,SELL,2492.41138197,0.0232537929
0x407a4d852584faecb4df23136414b9fa42c2a8a6,50934210,SELL,2492.40342814,0.0399896385
0xcaa0702fc971e7285d02a595b9cc6d5adbfcc6de,50934216,SELL,2492.39043486,0.0649558800
0x0f014545de76a29892b9319e5a4123b28299f33b,50934228,SELL,2492.38006984,0.1387403652
0x39a78508f7904733ad92dad58415a8ee1885b617,50934230,BUY,2494.85933276,0.0194870698
0x98429db1fd151c025d5216329dba970d2891eecc,50934250,SELL,2492.31700623,0.0041607247
0xc5863c240e35b607b8fb01c8f46e3d68d0cf5eb8,50934265,SELL,2492.23059111,0.2250000000
0xddddd40c0fcdd0d670cbc8a0dfe79a03e19eaf24,50934278,BUY,2494.71739858,0.0000086391
0x472c54e449120706f5a71db22fbde22b551a91aa,50934280,BUY,2494.71541631,0.0000283175
0x9e829cbe8ace28fd4bcf30a2f57cba3246a2380f,50934285,SELL,2492.19698958,0.0040326170
0xfc1919ea4fed965cae7461335397ea9623f3dd4d,50934287,BUY,2494.69117974,0.0000905571
0x54e2acab04c89a3fe02852bf8dd69ee8f526bc75,50934289,SELL,2492.18515793,0.0000802505
0x501ef174b66883ba40f92e6fb24bfb49331d4d4c,50934297,SELL,2492.19660772,0.0000802505
0x501ef174b66883ba40f92e6fb24bfb49331d4d4c,50934297,SELL,2492.19659561,0.0001765511
0x501ef174b66883ba40f92e6fb24bfb49331d4d4c,50934299,SELL,2492.19496429,0.0130500609
0xb84814aed3938adec990da3e8cb4ffa2ceab2704,50934299,BUY,2494.68819704,0.0006634392
0xb8d0ece4f1a6ee421e90a8d6a38498b34d28261c,50934300,SELL,2492.19141274,0.0163077053
0x05854d0c70d2f696fb3d9c0863100956b795e2ff,50934302,BUY,2494.68455527,0.0009837420
0x501ef174b66883ba40f92e6fb24bfb49331d4d4c,50934313,SELL,2492.18965096,0.0001203761
0x54e2acab04c89a3fe02852bf8dd69ee8f526bc75,50934321,SELL,2492.18647179,0.0002338858
0x79f15a4c23ab7e71839a5c511637519ab5f11b8b,50934328,BUY,2494.69713756,0.0001922157
0x41cf03853f05eadf9b151dcb97349e1df0cb3888,50934340,BUY,2494.71102007,0.1199539536
0x297773a41e7ece247dbf1f01ea99863924a76a0f,50934342,BUY,2494.84725649,0.7227500539
0x1278c1e48e3c9548a5d9f2b16dc27ed311b0697c,50934347,SELL,2492.44392291,0.0001203638
0x1278c1e48e3c9548a5d9f2b16dc27ed311b0697c,50934362,SELL,2492.44301932,0.0066515691
0x12c51473ecec31920552b2cefc96f7c3ccf1dacd,50934369,BUY,2494.97958976,0.3418415876
0x83681c14770b44361e21faf91d8325423365ea5c,50934393,BUY,2495.06138253,0.0000069970
0x37cd2fe5816bb366194eaa66b137aa459c28b5cf,50934394,SELL,2492.52318409,0.0401002930
0x37cd2fe5816bb366194eaa66b137aa459c28b5cf,50934401,SELL,2492.51310087,0.0400986025
0x54e2acab04c89a3fe02852bf8dd69ee8f526bc75,50934406,SELL,2484.54284259,0.0000000640
0x048ef1062cbb39b338ac2685da72adf104b4cef5,50934408,SELL,2492.35206014,0.0000049836
0x54e2acab04c89a3fe02852bf8dd69ee8f526bc75,50934408,SELL,2492.50749880,0.0015681509
0x88776fbd991c76aae24e12da906e47fc8be7aab2,50934427,BUY,2495.00258651,0.0010553913
0x9a8a709e81875305aead4b13db4e5263bd65a483,50934430,BUY,2495.00413062,0.0122272142
0xf2d1aff8a41cdef7e06c8443866124184c3ef527,50934451,BUY,2495.03504264,0.2336077987
0xf2d1aff8a41cdef7e06c8443866124184c3ef527,50934456,BUY,2495.08421514,0.1569003189
0x4fc08b528b0880d5e6ff99646565d8cc1438d1ac,50934478,BUY,2495.17376062,0.5542132776
0xf2d1aff8a41cdef7e06c8443866124184c3ef527,50934479,BUY,2495.27386385,0.2406633130
0xdd8fe2d09f526062bfdab452bf76a2682ae97d93,50934479,BUY,2495.32687622,0.1803370950
0x79f15a4c23ab7e71839a5c511637519ab5f11b8b,50934482,BUY,2495.35084645,0.0000640551
0x833ca4cd8e5d5bc0222845b3828cd3dbdf28e204,50934505,BUY,2495.35592324,0.0501545871
0xad58d92a036b8ae55501c24573c93b24b00b883c,50934507,BUY,2495.36722170,0.0395740543
0x2c21a908ac7183ac6fa3e24006e3a44253ab1149,50934511,BUY,2495.37430134,0.0162686600
0xa690a888b4ddb107c90ba1ffce376898b8f9e362,50934520,BUY,2495.45243950,0.3374404123
0xf2d1aff8a41cdef7e06c8443866124184c3ef527,50934521,BUY,2495.55698474,0.4926058101
0xf2d1aff8a41cdef7e06c8443866124184c3ef527,50934521,BUY,2495.63428868,0.1211078720
0xa7638c2f66102ac036930b5c1f9723f170942159,50934522,BUY,2495.66584334,0.1293925514
0x38c5b44829beacf7eaa608f7f7bc833603394aae,50934522,BUY,2495.88181043,0.8108522709
0x8a0f7342d8da780662ea365e045f874a3f882790,50934523,BUY,2496.01164764,0.2197114903
0x9e10496618700907928e4a7507cad90f5588ccb8,50934531,BUY,2496.14986931,0.1325814135
0x048ef1062cbb39b338ac2685da72adf104b4cef5,50934532,SELL,2493.55621555,0.0000049836
0x00000000fe446d870f28bb6e2e58781056cdf5e1,50934537,BUY,2495.25673809,1.1203380856
0x12c51473ecec31920552b2cefc96f7c3ccf1dacd,50934541,BUY,2496.21336713,0.0284727191
0x476f05ab3eeb2c3abf2ff1af09afa7b81615cd6f,50934544,BUY,2496.30560534,0.5754204433
0x9d18d8333b7a7ed78163191b8091aad2e165ea33,50934545,BUY,2496.51219328,1.0639627402
0xb3262ecf113f7c46f9e81428ace9a97f0c8cb89a,50934546,BUY,2496.67651788,0.2398904002
0xa4a2fdc97be920078ab762fd8e7043991f0f590c,50934562,BUY,2497.16814437,0.1333846068
0x048ef1062cbb39b338ac2685da72adf104b4cef5,50934570,BUY,2497.18896065,0.0002175474
0x54e2acab04c89a3fe02852bf8dd69ee8f526bc75,50934574,SELL,2494.55965265,0.0000049836
0x269f8496fe5f1e9af9835ec8e12f8ce906d44427,50934576,SELL,2493.90279873,6.2616941422
0x01371abdd27497d2d992744398ef339e3a6da535,50934576,BUY,2496.96547158,0.5418828604
0x39c30ab9da0edfd7ef2e293714ae69b9b6cb0d68,50934583,BUY,2497.15669277,0.9749680379
0x501ef174b66883ba40f92e6fb24bfb49331d4d4c,50934588,SELL,2494.77832974,0.0000400673
0xf2ba261efaf6265a2578411dd53e27186311ea0f,50934589,BUY,2497.46880027,1.5004952096
0xecf5dc30b0ef11049962fcfbaa88c347338a96af,50934592,BUY,2497.88552561,1.5204673369
0x000000007ea09f689dc3c6bf5886306e7dbb1f38,50934594,BUY,2496.65927436,0.9874984177
0x29e619b6006a97403990cc7da76bf23cf98aa2fb,50934594,BUY,2497.40286376,4.9107952609
0x6882e7a59f7ff5592570f2485e457b79f6b52561,50934596,BUY,2498.19685799,0.3378796576
0x3729e20e2ef9bda86daecf814d5e022c6786150f,50934599,BUY,2498.27780955,0.3085573690
0xe78703fb1be73f268f0e0624b1a76726ab05a36b,50934600,BUY,2498.63549487,0.4538980417
0xe96b3198ed56aa328cf28ad4ab6e5a356634bfb2,50934600,BUY,2498.88351023,1.5092223097
0x833ca4cd8e5d5bc0222845b3828cd3dbdf28e204,50934609,SELL,2496.57264646,0.0247500000
0x73b24c4328ff37a923b0e33b5dabc1fe457d0f41,50934612,BUY,2499.28798149,1.7405904531
0xc35867873cc8e58c5890abd56af99f9e3808d3a8,50934615,BUY,2501.00297623,11.8046674281
0xb00c92c47d4ec2afb57ce8a70d881394f9335c31,50934616,SELL,2499.99975631,0.0128778165
0xf026c816f61166f7ce96c8c132897f341f6ec1b9,50934617,SELL,2499.99706942,0.0009436991
0x048ef1062cbb39b338ac2685da72adf104b4cef5,50934618,BUY,2502.16874390,0.0031053062
0xed5fb4030526688553fb1458258b0046f70364da,50934619,SELL,2499.66505051,0.0198000000
0x8cc5fe07c18bddf12a7b0639a8e912e1e34e7523,50934620,SELL,2499.65621215,0.0498172470
0x13b63a4b9039886673f1e2f918dd8e1d31749099,50934620,SELL,2499.64711993,0.0214696481
0xf3cfecc7a7e986e271932ef24406de4aee02442c,50934621,SELL,2499.64170695,0.0212965014
0x1278c1e48e3c9548a5d9f2b16dc27ed311b0697c,50934627,SELL,2499.57871210,0.0000049992
0xb189127e73de1316404fb633c7bf1a9d1659f679,50934629,SELL,2499.47633454,0.4562604779
0x83681c14770b44361e21faf91d8325423365ea5c,50934633,SELL,2499.36986147,0.0001238300
0x4e4995d4c89e85bcfa8f6edc9e60807cdc9c6b02,50934638,BUY,2502.10772317,1.6273109128
0x572e13d4c82160a5e34fc01ef408e450c299f6b3,50934641,SELL,2499.57035408,0.3017776074
0xcc1312ef7cc2896c503fa7bb2b2615db253f89d0,50934641,BUY,2502.10397195,0.5541723727
0xccb34ab224c251115bafe4b2a72655a451adfa89,50934643,BUY,2502.24096378,0.5212643430
0x923609e48e0c88606cc2d774f0f916e52371c1f8,50934644,SELL,2499.78543058,0.1592011511
0x84cce49dce6961f98fabb994e1a90a449a6bd817,50934644,SELL,2499.75561775,0.0751521623
0x6b02858bad7fe44c67595f09645cd31d4fa3a481,50934649,SELL,2499.72560364,0.1608619324
0xbb0e31d765ee8bd8982d3750e36aaf84d5ff0e9c,50934650,SELL,2499.91273162,0.0068326645
0x37cd2fe5816bb366194eaa66b137aa459c28b5cf,50934651,BUY,2502.41888497,0.0399613353
0x7d916d905e55afd7912a76c1782e992e05156dd4,50934652,SELL,2499.91215152,0.0787457243
0xf1e7bf1fe8e1a1c0a636544aecf12af5314ab91d,50934659,SELL,2499.89752836,0.0003842650
0x92985e9b2b49cf23a58b04756eb06fcfdebb0998,50934663,BUY,2502.20925247,0.1062735603
0x92985e9b2b49cf23a58b04756eb06fcfdebb0998,50934663,BUY,2502.22473192,0.0151823210
0x1278c1e48e3c9548a5d9f2b16dc27ed311b0697c,50934664,BUY,2502.22675338,0.0007952916
0x8cc5fe07c18bddf12a7b0639a8e912e1e34e7523,50934685,SELL,2499.64357885,0.0497882398
0x3fa4f05df40e36965e1a4756d3369b6802ed900d,50934689,BUY,2502.13900179,0.0017584954
0xc550e73a39aaba568179579b9a1f8020ca376fcd,50934691,BUY,2502.14051331,0.0098633094
0x28865081bc479bdeafd226d5eb99669005972d59,50934691,BUY,2502.15576668,0.0000347800
0x83681c14770b44361e21faf91d8325423365ea5c,50934701,SELL,2499.63169350,0.0000897408
0x69495fcd324ffc2f7410cd20303b04d0f079adb0,50934701,BUY,2502.18846064,0.3668939740
0xb1ccf0bf26c0468854c514ec3a649d34041242cc,50934702,BUY,2502.49396501,2.0311349278
0xab770ddce9a1d7773a5cafa8d6fba75aaf5789be,50934702,BUY,2502.93219660,1.4080557998
0x25340950b42bfe2696e35bc69854fdd706d041aa,50934702,BUY,2503.12196521,0.0808855644
0x7d916d905e55afd7912a76c1782e992e05156dd4,50934702,SELL,2500.61972723,0.0787342141
0x064f67ad36c1bb20dd629f1a2378df168cece705,50934705,BUY,2503.96304821,0.0000501557
0x8cc5fe07c18bddf12a7b0639a8e912e1e34e7523,50934708,SELL,2501.44175449,0.0497882398
0xbb0e31d765ee8bd8982d3750e36aaf84d5ff0e9c,50934710,SELL,2501.20049184,0.0219948553
0x79becea900ad52da8ce83f721198afb24e4acd54,50934710,SELL,2501.19371512,0.0314828858
0x0bd8fe0aee1a9f2270ea3a969f84aa0f75c80dd6,50934710,BUY,2503.69328031,0.0027021469
0x9695d4c038e7882dc26ed7d7661a3e6dd09c5e48,50934711,BUY,2503.73167493,0.2447540346
0x6fc0ce28d7b077bd7ef13f63b4a8712b0aa759a9,50934712,BUY,2503.99624219,1.8399264138
0x13b63a4b9039886673f1e2f918dd8e1d31749099,50934713,BUY,2504.23479980,0.0396933782
0x83f3eb771147b5fe6a789ebd372e07ca3550a121,50934713,BUY,2504.28996094,0.3949202259
0x3fa4f05df40e36965e1a4756d3369b6802ed900d,50934716,BUY,2504.51108746,0.0087841496
0xecf5dc30b0ef11049962fcfbaa88c347338a96af,50934716,BUY,2505.15294427,0.9175707261
0x6b02858bad7fe44c67595f09645cd31d4fa3a481,50934717,SELL,2502.90270224,0.1607267628
0x6fc0ce28d7b077bd7ef13f63b4a8712b0aa759a9,50934718,BUY,2505.48806738,0.7950202142
0x29e619b6006a97403990cc7da76bf23cf98aa2fb,50934718,BUY,2506.26726991,5.3120137241
0x292c08946571c600032912a7268ce5387139ec70,50934718,SELL,2504.34276916,0.7878995824
0x8a0f7342d8da780662ea365e045f874a3f882790,50934719,BUY,2506.65491707,0.8894249774
0x32ced4117c48afcd3e2828cc88ce6f9bbfce8730,50934719,BUY,2506.84515223,0.5851681324
0xc355e5fba139aef25474606d4c204c4969fe08a0,50934723,SELL,2505.71425512,0.0398096698
0x0dc2c93d013b0f08c783864baa80d3bd7824bbcc,50934725,SELL,2505.70902111,0.0007299188
0x88776fbd991c76aae24e12da906e47fc8be7aab2,50934727,BUY,2508.20007370,0.0010483801
0x0e64c1a21ead7315ca86def9240126d98398c7c8,50934727,SELL,2505.68618953,0.0001514958
0x87bbf20b6789a63fe5c6a4ea0d133bb8a4bdf329,50934727,SELL,2505.69176434,0.0037004811
0x1278c1e48e3c9548a5d9f2b16dc27ed311b0697c,50934728,SELL,2505.69023495,0.0007981773
0x87bbf20b6789a63fe5c6a4ea0d133bb8a4bdf329,50934729,SELL,2505.69045302,0.0001657140
0x47e2b89f0f5584208f238ed3752ebceea7aa3869,50934731,SELL,2505.68718256,0.0308108891
0xf33813e34271cf05f166ea2e9158169188c3db0a,50934731,SELL,2505.68005667,0.0243409536
0x2d1a4fa8d3c37208fff505b7ea74cfd22d1c88ec,50934732,SELL,2505.67689716,0.0001781431
0xf2d1aff8a41cdef7e06c8443866124184c3ef527,50934733,BUY,2508.25301053,0.5307214844
0x5fde55831ac21ea7152dcdebaa9945f33acce37d,50934741,SELL,2505.75788163,0.4340380405
0x01b6f8f39d2fb390106c82f857ca2ba24a1f665a,50934743,SELL,2505.66447486,0.2904419679
0x3771796e0efc652a5355708a49a3911ad6c940bd,50934746,SELL,2505.61451846,0.4085530306
0x7d916d905e55afd7912a76c1782e992e05156dd4,50934751,SELL,2505.54777411,0.0491937301
0x292c08946571c600032912a7268ce5387139ec70,50934752,SELL,2505.29474843,0.7876551313
0xc79f515c1bfb71a7b30832564c84664edc2c4c67,50934753,SELL,2505.18027330,0.1004743446
0x8cc5fe07c18bddf12a7b0639a8e912e1e34e7523,50934761,SELL,2505.08740690,0.0497695169
0x83681c14770b44361e21faf91d8325423365ea5c,50934775,SELL,2505.05588508,0.0000206514
0x1fa1695a542f78f99e4bdd3f158e6888abfd1ff9,50934776,BUY,2507.60833699,0.1579193984
0x2d7d7be64c95c988cfc4f1ec8339e11c7f465fb4,50934779,SELL,2504.73798432,2.0358424394
0xdc24797cbe22b41c6febfbe02d530b7604f63343,50934779,SELL,2504.41796986,0.4478893246
0x24685228473d95afb898446886b8d97882ba0368,50934781,SELL,2504.03822315,2.5002021004
0x1a8f856372f1c06baab77d2a78ae7314f4b0131e,50934782,SELL,2503.49033677,2.0915702733
0x1fa1695a542f78f99e4bdd3f158e6888abfd1ff9,50934782,BUY,2505.75006034,0.1580365122
0x1fa1695a542f78f99e4bdd3f158e6888abfd1ff9,50934782,BUY,2505.79021513,0.1580339797
0x97cdaac2f4c19a21134906d0c73dbae007b54da4,50934785,BUY,2505.82255416,0.0964975232
0x048ef1062cbb39b338ac2685da72adf104b4cef5,50934785,SELL,2503.18818734,0.0000049836
0xc5d3a766cd59a961c7a476f6099830eb217868fd,50934785,SELL,2502.85847170,0.3016580500
0x421d2a37991e2e32ba38e518787020916f0e5656,50934786,SELL,2502.76176695,0.4608842900
0x2ff77cd44ccd4eb7d0b51800cddc8512085ec6dc,50934786,BUY,2505.20876305,0.0007755122
0xc51f7bbb5a6013fb3a10e168f4b096ce4d0179e1,50934786,SELL,2502.65412764,0.3894899376
0xd8b9ffbed843a4c5a426bb9139a4461977f4834a,50934786,SELL,2502.37447923,0.3688258011
0x97cdaac2f4c19a21134906d0c73dbae007b54da4,50934790,SELL,2502.31516162,0.0990000000
0x96c10db3d006b6e549796901faa83c67e4d54c96,50934796,SELL,2502.28169697,0.0330000000
0x9b3df1109cd696f08eeda860c6d5da56d3da2daf,50934800,SELL,2502.24134969,0.2852500000
0xeda6970323c15d5111f07ca3a6d71738d2e6074b,50934801,BUY,2504.71707670,0.0614237937
0xb028328b11efc1fa2d34dee27930e77ba62b6ce4,50934804,SELL,2502.14461890,0.6006940569
0xb3fbd712468a56d3b1e37b9fa55fe464c5d59048,50934806,SELL,2502.03346049,0.2761867289
0x91840e7c19d4d74a7c41450689b40164d101899c,50934808,SELL,2501.91887672,0.6278043703
0x501ef174b66883ba40f92e6fb24bfb49331d4d4c,50934810,BUY,2504.34378141,0.0059895930
0x41d0098cd9966c1b313f3a57c6b960bac96a42ad,50934811,SELL,2501.78010346,0.4790799952
0xce1e0bb1752fd40c5d4a0e57dce0f6592a2d0050,50934812,SELL,2501.64097789,0.6186832678
0x24bc615e30d59506b4b417d0d5bc4de8c6b29d8a,50934815,SELL,2501.56218308,0.0030872221
0xdfeb50f97bb6a660697849ac13645e2e26cc4915,50934817,SELL,2500.92775669,5.0005639217
0xdb88cb1b11d1656a8407cd5e3e6d381d9008e7a1,50934817,SELL,2500.24550559,0.3777449042
0x833ca4cd8e5d5bc0222845b3828cd3dbdf28e204,50934820,BUY,2502.78314633,0.0241374236
0x501ef174b66883ba40f92e6fb24bfb49331d4d4c,50934824,SELL,2498.83143636,0.0000000972
0x2ff77cd44ccd4eb7d0b51800cddc8512085ec6dc,50934828,BUY,2502.78725725,0.0008184547
0x4e4c17520557e4a25bade5eede996d747c6a6ac3,50934834,BUY,2502.82953702,0.3396156180
0x00f4de14dea0f3c007b6cd860dca156b8613261b,50934842,BUY,2502.87347943,0.0542966179
0x824abda7e8bfcf47c543761c50bc7bf6756deda9,50934844,BUY,2502.88091759,0.0025733841
0x00f4de14dea0f3c007b6cd860dca156b8613261b,50934845,BUY,2502.88664773,0.0423823560
0x000000c557fa9a96d66cd6371abde62d879d0e61,50934847,SELL,2500.09011884,2.3623433849
0x00f4de14dea0f3c007b6cd860dca156b8613261b,50934848,BUY,2502.29688251,0.0367167528
0x956f9835ed55f501d7583a9c27bf2645526ca155,50934861,BUY,2502.36923486,0.4873177867
0x0554952d82f78e8a8d2c70eec9960e2be2fb7c41,50934863,BUY,2502.56459574,0.0000385552
0x05d8fa8346470be95c8fa94300ccb313c0775c6c,50934863,BUY,2502.63125096,0.6792850522
0x453a437a3a8825f2bf5b41b5090956e3a73dd670,50934865,BUY,2502.73910633,0.1698139446
0x37cd2fe5816bb366194eaa66b137aa459c28b5cf,50934867,SELL,2500.25345759,0.0400022125
0x4337002c5702ce424cb62a56ca038e31e1d4a93d,50934872,BUY,2502.79810590,0.0000023230
0x4e6b3095737fa1f80d4a95b1619d302e5bfef333,50934875,BUY,2502.75926825,0.0688165067
0x5df1bc5ef8f26688704288b5567c90927774f2fa,50934881,BUY,2502.93937060,0.2002039861
0x73eb6ecccda9cb7ca639091ab2bcbbfc915d0491,50934882,BUY,2503.14697955,1.4338541653
0xa80e23adddb68c531caeadae442c41cb80338845,50934882,BUY,2503.43667907,0.8459923164
0x8fa3386ec2c1519f7b99dceb75271c2b09601645,50934882,BUY,2503.59076285,0.3664380831
0xc88455b47d70ebd7b28ca8d4ddbffe5cc564d532,50934887,BUY,2503.64085304,0.0276444107
0x501ef174b66883ba40f92e6fb24bfb49331d4d4c,50934889,SELL,2501.14072916,0.0039652075
0xde5986dfc51eaef49cb184ad84ca16bbd17ccb02,50934890,BUY,2503.64396759,0.0040705512
0x7c5b52af457af05c0ce6cb3c50999a71bb27246e,50934898,BUY,2503.66165440,0.0648339622
0x1da346e81f1f004e16095684f52b7101dd242143,50934902,BUY,2503.67051412,0.0000167666
0x12c51473ecec31920552b2cefc96f7c3ccf1dacd,50934911,SELL,2501.14215756,0.1942904555
0xd39e7e1a967e8a74952a535268015cc81590854c,50934913,SELL,2501.10373072,0.1085498013
0x824abda7e8bfcf47c543761c50bc7bf6756deda9,50934916,BUY,2503.59449115,0.0005242175
0x554a02baa3074062c4262c0b998db596dd6ab9e2,50934920,SELL,2500.77156524,1.3294691911
0x653dcf7edc6adb1e744e25d13d931dd6da8885dd,50934924,BUY,2503.70969372,4.7575137512
0x37cd2fe5816bb366194eaa66b137aa459c28b5cf,50934950,BUY,2504.96301585,0.0399207491
0xb3fbd712468a56d3b1e37b9fa55fe464c5d59048,50934959,SELL,2502.45062338,0.1034712460
0x91840e7c19d4d74a7c41450689b40164d101899c,50934960,SELL,2502.40262615,0.2576217609
0x010b50e397bc25e207a0d1b67199fcf677221403,50934979,SELL,2502.24960514,0.0000058795
0x89ac7d20e62457e27cafd3ff79df37465220d785,50934980,SELL,2502.25399622,0.0000114808
0x89ac7d20e62457e27cafd3ff79df37465220d785,50934982,SELL,2502.27927439,0.0000091864
0x5e250d294bc7dffbaa8213eb5d37b18c6994583f,50934985,SELL,2502.33131313,0.0019800000
0xce07c04fa7ab005dcbe67ad3107adca2932d3c28,50934987,SELL,2502.29194174,0.3122417644
0xf04a2505afb967a1b4f43304e17994e94bdc13a1,50934987,SELL,2502.22525848,0.2137500000
0xd8ae31b058be9410290287bf5dccd4a1dd215e20,50934988,SELL,2502.18071497,0.0000541436
0x1278c1e48e3c9548a5d9f2b16dc27ed311b0697c,50934988,BUY,2504.71424546,0.0000308454
0x26f268ebea7d5eb6d478f9bf57a9c7c7bb47f490,50934993,SELL,2502.19560606,0.0198000000
0x0f014545de76a29892b9319e5a4123b28299f33b,50934994,SELL,2502.19270216,0.0012485989
0x36932bcbfbe11876a0c639c449ba03442be0c981,50934995,SELL,2502.19250000,0.0020000000
0x0f014545de76a29892b9319e5a4123b28299f33b,50934997,SELL,2502.17475366,0.1384971024
0x1278c1e48e3c9548a5d9f2b16dc27ed311b0697c,50935009,SELL,2502.15697414,0.0015713255
0xdbbaecb171a4788a3e750b78ba2db906ceb9a68f,50935020,SELL,2502.10831550,0.3824588840
0x88776fbd991c76aae24e12da906e47fc8be7aab2,50935027,BUY,2504.56395511,0.0010484436
0x0dfa768499c331acbd6df31887eca6f5860fbd6f,50935027,BUY,2504.56461564,0.0004645590
0x9972f4c1e53b5eeb9e2630a7dddb5d5bfbcac451,50935027,BUY,2504.56572502,0.0003493360
0xb143f6ca55358fac056eca7ac1a228a1f018b048,50935029,SELL,2502.02222867,0.3003784181
0x125b5522842130403926fe4f5fc6efca8511070f,50935036,SELL,2501.98161616,0.0198000000
0x433700890211c1c776c391d414cffd38efdd1811,50935046,BUY,2504.95049505,0.0000023230
0xe9a0da4806312550fa8d519b362420618d5f0c64,50935052,BUY,2504.48318604,0.0004878739
0x4337001fff419768e088ce247456c1b892888084,50935054,BUY,2504.95049505,0.0000023230
0xffaab7fbeae5fe5866836889fc1511f193866922,50935059,SELL,2501.96670707,0.0990000000
0xffaab7fbeae5fe5866836889fc1511f193866922,50935060,SELL,2501.94160606,0.0990000000
0xf2ba261efaf6265a2578411dd53e27186311ea0f,50935079,BUY,2505.22045359,0.9964920538
0x0d96c15ad1333697b7d66b3ab681df310c509800,50935080,BUY,2505.37929600,0.2541623837
0xd03e81c73c2964d4b31ef0ac771821d0e9a87152,50935083,BUY,2505.51297050,0.7982397312
0x62620716c8c261e6cb147d850e8a42c757e57031,50935087,SELL,2503.10875279,0.0043810294
0x26518093c74f6a4f49900d267acb8db04c409614,50935089,BUY,2505.70407532,0.7148922846
0x0b3730126d940bdd9d30c3ef9d8d0e7d9d5742c4,50935089,BUY,2505.85239595,0.4525905097
0x52f9609e3a6e1897db00fc6e9adccb9ed00d1cb5,50935090,BUY,2505.92380588,0.1094363142
0x56995cbbcb598acfd40f053c7ddc48f4c97a294f,50935092,BUY,2505.99795559,0.0052303315
0x9f6079682730667463070d6a4c928efb065189fe,50935096,BUY,2506.13990732,1.1100115089
0xa3c79410b2f917246f300d9b4ef1ac251907c1c1,50935096,BUY,2506.43107120,1.1536416390
0x55c87f0ddb520ce472bf0df7dc4237f2370f0bf0,50935097,BUY,2506.60700202,0.2102461549
0x094b9da660674ae8abfed5642ae51f2bc61faacd,50935097,BUY,2506.65549951,0.1657121097
0x6882e7a59f7ff5592570f2485e457b79f6b52561,50935098,BUY,2506.86743583,1.4770661991
0x8ffb79b744784c37db2da4c98c35061ab20ddb7c,50935101,BUY,2507.15534803,0.0006399560
0x54e2acab04c89a3fe02852bf8dd69ee8f526bc75,50935102,SELL,2504.64743851,0.0007985156
0x1278c1e48e3c9548a5d9f2b16dc27ed311b0697c,50935108,BUY,2507.15448524,0.0025939223
0x048ef1062cbb39b338ac2685da72adf104b4cef5,50935109,SELL,2504.64739773,0.0007985156
0x256308805fe2c8e6cf6f4154ef97e69f4d0ee1bc,50935112,SELL,2504.64747057,0.0038266635
0x54e2acab04c89a3fe02852bf8dd69ee8f526bc75,50935120,BUY,2507.15502053,0.0005561658
0xa971283289448b30188cec3f0e60ad92322e4970,50935123,BUY,2507.17905408,0.1968785162
0x1278c1e48e3c9548a5d9f2b16dc27ed311b0697c,50935131,BUY,2507.20469640,0.0005894253
0xcf57bfbc6e4acda88147634148ab17cbbe875ee4,50935132,BUY,2507.24140216,0.2850891292
0x98b199b64b46a67e99700729b42cc4c252f7c190,50935132,SELL,2504.77110322,0.0033874017
0xa6361d9bf40dbaa3ee11326cb56a524dba930521,50935137,SELL,2504.73031567,0.3138303390
0x694caa827d1bd3edd2cfbbd06131e17a6013dd74,50935139,BUY,2507.24623013,0.3857383265
0x641d2511dd2a61913d85ac11dd6add8ca8ddaf93,50935144,BUY,2507.51354712,0.0002093708
0x1278c1e48e3c9548a5d9f2b16dc27ed311b0697c,50935150,SELL,2504.99906596,0.0000888531
0x1278c1e48e3c9548a5d9f2b16dc27ed311b0697c,50935156,SELL,2505.00000000,0.0000010000
0x00009cd4de704a36a9059cbb6ed7ebd7ee83b359,50935161,BUY,2507.51157991,0.0009233377
0xde95c510d7dcf69e8b7849c646f36e2b9986dbd5,50935166,SELL,2505.00016517,0.0286005362
0xb30549b3cf21f944456bf21ba8d08c560f75c73c,50935169,SELL,2504.59549722,0.0958310690
0x30d6ffc0b6c6173f57478d5102da0df63f37cad7,50935171,SELL,2504.09484611,0.6521436928
0xf2d1aff8a41cdef7e06c8443866124184c3ef527,50935171,SELL,2503.93577257,0.5829123251
0xa971283289448b30188cec3f0e60ad92322e4970,50935171,SELL,2503.82333312,0.2901562500
0x5d5a8fcdf2936bd18da682bc060255bf669c6e36,50935171,SELL,2503.69672418,0.6941086687
0x54e2acab04c89a3fe02852bf8dd69ee8f526bc75,50935171,SELL,2503.52741046,0.0000086658
0x01820f2db005353c2742d5df433968a93076a18b,50935171,SELL,2503.59904266,0.0711546749
0x92c6046df012c9cab77c01a6a9528daf12bd512d,50935172,SELL,2503.53965257,0.3972000000
0x8390618bc761431a266eb7b2d54c2290c57c653f,50935184,BUY,2505.86489108,0.0003511762
0x048ef1062cbb39b338ac2685da72adf104b4cef5,50935184,BUY,2505.88954257,0.0000156551
0xd38e3e8d02c72bee07c233a813f6a2fc1269d06e,50935194,BUY,2505.86883712,0.0306879589
0xb143f6ca55358fac056eca7ac1a228a1f018b048,50935196,SELL,2503.34172576,0.2031182370
0x501ef174b66883ba40f92e6fb24bfb49331d4d4c,50935201,SELL,2503.31477375,0.0000206590
0x5e250d294bc7dffbaa8213eb5d37b18c6994583f,50935207,SELL,2503.31515152,0.0049500000
0xb119dede891491eb2b8645efb2e382502cc33844,50935208,SELL,2503.31360359,0.0082028536
0x37cd2fe5816bb366194eaa66b137aa459c28b5cf,50935226,SELL,2503.30738494,0.0399534303
0xedae4d1f735dd363edb29f53cd4301b994793474,50935227,BUY,2505.91699334,0.8621232913
0x924e6508bb63128085d658e5851cb86e99a80c91,50935228,BUY,2506.25882375,1.2753687950
0xc659f36ab99193910084405a238435e1ebd582ce,50935229,BUY,2506.50938472,0.0792251057
0xb143f6ca55358fac056eca7ac1a228a1f018b048,50935231,SELL,2503.99995548,0.1067075247
0x9a3a5fe5ae96a355ec7d8ff7d8e8c12eea2078f1,50935232,BUY,2506.70794564,0.7428514041
0xcc1312ef7cc2896c503fa7bb2b2615db253f89d0,50935232,BUY,2506.91444035,0.8577040334
0x501ef174b66883ba40f92e6fb24bfb49331d4d4c,50935234,BUY,2507.03448928,0.0000777644
0x476f05ab3eeb2c3abf2ff1af09afa7b81615cd6f,50935249,BUY,2507.69999070,0.7648182008
0x912ccbce20f38d9121170a5339dfa482530ca317,50935251,BUY,2507.80908658,0.0832922654
0xa4ffcf3273d9e7deb9c50abf2bf2d139b4962214,50935251,BUY,2507.87130918,0.3987445434
0x8f2ad01d5149360fea69dd3fc4d0b28c07ad3e23,50935252,BUY,2507.92352837,0.0049881266
0xfd00b666b130f25c58dbbf14aaa7fe7748af0f3c,50935253,BUY,2507.92476391,0.0045455155
0x0000208d547a446ba9059cbb2cfcfbaead7d3fa3,50935253,BUY,2507.94804994,0.1759383692
0x36a3012b711702fdcb6c02a7738055c2ab6f6842,50935253,BUY,2507.97509462,0.0000921871
0x0a12e60c05c778941e108677231f872af5961eff,50935253,BUY,2507.97519542,0.0340917060
0x048ef1062cbb39b338ac2685da72adf104b4cef5,50935254,BUY,2507.98136062,0.0004618914
0x1278c1e48e3c9548a5d9f2b16dc27ed311b0697c,50935257,SELL,2505.00000000,0.0000010000
0x479b1142b0f43634c6e4598cefd2c2b8a0356d6c,50935258,SELL,2504.88013662,4.5950758792
0x6b63ebbf36a78e0d2161b762e5a5b06dfe5d215c,50935258,SELL,2504.01955177,2.0846261241
0xe8267a1b9e3062cb9d1b1871dde3658d052b25e7,50935259,SELL,2503.68849186,0.4866749390
0x7f8bb4052135e815baf8cc6162df6fe5b9bad4b5,50935263,SELL,2503.05863780,0.0381248384
0x83681c14770b44361e21faf91d8325423365ea5c,50935266,SELL,2503.04669953,0.0001041986
0x1278c1e48e3c9548a5d9f2b16dc27ed311b0697c,50935275,BUY,2505.71445715,1.2265391626
0xaf08bd4510ce37635f8d992832988c20efa520ed,50935277,SELL,2503.36489899,0.0001584000
0x126dbd576d4dfec53261c12ee438bce8156ff239,50935278,SELL,2503.36440398,0.0024448302
0x048ef1062cbb39b338ac2685da72adf104b4cef5,50935283,BUY,2505.87019621,0.0008911076
0x000000c557fa9a96d66cd6371abde62d879d0e61,50935283,BUY,2505.95303564,0.6557944681
0x54e2acab04c89a3fe02852bf8dd69ee8f526bc75,50935285,SELL,2503.53052632,0.0019000000
0x0e6cf8a73068fa75b16d8b03eab9b1e4e0e69d7d,50935287,BUY,2506.10217200,0.0000060636
0xd24b0d03d7a880a1ba03558e5de9bbcb32496a12,50935301,SELL,2503.22865556,1.9800000000
0x12c51473ecec31920552b2cefc96f7c3ccf1dacd,50935302,BUY,2505.62713439,0.0741027535
0x123f4df365891c6189a10365467a68b813e1dd50,50935304,BUY,2505.64139591,0.0057040652
0xd8119b4b10c58a3ffa93ba77f6633344e282036e,50935306,BUY,2505.64315151,0.0084683272
0x12c51473ecec31920552b2cefc96f7c3ccf1dacd,50935306,BUY,2505.65120691,0.0555765318
0x73fd53958b392943da411755ba8cffcd7ccd735b,50935307,BUY,2505.77745173,0.0104614143
0x3504ca9c26e21bb62cf7addba58b51777caa7459,50935310,SELL,2503.27201264,0.0004209183
0x3d46813947f1433f4a1695b464eebe11b645fd4a,50935314,BUY,2505.85568406,0.0001117383
0x59d1373d3a23c0bcb89374916c048b603b52e2f6,50935315,BUY,2505.86944046,0.1081558806
0x048ef1062cbb39b338ac2685da72adf104b4cef5,50935317,SELL,2503.52384684,0.0000039948
0x3ff44cb290f72440e44b345a0d2dc89cdbc9c38f,50935318,BUY,2505.67768897,1.9548717617
0x517781001e0ed9a0817a74e9dbe734236ea6d2e3,50935318,BUY,2505.92720076,0.0099763473
0xd59a679e7f509062556288c6cd2be55afb7305a9,50935327,BUY,2506.14706353,1.7137792987
0xed7403204312156c59d8a423ad15b64507462a58,50935328,BUY,2506.81083880,1.3865761545
0x6882e7a59f7ff5592570f2485e457b79f6b52561,50935328,BUY,2507.01466140,0.1931741100
0x69ec3d00e51f38ed91429c9101fef4e711b5d9a7,50935328,BUY,2507.13387307,0.7307196894
0xeec13a4a32e3225bdbb7b82de2c0128220f13e06,50935328,BUY,2507.25194801,0.1842859763
0x3688b87e0aefc15f62eae1272edc11f7a761bf73,50935328,BUY,2507.30239353,0.2066162631
0xfbd45e17dd91e8ada28bed59ffbae25f9cde80b1,50935328,BUY,2507.41880971,0.6954372533
0xcfa0977b99cc9fb2f0b89d908c8f274da9854e38,50935329,BUY,2507.71180716,0.1842522114
0x2d50c922e0f5872d17041508e12d00ccbce2f893,50935329,BUY,2507.75937516,0.1842487204
0xab770ddce9a1d7773a5cafa8d6fba75aaf5789be,50935330,BUY,2507.88448173,0.1734788716
0x92c6a79f2130144b56f1e0b9ea86b9fc816a6133,50935332,BUY,2508.45560278,0.1841973498
0xf2d1aff8a41cdef7e06c8443866124184c3ef527,50935334,BUY,2510.61497458,0.6688986396
0x4506de02071dcd46a22638aab6cd19e57e252e22,50935337,BUY,2510.98918737,0.8129381569
0x82e1ff9cc4a4b2e323177006fce9b93703930d18,50935337,SELL,2508.56451937,0.0000214908
0xb143f6ca55358fac056eca7ac1a228a1f018b048,50935340,SELL,2508.53863753,0.2994321789
0xc27a2b4bd5b374c3cb3c711e17901628824f8258,50935341,BUY,2511.00881592,0.0007076542
0xa6361d9bf40dbaa3ee11326cb56a524dba930521,50935341,SELL,2508.45477577,0.3135701714
0xf6520607dfbfe078710fc19d93782132ccd18c80,50935341,SELL,2508.19657129,1.5696419587
0x783d0b8c2d5f5b13414370ae64e20a5568f87cb7,50935341,SELL,2507.89322260,0.6431345731
0x048ef1062cbb39b338ac2685da72adf104b4cef5,50935343,SELL,2507.00000000,0.0000010000
0x8bb3e054536e730867eb78151a7ac726d2142182,50935351,BUY,2510.56418265,1.1687427823
0x5026a4ddbfbeaec4994bcb8beec3428f21079b97,50935360,SELL,2508.07518320,0.0034817086
0xa9d1b845fda34c4024b09e8c209600bcbdc2f11a,50935360,BUY,2510.61532728,0.2230528882
0xf04a2505afb967a1b4f43304e17994e94bdc13a1,50935361,SELL,2508.06286860,0.5329687500
0x5516ed96b3745ece95f2f5f9a3b8f9e64bd18c18,50935361,SELL,2507.92627930,0.4634166892
0xa7638c2f66102ac036930b5c1f9723f170942159,50935362,SELL,2507.83731541,0.1855918445
0xa6d8dd68d4b6cad8454155e7cc894de27c9f4710,50935362,SELL,2507.64338480,1.2293408822
0x048ef1062cbb39b338ac2685da72adf104b4cef5,50935363,BUY,2509.99035203,0.0000182383
0xc579c400acbf6894357407a4eb5a5ba3db792624,50935364,SELL,2507.26545931,0.9145002287
0xbb0e31d765ee8bd8982d3750e36aaf84d5ff0e9c,50935370,SELL,2507.13933980,0.0058333347
0x01c1816b1a7ed9a77180d46a8fefdf2e0cf97e9f,50935371,SELL,2506.77598191,2.6305232959
0x456c2b27e23ffdc83139870a6aa1422ac3dea881,50935380,SELL,2506.12926530,0.3198360436
0x824abda7e8bfcf47c543761c50bc7bf6756deda9,50935380,BUY,2508.59765582,0.0002643457
0xf030b30ef7f0c6ed3875bc02539f2457abca1eb2,50935385,SELL,2506.08709310,0.0039476972
0x3d75877b94600ce251ceec80402790d78486e8d1,50935393,SELL,2506.07562279,0.1847613774
0xe27a62f233ceca4e972e9a9f3bdf1bd22292f283,50935400,SELL,2505.96005051,0.0198000000
0xd66b8766449654570c6a94fe9140676fcedb7f48,50935402,SELL,2505.95713114,0.0020071449
0x0f014545de76a29892b9319e5a4123b28299f33b,50935403,SELL,2505.95654597,0.0016361684
0x0f014545de76a29892b9319e5a4123b28299f33b,50935404,SELL,2505.30485779,0.1357019538
0xb8288aff6c95f8aa20fc42f05cc81ab2478f5414,50935406,SELL,2505.28619529,0.0002970000
0xfdb50d7fabea0050251d9b174866b0fc452795dc,50935406,SELL,2505.28619529,0.0002970000
0xf04a2505afb967a1b4f43304e17994e94bdc13a1,50935438,SELL,2505.23218012,0.4275000000
0x6722b2c28d7d299b56a5febedbbe865a84ee0d7d,50935446,SELL,2504.67040966,0.1359679887
0x9edd15584ea85e19bc9ec3f6c8d631198c043818,50935450,SELL,2504.39568619,0.8588470619
0xc518d65b3c1685d1e3198aff60045835598f719c,50935452,SELL,2504.06163516,0.2568043861
0xaa1b272196abc18860d3bee19b731e43e43802bb,50935454,SELL,2503.52386596,0.1482372923
0x0a7385d81b0a7278197cfd8f11f598a51d69a7aa,50935457,SELL,2503.41879643,0.6685695551
0x2779615437a702a0230dcaa4d1ae7e6c38b0cb3f,50935457,SELL,2502.34759958,0.5677609103
0x0d283cbe122d8986cfeefb6c5c0656c40a95beee,50935469,BUY,2504.23793801,0.3927359785
0xf329e0eacc29b2f2b3fe902050331d875dc1a6e5,50935470,BUY,2504.47898723,0.7496910270
0x956f9835ed55f501d7583a9c27bf2645526ca155,50935481,BUY,2504.74700294,0.2768004374
0xa7638c2f66102ac036930b5c1f9723f170942159,50935484,BUY,2505.05287950,0.1660536156
0xb1ccf0bf26c0468854c514ec3a649d34041242cc,50935485,BUY,2505.41550434,0.2392746736
0x769299fbbdb471f971968fd2a62585ab6ce928b9,50935486,BUY,2505.80502792,0.9942519052
0x38c5b44829beacf7eaa608f7f7bc833603394aae,50935487,BUY,2506.00035820,0.5428801758
0x8fa3386ec2c1519f7b99dceb75271c2b09601645,50935488,BUY,2506.09602654,0.2098739703
0x69495fcd324ffc2f7410cd20303b04d0f079adb0,50935493,BUY,2506.27040363,0.1967099142
0x833a479253e77c2f8d129db2aa88a760dd5e4741,50935494,BUY,2506.32467185,0.2243266797
0x55555cfddd37d8d82e06e0de90da9366ca3e31e8,50935500,SELL,2504.01581395,0.0001002554
0x55555cfddd37d8d82e06e0de90da9366ca3e31e8,50935500,SELL,2504.01516460,0.0005000269
0x55555cfddd37d8d82e06e0de90da9366ca3e31e8,50935500,BUY,2506.52385631,0.0004606312
0x55555cfddd37d8d82e06e0de90da9366ca3e31e8,50935503,SELL,2504.00524927,0.0000794140
0x55555cfddd37d8d82e06e0de90da9366ca3e31e8,50935503,SELL,2503.97696637,0.0000191352
0x55555cfddd37d8d82e06e0de90da9366ca3e31e8,50935503,SELL,2504.01523515,0.0007317623
0x55555cfddd37d8d82e06e0de90da9366ca3e31e8,50935504,SELL,2504.01541519,0.0000417821
0x55555cfddd37d8d82e06e0de90da9366ca3e31e8,50935504,SELL,2504.01328191,0.0002210627
0x55555cfddd37d8d82e06e0de90da9366ca3e31e8,50935504,BUY,2506.57192331,0.0000168824
0x55555cfddd37d8d82e06e0de90da9366ca3e31e8,50935504,SELL,2504.00944696,0.0001414068
0x55555cfddd37d8d82e06e0de90da9366ca3e31e8,50935506,SELL,2504.01128483,0.0001882831
0x55555cfddd37d8d82e06e0de90da9366ca3e31e8,50935506,SELL,2504.00693263,0.0000618948
0x55555cfddd37d8d82e06e0de90da9366ca3e31e8,50935506,SELL,2504.00515924,0.0000672163
0x55555cfddd37d8d82e06e0de90da9366ca3e31e8,50935506,BUY,2508.36542407,0.0000003229
0x55555cfddd37d8d82e06e0de90da9366ca3e31e8,50935506,SELL,2503.99982879,0.0000365339
0x55555cfddd37d8d82e06e0de90da9366ca3e31e8,50935506,SELL,2503.92250537,0.0000096708
0x55555cfddd37d8d82e06e0de90da9366ca3e31e8,50935512,SELL,2504.00967826,0.0001452478
0x55555cfddd37d8d82e06e0de90da9366ca3e31e8,50935512,SELL,2504.01288515,0.0002364309
0x55555cfddd37d8d82e06e0de90da9366ca3e31e8,50935512,BUY,2506.58168153,0.0000007608
0x55555cfddd37d8d82e06e0de90da9366ca3e31e8,50935514,SELL,2503.99882382,0.0000196126
0x55555cfddd37d8d82e06e0de90da9366ca3e31e8,50935514,SELL,2504.01285586,0.0003327439
0x55555cfddd37d8d82e06e0de90da9366ca3e31e8,50935514,SELL,2504.01382496,0.0002226154
0x048ef1062cbb39b338ac2685da72adf104b4cef5,50935515,BUY,2506.41321865,0.0019806551
0x55555cfddd37d8d82e06e0de90da9366ca3e31e8,50935516,SELL,2503.90649838,0.0003029498
0x5a90ddde8fc47e6063c63baf06fa374993db6257,50935520,BUY,2506.43888535,0.0000343982
0x55555cfddd37d8d82e06e0de90da9366ca3e31e8,50935520,SELL,2503.90451765,0.0002620535
0x55555cfddd37d8d82e06e0de90da9366ca3e31e8,50935520,SELL,2503.90282164,0.0001701452
0x55555cfddd37d8d82e06e0de90da9366ca3e31e8,50935520,SELL,2503.90280788,0.0001768903
0x433702948d7be4201a2bcee6c349ad807c547a5d,50935520,BUY,2506.81375730,0.0000015410
0x479b1142b0f43634c6e4598cefd2c2b8a0356d6c,50935521,BUY,2505.88343336,2.6751819653
0x55555cfddd37d8d82e06e0de90da9366ca3e31e8,50935522,SELL,2503.70637499,0.0000559335
0x55555cfddd37d8d82e06e0de90da9366ca3e31e8,50935522,SELL,2503.70254368,0.0000541646
0x55555cfddd37d8d82e06e0de90da9366ca3e31e8,50935522,BUY,2506.22955630,0.0000230402
0x55555cfddd37d8d82e06e0de90da9366ca3e31e8,50935522,SELL,2503.69676033,0.0000327032
0x9a3a5fe5ae96a355ec7d8ff7d8e8c12eea2078f1,50935523,BUY,2506.35547208,1.0199883937
0x55555cfddd37d8d82e06e0de90da9366ca3e31e8,50935524,SELL,2504.12219274,0.0013546803
0x55555cfddd37d8d82e06e0de90da9366ca3e31e8,50935524,SELL,2504.11885473,0.0002703917
0x55555cfddd37d8d82e06e0de90da9366ca3e31e8,50935524,BUY,2506.64427863,0.0000606608
0x55555cfddd37d8d82e06e0de90da9366ca3e31e8,50935524,SELL,2504.12040786,0.0000577500
0x4337006f33e2940fcbebd899bf2396117e65df9b,50935524,BUY,2507.09196301,0.0000023286
0x55555cfddd37d8d82e06e0de90da9366ca3e31e8,50935526,BUY,2506.76996155,0.0002781388
0x55555cfddd37d8d82e06e0de90da9366ca3e31e8,50935526,SELL,2504.25774971,0.0001228112
0x55555cfddd37d8d82e06e0de90da9366ca3e31e8,50935526,SELL,2504.25036652,0.0000444983
0x55555cfddd37d8d82e06e0de90da9366ca3e31e8,50935527,BUY,2506.77026244,0.0006199216
0x1278c1e48e3c9548a5d9f2b16dc27ed311b0697c,50935528,BUY,2506.76944755,0.0011525172
0x48aba53ab107f739abf2528b25955e31d698c94e,50935530,SELL,2504.36569492,0.0030511063
0x6f2787e753615c999b5786f49c1a4e2bba9cfeeb,50935530,BUY,2506.93828731,0.5192010687
0x43370146366cfea21302962ae3a558d72bbcc487,50935530,BUY,2507.40027807,0.0000015450
0x43370146366cfea21302962ae3a558d72bbcc487,50935537,BUY,2507.90409566,0.0000023282
0x9d21078cd7c9ffa5443ba27d36498f43a67955a5,50935550,BUY,2507.65929212,0.0001160987
0xa3e26d513cbd41c37b26ed3da5b034a3e1dbdf20,50935551,BUY,2508.17136377,3.9972502772
0x9e10496618700907928e4a7507cad90f5588ccb8,50935551,BUY,2508.77561600,0.6408358710
0x433702948d7be4201a2bcee6c349ad807c547a5d,50935562,BUY,2509.19003070,0.0000023286
0xb28f68b70565478d4e617dfc83322e57d47c0e43,50935563,SELL,2506.34969890,0.0003542080
0x1278c1e48e3c9548a5d9f2b16dc27ed311b0697c,50935569,SELL,2506.31979881,0.0000156776
0x501ef174b66883ba40f92e6fb24bfb49331d4d4c,50935573,SELL,2506.27026464,0.0000036752
0x43370277ecaab8cb1f98622138efc679f9ac3063,50935595,BUY,2508.81327320,0.0000015450
0x05854d0c70d2f696fb3d9c0863100956b795e2ff,50935605,BUY,2508.67401543,0.0056084242
0xa8ed15e2423e0dca3af1505ebd12ebfbd63e14df,50935607,BUY,2508.91801787,0.1841634377
0x0f0067cd819cb8f20bda62046daff7a2b5c88280,50935607,BUY,2508.97557898,0.2357273375
0x769299fbbdb471f971968fd2a62585ab6ce928b9,50935608,BUY,2509.22787591,0.8628700298
0xbb0e31d765ee8bd8982d3750e36aaf84d5ff0e9c,50935610,SELL,2506.83658748,0.0055193957
0xd3a322d12b83df724163131fd5c1d35a9a9b029e,50935610,BUY,2509.89946405,0.2943007613
0x9e8f85e5456e4e2cc27e6ae89cee31aa9b3e76a0,50935625,SELL,2507.47975758,0.0082500000
0xa005d8d19bb166c1263e23d06f697827caa1f864,50935625,SELL,2507.47757576,0.0082500000
0x88776fbd991c76aae24e12da906e47fc8be7aab2,50935627,BUY,2509.80801308,0.0010640846
0x0dfa768499c331acbd6df31887eca6f5860fbd6f,50935627,BUY,2509.80810711,0.0004635884
0xfffff93233905118d37f2cb2117dc2aa5ccf861e,50935628,BUY,2509.80750134,0.0004568307
0xb2c2aee945e086e448b5801a11a6e26b0821f95a,50935631,BUY,2509.81582074,0.0717184100
0x62253fb4b010925674cfb29da811be2c3ad4af42,50935668,SELL,2507.32470634,0.0529352619
0x62253fb4b010925674cfb29da811be2c3ad4af42,50935668,SELL,2507.31711609,0.0024882469
0xbb0e31d765ee8bd8982d3750e36aaf84d5ff0e9c,50935674,SELL,2507.31413693,0.0049031228
0xa317765e7555e1655bc0a0ba40a82a920f2830bc,50935675,BUY,2509.82336786,0.0014999996
0x49c3a4967a772bd484567a816907e2a7fdd2ebbb,50935689,SELL,2507.15273658,0.4073535334
0x3729e20e2ef9bda86daecf814d5e022c6786150f,50935690,SELL,2507.04847281,0.3540667800
0x5d6c7829374e74bc42eeec27ab688cee79925389,50935729,SELL,2506.99732323,0.0198000000
0xdabe43dd061114f1593662f8230acf37d3966721,50935732,SELL,2506.42238861,1.1636693258
0x220cbfd2377a6886e46b7ae8717d9a8e1af5428d,50935732,SELL,2506.21118154,0.3796993681
0x7c40c792f376d2921854faa4c52985b906aae2f3,50935738,BUY,2506.93650919,0.7187120988
0xf2d1aff8a41cdef7e06c8443866124184c3ef527,50935738,BUY,2507.10738957,0.6063341703
0x3e0954d9b32f823aff2f66173ffed5f453dedd93,50935748,BUY,2507.58571228,0.1927311986
0x63234fe39b930741187f7a3c8098b9e2a8d2ed97,50935749,BUY,2507.90526018,2.2840070237
0xc46335fc1b3a4d75c79ac565cfb50565c858f62f,50935760,BUY,2508.20485953,0.0030592031
0xba49c4da38ed3ebc73320b730b21cb8dc4d1541b,50935760,BUY,2508.20575697,0.0019784840
0xffaab7fbeae5fe5866836889fc1511f193866922,50935766,SELL,2505.68528283,0.0990000000
0x05854d0c70d2f696fb3d9c0863100956b795e2ff,50935785,BUY,2508.22087071,0.3150592702
0x242bb3747a903934e8ef52a86cec23183e7c006c,50935785,BUY,2508.26398839,0.0188995968
0x4fea5def78660dec04c6bf26404fba99c7f5e37b,50935790,BUY,2508.26874623,0.0180137934
0x4fea5def78660dec04c6bf26404fba99c7f5e37b,50935790,BUY,2508.31077018,0.0000239596
0xd1f24c0f230ddb1818ae26e1daedd770c2d227fc,50935812,SELL,2505.73151386,0.2477225292
0xf2d1aff8a41cdef7e06c8443866124184c3ef527,50935818,SELL,2505.41567374,0.1161105968
0xb300aa30dd33e1ae849cb69fa23d6ddaf90a69bc,50935824,SELL,2504.62845298,0.0102059182
0xb300aa30dd33e1ae849cb69fa23d6ddaf90a69bc,50935830,BUY,2507.13502699,0.0101953703
0x0f014545de76a29892b9319e5a4123b28299f33b,50935853,SELL,2504.63035449,0.1320882806
0xb28f68b70565478d4e617dfc83322e57d47c0e43,50935861,BUY,2507.12045316,0.0012603806
0xa8ed15e2423e0dca3af1505ebd12ebfbd63e14df,50935866,SELL,2504.57430539,0.3057244500
0xa971283289448b30188cec3f0e60ad92322e4970,50935867,SELL,2504.29498159,0.3989062500
0x554a02baa3074062c4262c0b998db596dd6ab9e2,50935874,SELL,2503.60060350,1.3307106954
0x564af80460f6d4eb1f243e7a4fcf5dfe1ec87faf,50935882,SELL,2503.43020202,0.0099000000
0x54e2acab04c89a3fe02852bf8dd69ee8f526bc75,50935898,SELL,2503.04789673,0.0039951285
0x88776fbd991c76aae24e12da906e47fc8be7aab2,50935927,BUY,2505.50572286,0.0010663097
0xd124ed882cfacea86f0365dd0a883ae194886ab6,50935934,SELL,2502.96969697,0.0009900000
0x500c71a50aee5a134058779075508f94c6f772c7,50935939,SELL,2502.90682371,0.4993848070
0xf2d1aff8a41cdef7e06c8443866124184c3ef527,50935939,SELL,2502.80705313,0.2871553231
0x54e2acab04c89a3fe02852bf8dd69ee8f526bc75,50935961,BUY,2504.77457591,0.0056209589
0x324f94e3877a8847f398caa6105a055f0f390221,50935968,SELL,2502.23943130,0.0007064804
0xba2892966174e3f81388a564029ff48b66d62897,50935988,SELL,2502.14329640,0.8553170380
0x26ad1b14bc398bd341f61d5886756cb674bb7b88,50936019,SELL,2501.76186221,0.9100287927
0x501ef174b66883ba40f92e6fb24bfb49331d4d4c,50936059,BUY,2504.15076193,0.0003241506
0x3482d9a357ba687c57237ec1587e9f7484856f0e,50936076,BUY,2504.15063861,0.0019926729
0x3482d9a357ba687c57237ec1587e9f7484856f0e,50936076,BUY,2504.39441195,0.0000040117
0x83681c14770b44361e21faf91d8325423365ea5c,50936086,SELL,2501.64816270,0.0001600633
0xf694b16941e3bc1f652b952d8fd0978abc656963,50936102,SELL,2501.63573654,0.1229362135
0x86132855106d4381076362988378aecb37bda095,50936119,BUY,2504.12407068,0.0014629283
0x55048e0d46f66fa00cae12905f125194cd961581,50936178,SELL,2501.44707111,0.9000000000
0x0f014545de76a29892b9319e5a4123b28299f33b,50936191,SELL,2501.33110009,0.0101827415
0xcf8440757dae375a9b3fcc99bed74311e8c46b90,50936193,BUY,2503.83332777,0.0019769687
0xcf8440757dae375a9b3fcc99bed74311e8c46b90,50936200,BUY,2503.83382922,0.0019769683
0x501ef174b66883ba40f92e6fb24bfb49331d4d4c,50936203,BUY,2503.83826670,0.0000724468
0x88776fbd991c76aae24e12da906e47fc8be7aab2,50936227,BUY,2503.83527110,0.0010655385
0x0dfa768499c331acbd6df31887eca6f5860fbd6f,50936227,BUY,2503.83595239,0.0004646942
0x2cdddd6478c4bf85127c8bfe76b410092967384e,50936244,BUY,2503.83467834,0.0005010147
0x054f3688a0581bd1fe4839f4138aed23f6c663d7,50936266,SELL,2501.34755143,0.0020118951
0x29ffb0d7339cf7671f2e2fa58d2a446c270db949,50936277,BUY,2503.88813229,0.0000425430
0x901648073264db52846bfdedb4e98b96b48ae3e9,50936298,SELL,2501.19705067,0.7500000000
0x501ef174b66883ba40f92e6fb24bfb49331d4d4c,50936306,SELL,2501.10209269,0.0000799647
0x681eb94c3caa4f002941e40b5bbd9a2d986c090c,50936308,BUY,2503.61293545,0.0619843762
0x1278c1e48e3c9548a5d9f2b16dc27ed311b0697c,50936316,SELL,2501.11778925,0.0000559750
0x5e72ea82e6521736147993fe4e806a16c6359ae9,50936337,BUY,2503.82625925,0.0116118193
0x20176917ec8cc5cbe07aacdffb643870b6879eca,50936349,BUY,2503.90088729,0.0147534278
0x1e3b4f99c749d49ca78849058b00ea71c9729ebc,50936349,BUY,2503.90314015,0.0028170742
0x048ef1062cbb39b338ac2685da72adf104b4cef5,50936360,SELL,2501.39985950,0.0023986569
0xe4c77409f957938c287079b3b14fd441ddc834b8,50936371,BUY,2503.90388210,0.0081663526
0xf2d1aff8a41cdef7e06c8443866124184c3ef527,50936374,BUY,2503.93275016,0.2198078023
0xa971283289448b30188cec3f0e60ad92322e4970,50936375,BUY,2503.98928417,0.2264106223
0x0b3730126d940bdd9d30c3ef9d8d0e7d9d5742c4,50936377,BUY,2504.05675857,0.3061373387
0xc51f7bbb5a6013fb3a10e168f4b096ce4d0179e1,50936377,BUY,2504.14248111,0.3703879580
0x19b712eb6315e83634b9dbfb321493e9767cbbd3,50936377,BUY,2504.22820076,0.3061159929
0x7f7b5b2e96c48cbd47ec257fcc7d284f7b06279a,50936377,SELL,2501.73807641,0.1997122256
0x2d93c2f74b2c4697f9ea85d0450148aa45d4d5a2,50936377,SELL,2501.70738137,0.0428987838
0xf2d1aff8a41cdef7e06c8443866124184c3ef527,50936377,BUY,2504.22315760,0.1390623431
0x4ad856711b1a105e89ec770eb136bb74d4ce9348,50936378,SELL,2501.73630878,0.0012296200
0x55fb05826f06cdb58c174caf215497adc0b25c79,50936387,SELL,2501.72686853,0.0788282096
0x1278c1e48e3c9548a5d9f2b16dc27ed311b0697c,50936388,BUY,2504.22258521,0.0162489729
0xa877920ba9e735bb04dac3450d7cb0ce10e918f1,50936391,BUY,2504.36426579,1.1020239323
0x1278c1e48e3c9548a5d9f2b16dc27ed311b0697c,50936394,BUY,2504.50488724,0.0065059550
0x7f7b5b2e96c48cbd47ec257fcc7d284f7b06279a,50936408,SELL,2501.92752289,0.5990809063
0xf2ba261efaf6265a2578411dd53e27186311ea0f,50936440,SELL,2501.47884943,2.9471721473
0xa971283289448b30188cec3f0e60ad92322e4970,50936440,SELL,2501.03907518,0.5287500000
0xf1a3973ad6055270eddb7141a135cabcc1c9f43f,50936440,SELL,2500.95392904,0.1439941583
0x4ad856711b1a105e89ec770eb136bb74d4ce9348,50936449,SELL,2500.93517000,0.0040987200
0xa101752d4737e76d4dfcdb743367f9f363d7cc9e,50936453,SELL,2500.93340000,0.0100000000
0x4c6e39e2d34790c3e17979b1ea3e828ba126ab72,50936466,BUY,2503.45401050,0.0000424937
0xca2990a30133e731a23b1ee47722c421b2eb36c1,50936474,SELL,2500.92950235,0.0206193317
0x9695d4c038e7882dc26ed7d7661a3e6dd09c5e48,50936486,BUY,2503.61957100,1.4977850147
0xd9dbdd82361b24729498711e732cf74e83923eb5,50936486,BUY,2503.84973787,0.3187479735
0x048ef1062cbb39b338ac2685da72adf104b4cef5,50936492,SELL,2501.38680303,0.0003997782
0xd549a0281f287783e6efcca5fa4925a225d5f719,50936499,BUY,2504.14914958,2.0452045286
0xcf534bd9cc92c790c678fb6c33d24dd73ba5e605,50936517,SELL,2501.89687901,0.0603200033
0x88776fbd991c76aae24e12da906e47fc8be7aab2,50936527,BUY,2504.39399630,0.0010638214
0xf98deabd31ac2bbb41a309d3832d5a557fde5978,50936534,BUY,2504.53016519,1.0799491955
0x421d2a37991e2e32ba38e518787020916f0e5656,50936534,BUY,2504.74622031,0.6246832818
0xa28669d95a6339da0b0216ae1683ef6f9edc2720,50936536,BUY,2504.82900828,0.0281878327
0x795bcbd7c91807ee47110501ee39662de812f21c,50936539,BUY,2504.83801930,0.0431019432
0x2c2b355c021c4d0d309d545430b84611f283e51c,50936539,BUY,2504.84802485,0.0358848070
0x1278c1e48e3c9548a5d9f2b16dc27ed311b0697c,50936540,SELL,2502.34620101,0.0001998145
0x45a3b27b13c6a4fe90a1a7e8cdcb24d80abc71cd,50936541,SELL,2502.26754545,0.6380000000
0xc27a2b4bd5b374c3cb3c711e17901628824f8258,50936541,BUY,2504.69198519,0.0003271033
0xf2d1aff8a41cdef7e06c8443866124184c3ef527,50936541,BUY,2504.74054869,0.3913295984
0x0f014545de76a29892b9319e5a4123b28299f33b,50936549,SELL,2502.28561479,0.0020934737
0x03d9964f4d93a24b58c0fc3a8df3474b59ba8557,50936559,BUY,2504.79247767,0.0000820559
0xc948461581ba523d1d7be77ea09d26abe73ac681,50936568,SELL,2502.28418144,0.0100591225
0x923027331044982b533d2ebf47ae0df4a3dfd67e,50936571,SELL,2502.27320313,0.0768000000
0x8e63c9e335ee77cbedd73771b35a4a77fb950f16,50936590,BUY,2504.76775855,0.0009980965
0x564af80460f6d4eb1f243e7a4fcf5dfe1ec87faf,50936592,SELL,2502.26121212,0.0198000000
0x7f7b5b2e96c48cbd47ec257fcc7d284f7b06279a,50936611,SELL,2502.16380267,0.7500000000
0x7f7b5b2e96c48cbd47ec257fcc7d284f7b06279a,50936620,SELL,2501.97396267,0.7500000000
0x1cbf4788daa0e78a0c2769133698c29f152362ca,50936636,BUY,2504.38352444,0.0012564366
0xa6b70dc9d6ed912f5a1d0359480d393badf2ec15,50936639,BUY,2504.38566150,0.0002135989
0x0841a1262b83cc1db81799bf08f5ab61d636d2c8,50936639,BUY,2504.39372402,0.0830552393
0x613a9792ebb8e2d8f690953d7f0754ef702761d7,50936645,BUY,2504.40601668,0.0051581832
0x308aa8cdc8c426d16cff3a256bd0542a8801cd00,50936650,BUY,2504.40704448,0.0003719946
0xbcd54d6f15196ca6bb0e6e8227df65008b2dc1fb,50936669,SELL,2501.90151515,0.0099000000
0x54e2acab04c89a3fe02852bf8dd69ee8f526bc75,50936692,SELL,2501.90029041,0.0001758663
0x1278c1e48e3c9548a5d9f2b16dc27ed311b0697c,50936695,SELL,2501.89460427,0.0001758663
0x54e2acab04c89a3fe02852bf8dd69ee8f526bc75,50936699,SELL,2501.89455976,0.0001758663
0x9e0552ff501f02872acd76f3ea42ccd017ee3a50,50936720,BUY,2504.41527798,0.0893077079
0x692c7f062068805c05e52db8eac3369193cdae06,50936721,BUY,2504.43259439,0.0471755643
0x54e2acab04c89a3fe02852bf8dd69ee8f526bc75,50936730,SELL,2495.90835418,0.0000001250
0xa32991ac1cc95b5d9bd7bed91d4100a21f8ce037,50936747,SELL,2501.93033189,0.0346500000
0x54e2acab04c89a3fe02852bf8dd69ee8f526bc75,50936748,SELL,2501.92224233,0.0000740822
0xa971283289448b30188cec3f0e60ad92322e4970,50936756,SELL,2501.88703740,0.3075000000
0x9524582b75f90666b19b1284ef4a122b56f868fd,50936767,SELL,2501.83488841,0.1046007541
0xedae4d1f735dd363edb29f53cd4301b994793474,50936771,SELL,2501.78773888,0.2679961084
0xa971283289448b30188cec3f0e60ad92322e4970,50936771,SELL,2501.72429023,0.2334375000
0x84a8909fd0dc6419e6a352d2faa1306850bb05e0,50936773,SELL,2501.09082789,4.7702453837
0x9524582b75f90666b19b1284ef4a122b56f868fd,50936778,BUY,2503.00127956,0.0993128298
0x9524582b75f90666b19b1284ef4a122b56f868fd,50936779,SELL,2500.50440377,0.0558186435
0x501ef174b66883ba40f92e6fb24bfb49331d4d4c,50936786,SELL,2500.49730397,0.0001999602
0x32c573aa24d31c18ef7934def155bca8a6fad482,50936806,BUY,2503.02450571,0.1957631653
0x9cbcda12971d2cc0df997c437cf4aa08a3f8a8c0,50936822,BUY,2503.05307699,0.0001633178
0x0034a05dca91cb3234ef72456413746b70ca18c3,50936822,BUY,2503.05893868,0.0750411243
0x0841a1262b83cc1db81799bf08f5ab61d636d2c8,50936822,BUY,2503.07001673,0.0001580112
0x54e2acab04c89a3fe02852bf8dd69ee8f526bc75,50936823,BUY,2503.08624751,0.1398273832
0x88776fbd991c76aae24e12da906e47fc8be7aab2,50936827,BUY,2503.10482791,0.0010628912
0x0dfa768499c331acbd6df31887eca6f5860fbd6f,50936827,BUY,2503.10484780,0.0004648299
0x6b935558d64c18a5df8cdfa6bbd122e7cb255616,50936829,BUY,2503.12511179,0.1625078947
0x0472ff64459690ddf5ae09579b6df736116a74a6,50936841,BUY,2503.15934656,0.0000403270
0x909e036a15afe4210f9ca947a099318d56595292,50936857,SELL,2500.20258793,3.4800000000
0x616cdfdb700dcc5b3917f9f052255a1a090d34c1,50936857,BUY,2502.26629905,0.0246828489
0x616cdfdb700dcc5b3917f9f052255a1a090d34c1,50936857,BUY,2502.27217696,0.0214293591
0x55a050fd06bb193839db4f613dc1bb6669e28ff6,50936857,BUY,2502.27602280,0.0089324031
0x55a050fd06bb193839db4f613dc1bb6669e28ff6,50936857,BUY,2502.27788345,0.0053107787
0x3b95cc58b32c3d50db6f9bbbe46b4ae4128e97bc,50936878,SELL,2499.65690303,0.9462728681
0x501ef174b66883ba40f92e6fb24bfb49331d4d4c,50936880,SELL,2499.52683482,0.0000160014
0xc251a3bf0d8cd9e124583cb843e5ea249763af06,50936884,BUY,2502.03957996,0.0087076224
0x18801a12d051f5ffdfc393a4fb2082b134dba01c,50936884,BUY,2502.04126897,0.0019721561
0xffd98b05962fca73cdfd22ed73198dfb2e5241eb,50936885,BUY,2502.04579922,0.0368095624
0x5fd865fed573d3231df5ecab981ad86bc025bf21,50936886,BUY,2502.15719516,0.8410724326
0x50e6bcb3bc969f2229a0aabfdd15e7fde58ef599,50936887,BUY,2502.26422784,0.0017007544
0xa971283289448b30188cec3f0e60ad92322e4970,50936915,BUY,2502.33469353,0.5437718565
0xf04a2505afb967a1b4f43304e17994e94bdc13a1,50936915,BUY,2502.42575353,0.1736746273
0x0f0067cd819cb8f20bda62046daff7a2b5c88280,50936918,BUY,2502.51364711,0.5187773907
0xf04a2505afb967a1b4f43304e17994e94bdc13a1,50936918,BUY,2502.60151457,0.1734402694
0x2998f6fea60b2b225d54a85e2d8ffa96d29e62a0,50936923,BUY,2502.63085002,0.0000373423
0x12c51473ecec31920552b2cefc96f7c3ccf1dacd,50936926,BUY,2502.64117847,0.1389152156
0x000000c557fa9a96d66cd6371abde62d879d0e61,50936926,BUY,2502.67862635,0.1560868187
0x69374f8233a4069d48f8994d84052ecae6277ef5,50936930,BUY,2502.71566082,0.1356297814
0xb7fbdeeda59b9eed8ac8f8d1f6b7367f1337e2f0,50936934,BUY,2502.73381380,0.0069968628
0xf04a2505afb967a1b4f43304e17994e94bdc13a1,50936934,BUY,2502.79273454,0.4575159586
0xdb7986694ee8f03a15234841312853196bcf6710,50936935,BUY,2502.89678229,0.3620102860
0x048ef1062cbb39b338ac2685da72adf104b4cef5,50936937,SELL,2500.43078063,0.0000399963
0x9cbcda12971d2cc0df997c437cf4aa08a3f8a8c0,50936941,BUY,2503.00940280,0.0002436163
0xe898825c9fabc8e980e06b8274693607b4307741,50936947,BUY,2503.01356763,0.0361794663
0x12c51473ecec31920552b2cefc96f7c3ccf1dacd,50936952,BUY,2503.05013533,0.2518339709
0x4737d7a0ee90beb03a1980f34df7b1f238048f66,50936955,BUY,2503.09652105,0.1134574746
0x2fd1bb93a63963baecd132d5f1624c06a3f38696,50936964,BUY,2503.12870370,0.1400053048
0x709a34e31792302780019c8da9eafaf9c2ae4c51,50936971,SELL,2500.84661742,0.0004550967
0x501ef174b66883ba40f92e6fb24bfb49331d4d4c,50936992,SELL,2500.84653740,0.0001759404
0x05854d0c70d2f696fb3d9c0863100956b795e2ff,50936999,SELL,2500.84605284,0.0003055330
0x668ac006e740cbaf3b2e9ef8d83c30f574400856,50937007,BUY,2503.35553347,0.0000405392
0x824abda7e8bfcf47c543761c50bc7bf6756deda9,50937016,BUY,2503.35029419,0.0084411439
0x73f621bea8e0fbaac0730bc6e946720898fff56e,50937025,BUY,2503.32600413,0.0101466896
0x12c51473ecec31920552b2cefc96f7c3ccf1dacd,50937028,BUY,2503.34269659,0.1218348500
0xf8e92650c19cd053da9edf053bba151e4dbf3fe3,50937031,BUY,2503.37063817,0.0981451405
0xf8e92650c19cd053da9edf053bba151e4dbf3fe3,50937042,SELL,2500.86687628,0.1060519292
0x89b97f7c0841144a027700e8744146c997e1e652,50937052,SELL,2500.80149004,0.4096610683
0x7b7fa421a97215cdcb420e65d7d8edff6a516df8,50937059,BUY,2503.25295046,0.0052526933
0x2a16883dc76075d4e776bbd06f7786c638fe22db,50937064,BUY,2503.26190051,0.0660405637
0x6c35602f74de8e2afe89262ec39db9853caa4230,50937067,BUY,2503.27591031,0.0443362390
0x1b7f5ff82e3cdeb72d05a44ceaf6a7a46919b3f5,50937076,BUY,2503.28712359,0.0438529867
0xfcab913452d4f7daa6fa7b09e5cf246cdaf62c8f,50937078,BUY,2503.36478131,0.5677551448
0x8a1d2bcfda7fc853dbf5220c1702fc4b3488eb76,50937079,BUY,2503.43809009,0.0089719890
0x8bb3e054536e730867eb78151a7ac726d2142182,50937079,BUY,2503.64469545,1.6189932375
0x27006aaf498a8140dbb539c352c4669ca6a8a988,50937080,BUY,2503.89693537,0.3705293309
0xfcab913452d4f7daa6fa7b09e5cf246cdaf62c8f,50937080,BUY,2504.07219667,1.0125015410
0x55c87f0ddb520ce472bf0df7dc4237f2370f0bf0,50937080,BUY,2504.22067147,0.1590342986
0xf030b30ef7f0c6ed3875bc02539f2457abca1eb2,50937104,BUY,2504.24588539,0.0399321810
0x903719441617022139a5b47fbdbbb289ac3b369a,50937113,BUY,2504.26639543,0.1218919842
0x13b63a4b9039886673f1e2f918dd8e1d31749099,50937114,BUY,2504.28947849,0.0601057055
0x5d9e519cb2e2a47f19f3eae35bf5f471b3a4f8ab,50937121,BUY,2504.29801542,0.0064547010
0x9390e952a0a2d7e074a8f983d7c2ca4f6b8f1b7d,50937126,BUY,2504.30363489,0.0387001802
0x88776fbd991c76aae24e12da906e47fc8be7aab2,50937127,BUY,2504.30921230,0.0010609041
0x82e1ff9cc4a4b2e323177006fce9b93703930d18,50937138,SELL,2501.79528675,0.0000347910
0x82e1ff9cc4a4b2e323177006fce9b93703930d18,50937141,SELL,2501.77935113,0.0000192123
0x9666f2a2b32faf6be24b3b6b9a4162bdc4890e76,50937142,BUY,2504.31128433,0.0002695951
0x366fec5ae6343fb18707f4fe01ba496d889cf4f5,50937142,BUY,2504.31150034,0.0002137354
0x98d83cb6721651b313b43e560856a0440894ff3e,50937144,SELL,2501.77449415,0.2498250000
0x82e1ff9cc4a4b2e323177006fce9b93703930d18,50937147,SELL,2501.72681562,0.0000186379
0x46bf47d82a51a6fcddd47fc65f3cb9d68cb03ffc,50937171,BUY,2504.24882885,0.0002208175
0xc31541a67f2a936f5520833379ec8c875130e802,50937178,BUY,2504.24669019,0.0011013292
0x8b53bac6e493dd8e351f11e9913d58799898c43b,50937181,SELL,2501.74313479,0.0005865011
0x9170fe41be574349292406caf72d3849cca9d7ec,50937186,SELL,2501.73052525,0.0990000000
0xb336fbe46e7ba2aca408057084f0159a1e4edf16,50937186,SELL,2501.69712692,0.1649393212
0x9729585607568dcbf1f5f3802afbf5b221702932,50937188,SELL,2501.67566520,0.0027665561
0xa58fc8b38dd5cd45fab05ccb2ce66a5759175ad1,50937190,BUY,2504.19020683,0.0874928324
0x2d95d735aedc8817f39c7e7631d3258bf033392b,50937195,BUY,2504.21536015,0.0000400329
0xf1c9d86efdaf10463f4a401867583e55aa64bd32,50937198,SELL,2501.68898543,0.0064016931
0x1278c1e48e3c9548a5d9f2b16dc27ed311b0697c,50937200,SELL,2501.68491363,0.0001998649
0x0f26b8f936ddb85ba2ebac1ec4b6fb55c4efef79,50937225,BUY,2504.19245522,0.0046880490
0x745391b4fc253a77e648ac9b6c22c06ea78f0f7c,50937225,SELL,2501.68397954,0.0001832889
0x722f95de29c6cf99382099cc0c851b4fdb8d3740,50937229,BUY,2504.20524357,0.0967337320
0x89b0089272f898b0846c8af5b85626fbe554156a,50937244,BUY,2504.21901528,0.0113993101
0x08b49a086db69b9024a3f9952a9cbdc84cbbd4a6,50937245,BUY,2504.22095991,0.0015728764
0xbde7579b12e1b1d9a09d5d58640e36b5fe8c99c6,50937248,BUY,2504.22174771,0.0068007791
0xbde7579b12e1b1d9a09d5d58640e36b5fe8c99c6,50937248,BUY,2504.22300255,0.0029786968
0xf3a5b9ab4004e1a59552623c99fde3b963ee6173,50937248,BUY,2504.22503506,0.0135749314
0xb24bcc20e95f3b365a63b9ac18e9646a51770806,50937255,SELL,2501.72242424,0.0049500000
0xb8db6ebf2b0253d5e923b4088e97676e2d5e3672,50937266,SELL,2501.70025623,0.0716321732
0x722f95de29c6cf99382099cc0c851b4fdb8d3740,50937266,SELL,2501.67767608,0.1067802897
0x048ef1062cbb39b338ac2685da72adf104b4cef5,50937269,SELL,2501.65928079,0.0000799453
0x05c47beed53eb8b3fc14538f881d0941cbbe05a1,50937273,SELL,2501.53035239,1.0571112565
0x323bce02244cdebf83fb963cc5f5d34b4a37479c,50937275,BUY,2503.90622712,0.0501446634
0x0f26b8f936ddb85ba2ebac1ec4b6fb55c4efef79,50937281,BUY,2503.91397809,0.0108435858
0xd179476ebc35ab070d25b517c5dcfd471558b3a5,50937282,BUY,2503.91595865,0.0024467339
