wallet,block,side,price_usd,size_eth
0xf6c3f3f7be5762ccb778a4ecf47203e6c3bffe3e,25839119,SELL,2461.72529894,35.0000000000
0x5e2a3daaf86cede3392f77616cede2de0d3bd3a0,25839119,BUY,2463.90075786,24.7344244011
0xd37e02228f6f78d48092dafb5c2ae12123dea693,25839120,BUY,2464.75800060,5.7556125480
0xf9da23ad9b1d262dcecc68ad01538d1992281f35,25839120,SELL,2462.45377385,0.0591216637
0x9d1e9b6510193b7ebb0609ed3b001f446b7f4155,25839120,BUY,2464.91681415,0.0106989748
0xb6217baf8bfcd56186265637f48be3e3ce1a0af1,25839120,BUY,2464.91723518,0.0055309756
0x5b43453fce04b92e190f391a83136bfbecedefd1,25839123,BUY,2465.28916580,13.2285372278
0xf9da23ad9b1d262dcecc68ad01538d1992281f35,25839123,SELL,2463.19431653,0.0598739929
0xbee82923a152d4044a045110adca4db95b050009,25839124,BUY,2465.70428078,1.6571439219
0x5b43453fce04b92e190f391a83136bfbecedefd1,25839125,BUY,2466.20809838,16.2577516428
0xf9da23ad9b1d262dcecc68ad01538d1992281f35,25839125,SELL,2464.19767285,0.0593759594
0xf6c3f3f7be5762ccb778a4ecf47203e6c3bffe3e,25839127,SELL,2463.21320840,35.0000000000
0x5e2a3daaf86cede3392f77616cede2de0d3bd3a0,25839127,BUY,2465.57362167,31.2611755121
0xc36fb04db65eefb442041fb994f62e2f6b91588c,25839127,BUY,2466.48165454,1.0295994257
0xf16575b1c9154312add5bb51681946de4f56f5e3,25839128,BUY,2466.51232789,0.0608146160
0x704faaee9cc5480add7144db3f367d80120d2a14,25839128,BUY,2466.52162683,0.0000507719
0xf6c3f3f7be5762ccb778a4ecf47203e6c3bffe3e,25839131,SELL,2463.28155172,27.3000000000
0xcbb01c0d885a8da2732d19204e7ac8470a01e4ae,25839131,SELL,2462.51413010,0.0371759122
0x683b067b7359ebcb3661336f1d72cd9d5798f524,25839131,SELL,2462.47149611,1.4829406382
0x2f4e1a92dd8d3a57328c5a87cd6dcdb49ac8be7b,25839131,BUY,2464.90490265,0.3821792756
0x2f4e1a92dd8d3a57328c5a87cd6dcdb49ac8be7b,25839131,BUY,2464.91584229,0.0007277076
0xfeed4c53d827aebebed6066788065ea1027c7e70,25839135,BUY,2464.91597102,0.0007933650
0xfeed4c53d827aebebed6066788065ea1027c7e70,25839135,BUY,2464.91603759,0.0015867303
0x262c38751e5013b0a4e5827ffdf722379510cfd0,25839136,SELL,2462.04137037,14.6182873717
0xa8ecbc0cb4c0c5b0a5a8c4d3e6028451540a66a9,25839136,BUY,2464.09542655,0.0011487254
0xd9d8f818a7a71ed0e1fe936b991508b0e88b1609,25839137,SELL,2459.60589551,72.0159916031
0x5b43453fce04b92e190f391a83136bfbecedefd1,25839138,SELL,2457.49195159,3.1531001658
0xf41c1f8d4ca7f619286efcef3a5bf4925ef569f1,25839138,BUY,2459.88173019,0.0000456331
0x550a54ca01a1a8e7edab16def81abe6b07a6a562,25839139,SELL,2457.33175387,2.5461763517
0x9c82b458fde221f200000069ce8122469fc9f1a3,25839139,BUY,2459.72269695,0.0000518949
0x7d4a81c93f04d7c6c82a89abeea2a3eacb265913,25839139,BUY,2459.72549905,0.0000258887
0xddb9112d9f628aac2cc04a044ef76877f8f82d7c,25839139,BUY,2459.72714781,0.0000226224
0xdb0e558e59cc03cf59c5c839bd91e7b055fc3ba4,25839140,BUY,2459.72125040,0.0000690042
0xb106ada75585cd12026e8c49a8716b4094d55ecb,25839140,BUY,2459.71953564,0.0000430862
0x2b7526344c7e5afcdc6f0f850d12134712865a97,25839140,BUY,2459.72977842,0.0000911047
0x574be013006558d0a5682a6b0508f02d147377bf,25839141,BUY,2459.72086612,0.0552908266
0xb9ddbf14ee754bb490d6e93beb9ea187c442b4a9,25839141,SELL,2457.26326135,0.0005722012
0xa553a768c249d8a37358b081cebdba8c45c78b54,25839141,BUY,2459.73462862,0.0000603817
0x87bfd97cf25ac611fc071e8e6a41b797871ebe3f,25839146,SELL,2457.26283799,0.0006338732
0x5b43453fce04b92e190f391a83136bfbecedefd1,25839147,BUY,2459.86612786,5.1072439548
0x1869872ea29ee2e502841badf1b302db7f93710b,25839148,SELL,2457.54995668,0.0003729853
0xda70abcfb3b6ccd7f10e46ddaabdf595cb8e5540,25839148,SELL,2457.55039008,0.0004160639
0x64980f1623088cabb1c94d59ffea66d7455d6339,25839156,SELL,2457.49880957,1.8376249463
0x01fbe38f6c03781c1382e56a3f6a97f13d83df0c,25839156,BUY,2460.30694653,14.2242308987
0xee33f4d6ca86239a2d46c15b31a6e978b6053bd7,25839156,BUY,2460.74399238,1.2951615356
0x88d361fd89ad99a0700226d3cd887feee8614ae0,25839159,BUY,2460.78304078,0.0001273363
0x5b43453fce04b92e190f391a83136bfbecedefd1,25839163,BUY,2461.12320155,12.1659527801
0x5b43453fce04b92e190f391a83136bfbecedefd1,25839164,BUY,2461.53991328,2.6265299531
0x5b43453fce04b92e190f391a83136bfbecedefd1,25839165,BUY,2462.02715267,14.6778838701
0x9579817938c24367916e0b03123cd93dee4afdae,25839165,BUY,2462.46339541,0.8120958300
0x5b43453fce04b92e190f391a83136bfbecedefd1,25839169,BUY,2462.70315583,7.6990462265
0xa646f9cc3ef9930c82e6599746cf2c8d76060ac1,25839170,SELL,2460.45692877,0.0284005894
0x43f0665f3a38f66fffde59a3549292e8a5592646,25839172,BUY,2462.92788232,0.0000604411
0x0a3699a57368155be3045de4937d2a660966a48a,25839173,SELL,2460.45559476,0.0004002417
0xb7225cf512a9b424fb89e17703886b6207bf4dc8,25839173,SELL,2460.45375245,0.0003433501
0xc9c630e01105cd747d1e95a1d13d9183a0d7dfbb,25839173,SELL,2460.45591234,0.0002576998
0x59be5f35e63699aad4ce03f404e819d8d1817371,25839173,BUY,2462.92788880,0.0000419038
0x75495baac73b653626b707d3c84e9fc23f0bb6e4,25839173,SELL,2460.28171794,6.1991707985
0xcde89f2f6ee755ef007e0d5eb312fd9a6c2ce193,25839174,BUY,2462.57147564,0.0001888993
0xba9a532e8e1f2725675e458802d64879058e02fd,25839174,SELL,2460.00065311,3.7935368270
0x5c3593481cba011737e36ded62f1797c9f6afce1,25839181,SELL,2459.71415407,6.3938986386
0x20c183e618a08d9492df9f6f13350308c43eed2c,25839181,BUY,2461.99606757,0.0045833509
0xcecb0c8ee5871348b097123f34009bd0692885b9,25839183,SELL,2459.49170610,1.5262209658
0xc64881761044094007fb6ac12e3e498babcd375b,25839183,SELL,2459.35010121,3.5103484956
0x506e73ae825032e6b7ec9ce8a04df04baa9734d5,25839184,SELL,2459.23973437,0.4153900800
0x2fe6520635f011daeb3474404c2bdd191c9846cd,25839186,SELL,2459.22488033,0.1130003776
0x213bf3d24b7c9f3dbddeaf8eb06a1072bb29c86b,25839189,SELL,2459.04916075,6.1372590995
0x585e757458d8f0499a46829e3bd35f2c28f3025c,25839189,SELL,2458.87388005,0.0947709018
0xfeed4c53d827aebebed6066788065ea1027c7e70,25839191,BUY,2461.37885041,0.0000211337
0xfeed4c53d827aebebed6066788065ea1027c7e70,25839191,BUY,2461.35516917,0.0000422682
0xf341ba3681ab35e2ae7c403306297fdd630bf0f9,25839198,BUY,2461.33272317,0.0001924567
0x462418d1eb1387faecb681a2dd3c0422e777552a,25839198,BUY,2461.33329844,0.0002069789
0xab481c730b88dc650209e22ea798b07e25c50b27,25839198,BUY,2461.34071976,0.0001121490
0x9b0025afb77d602dce81d1f9907ddc33be1d6af9,25839198,SELL,2458.87044122,0.0003889550
0x2dbff7dd43e46129dd1ac0ed2057b279dddd8db2,25839198,SELL,2458.86940356,0.0004486708
0x9c249ba1cc7724481c704a835b0f7c9b92f5778b,25839198,SELL,2458.87041612,0.0002400529
0x5b43453fce04b92e190f391a83136bfbecedefd1,25839203,BUY,2461.46822930,4.8392729125
0x81dc771e308c76c3e06f635abed7fb24830fb824,25839204,BUY,2462.12169468,18.3676044867
0x5b43453fce04b92e190f391a83136bfbecedefd1,25839206,BUY,2462.88912634,8.8779601360
0x512e9d3b8dff0d36e60e02c884582ec45e1430fa,25839206,BUY,2463.14266940,0.1205776684
0x091179e3c74e33545ce8cc07fa385827256cb84f,25839208,SELL,2460.68307862,0.0140145484
0x81dc771e308c76c3e06f635abed7fb24830fb824,25839210,BUY,2463.25098382,3.7510764984
0x2930af5030a5329b4aeb95341e215d9ef120f281,25839210,BUY,2463.35703740,0.0087239899
0xd98049ff3fd33c8458868be3b56f5c1b035c4b23,25839211,BUY,2463.44871171,3.2474798286
0x8d36163e8b2e4f47a0c22d6554449c606fe02425,25839211,BUY,2463.56044327,0.0000407358
0x5b43453fce04b92e190f391a83136bfbecedefd1,25839212,BUY,2463.77666660,8.3882483117
0x6f0a91ef8adeb54db0e63be507747ab9a31d3926,25839213,BUY,2464.24007449,8.0889184136
0xe3478a0664aa8334d66ded9ae8028d997d9a9d10,25839213,BUY,2464.48326138,0.0000376550
0x310144270eeaa2da8406e7a6122de96f700aa9ec,25839213,BUY,2464.49006403,0.8094980901
0x5a62ae739a4b8e8d357b35547be58eac3c4b36ad,25839213,BUY,2464.63129503,4.2169231463
0x9eb9e9b2ba5c2665a16beaa8e137410358b6beaf,25839214,BUY,2464.93716990,6.6677556672
0xe019c6993f21e25492a174d1779e6cdac61d2cfc,25839214,BUY,2465.14043337,0.5645114498
0xeaa9ebddd373c4bd8bb92dfcc9c7e7fcdb268e51,25839215,BUY,2465.27099937,4.0805197544
0x81dc771e308c76c3e06f635abed7fb24830fb824,25839216,BUY,2465.45391061,2.4262320546
0x0114cce74853dad49fe3597a81383e0690cdc709,25839216,SELL,2463.05684275,0.0004627262
0x28aee18e8b57e43dbeae9ea3c81f64ac6ebdb8c9,25839222,BUY,2466.90320612,49.0982045597
0xa794401988f9e484e03eb55a8e80db15968a38be,25839222,SELL,2465.35674003,16.3865062013
0xae2fc483527b8ef99eb5d9b44875f005ba1fae13,25839223,SELL,2464.89052949,0.1996008570
0x2d0e59ab7690130f28742b796857ce516655d0cc,25839223,SELL,2464.78581112,3.5268719780
0x4337034c17597470b36ce40a761f2e9f55a2df48,25839223,SELL,2464.68567371,0.0357481625
0x81dc771e308c76c3e06f635abed7fb24830fb824,25839225,SELL,2464.47673459,7.4014647872
0x605fcabb60171ba5198d1f394596063aaceebc61,25839225,SELL,2464.26840926,0.0102665054
0xf70da97812cb96acdf810712aa562db8dfa3dbef,25839225,SELL,2464.26587907,0.0827597727
0xf70da97812cb96acdf810712aa562db8dfa3dbef,25839225,SELL,2464.25854131,0.1788299497
0xffd739ba238cb565a1d8bcbeffb50773708833ec,25839225,SELL,2464.22555947,0.9952237921
0xd8bc5db084e94c8bf266cf51dcebeab873783488,25839226,SELL,2464.19714286,0.0010500000
0x16b519e9b968ba3d1c0d8e5614b4295fb72bfcad,25839226,SELL,2464.19650399,0.0361660066
0x43370250bfc02c7f085cb105558da41e9cdb2d79,25839226,SELL,2464.19323193,0.0809816821
0x56f25ab7a02281c1e9459a2df5f3fbddfb2b7930,25839227,SELL,2464.18811951,0.1009578526
0x5b43453fce04b92e190f391a83136bfbecedefd1,25839229,BUY,2467.04833210,14.1094396231
0x74aa7a62ab8fba17a3113585139a5246f442257c,25839229,SELL,2464.97719801,0.0489301857
0x50a6e5d5852b0bdf533db2e118fbf4ac2442c7f6,25839229,SELL,2464.94832248,0.9785300000
0x7f881d3ea884051dfa36dcf68fa879dc83a9fc85,25839230,BUY,2467.40282036,0.0000520450
0x8c0dbabe52e7aa891c67e4ee85a018ece0bfea45,25839231,BUY,2467.39051301,0.0001140217
0x1869872ea29ee2e502841badf1b302db7f93710b,25839232,BUY,2467.38967023,0.0003868096
0xd95c3b79ea4b5a8390ae9e175fc375885899b3e0,25839232,SELL,2464.92039815,0.0011102200
0x449836ba684b57118c66786b4cc159d62c92bd64,25839232,SELL,2464.92029715,0.0009678715
0xebedc8e9ff409b23dd251f87ccbffa8075f87255,25839233,BUY,2467.67189786,10.1030166270
0xae2fc483527b8ef99eb5d9b44875f005ba1fae13,25839234,BUY,2468.68219107,25.7739203475
0x9379e546675db383365f8718342a92ac3ba3a4f8,25839234,BUY,2469.68131868,35.4250523334
0xae2fc483527b8ef99eb5d9b44875f005ba1fae13,25839234,SELL,2467.48393782,0.0412671635
0x2eb44d0d1ffb117514c5cf66eb7404e6c9788728,25839234,SELL,2467.46289432,0.7073275339
0x9f107b7d2a95154545147fa9613268220e0350bc,25839235,SELL,2467.44275568,0.0056144160
0x6f0a91ef8adeb54db0e63be507747ab9a31d3926,25839236,SELL,2466.88131448,19.9525293808
0xebedc8e9ff409b23dd251f87ccbffa8075f87255,25839237,SELL,2465.87443007,15.8464042948
0x919f73d6951aee00ee94aaff9759633180e28d78,25839237,SELL,2465.41836982,0.3735187919
0x601c6d9eff76ae8cd7bff5fc4900f20f6f80734f,25839238,SELL,2465.39380252,0.5003817162
0x10f2ccefdd2257a44103379f4fe70421c2e81e96,25839238,SELL,2465.29956360,2.8520963289
0x38ec3d77776f3201ff4f017b583507146e1c87a7,25839238,SELL,2465.21461176,0.1700000000
0xb36ce3f521a1ff4b0cffb82ddd71f0a51fcf56ce,25839241,SELL,2464.41422177,28.3142217334
0x7753a5b81e0add2d6965bcf94616d83d8af53192,25839241,BUY,2466.08463970,0.0048312806
0xebedc8e9ff409b23dd251f87ccbffa8075f87255,25839242,SELL,2463.16612777,16.1349989333
0xf9da23ad9b1d262dcecc68ad01538d1992281f35,25839242,SELL,2462.71118936,0.0714771016
0xc8df1a5953aa7f62a35ff1501e0c10eb3c33ebfe,25839243,SELL,2462.40704917,10.7667963324
0x0114cce74853dad49fe3597a81383e0690cdc709,25839245,BUY,2464.57171549,0.0002930951
0x5f3ae95d6af9648ddab5f5e3ca450cde1f18be58,25839246,SELL,2462.08719444,0.6332914210
0xe0ea91fd3078e8ec2893dd0e12390df08f3ed024,25839256,SELL,2462.00501374,2.2960435200
0x6bee594a81e3fb6f575c2945092fdc658b3bbf2c,25839256,BUY,2464.45535363,1.8139259076
0x1f42ba996994583ee12296512fe5f728b368bf1e,25839256,SELL,2462.04200000,0.0025000000
0xd9d8f818a7a71ed0e1fe936b991508b0e88b1609,25839257,BUY,2464.93230519,15.1639848248
0x5f444704bce3eb657768037bfb269b68730418a5,25839257,BUY,2465.36168467,0.0001521217
0xa1de68d07945b1ff1222a73418fa295cf02ed102,25839261,BUY,2465.36837488,0.3506618892
0xa1de68d07945b1ff1222a73418fa295cf02ed102,25839261,BUY,2465.38461875,0.2271926894
0xa1de68d07945b1ff1222a73418fa295cf02ed102,25839261,BUY,2465.39130928,0.0092152308
0xf73644da46ab85da864fc4284322f489134ee82c,25839261,BUY,2465.39172766,0.0073091833
0x6f0a91ef8adeb54db0e63be507747ab9a31d3926,25839262,SELL,2462.58849610,12.0667713189
0x5b43453fce04b92e190f391a83136bfbecedefd1,25839264,SELL,2461.50062910,9.9148791321
0x4b03c323b67f297fba42ef9541ae445ab29552b5,25839264,SELL,2461.10864340,4.0229100985
0xcde89f2f6ee755ef007e0d5eb312fd9a6c2ce193,25839268,SELL,2460.88234911,4.0182300290
0x9c249ba1cc7724481c704a835b0f7c9b92f5778b,25839273,BUY,2463.23410107,0.0001951284
0x19060018e0b3c16a271a15152f7f44b155f54eed,25839276,BUY,2463.64230807,14.6264270633
0xff58b64e0f09ac6f13d7a197c074865b6cf1a3c8,25839276,SELL,2460.72918155,3.3570945868
0xb36ce3f521a1ff4b0cffb82ddd71f0a51fcf56ce,25839277,SELL,2459.98200318,23.2049930679
0x177f84a4346906fe8fc751a8c4202496c68cea3e,25839277,SELL,2459.30417110,0.8993754217
0x0a2d26f1959127d8e8369ca96156b9dabffec9e6,25839277,SELL,2459.20303745,0.8993817933
0xbeeba31f8ca3349c3ed24a5146e6b20d233ad540,25839278,BUY,2460.56792554,0.0002738632
0x283a8d8bdf58e9f267b04f622627b682e8a6bdcb,25839278,SELL,2458.04348743,2.2843569004
0xdeda0a855d5f29491e13781fddd7ca33a88a1e02,25839280,BUY,2460.43938662,0.0066428737
0xbc9a98fd42bad7ba37cb4fdd581f2b05bf830a5e,25839280,SELL,2457.97925561,0.0002756280
0x6f0a91ef8adeb54db0e63be507747ab9a31d3926,25839283,BUY,2460.49587786,1.9180510914
0x5f444704bce3eb657768037bfb269b68730418a5,25839296,BUY,2461.32368953,0.0001284276
0x5b43453fce04b92e190f391a83136bfbecedefd1,25839297,BUY,2461.50918669,6.8478990894
0xc305706aad24a78d5568a44b25a8e709c4535010,25839308,BUY,2462.10349484,0.0002181098
0xeb0d4d796b842470d7ca2f00b552d6d495eb3f27,25839308,SELL,2459.63966246,0.0012873605
0x5fd1f467ad0fd0e3d0c0f59f29de133a595d4220,25839308,SELL,2459.63594996,0.0002154274
0x81dc771e308c76c3e06f635abed7fb24830fb824,25839309,BUY,2462.26222295,5.7195653480
0x51301f41c8f83fbdffaeee11f846e9c114fb8046,25839310,BUY,2462.55058485,4.5183084134
0x5a3d6148a2afe9bc09a9c3dffec5c8563ba960fa,25839310,BUY,2462.67821112,0.0115758096
0x5b43453fce04b92e190f391a83136bfbecedefd1,25839313,BUY,2462.77911382,3.5708483691
0x03d76098acdd562f6263495c91b045a48fb7b99e,25839313,BUY,2462.88230157,0.0916671807
0x8c48e990812236a76ffa14adb87adba815da76ec,25839313,SELL,2460.39628672,0.9357656035
0xdeda0a855d5f29491e13781fddd7ca33a88a1e02,25839314,BUY,2462.87132631,0.0019450590
0x0114cce74853dad49fe3597a81383e0690cdc709,25839315,BUY,2463.51828322,0.0002231045
0x6f0a91ef8adeb54db0e63be507747ab9a31d3926,25839316,SELL,2460.87705127,6.3071191972
0x18336f52a5e4ce6e918b43f7722a182195653ebb,25839319,BUY,2462.40231494,0.0146523859
0xfb05502b9cd8e54ddaa866c88b1a3bc6d6364ff0,25839322,SELL,2459.72488278,7.6806603252
0x4337038429b76948ee97eb2d8115513277c3abf5,25839322,SELL,2459.49732944,0.4118606253
0x4337038429b76948ee97eb2d8115513277c3abf5,25839322,SELL,2459.35912262,4.5039414245
0xaaabbc3c304ca824b641a2631a8c31c1a32890e6,25839323,BUY,2460.59853216,0.1561860433
0xaaabbc3c304ca824b641a2631a8c31c1a32890e6,25839323,BUY,2460.60435642,0.0503302819
0x7c3a1b0203ad1878d1fef8e34090176706d885c4,25839329,BUY,2459.40300508,0.0120077921
0xb0391f935209b0072af82ad6fb0ff17663898179,25839330,BUY,2459.40486793,0.0536554195
0xdd50ba75cc55b0cddca5ba84ac1c634a873392d8,25839330,BUY,2459.41232766,0.2119089980
0xdd50ba75cc55b0cddca5ba84ac1c634a873392d8,25839330,BUY,2459.41893355,0.0227044735
0x5b43453fce04b92e190f391a83136bfbecedefd1,25839331,BUY,2459.73602492,11.2431806067
0xc36fb04db65eefb442041fb994f62e2f6b91588c,25839331,BUY,2460.09543844,1.5243311058
0xf346898ccdcf7aa3a0c87e8bb1d58d1a391d27cb,25839332,BUY,2460.15846498,0.7142255261
0x8c0dbabe52e7aa891c67e4ee85a018ece0bfea45,25839333,BUY,2460.18100982,0.0001557784
0xd51e2dabbb4046710dc805a26c3cee02cff7ec91,25839334,BUY,2460.20941187,1.0949092024
0xb29d68e1ff6962e68e9da023143066ccffe07f53,25839334,SELL,2457.78041018,0.0008156538
0x0868af197e7ad257c18a7cc7306577fe292d7607,25839334,SELL,2457.78012367,0.0003225313
0xc36fb04db65eefb442041fb994f62e2f6b91588c,25839345,BUY,2460.84870313,1.1668584482
0x92429fef02e826470401668be1109ba9d37d19b1,25839349,SELL,2458.41540859,0.2095614684
0x5b43453fce04b92e190f391a83136bfbecedefd1,25839350,BUY,2461.30382046,15.4082280301
0x19509ffd472cc4982198ae48ca35b44534c90fb7,25839350,BUY,2461.73795709,0.0002063266
0x5b43453fce04b92e190f391a83136bfbecedefd1,25839352,BUY,2461.88967869,5.3950118383
0x5ed864e8f37dcb4f79c5172a815d1b3a9147eaab,25839353,BUY,2462.04285145,0.0189130851
0x4205b12b7de82cda2e1e2afc479bf78eaff8f723,25839355,SELL,2459.58191715,0.0004425720
0xc8df1a5953aa7f62a35ff1501e0c10eb3c33ebfe,25839357,BUY,2462.84798598,14.5466665246
0x5b43453fce04b92e190f391a83136bfbecedefd1,25839358,BUY,2463.70456881,15.8524553027
0x32cef1535ed7d4ebbdbc5350e575a9e2c722be4f,25839359,BUY,2464.70475022,0.2028640550
0x5b43453fce04b92e190f391a83136bfbecedefd1,25839361,BUY,2464.94322470,8.2829966858
0x3482d9a357ba687c57237ec1587e9f7484856f0e,25839361,BUY,2465.17627947,0.0085550409
0x3482d9a357ba687c57237ec1587e9f7484856f0e,25839361,BUY,2465.18687365,0.0000426402
0xebedc8e9ff409b23dd251f87ccbffa8075f87255,25839362,BUY,2465.45704285,9.9796374272
0x5e2a3daaf86cede3392f77616cede2de0d3bd3a0,25839362,BUY,2465.76167433,0.8556523434
0x3befd7e0de36d8eee5193d48a47e57af1cc8d904,25839363,BUY,2466.83994194,0.0000364949
0x2b018ca7dd2bc0297d55abc6ba9515844c29b6b5,25839363,SELL,2464.34496374,0.0005172657
0xc9c630e01105cd747d1e95a1d13d9183a0d7dfbb,25839363,BUY,2466.82216395,0.0000627666
0x00e484da1156202e9dd341ad7ea9c908bb919e96,25839364,BUY,2466.85801758,1.7772626571
0x5b43453fce04b92e190f391a83136bfbecedefd1,25839368,BUY,2467.23096509,11.4757204565
0xb36ce3f521a1ff4b0cffb82ddd71f0a51fcf56ce,25839369,BUY,2467.83341112,9.9269939367
0xebedc8e9ff409b23dd251f87ccbffa8075f87255,25839370,BUY,2468.19847090,3.0386286672
0xc14480bd7bb6d36377c75286b80452654f5b7a79,25839370,BUY,2468.29544803,0.4051378861
0x1f828ce4bbb97a5fdc424ad93c081860448824f1,25839372,BUY,2468.32660598,0.0011680695
0x8357efa84f91013bd6b285ef0f6b93c211cc3d9d,25839374,BUY,2470.93688306,11.1051582095
0xf091b95743a0a677de6886bb5a2900fe3b90bd02,25839380,SELL,2468.44523244,11.8684150525
0xb664e5f09dd6196f36f3b896df6242470636b9aa,25839384,SELL,2468.11028599,0.0271121154
0x0e8817813caf8d2365d71c1283bdc578e022060d,25839388,SELL,2468.14854029,0.2341194007
0xd2aec9ec398837231316d16ceb90b75bdebf73ad,25839389,BUY,2470.81080837,0.2347407572
0x5b43453fce04b92e190f391a83136bfbecedefd1,25839399,BUY,2450.88130994,92.5046487776
0x00000000d4ce9b514045a6c2049d249575588c20,25839399,BUY,2453.48312769,0.9021547787
0x7b593f5a952cfc854d18baa8dc748cec4bcf3d95,25839399,BUY,2453.61931663,3.9801199154
0xcb2c106da359e6bb277cd8425e38fdaa31c024a2,25839399,BUY,2453.98246305,9.0325999875
0x2fe8b5289c17e79e9556b014fba25b5112f6c9b9,25839399,BUY,2454.24920604,0.5013323582
0xccb9c79fd67e8272c6f2d3cad413f1b00a9d5a25,25839400,BUY,2454.49399439,8.2237496059
0x43a12754c901a199721e01f2dc30783e3defb188,25839400,BUY,2454.86334696,4.9390968010
0x5b43453fce04b92e190f391a83136bfbecedefd1,25839401,BUY,2456.73400521,61.6676591735
0x4e459fa33a6c8871893b6df45072d34dd9f2c28c,25839401,BUY,2458.46902763,0.0004257097
0x5b43453fce04b92e190f391a83136bfbecedefd1,25839402,BUY,2458.80013240,11.8275070599
0x37ed00aea9463db78dc9b05ce86d37326f7d297b,25839403,SELL,2457.11346784,4.0645347464
0x939c1aad54ad32312c4c898dda3bf14186bc995f,25839403,BUY,2459.47785414,0.7023189939
0x433702256b464248dcbe403c1334757be4ed9f26,25839403,SELL,2456.97147726,2.3934294604
0x9eb9e9b2ba5c2665a16beaa8e137410358b6beaf,25839404,SELL,2456.77873668,4.4659038615
0x041c3e1df8a80d8c5d67f0413d0dd292c7ad1770,25839404,BUY,2459.12864000,0.6000000000
0xf6f757c34a8b699deeb2f54fb7545cb100db52dd,25839404,BUY,2459.15463258,0.0000540897
0xbcaccc1a2b839f713bc9f6c4a6372bc3984bcc0b,25839404,SELL,2456.68329093,0.1317852742
0x3980daa7eaad0b7e0c53cfc5c2760037270da54d,25839405,SELL,2456.43327485,8.7674431744
0x5ec4eba528c8eb8477ae9ec625555f412a710c9f,25839405,BUY,2459.67724093,36.6793318207
0x5b43453fce04b92e190f391a83136bfbecedefd1,25839408,BUY,2461.15282147,15.5531028273
0xe96e48a20c1d92a9e25aa1938f8409791000000e,25839409,BUY,2461.59630711,0.0001067807
0xebedc8e9ff409b23dd251f87ccbffa8075f87255,25839409,BUY,2461.73468121,5.1059985444
0x66c6778dedba51b87103c8543ee751e7cd960659,25839411,BUY,2462.40131325,18.5657050656
0x8357efa84f91013bd6b285ef0f6b93c211cc3d9d,25839416,BUY,2464.40374174,6.1413500238
0x2d8f415c86f7c7787851d9319a0b232bcbdf9c18,25839418,BUY,2464.61198399,1.2704186778
0x5b43453fce04b92e190f391a83136bfbecedefd1,25839421,SELL,2461.27002001,32.5306231755
0x35a75573544a1667135ca1003a9ac1333ef532b8,25839426,SELL,2460.06618108,9.1568981263
0x7096ec63deda22d37b764c76508e5a34f3ee8c30,25839426,SELL,2459.80569473,0.0002373643
0x6d36fce33e283cfd7b2b5e224e135e0e45db1ec7,25839426,SELL,2459.80812804,0.0012386466
0x51301f41c8f83fbdffaeee11f846e9c114fb8046,25839428,SELL,2459.74929164,2.1052553415
0xfa6fd48c4a52aed2a21ac915e3bc334e2ece1b9d,25839428,SELL,2459.68166072,0.2998104221
0xc8df1a5953aa7f62a35ff1501e0c10eb3c33ebfe,25839432,SELL,2459.16835975,7.3253188097
0xcca9965b7e87a03a138a44443a28d655caf6197e,25839432,SELL,2458.95832538,0.1450349212
0x2f4e1a92dd8d3a57328c5a87cd6dcdb49ac8be7b,25839432,BUY,2461.41557941,0.0188956292
0x9c82b458fde221f200000069ce8122469fc9f1a3,25839433,BUY,2461.41946326,0.0002244636
0x6f0a91ef8adeb54db0e63be507747ab9a31d3926,25839434,SELL,2457.92584925,36.6059312914
0x81dc771e308c76c3e06f635abed7fb24830fb824,25839438,SELL,2454.44018528,70.4325747816
0x8a3e48eff4411e9b6d142851b9f704da44e8e067,25839438,SELL,2452.23496074,8.2035021175
0x5c8e47d95714c0dd48c7b0c91b0228ccd3dfbfbe,25839439,BUY,2454.23169105,0.0914071079
0x931153baac031d055389b41d12cd32c9bf0ae7a3,25839439,SELL,2451.49565243,10.2050000000
0x5087043bb9490e6ea84a324a104b03c4e00dc3e6,25839440,BUY,2455.28226674,0.0659579052
0x17222617419e584d61034e1a6d7cf28e8f861f63,25839440,BUY,2455.28985515,0.2045672921
0x5b43453fce04b92e190f391a83136bfbecedefd1,25839442,SELL,2455.48599788,2.6992135279
0xada5bb90d0de0bd1b6f3938708f49295a8d1f7cb,25839442,BUY,2457.86574258,0.0037389788
0xa35e598d877501a80c14430d9361f4540f4d4d61,25839443,SELL,2455.26567454,5.0903864823
0xa8164e9c8c6236bfd5b5e408b65043dc9a199bb3,25839447,SELL,2453.99632631,0.1701935197
0x5b43453fce04b92e190f391a83136bfbecedefd1,25839451,BUY,2457.61221097,41.4425081749
0xb222da0febc4777ee2fc10e3160c90760658f082,25839451,BUY,2458.86191836,2.9971569160
0x5b43453fce04b92e190f391a83136bfbecedefd1,25839452,BUY,2459.19141663,8.7131597492
0xd6a5d4a6b78ebe3421211c6e326387b23acc2a9d,25839454,BUY,2459.47093734,1.2197745273
0x1fe5c66ee0ca9f9a9610d8c325a68bf5c27afd6c,25839458,SELL,2457.04508956,0.0457864288
0x5e2a3daaf86cede3392f77616cede2de0d3bd3a0,25839460,BUY,2457.76184443,16.3960014195
0x4bd01e55f69a52f08e93bddc631e98e6ce87d21b,25839460,BUY,2458.22306055,0.0040165143
0x28aee18e8b57e43dbeae9ea3c81f64ac6ebdb8c9,25839461,BUY,2458.78714201,20.0505082500
0xa646f9cc3ef9930c82e6599746cf2c8d76060ac1,25839461,SELL,2456.89172951,0.0159745204
0x449836ba684b57118c66786b4cc159d62c92bd64,25839463,BUY,2459.35402593,0.0002293997
0x061aff191b3e7acacad45512ad5dcef5fbd5073b,25839463,SELL,2456.88856754,0.0002142169
0xb889f8a09b43dd4f8ad73e0045d94b3a990b3ba2,25839463,SELL,2456.88851115,0.0001734523
0x228899ca0d0cac0bba02f2693e66cef380860617,25839463,BUY,2459.35349906,0.0000892031
0x8634034f8d0d44abe11cb8a048b3c1efc08a2947,25839463,SELL,2456.88958094,0.0002792425
0x8ffa6dab99f8afc64f61bef83f0966ed6362f24f,25839470,SELL,2454.68157805,0.3636653585
0x81dc771e308c76c3e06f635abed7fb24830fb824,25839471,BUY,2457.50872429,13.5481184095
0xdc86f7b9371a40e9324471555653e8a920f16e6c,25839471,BUY,2457.89178949,0.0001730145
0x5b43453fce04b92e190f391a83136bfbecedefd1,25839472,BUY,2458.48873245,21.3011468841
0x9c82b458fde221f200000069ce8122469fc9f1a3,25839473,BUY,2459.09901939,0.0000652922
0x6f0a91ef8adeb54db0e63be507747ab9a31d3926,25839475,SELL,2456.39019445,8.5202676929
0xebedc8e9ff409b23dd251f87ccbffa8075f87255,25839476,SELL,2455.32201788,29.5175217573
0xf542aa0748c30d47ccf16317600c03af7f1fc0ac,25839477,BUY,2456.95272771,0.1036968580
0xc8df1a5953aa7f62a35ff1501e0c10eb3c33ebfe,25839478,SELL,2453.98153185,18.4561580673
0x574be013006558d0a5682a6b0508f02d147377bf,25839478,BUY,2455.92098701,0.0631127796
0x64e8a89bcbbf2e78990e6a1362a989da997c2f13,25839479,SELL,2453.37813861,3.1853054953
0x3b974c0a856865043b7b3cade306df556a05f7e5,25839479,SELL,2453.19585382,3.3163604493
0xe7cb62270d5796cb17dd1aa3ffba6ac778ab7b63,25839481,BUY,2455.57922588,0.0000392258
0x449836ba684b57118c66786b4cc159d62c92bd64,25839481,SELL,2453.10145538,0.0006488313
0x78bb320d08856d4c5eca0af23758881336887f15,25839483,BUY,2455.59573443,1.3531633434
0xc623b0b546bf3031ba88a583a46d5180df8d67c2,25839483,BUY,2455.63449620,0.0262711230
0x43f0665f3a38f66fffde59a3549292e8a5592646,25839485,BUY,2455.63668184,0.0002969193
0xb36ce3f521a1ff4b0cffb82ddd71f0a51fcf56ce,25839486,BUY,2455.82976277,6.9284553339
0x068b623b5cc23300f6a44b1fe31bb213db031c33,25839487,BUY,2456.23489052,11.2329314922
0xd0ae89e6162240fc73cbfb426bfb7689a0a53cc7,25839488,SELL,2453.83136222,9.3810028246
0x59be5f35e63699aad4ce03f404e819d8d1817371,25839493,SELL,2454.84542050,0.0004900093
0x1a68f1c01e1f62e6e4827dedcb7a775bccff0dd0,25839493,BUY,2457.30315089,0.0001878531
0x4215f2014239cf0e1a8617b31fcaf88aac6e4779,25839496,SELL,2454.83502523,0.1615246841
0x81dc771e308c76c3e06f635abed7fb24830fb824,25839497,BUY,2457.36667230,2.8284144484
0xebedc8e9ff409b23dd251f87ccbffa8075f87255,25839499,BUY,2458.22708729,27.7706619613
0xbfa1f0d04e8c80445d74ab4d3ecdf5ac692cfaec,25839500,BUY,2459.18037970,6.1176098318
0xbfa1f0d04e8c80445d74ab4d3ecdf5ac692cfaec,25839500,SELL,2456.89324464,0.0189131982
0x29f4ae448cfe9eb55d095d09d5f0e8cadb700565,25839500,BUY,2459.44923636,3.4741490679
0x4215f2014239cf0e1a8617b31fcaf88aac6e4779,25839500,SELL,2457.07589395,0.6064456636
0xcbc76807fdc08e28ad16ec905a10205f9092bbe9,25839503,SELL,2457.02973931,1.0359580046
0x315d2ee4fccda0def532ef4108ff57204f8d9eba,25839503,BUY,2459.45980076,0.0106874672
0xeaa9ebddd373c4bd8bb92dfcc9c7e7fcdb268e51,25839504,SELL,2456.55723401,15.8023051666
0xdf8adfe10d4a4d9f0fc4d3e377a6e8d5730eb40c,25839505,SELL,2456.11000889,0.0140625000
0x5b43453fce04b92e190f391a83136bfbecedefd1,25839506,SELL,2455.75809831,12.5179926000
0x4b03c323b67f297fba42ef9541ae445ab29552b5,25839506,BUY,2457.86393569,0.0018446294
0xc8df1a5953aa7f62a35ff1501e0c10eb3c33ebfe,25839511,SELL,2454.95280718,1.7186340987
0x51301f41c8f83fbdffaeee11f846e9c114fb8046,25839515,SELL,2454.03836836,8.0212975509
0xc8df1a5953aa7f62a35ff1501e0c10eb3c33ebfe,25839516,SELL,2453.50703984,10.9243286813
0x81dc771e308c76c3e06f635abed7fb24830fb824,25839518,SELL,2452.97828535,7.9354242515
0x5b43453fce04b92e190f391a83136bfbecedefd1,25839522,BUY,2455.37013486,5.6884584913
0xd9d8f818a7a71ed0e1fe936b991508b0e88b1609,25839523,BUY,2455.85906149,11.7252955390
0xa3e24caaacfa78145cfec423de75cb2c822ffc8a,25839523,BUY,2456.18896993,0.0216836056
0xd84a0316aaf973e6ac8956a302aef02335d047cc,25839523,BUY,2456.20354236,0.4979168228
0x71f417ac065e284409cb36383094a68ebcbbeeca,25839524,BUY,2456.22595260,0.2999426410
0xf9eabed5cfb85a0e9caed2ccd12cfc6a7cfc9501,25839524,BUY,2456.24009281,0.2035631620
0xa485aa545db87a575358ab079d78f8f9f697684c,25839525,BUY,2456.85208658,3.1595772079
0xd88d41b5eefe685520525455f0bd5ab6b1635f8c,25839525,BUY,2456.94208990,0.0429848882
0x78bb320d08856d4c5eca0af23758881336887f15,25839526,BUY,2456.99296027,1.7674011771
0x78bb320d08856d4c5eca0af23758881336887f15,25839526,BUY,2457.07530778,1.1627110638
0x555ce236c0220695b68341bc48c68d52210cc35b,25839528,BUY,2457.25267214,3.2478067801
0x146bfe22feb98f125a66937615852e540ec2d730,25839528,BUY,2457.39743868,1.9024191718
0x2dbff7dd43e46129dd1ac0ed2057b279dddd8db2,25839529,BUY,2457.45252589,0.0004868647
0xa1773b25824d6601e9b5f52f4c6c652bb55af1d9,25839529,BUY,2457.45847542,0.0000412536
0x7096ec63deda22d37b764c76508e5a34f3ee8c30,25839529,BUY,2457.45279109,0.0004103827
0xbdfbe1e727a80b888915c60b4069ea47e4e223f1,25839529,BUY,2457.45338365,0.0001413329
0xb64619712b73fb0e6740040af205a0f8134ef8f9,25839535,BUY,2457.27304164,10.4412266054
0x6f0a91ef8adeb54db0e63be507747ab9a31d3926,25839545,SELL,2454.73954625,7.2365725428
0xdd2d73bdb412e3a21865f227eadc627ac632cf2b,25839545,SELL,2454.50847218,0.9975000000
0x9eb9e9b2ba5c2665a16beaa8e137410358b6beaf,25839546,SELL,2454.20727877,9.7375629091
0xd90acddac86eeeaba70f35a218929c795621607e,25839546,SELL,2453.84311149,3.2447879800
0x5a62ae739a4b8e8d357b35547be58eac3c4b36ad,25839548,SELL,2453.63549665,4.1583067509
0x4bea1b7657ff798750dc12e96db29dd6971e1a75,25839549,BUY,2455.97578238,0.0543699958
0x1321727fde63d47f53b1df2ce585636db78ed8ae,25839549,SELL,2453.36573849,5.5708976883
0x5b43453fce04b92e190f391a83136bfbecedefd1,25839550,BUY,2455.90671806,8.6224730460
0x5b43453fce04b92e190f391a83136bfbecedefd1,25839551,BUY,2456.46336753,9.0060104789
0xca1179ecdf8d67d4331cc70127b27bf1fa7f316d,25839552,SELL,2454.32308846,0.0003934930
0xcf2f0f36565bfc5bbcfee44a0635bd2f2971e863,25839552,BUY,2456.78251908,0.0000365466
0x8f3ac035ccf139da8120c497dacf318be73034c4,25839552,BUY,2456.80071328,0.0000312125
0x61307283bcd360840165f1ee234e5d077f744fa6,25839552,SELL,2454.32184106,0.0003870043
0x346e58298f952d6f11fa4b10fe7b9fd007c7d328,25839552,SELL,2454.32272358,0.0007107032
0x977b88bfbcb439f3e121c71b3e310c1a2ea5cb08,25839552,SELL,2454.32303712,0.0003702333
0xc06ca385bc708cf09a3d7052ec24217395db6b72,25839552,SELL,2454.32224566,0.0006640135
0xce65c0f7b47265c2141921b627b517346f045774,25839552,SELL,2454.32148571,0.0004411358
0xaf54171074cde5c1f0685afc2628e819ee9b8125,25839552,SELL,2454.32282986,0.0004782097
0x2b018ca7dd2bc0297d55abc6ba9515844c29b6b5,25839552,BUY,2456.78362420,0.0000519207
0x379144d83d8085bd5de06aa8eb36eef795ec6876,25839553,BUY,2456.78049554,0.0407036771
0xb504717412f5a1dcdceaae486f9298dbb6114671,25839553,BUY,2456.83882705,2.0351355347
0xcac2edcd082628ba3ba31b3b74537792550319e6,25839553,BUY,2456.91836294,0.3050403222
0xd9d8f818a7a71ed0e1fe936b991508b0e88b1609,25839556,BUY,2457.30180334,13.3375407955
0x0b3e50a48cc5366caeec5a2460bf7b652031cab9,25839557,BUY,2457.67844827,0.0002121002
0xca1179ecdf8d67d4331cc70127b27bf1fa7f316d,25839557,SELL,2455.21953931,0.0004920839
0x555ce236c0220695b68341bc48c68d52210cc35b,25839559,BUY,2457.81457933,4.9033456353
0x5e2a3daaf86cede3392f77616cede2de0d3bd3a0,25839559,SELL,2455.18247262,11.1363580507
0xbee841c6900a1947443f5ce6f72f774ecdce9541,25839560,BUY,2456.84170474,0.0000093234
0x88937dc65fea35ba86feea853a4a95b59f44ecfb,25839560,SELL,2454.21249630,4.0754158819
0xeaa9ebddd373c4bd8bb92dfcc9c7e7fcdb268e51,25839561,SELL,2453.72850926,13.1800268583
0x2e87f7ede066930b45dd60c25bc8f52864fcec15,25839561,BUY,2455.81621295,0.0746715695
0xf9da23ad9b1d262dcecc68ad01538d1992281f35,25839561,SELL,2453.36186094,0.0436945722
0xd126780e0da4626fb56b015203840b7b2880ae28,25839561,BUY,2455.81608039,0.0024713691
0x5b43453fce04b92e190f391a83136bfbecedefd1,25839562,SELL,2453.32058852,1.4338786180
0x9eb9e9b2ba5c2665a16beaa8e137410358b6beaf,25839563,SELL,2452.81715913,16.5254333105
0xeaa9ebddd373c4bd8bb92dfcc9c7e7fcdb268e51,25839564,SELL,2452.25672559,3.4723074995
0x8b5606469e21c75edd7c74d1c7a65824675d9aff,25839569,BUY,2454.26488800,0.1220349337
0x5ed864e8f37dcb4f79c5172a815d1b3a9147eaab,25839569,BUY,2454.43977755,6.1119665254
0x51301f41c8f83fbdffaeee11f846e9c114fb8046,25839570,SELL,2451.71106645,15.9435007460
0x362fde0a6351ab425654b930182eb798b5fe73b4,25839570,SELL,2451.13207245,2.2790518478
0x1ea7796c6d008ce8439c79de476b237f475336db,25839570,BUY,2453.52717327,0.2032787757
0x4cbf431fd9d26dfc6c7abbd4957f126e45f97219,25839571,BUY,2453.54162602,0.3148509859
0x5e2a3daaf86cede3392f77616cede2de0d3bd3a0,25839581,BUY,2453.96323280,14.7522878392
0x04f56649e3dfecab1810a2c40ff5ff431e9caff3,25839581,BUY,2454.39336568,0.6152233057
0x767b5b04dc4dcf88df7c85cefeca4025ed2a0910,25839582,SELL,2451.95493676,0.0005180483
0x7d6cf35cc7c6f7c7dedec4179b8f67b37733dffd,25839582,SELL,2451.95402442,0.0002321108
0x4cbf431fd9d26dfc6c7abbd4957f126e45f97219,25839584,BUY,2454.17751497,0.2913399685
0x81dc771e308c76c3e06f635abed7fb24830fb824,25839585,SELL,2450.96934290,27.3671334851
0x08fdfb2f8c94a09b17fde60f80da0202af71a0bb,25839586,SELL,2450.20657258,0.0248000000
0x56c262027e0de4aea31d2489529cb25d23e58a8b,25839586,SELL,2450.15343430,0.0000262024
0xebedc8e9ff409b23dd251f87ccbffa8075f87255,25839590,SELL,2448.97016300,33.1324849130
0xc67ed0d5cbfdde2c19cb99ec6cb5e12016248684,25839591,SELL,2447.94952975,3.5911686263
0x5a15059f7dbe257b4a1a75f858db70c85564a369,25839593,SELL,2447.84962618,0.0003914411
0x826db18846f89e9d88c8250273492b0ba506d8b1,25839593,SELL,2447.84946176,0.0001836179
0x27f0fe8718f10330c1957ae99e69ec6cce569284,25839593,SELL,2447.84707023,0.0002218313
0xca1179ecdf8d67d4331cc70127b27bf1fa7f316d,25839593,SELL,2447.84963395,0.0002060396
0x56d57d2eba577d84d7a2c8a753a9331059698a32,25839593,SELL,2447.84954685,0.0002767911
0xb6cb89e669015c0f06a61a6ef3a89b161019f6af,25839593,SELL,2447.84638296,0.0002061343
0xa8ecbc0cb4c0c5b0a5a8c4d3e6028451540a66a9,25839594,BUY,2450.29957109,0.0004145595
0xddce4200b7ae48f0bee815592854ad110aa60e05,25839594,SELL,2447.78854045,2.2000000000
0xc8df1a5953aa7f62a35ff1501e0c10eb3c33ebfe,25839596,SELL,2447.39246697,12.0617817610
0x26a94decc0da1c7bd8de571be4b8b60344cd2095,25839596,SELL,2447.05692718,0.0015208334
0xfbfaa7e938e7176bbcbbbf6b15a4f3a89d2b065d,25839596,SELL,2447.05530296,0.0002439181
0x81dc771e308c76c3e06f635abed7fb24830fb824,25839597,SELL,2446.40464188,23.5297827100
0xeaa9ebddd373c4bd8bb92dfcc9c7e7fcdb268e51,25839598,SELL,2445.46803822,10.2521372351
0x5e2a3daaf86cede3392f77616cede2de0d3bd3a0,25839599,BUY,2447.92867510,10.7273465175
0x2fe6520635f011daeb3474404c2bdd191c9846cd,25839600,BUY,2448.23670118,0.3691321536
0xb9332b6301e5983272c30dd5b48a4e3b1664511b,25839603,BUY,2448.25981364,0.4633684606
0x5b43453fce04b92e190f391a83136bfbecedefd1,25839604,SELL,2445.46059795,13.1477710105
0x6f0a91ef8adeb54db0e63be507747ab9a31d3926,25839609,SELL,2444.04210664,3.2641531234
0x56d57d2eba577d84d7a2c8a753a9331059698a32,25839609,BUY,2446.40364449,0.0000870392
0x9b056e2fd1b96a5d2494a303dacce77200f61b96,25839609,SELL,2443.95150524,0.0002467823
0x0ef2fd20077f9dc0e8601550dcb496f17810dee6,25839609,SELL,2443.95013917,0.0001723918
0x73210f4efdabc706c40718b60f63c2298b3f6401,25839609,SELL,2443.95158390,0.0003081747
0xbb65535ce56c1323949f9186a9bc0d0f1e02f2c4,25839609,SELL,2443.94820467,0.0002374838
0xeaa9ebddd373c4bd8bb92dfcc9c7e7fcdb268e51,25839611,SELL,2443.08505622,31.3093685156
0x7e977e42b98c8b1837e7ed65205fdc1e3478b677,25839612,SELL,2442.14007871,2.8447687586
0xa9eda34a85994187d48f5a57f6db8652dc36b64b,25839612,SELL,2441.96757169,3.3927737117
0x5b43453fce04b92e190f391a83136bfbecedefd1,25839614,BUY,2444.95420213,22.9856817637
0xb04e00e3e0f31073464804fe4182844ac2f7d418,25839617,BUY,2447.29952224,0.0010215341
0x4591bfdf07f844da9d5697f03e7b9a8f84f88ffb,25839618,SELL,2444.84980525,0.1100857400
0x574be013006558d0a5682a6b0508f02d147377bf,25839620,BUY,2447.29367146,0.0081722926
0x9354dfbe4276abfd6ae18a9130c06f5d95bccb5b,25839620,SELL,2444.84674487,0.0002700141
0x826db18846f89e9d88c8250273492b0ba506d8b1,25839620,SELL,2444.84597465,0.0001653777
0x9b056e2fd1b96a5d2494a303dacce77200f61b96,25839620,SELL,2444.84572560,0.0002134368
0xce2e64a1a5412b7bf2c279e43c32244e76dfa004,25839620,SELL,2444.84406768,0.0001202944
0x0b3e50a48cc5366caeec5a2460bf7b652031cab9,25839620,SELL,2444.84549341,0.0001840272
0xca1179ecdf8d67d4331cc70127b27bf1fa7f316d,25839620,SELL,2444.83187305,0.0000640821
0x8ffa6dab99f8afc64f61bef83f0966ed6362f24f,25839620,SELL,2444.83689409,0.3704614399
0x05a94a8dd7eb1ba5b1114cc5ef18855a221ac317,25839621,BUY,2447.35107364,2.8031857717
0x688c2026bf658f56ff59f89ebf672556a7133bb9,25839626,SELL,2445.05963800,3.2697708991
0xf1f9c68057f7484f74314650e9ea991c21dae1f4,25839629,BUY,2447.94989774,2.7806461759
0x5b43453fce04b92e190f391a83136bfbecedefd1,25839634,SELL,2444.23833453,48.4207491225
0x1857f1af49e03fdd3da26cfdd7aedcba445e0eaa,25839638,SELL,2442.97902497,7.5772000000
0x604d23a2ebb002df6fdc77b82da716222ca43b8b,25839638,BUY,2445.38140400,6.0423021962
0x68ac5f59c5df8cf58b75cab294fdd776b09ec7b9,25839639,SELL,2443.10004286,0.1400000000
0xebedc8e9ff409b23dd251f87ccbffa8075f87255,25839641,SELL,2443.67385480,4.8369063252
0x09ba7fef9d3acd8ce2e4971bbe3219e5f87a497b,25839641,BUY,2445.98574675,0.0003163310
0x6ba6d6eb3e453eea1a93b76d8161144b67a7e916,25839641,SELL,2443.53673885,0.0003024456
0x9b056e2fd1b96a5d2494a303dacce77200f61b96,25839641,SELL,2443.53660224,0.0001364747
0xfbfaa7e938e7176bbcbbbf6b15a4f3a89d2b065d,25839641,SELL,2443.53915829,0.0003518274
0x2b018ca7dd2bc0297d55abc6ba9515844c29b6b5,25839641,SELL,2443.53859435,0.0001477939
0x66c6778dedba51b87103c8543ee751e7cd960659,25839644,BUY,2446.01120991,10.0072372754
0xed1c5bd03829cc76f899f93ab9b0379283decd8e,25839644,SELL,2443.81557475,0.9900000000
0x624b13773f95e49d760e2ceaa742b9a0065671a4,25839644,SELL,2443.71804316,2.5328702390
0x826db18846f89e9d88c8250273492b0ba506d8b1,25839644,SELL,2443.64160805,0.0001175483
0x5a15059f7dbe257b4a1a75f858db70c85564a369,25839644,SELL,2443.64483074,0.0001542577
0x86409edef0a14e47807a8747f81b6bbdcadb42cd,25839644,SELL,2443.64760869,0.0001949950
0xa4a81b6915ff619b667154ba9bc462342afbd7ce,25839645,BUY,2446.10029304,0.2493765259
0xed1c5bd03829cc76f899f93ab9b0379283decd8e,25839647,BUY,2446.13365956,0.9843174925
0x9b056e2fd1b96a5d2494a303dacce77200f61b96,25839649,SELL,2443.70143586,0.0000386496
0x5b43453fce04b92e190f391a83136bfbecedefd1,25839653,SELL,2443.63912337,2.7550793346
0x51301f41c8f83fbdffaeee11f846e9c114fb8046,25839654,SELL,2442.93811685,22.5742140554
0x51301f41c8f83fbdffaeee11f846e9c114fb8046,25839656,SELL,2441.10035744,43.1329123488
0xc5af383c948271d2cf2fac526f8fd2233ccb0b2e,25839657,SELL,2439.88006333,1.2000000000
0xfcc81831f4a866fc9555c3c918590739e12bfb70,25839657,SELL,2439.77694439,2.5487577134
0x877de639be016122bb09177e1bb0fe44ba363ab3,25839657,BUY,2442.16461123,0.3796362775
0x5e2a3daaf86cede3392f77616cede2de0d3bd3a0,25839659,BUY,2442.91537346,7.3397154035
0x88937dc65fea35ba86feea853a4a95b59f44ecfb,25839659,BUY,2443.23048329,4.0929421389
0xc8df1a5953aa7f62a35ff1501e0c10eb3c33ebfe,25839660,BUY,2443.63505412,10.5818512492
0x8357efa84f91013bd6b285ef0f6b93c211cc3d9d,25839661,BUY,2445.27631194,48.7617250707
0xc4e17df17080e7e571be0d0dc2fe2f7f38a347c5,25839664,SELL,2444.22677852,0.0139699300
0xef1ec136931ab5728b0783fd87d109c9d15d31f1,25839665,BUY,2446.67273317,0.0030838444
0x0eb7619092065939ad7bd290e2039684072bc84c,25839665,SELL,2442.72500125,2.6370073114
0x9cc50e7612635f581eac8d35ba45837706a99bed,25839665,SELL,2443.48082095,4.0685979950
0x6f0a91ef8adeb54db0e63be507747ab9a31d3926,25839666,SELL,2441.94127239,51.6293248475
0x2d5598407b901089e211e0ba25d139576270058c,25839666,SELL,2440.49188526,0.9500000000
0xf9ad3a3f0a49d0b489211dc98960b2da016cc08a,25839668,BUY,2442.90841825,0.0027116690
0xcc898c753fa75378d7bee8cfc2ff9945d365a6fd,25839671,SELL,2440.24739127,2.6145430938
0xd6a7b9b3c03a0e3e23bd9425e79183c8bc1356d8,25839672,SELL,2439.55541506,22.5424130952
0x5b43453fce04b92e190f391a83136bfbecedefd1,25839674,BUY,2442.41937997,20.5313149958
0x4320a5b89b7829f9df1b38917a3a6957a49a7971,25839674,SELL,2440.46018200,3.0000000000
0x826db18846f89e9d88c8250273492b0ba506d8b1,25839676,SELL,2441.17902867,0.0000330725
0xce2e64a1a5412b7bf2c279e43c32244e76dfa004,25839676,SELL,2441.15968360,0.0000182163
0x6a844606f65f8e32520d60c1d5a3f7db47aad097,25839678,SELL,2439.98541866,41.0000000000
0xff7f47680660b53ac58ea0df732980df69aaf873,25839678,BUY,2442.39857579,39.9394966022
0x252f811a7ffe0b7346fd5970312203c83bd9c007,25839684,BUY,2443.50076011,0.0568171356
0x51301f41c8f83fbdffaeee11f846e9c114fb8046,25839687,BUY,2444.34394907,30.4827035546
0xbee841c6900a1947443f5ce6f72f774ecdce9541,25839687,BUY,2445.18819991,0.0006098688
0xa2915f9fb7cf56e7d65ff107478bc0cfe11c1b02,25839688,BUY,2445.18826810,0.0021828949
0xc36fb04db65eefb442041fb994f62e2f6b91588c,25839692,BUY,2445.21471552,1.0201865432
0x66c6778dedba51b87103c8543ee751e7cd960659,25839696,BUY,2447.63039375,77.0423873436
0x7073928aa37b1648e3390f5a5977aa512ea63192,25839698,SELL,2447.11784234,7.3043196636
0x08b2cbf90d29e567a57b943eeb2a3479ffcc5d94,25839699,SELL,2446.80158700,4.0875142566
0xb36ce3f521a1ff4b0cffb82ddd71f0a51fcf56ce,25839704,SELL,2443.54781809,8.9936145171
0xd79df36587505d3ad97b4ece1225980b00d56a01,25839709,BUY,2447.51462657,0.2083957213
0x51301f41c8f83fbdffaeee11f846e9c114fb8046,25839713,BUY,2448.03509391,18.4480585688
0x81dc771e308c76c3e06f635abed7fb24830fb824,25839715,BUY,2449.71998695,17.5239754664
0x331d9a049d496385998067abf6cbb6371c8d2466,25839715,BUY,2450.24545580,1.3696765232
0x9eb9e9b2ba5c2665a16beaa8e137410358b6beaf,25839716,BUY,2452.24950016,70.5916554855
0xa84d20f9f818112f0d163e1547a5bbda697b5e1d,25839717,BUY,2454.26827647,1.7812844838
0xd076c5a6c7cd4e1bb69177ac5892aefb0abb1f7d,25839718,SELL,2451.82216568,1.5128439484
0x897a727317af4f18d514ccfa82945a1b306de967,25839718,BUY,2454.25363698,0.7210410038
0x3af24b14590917bf0d07b03bf1114cec3b69ae94,25839718,SELL,2451.80856325,0.4155703301
0x77412291569d2ea793d05a51e54403f2018c3277,25839718,SELL,2451.68211663,4.1008967349
0x6a844606f65f8e32520d60c1d5a3f7db47aad097,25839719,BUY,2454.59233701,20.3780075118
0xb84376d61bff1961552535566b9d364493f0bc39,25839719,SELL,2452.68109554,1.0180399101
0xeaa9ebddd373c4bd8bb92dfcc9c7e7fcdb268e51,25839721,SELL,2451.70397586,33.8987557545
0xe85091501587b32a323be2512b36fab392d7c6bc,25839721,SELL,2450.75582261,0.0862441770
0xada5bb90d0de0bd1b6f3938708f49295a8d1f7cb,25839721,SELL,2450.75282349,0.0202804194
0x6f0a91ef8adeb54db0e63be507747ab9a31d3926,25839722,SELL,2450.21972401,19.1293067421
0xb2d4d315ed9cb12302dd24db8c6a02964b7aa43b,25839723,SELL,2449.67692708,0.3715497721
0xc23dd2ef8961a4b184c585be683e6c883952554d,25839723,SELL,2449.66201550,0.0214462500
0x272013922dc96c814f7ebaf6753c06eb353aaca9,25839723,SELL,2449.64019454,0.7038342271
0xfbfaa7e938e7176bbcbbbf6b15a4f3a89d2b065d,25839725,BUY,2452.08064208,0.0001093561
0xab481c730b88dc650209e22ea798b07e25c50b27,25839725,BUY,2452.07421279,0.0002638309
0x095b3ec00c9a724e01ae3c11f69a177c15b19fd5,25839725,SELL,2449.56909354,1.8559120700
0x613874e81478ef4213c0ca3fb768b878adb6fd8b,25839728,BUY,2451.96882939,0.0008156711
0xce54f65abb8b61b83c14cbe97de97fce75bbf556,25839728,SELL,2449.46104555,2.0287649020
0x6f0a91ef8adeb54db0e63be507747ab9a31d3926,25839729,BUY,2452.38388723,19.2207318909
0xebedc8e9ff409b23dd251f87ccbffa8075f87255,25839730,BUY,2453.49620915,20.6702471717
0xbfe6c805f72c7284a2c899e689544a58165529d0,25839730,BUY,2454.16097009,3.1452883511
0x973e6791bcbad080ffa2c2c94259f44344c6d593,25839731,BUY,2454.24948733,0.0069905941
0xc8df1a5953aa7f62a35ff1501e0c10eb3c33ebfe,25839732,BUY,2454.52653708,9.8711945840
0x1b878f3af0a7420ef87899696caad92e63e5c4ae,25839732,SELL,2452.34897735,0.0125069928
0x2fe6520635f011daeb3474404c2bdd191c9846cd,25839733,BUY,2454.82937898,0.9465288809
0x51301f41c8f83fbdffaeee11f846e9c114fb8046,25839735,BUY,2455.54463361,24.6113067972
0xfaa5b0001d4bc0ec920944a705ad9c165bfd2df6,25839736,SELL,2453.77967926,0.0143023269
0xfaa5b0001d4bc0ec920944a705ad9c165bfd2df6,25839736,BUY,2456.30298384,0.0000069434
0x5e2a3daaf86cede3392f77616cede2de0d3bd3a0,25839741,SELL,2453.50104331,2.1061470176
0xd7e1236c08731c3632519dcd1a581bfe6876a3b2,25839742,SELL,2453.41282596,1.0400000000
0xf9ad3a3f0a49d0b489211dc98960b2da016cc08a,25839742,SELL,2453.18872178,6.9533544279
0xcde89f2f6ee755ef007e0d5eb312fd9a6c2ce193,25839747,BUY,2454.54405489,0.0006110642
0x6f0a91ef8adeb54db0e63be507747ab9a31d3926,25839748,BUY,2455.64673360,39.2847873739
0x574be013006558d0a5682a6b0508f02d147377bf,25839748,BUY,2456.75023372,0.0081408357
0x66c6778dedba51b87103c8543ee751e7cd960659,25839751,SELL,2453.45017455,30.0999628425
0x04ebe5375b0bfc63baa323d6778821f274030a6e,25839755,BUY,2455.06180034,0.0006595822
0xbc9a98fd42bad7ba37cb4fdd581f2b05bf830a5e,25839755,BUY,2455.06282332,0.0004548258
0x5b43453fce04b92e190f391a83136bfbecedefd1,25839758,SELL,2452.12189003,17.2186580307
0x7753a5b81e0add2d6965bcf94616d83d8af53192,25839758,BUY,2454.09374024,0.0004373794
0x3219d9587e817df5c67f95383581a57bc74982bb,25839759,SELL,2451.58013008,0.0468440809
0xa646f9cc3ef9930c82e6599746cf2c8d76060ac1,25839760,SELL,2451.57833561,0.0156454895
0x4e0fb94480f579f136832ee9542d67d92bfe8dd1,25839760,BUY,2454.14550873,4.0787821971
0x2cdde1b20add155a8a559c39d08ef59f80b42ecd,25839767,SELL,2453.69327539,3.0907490994
0xb9d742acf332acb351a0ef35e9a3fc31cb3e5c35,25839767,SELL,2453.06730222,19.2359809384
0x1fee0d6bbdd046daf9797c3b1b650243ac01a69f,25839767,SELL,2452.46063827,2.4081364878
0xea25ea1568776f90389e5c692674cc080489de58,25839767,SELL,2452.16813655,8.0310866614
0x81dc771e308c76c3e06f635abed7fb24830fb824,25839768,BUY,2454.76005760,12.9415640973
0xc8b319aef5407171aa1cd2a9f06bef8c68d1e1f3,25839769,BUY,2455.51839645,0.2036229909
0xeaa9ebddd373c4bd8bb92dfcc9c7e7fcdb268e51,25839770,BUY,2457.06528892,54.8579082469
0xf07b4d27cae6571857e51ab3fb209f5226de2d88,25839772,SELL,2459.23775146,0.0899993129
0xdebafc977eaa0833a55e4190382e30f45502c672,25839780,SELL,2455.62045185,0.4050000000
0xf5c7f48887536e4e8f4a947472546ba81e74c569,25839780,SELL,2455.56934754,0.3050000000
0x5fd1f467ad0fd0e3d0c0f59f29de133a595d4220,25839781,SELL,2455.55825250,0.0002401018
0xb7225cf512a9b424fb89e17703886b6207bf4dc8,25839781,BUY,2458.01880028,0.0001203538
0xb9ddbf14ee754bb490d6e93beb9ea187c442b4a9,25839781,SELL,2455.55629723,0.0002053763
0x3befd7e0de36d8eee5193d48a47e57af1cc8d904,25839781,SELL,2455.56049643,0.0004786911
0x735ed02655bca15ec46491c0de4946591135459b,25839791,SELL,2455.49688909,2.2713274074
0x54311711f6f2b02cdb2b4a437999b225d7ae487b,25839791,BUY,2458.01577795,1.6272053938
0x2f8cb25737f469a3479dbf3cedf428a3d9900d39,25839791,BUY,2458.08441720,0.8136417065
0xb9db33fb494a7be9ab801b0b5d7a8a4487dff240,25839792,BUY,2458.12249701,0.5403783178
0x8b8023898585e97da73eb02a6af93d52127aae13,25839792,BUY,2458.25209918,4.0679310325
0x4d92a9835f4768aac92531cf1a638e444912dada,25839793,BUY,2458.36683731,0.0075913394
0x380f7d635cf5ab69fec3c643a1eccec5b6a0c800,25839794,SELL,2455.36945193,0.0002200801
0x2f8579db1d4f57de1e89c61af7d439df484baf7c,25839804,BUY,2454.53155345,0.0038442468
0x957630464fe55c9c23d39675fdaa2d78a7978f9f,25839806,SELL,2452.03568067,1.5000000000
0x81dc771e308c76c3e06f635abed7fb24830fb824,25839809,SELL,2451.11392660,21.5068550180
0xebedc8e9ff409b23dd251f87ccbffa8075f87255,25839816,BUY,2453.28119945,24.0785115580
0x315d2ee4fccda0def532ef4108ff57204f8d9eba,25839817,SELL,2451.49865963,0.0291414298
0x315d2ee4fccda0def532ef4108ff57204f8d9eba,25839817,SELL,2451.49770750,0.0043478409
0x73be8d258d02628814b8603119380b038cd1ca06,25839820,SELL,2451.46565482,1.1477407564
0xed31132d85045dd4a54b1afdfb31aa34d3994238,25839822,SELL,2451.37913243,1.9580820394
0x64e8a89bcbbf2e78990e6a1362a989da997c2f13,25839824,BUY,2453.87893723,3.6268325242
0xb36ce3f521a1ff4b0cffb82ddd71f0a51fcf56ce,25839828,SELL,2451.87266480,2.5719576826
0xdcf4b4e817d96572ccb986eb569b3644922eeefc,25839829,SELL,2451.80048069,0.0008465974
0x1a222f9b072aed5e9e815849de5a11b0fe3958ab,25839830,BUY,2454.11443686,0.0000407479
0x6a2d4c670fde52a7c03781bbda2692adcabfaad6,25839834,SELL,2451.63453059,0.2141494127
0xebedc8e9ff409b23dd251f87ccbffa8075f87255,25839837,BUY,2454.72143316,22.7907581916
0xc8df1a5953aa7f62a35ff1501e0c10eb3c33ebfe,25839838,BUY,2455.65218845,10.3697174689
0xc8bf2fae39a9428b231f314e0ccf78dc2bed9cbf,25839840,SELL,2454.64366598,0.0002187902
0xc8df1a5953aa7f62a35ff1501e0c10eb3c33ebfe,25839842,BUY,2457.29638782,6.8927095730
0x81dc771e308c76c3e06f635abed7fb24830fb824,25839846,SELL,2454.65802078,13.3703192083
0xe85091501587b32a323be2512b36fab392d7c6bc,25839846,SELL,2454.28255324,0.0078194868
0x66c6778dedba51b87103c8543ee751e7cd960659,25839847,SELL,2454.10410258,6.3554199146
0xc8df1a5953aa7f62a35ff1501e0c10eb3c33ebfe,25839849,BUY,2456.87780714,17.6616182396
0xfc1cef9c52d5978f0770aa51505626d9212d973c,25839853,SELL,2454.91558623,0.0644800000
0xf9da23ad9b1d262dcecc68ad01538d1992281f35,25839854,BUY,2457.37168237,0.0404497214
0x9eb9e9b2ba5c2665a16beaa8e137410358b6beaf,25839855,BUY,2458.03024962,23.2828212305
0xaa2eed37a204135cba301f5426b2de5c59835e00,25839855,BUY,2458.68714208,0.0003475713
0x0ea041260095b20feda41ef4fdbef7d801f4c438,25839856,BUY,2458.68534227,0.0087094972
0x6f0a91ef8adeb54db0e63be507747ab9a31d3926,25839858,BUY,2459.57810264,19.5231139782
0x8b8023898585e97da73eb02a6af93d52127aae13,25839858,BUY,2460.58543640,16.2562939731
0xebedc8e9ff409b23dd251f87ccbffa8075f87255,25839859,BUY,2461.41411948,13.1635610699
0xd076c5a6c7cd4e1bb69177ac5892aefb0abb1f7d,25839860,BUY,2461.90909731,4.4140424221
0x930b88a592a045c428f3d99f7f3e5f95e3967508,25839861,SELL,2459.56981973,0.0763156128
0x6f0a91ef8adeb54db0e63be507747ab9a31d3926,25839862,SELL,2459.46356515,3.7029981814
0x93f80428183aa587d8c33ca4f026c1c804764799,25839863,SELL,2459.47664062,0.0512000000
0xe85638841a33caf0c02b2b5c66df578a258a056f,25839866,SELL,2459.47492315,0.0003250011
0xc8564726aaa50cf006ea28c5ef2dadd85a26b723,25839868,SELL,2459.44358397,1.1243660497
0x5b43453fce04b92e190f391a83136bfbecedefd1,25839872,SELL,2459.01552810,12.8834899617
0x107268d6cb6ed6f020f2a79ab1df5c14fa81e57b,25839872,SELL,2458.63628167,0.6000000000
0xdb89eddede70c0ca0ade34825397515851a38536,25839872,SELL,2458.57975728,1.4095034057
0xce54f65abb8b61b83c14cbe97de97fce75bbf556,25839872,SELL,2458.02822074,18.2025000000
0x57f2ec4d8d4e304a168a0e778ea03cfd1fbd75d6,25839873,SELL,2457.44052661,0.4088850005
0xede98d4138434f1672560a587f946ab9349b3489,25839876,SELL,2457.36974318,0.1281472493
0x49719d256a5ea16bfa579ea16e95bea9fa41a452,25839878,BUY,2459.82733173,0.0701837880
0xfa1dfec1e8ed966c61c45797a3d58666cf2ae708,25839878,SELL,2457.36962656,0.0165963836
0xf9da23ad9b1d262dcecc68ad01538d1992281f35,25839879,BUY,2459.83007976,0.0606139429
0x81dc771e308c76c3e06f635abed7fb24830fb824,25839880,BUY,2460.03389864,7.1792698250
0xaf606275e24fd27206df317b075a48c0750f82fb,25839881,BUY,2460.23648199,0.0141158776
0x51301f41c8f83fbdffaeee11f846e9c114fb8046,25839882,BUY,2460.53860806,10.7166826164
0xeaa9ebddd373c4bd8bb92dfcc9c7e7fcdb268e51,25839883,BUY,2460.95018167,3.8962325834
0xfa1dfec1e8ed966c61c45797a3d58666cf2ae708,25839883,SELL,2458.59936495,0.0045420174
0x7d132aa1c949f867c344b70d480d5132be54306c,25839889,SELL,2458.59901596,0.0052741500
0x315d2ee4fccda0def532ef4108ff57204f8d9eba,25839899,BUY,2458.91784858,0.0053710668
0xdff93d0ff5c19fabaa84ea6919309c8df838ea0c,25839900,SELL,2457.30620715,0.0795487300
0x924465cf8cfc56b56539a5c59f2a85bfd64adb93,25839901,BUY,2459.99449073,8.2185267232
0xcde89f2f6ee755ef007e0d5eb312fd9a6c2ce193,25839902,BUY,2460.25266578,0.0001709853
0xeaa9ebddd373c4bd8bb92dfcc9c7e7fcdb268e51,25839904,BUY,2460.65082434,14.2766294192
0x8eb2e47ed3bbe64b418eaf0df238b70034f202ad,25839905,SELL,2458.63428155,0.1265585790
0x315d2ee4fccda0def532ef4108ff57204f8d9eba,25839908,SELL,2457.11582899,0.0054265834
0xb36ce3f521a1ff4b0cffb82ddd71f0a51fcf56ce,25839910,BUY,2459.83011384,23.2417801336
0xa883710b6dbf008a1cc25722c54583e35884a209,25839910,BUY,2460.60085538,4.1331989074
0xa5a5491bca93dd4c076e4906e79e7673f4a5a142,25839911,SELL,2458.25683825,0.0042801240
0xfa6fd48c4a52aed2a21ac915e3bc334e2ece1b9d,25839911,SELL,2458.24934788,0.2692086743
0xfa1dfec1e8ed966c61c45797a3d58666cf2ae708,25839912,BUY,2460.70206950,0.0045333777
0xfa1dfec1e8ed966c61c45797a3d58666cf2ae708,25839912,SELL,2458.24075594,0.0453792045
0xb58555fcba6479fced7de1485eb054943a09af7b,25839913,BUY,2460.69992307,0.0086601413
0xd364b963cfc8002f35c65c6465227a310b7dd7ea,25839916,SELL,2458.08077798,5.6398099835
0x6bf97afe2d2c790999cded2a8523009eb8a0823f,25839917,SELL,2457.59635892,8.2706032861
0xf8d501f4610375707ff10cabca02c90e24981fbb,25839917,SELL,2456.72542810,22.7201742358
0xebedc8e9ff409b23dd251f87ccbffa8075f87255,25839925,BUY,2458.50568836,3.7747002230
0x9eb9e9b2ba5c2665a16beaa8e137410358b6beaf,25839926,BUY,2459.07029252,16.2935265604
0xba5aae99d0c14657e3db71e0abdc29c2052cf0b6,25839927,BUY,2459.58543807,2.0328343515
0x790f117af8169487725a1c3e92828176042cfc88,25839929,BUY,2461.10631062,3.1814960476
0x3b4dc45f001a44ba3637955130ec7a53b156bc23,25839929,BUY,2461.19703770,0.0385036263
0x7d8f6522ff026b87e3ae7b202b1afd21191af30a,25839931,BUY,2461.60308715,14.3785864182
0xb886537563935290f182a042715e64ba15b511dc,25839932,SELL,2459.47051303,2.7047800800
0x55eda4e38ab98cff10f7f778f077fea8ebfb8eb9,25839935,SELL,2458.76115037,1.2868406000
0x5b43453fce04b92e190f391a83136bfbecedefd1,25839941,SELL,2458.48120849,8.6658627511
0xa883710b6dbf008a1cc25722c54583e35884a209,25839942,SELL,2458.09325673,5.1287191430
0x790f117af8169487725a1c3e92828176042cfc88,25839942,SELL,2457.72321754,8.0322198363
0x50bf934781f63028c5c8ef49c4affe19a86d99b6,25839942,SELL,2457.35663137,5.0086127739
0xd51e2dabbb4046710dc805a26c3cee02cff7ec91,25839942,SELL,2457.18760120,1.0053765161
0x8d7b8b84c1c11e123590ec13cf7b0db2be89b866,25839945,BUY,2459.61844567,0.0022010938
0xa1143fe8e6b03a75cd339005560d6a9db6327223,25839950,SELL,2456.59833202,11.8918893188
0xa1de68d07945b1ff1222a73418fa295cf02ed102,25839950,BUY,2458.72269745,0.0020339158
0x2c1b3240631826cd4f9a894a207c09b6e861dce8,25839950,BUY,2458.78157058,2.1007860986
0xc9f991efa23400d171b21fbf99b2cc68ddc3e218,25839955,SELL,2456.37992060,0.0897984551
0x790f117af8169487725a1c3e92828176042cfc88,25839960,SELL,2456.22567476,5.1301580468
0xc75f9c213db902368b1694dcc92a70fbb32f86c6,25839963,SELL,2456.08149698,0.0004379952
0x73210f4efdabc706c40718b60f63c2298b3f6401,25839963,BUY,2458.55409358,0.0000490398
0x5d5dbe8a95963f854a8827ac6b9ef68caf2d8bd8,25839963,SELL,2456.08054047,0.0002479833
0x51301f41c8f83fbdffaeee11f846e9c114fb8046,25839965,SELL,2456.02393762,2.0495730033
0x81dc771e308c76c3e06f635abed7fb24830fb824,25839968,SELL,2455.17312900,19.5545084890
0x51301f41c8f83fbdffaeee11f846e9c114fb8046,25839969,SELL,2454.05405626,20.3246145784
0x790f117af8169487725a1c3e92828176042cfc88,25839971,SELL,2452.70099055,11.0942856536
0x5b43453fce04b92e190f391a83136bfbecedefd1,25839972,SELL,2452.28312430,3.8170721779
0xb886537563935290f182a042715e64ba15b511dc,25839973,SELL,2452.16139226,0.5276168600
0xd9d8f818a7a71ed0e1fe936b991508b0e88b1609,25839976,SELL,2451.45176878,24.8605412446
0xb36ce3f521a1ff4b0cffb82ddd71f0a51fcf56ce,25839977,SELL,2450.21920471,19.3821599197
0x72f0a347228689db5f61432d62e4bd97870311c0,25839979,SELL,2449.66314274,0.5955938833
0x574be013006558d0a5682a6b0508f02d147377bf,25839981,SELL,2449.64604808,0.0185131534
0x65397d8163cc4d506a565e3efed153a7cd38f228,25839985,SELL,2448.70600535,0.0008145992
0xe534fcf786bf1485e92c80504e23ed69c8805e3e,25839988,SELL,2448.70674823,0.0012877189
0xdf13710dd551a57a793a290cb051f5c869dea656,25839992,SELL,2448.57368824,4.8046271858
0xe10aea97db97a8a045c72041e2395895ff000ef6,25839997,BUY,2451.29079337,1.3654543859
0xb36ce3f521a1ff4b0cffb82ddd71f0a51fcf56ce,25839998,BUY,2451.90814363,20.7997576967
0xa1de68d07945b1ff1222a73418fa295cf02ed102,25840000,BUY,2452.48936452,0.0002516671
0x5b43453fce04b92e190f391a83136bfbecedefd1,25840001,SELL,2449.95409345,2.9401800778
0x30ed177f8f83cb2d9f9db44567d98fe9ac06c155,25840002,SELL,2449.70083231,6.1600000000
0xdf8adfe10d4a4d9f0fc4d3e377a6e8d5730eb40c,25840002,SELL,2449.44816712,2.9200000000
0xe9637f28936e93c1a4edcba7db6deb1fe83434c4,25840003,SELL,2449.11783475,5.3841691347
0x70986467385b255bd846c0ea607042c2bd4bba1d,25840004,BUY,2451.36353350,0.0000352306
0xada5bb90d0de0bd1b6f3938708f49295a8d1f7cb,25840009,BUY,2452.22954613,0.0004023143
0x4410b668b03c447e21c61a15fdac24eae54b9ab4,25840010,SELL,2449.74833100,1.0000000000
0xebedc8e9ff409b23dd251f87ccbffa8075f87255,25840014,SELL,2449.61305327,3.8612351075
0xa8164e9c8c6236bfd5b5e408b65043dc9a199bb3,25840014,SELL,2449.49594361,0.3473313905
0x7bbf31ff909de721f27d74bbb2963fe5cfb417a8,25840014,SELL,2449.48618054,0.0012872520
0xca216a0065e78919734c0663df2048d0c04b495f,25840014,SELL,2449.48500711,0.0007441744
0x8e40395bfb1bac0657d72155c2f7ba1c5052146a,25840015,BUY,2451.93936983,0.0003795253
0x1a222f9b072aed5e9e815849de5a11b0fe3958ab,25840018,BUY,2450.06472010,0.0001863771
0x18dd3c14e34c1bc379f7538068c59160d9f68e25,25840021,BUY,2450.11611301,1.9790956756
0x8310ea7ec55a7ad6a4288af683155a124a524a09,25840021,SELL,2447.71763207,0.1427496458
0xeaa9ebddd373c4bd8bb92dfcc9c7e7fcdb268e51,25840023,SELL,2447.23613879,17.1967651752
0xe97efe1d6fb234cba89be9674d57c443e5a230ed,25840024,SELL,2446.69388405,2.3357186873
0xdd3e52d8202a0f7c955b5d8f35b7aa5bf0a10297,25840025,SELL,2446.54055116,3.1931489700
0x51301f41c8f83fbdffaeee11f846e9c114fb8046,25840028,BUY,2449.06816646,6.1280598125
0xebedc8e9ff409b23dd251f87ccbffa8075f87255,25840031,BUY,2450.82717201,25.7348996344
0xd9d8f818a7a71ed0e1fe936b991508b0e88b1609,25840032,BUY,2452.04526059,18.0121214379
0x8310ea7ec55a7ad6a4288af683155a124a524a09,25840033,SELL,2450.09146813,0.1397057761
0x9c8cac2bfb6050d1e804a985174c697fd148a766,25840033,SELL,2450.08544921,0.0765529847
0x51301f41c8f83fbdffaeee11f846e9c114fb8046,25840037,SELL,2449.76271519,11.5176526665
0xc8df1a5953aa7f62a35ff1501e0c10eb3c33ebfe,25840038,SELL,2449.13843078,10.9217677502
0xa8ecbc0cb4c0c5b0a5a8c4d3e6028451540a66a9,25840043,BUY,2450.74506864,0.0002440792
0x81389b083ace588bcbcac03ed84c52b3763f1cf9,25840045,SELL,2448.01696563,2.1136842888
0x70986467385b255bd846c0ea607042c2bd4bba1d,25840050,SELL,2447.95667080,0.0004940761
0x0868af197e7ad257c18a7cc7306577fe292d7607,25840050,SELL,2447.95701048,0.0002564624
0xbdf17851a1fa431794296caa9bba50f2313bea12,25840050,SELL,2447.95580428,0.0003409453
0x428d51f27c0177b0b05b00110119cd544d8d8da5,25840050,SELL,2447.95667728,0.0003845718
0xeaa9ebddd373c4bd8bb92dfcc9c7e7fcdb268e51,25840053,SELL,2447.56654173,14.0968467560
0x035d25320de288d26b012c16f624303212328bc5,25840054,SELL,2447.11304618,2.2342170038
0xc16e88e1d420b75480e0e52150c3a4a128e45627,25840055,SELL,2446.97586271,2.7070367358
0x9eb9e9b2ba5c2665a16beaa8e137410358b6beaf,25840057,SELL,2446.60852832,10.5306888760
0x81dc771e308c76c3e06f635abed7fb24830fb824,25840058,SELL,2445.84044842,17.1700188617
0x33dbbc9a285b290b8d7d337d3a56ec4b359fe72e,25840059,SELL,2445.20563488,5.7336278647
0xeaa9ebddd373c4bd8bb92dfcc9c7e7fcdb268e51,25840062,BUY,2447.81581477,11.5674749359
0x7eba43b50224e4cf4635bb87f566db15fee9894d,25840062,SELL,2445.68780208,0.0006011434
0x49719d256a5ea16bfa579ea16e95bea9fa41a452,25840063,BUY,2448.13736913,0.0172255514
0x028cd459311204e4b467a8be3616331410c978f1,25840065,BUY,2448.13786616,0.0013863333
0x51301f41c8f83fbdffaeee11f846e9c114fb8046,25840069,SELL,2445.59490071,3.4438383080
0x6f0a91ef8adeb54db0e63be507747ab9a31d3926,25840070,SELL,2445.09380871,14.6384275104
0x8ffa6dab99f8afc64f61bef83f0966ed6362f24f,25840070,SELL,2444.67657328,0.4209118086
0xb36ce3f521a1ff4b0cffb82ddd71f0a51fcf56ce,25840074,SELL,2444.54940032,4.1702313521
0xc8df1a5953aa7f62a35ff1501e0c10eb3c33ebfe,25840075,SELL,2443.41735268,36.7180442631
0x9855eb2428e8fbe8c8ea572db0641d0c61b0ae4e,25840076,SELL,2442.28758335,4.1090000000
0x1d48112936a20e24422c869cd70f66240c4811f6,25840078,BUY,2444.61918782,0.0003465329
0xae2fc483527b8ef99eb5d9b44875f005ba1fae13,25840083,BUY,2444.62288312,0.0100620804
0x8b5606469e21c75edd7c74d1c7a65824675d9aff,25840083,BUY,2444.63966900,0.8676511364
0x5e2a3daaf86cede3392f77616cede2de0d3bd3a0,25840089,SELL,2441.53589562,24.7813568223
0x9eb9e9b2ba5c2665a16beaa8e137410358b6beaf,25840090,BUY,2443.44527644,5.4114264250
0x5a62ae739a4b8e8d357b35547be58eac3c4b36ad,25840091,BUY,2443.77859673,6.6791483090
0xfa7f09c0232cbd720ce52e7e92045afb4dee691b,25840093,BUY,2444.28762307,0.0000413568
0xcbc08d94ba4537f9d300990fa23579ce0860f37e,25840093,SELL,2441.83262498,0.0009521844
0xeed2b8ff58a4ac687f93049fad3270d8a733525c,25840093,SELL,2441.83072305,0.0004181752
0x951965b80fd320e7fcb5611bda4b3247b0151a7e,25840093,SELL,2441.83010939,0.0002552127
0x754dcfb2861547015b221e963b4133a71dbdc024,25840094,BUY,2444.32585710,1.7870301557
0x18118671978f1d7cad6ae8cfacb397ed2a63937d,25840094,SELL,2441.70679928,8.1512394493
0x9eb9e9b2ba5c2665a16beaa8e137410358b6beaf,25840096,BUY,2445.47148549,20.8924657348
0xeaa9ebddd373c4bd8bb92dfcc9c7e7fcdb268e51,25840097,BUY,2446.72682211,24.3855481894
0x4b03c323b67f297fba42ef9541ae445ab29552b5,25840097,BUY,2447.40399836,0.0009890558
0x542e3f5854aa3e8742ed6ae0ffe3003f92466640,25840098,SELL,2444.93078021,0.9295838800
0x43f0665f3a38f66fffde59a3549292e8a5592646,25840102,BUY,2446.89670848,0.0002084906
0x9f41e33ef3f3829cd0a24c0c1b39dda201636d5e,25840105,BUY,2446.87374542,0.0817369512
0x76be31380e9dec409a3614f254b71ad63c9ab522,25840112,SELL,2444.38543375,1.6000000000
0x90c2510e84433e1f9812b660d5fc0334a77d4900,25840114,BUY,2446.78920204,0.0001411846
0x3331d49c3bb3dda001acabd09e5cdb0eb80f7e09,25840115,SELL,2444.16671995,0.2502136000
0x81dc771e308c76c3e06f635abed7fb24830fb824,25840118,SELL,2442.35619565,2.0688054085
0x51301f41c8f83fbdffaeee11f846e9c114fb8046,25840119,SELL,2442.16455531,4.8598133914
0x5c3593481cba011737e36ded62f1797c9f6afce1,25840119,SELL,2441.69562606,12.1239930821
0xb00439e6f77af558c79005ee9d158df547490e88,25840128,SELL,2440.10716383,0.0001473652
0x9eb9e9b2ba5c2665a16beaa8e137410358b6beaf,25840129,SELL,2439.49251430,22.4300201883
0xc623b0b546bf3031ba88a583a46d5180df8d67c2,25840131,BUY,2441.31713180,0.0195895045
0xa5a5491bca93dd4c076e4906e79e7673f4a5a142,25840139,BUY,2441.31833449,0.0005962569
0x6f0a91ef8adeb54db0e63be507747ab9a31d3926,25840142,SELL,2438.76969342,3.9172993074
0xb20f32524b52179cb7762beff59fba944885660f,25840149,BUY,2440.83233438,13.1117986935
0xe3abed9c348aecb545b3d717f4c7b0694741d98b,25840150,BUY,2441.19321593,0.0020481787
0x6b063481f8216b5624ec496dd72376bef00faffd,25840150,BUY,2441.70690994,15.0354016310
0xeed2b8ff58a4ac687f93049fad3270d8a733525c,25840154,SELL,2439.67864983,0.0004518997
0x09b7735f580e6c3763084622b763a3e32019d021,25840154,SELL,2439.67928353,0.0008940228
0x9d6434eedb1b7912f5b296de3026ebeb6d114858,25840154,BUY,2442.12383117,0.0002434635
0x2c7c6d22fa48fbf60052b47a49375b51770f26b6,25840154,BUY,2442.12246936,0.0000400774
0x4f8963480fd5c8e5bae48d1c03cb541f3bee39a9,25840154,BUY,2442.12779941,0.0001131960
0x1975c18c5201312f7c9388758eb931c80633dacb,25840154,SELL,2439.67784502,0.0002404375
0xe5e385fe3ba3c7f7f425927ed138fa9d2c4ed742,25840154,SELL,2439.67710044,0.0002135586
0x66bc4515b8535a884fb9a5271ccad50cc6746f48,25840154,BUY,2442.12549923,0.0000766922
0x6f0a91ef8adeb54db0e63be507747ab9a31d3926,25840157,SELL,2438.60358174,35.8020210598
0x51e48a74ba4ce35365d7137e2ded1a1c359a17e7,25840157,SELL,2437.44987621,6.1936615733
0xfcf50f1a2e4f9e44cae2d5f02a33c9cd02c210ed,25840159,SELL,2437.07398100,7.4948296869
0xebedc8e9ff409b23dd251f87ccbffa8075f87255,25840160,SELL,2436.67921346,6.8452302670
0x8a73185ecc9fa7a6417272656fb045318e9e0878,25840162,BUY,2437.07830396,0.0007603658
0xb5dcf71ca11571da819e1ca16e44e9a7d6b2ffa0,25840162,SELL,2434.39340881,9.0041890500
0x81dc771e308c76c3e06f635abed7fb24830fb824,25840163,SELL,2433.64063187,11.7249485336
0x95480d3f27658e73b2785d30beb0c847d78294c7,25840165,SELL,2432.89125952,6.3935011218
0x546698e04bfed5c2301de970b54fb8fc66356516,25840165,SELL,2432.44049980,10.0000000000
0x6f63d6bc239030951f694a6da78b2d4d54e6fe97,25840165,BUY,2434.59996667,0.0072073307
0x3482d9a357ba687c57237ec1587e9f7484856f0e,25840168,BUY,2434.55272200,0.1285440661
0x3482d9a357ba687c57237ec1587e9f7484856f0e,25840168,BUY,2434.55879887,0.0001787157
0xc50d9ebbb0e2d80e8856d8e269da937f0ebeade0,25840169,SELL,2432.10849022,0.5031372757
0x8ffa6dab99f8afc64f61bef83f0966ed6362f24f,25840170,SELL,2432.08359849,0.4024373482
0x3331d49c3bb3dda001acabd09e5cdb0eb80f7e09,25840176,BUY,2437.94163203,1.8138190779
0xc8df1a5953aa7f62a35ff1501e0c10eb3c33ebfe,25840177,BUY,2438.08025654,3.2124725263
0x3980daa7eaad0b7e0c53cfc5c2760037270da54d,25840177,BUY,2438.20596596,1.3451911249
0xe6ef49ff48c7261d0abb13342afa228394085d15,25840177,SELL,2435.05166449,27.3760000000
0x6f0a91ef8adeb54db0e63be507747ab9a31d3926,25840178,BUY,2439.11814481,10.1160717576
0xc0d05e24eb05a6348329f232f8b3763de2e4de25,25840179,BUY,2439.56598159,6.1309927774
0x9eb9e9b2ba5c2665a16beaa8e137410358b6beaf,25840180,SELL,2437.13072132,5.9994540625
0xd05c8738244a116cf5dafa52d7094291c9e3aef2,25840180,BUY,2439.40548711,0.0004441168
0x05212522e46c3ae5ed322c18b47c3c6e6c00def1,25840183,SELL,2436.94882212,0.6234920000
0x81dc771e308c76c3e06f635abed7fb24830fb824,25840186,BUY,2440.10932122,31.1740898994
0xec22b02280cff502135e98e89f290ec659732167,25840187,SELL,2439.99596183,0.0001735855
0xec22b02280cff502135e98e89f290ec659732167,25840187,SELL,2439.99719096,0.0001735908
0x828f15977cb5bae245ff1822c4f1e8f072cf241d,25840189,SELL,2439.73810061,3.6720140247
0x6b26177da5db866e86d4e2c39bd15021a85c766a,25840189,BUY,2443.12762859,38.0659605793
0x5b43453fce04b92e190f391a83136bfbecedefd1,25840190,SELL,2441.29784435,10.9095650392
0x6bf97afe2d2c790999cded2a8523009eb8a0823f,25840190,SELL,2440.67164094,4.0985872586
0xac061ae9cc815150e99fa3e4f749671bf8be58ba,25840191,SELL,2440.36082000,0.4500000000
0x3331d49c3bb3dda001acabd09e5cdb0eb80f7e09,25840194,BUY,2442.84871793,2.1081396798
0x5ed864e8f37dcb4f79c5172a815d1b3a9147eaab,25840196,BUY,2442.93438200,1.0000000000
0x163d02b68a464a8321ee6792e33311bb53ab887f,25840196,BUY,2442.96656669,0.0001345745
0xcbc08d94ba4537f9d300990fa23579ce0860f37e,25840196,SELL,2440.51868331,0.0007251922
0x980e205121337febf6dc5c03dea0cd1e8ecac823,25840196,SELL,2440.51926135,0.0003365206
0x5683d645735d096fc084077b0eda01c38acc29ae,25840196,BUY,2442.97954405,0.0000234034
0x144b50944eaa7e0cce3c92fdeec6cad3a8011079,25840197,BUY,2443.00819228,1.6508178437
0x4d92a9835f4768aac92531cf1a638e444912dada,25840200,BUY,2443.05400889,0.0085371199
0x8cf3b29ff88b4ab6b90f8f0b51c93af10a4d766b,25840200,SELL,2440.61093950,0.0009094870
0xeced276bedef25502486c81d51338efee6c6babb,25840204,SELL,2439.68299627,0.0010010842
0x01fbe38f6c03781c1382e56a3f6a97f13d83df0c,25840207,SELL,2438.84913419,30.3450000000
0x21870e285754520a64dfa52022640e4f8652e7c5,25840210,BUY,2441.53183360,0.2029975580
0x95dd8db1c0c066eba8c37cd1c6b4c895500b20f2,25840212,BUY,2441.53773928,0.0021563783
0xaf16e524ef824146fecdc5f44c00dbe9eb3125f7,25840214,BUY,2441.54003670,0.1217981256
0x0635d83beaef1139c09a0d62aeec2c55bbd459ee,25840214,BUY,2441.55479512,0.0000576215
0xb3e2cf292bc551700a045c1cb66bcbf0e1c53b78,25840214,BUY,2441.57271202,0.0000215984
0xc9cf5ceea3e40d18e9660bff1f6106ff88c4c89d,25840214,SELL,2439.10191196,0.0007218686
0x02385b1bd5a448629d573f86c79884001e417a96,25840218,SELL,2439.10199356,0.0035367607
0xdd3e52d8202a0f7c955b5d8f35b7aa5bf0a10297,25840219,SELL,2438.99305050,4.0000000000
0xc8df1a5953aa7f62a35ff1501e0c10eb3c33ebfe,25840221,SELL,2438.78151446,3.6960694452
0xc9cf5ceea3e40d18e9660bff1f6106ff88c4c89d,25840221,SELL,2438.67902206,0.0005361899
0xeaa9ebddd373c4bd8bb92dfcc9c7e7fcdb268e51,25840222,SELL,2438.15260181,19.1912856087
0x81dc771e308c76c3e06f635abed7fb24830fb824,25840223,SELL,2437.51317689,4.0957931980
0x51d382217c9e8abdc5e4ff68d8aed08b9124cc46,25840224,SELL,2435.75487719,9.9750000000
0x9eb9e9b2ba5c2665a16beaa8e137410358b6beaf,25840226,BUY,2438.02692489,3.9690536963
0x845bc9475a9c0d198c22f5d043680d24251085b9,25840227,SELL,2436.18531909,0.2063360000
0x5b43453fce04b92e190f391a83136bfbecedefd1,25840228,BUY,2439.17544999,20.2179750379
0x29717bdae22b0e0d1c4c70ddd92dafaeea3b0939,25840231,BUY,2439.73316640,0.0253928802
0xeaa9ebddd373c4bd8bb92dfcc9c7e7fcdb268e51,25840237,BUY,2440.45297559,3.2507538405
0x7b9c69e1aafd9a064b5c96e8dadb7d5ab77bdc22,25840237,BUY,2440.54789569,0.0001460332
0x0635d83beaef1139c09a0d62aeec2c55bbd459ee,25840237,BUY,2440.54416354,0.0000531910
0xaf0b462b8d6341a7a04eadba1f12a5371b1b5a01,25840237,BUY,2440.54284374,0.0000491526
0x7bbf31ff909de721f27d74bbb2963fe5cfb417a8,25840237,BUY,2440.54347358,0.0001498388
0x4a5504a50f00b9067812d4b672a2cad8addb9654,25840237,BUY,2440.54938365,0.0000570396
0x6bf97afe2d2c790999cded2a8523009eb8a0823f,25840240,SELL,2437.90781809,7.0871304172
0x144b50944eaa7e0cce3c92fdeec6cad3a8011079,25840240,SELL,2437.70303391,0.3680979637
0xcde89f2f6ee755ef007e0d5eb312fd9a6c2ce193,25840245,BUY,2440.13286209,0.0010291259
0x63c103f1bb789a4d2b3cf39caf1d57a1b9ef33d4,25840246,SELL,2437.69274036,0.0022936988
0xfffffee6d1b0585e45a55b89c27aeb8c00efb44a,25840253,SELL,2440.45427878,0.0052820928
0x7448a2b47d09209230fb75f34d56d552f004baa2,25840254,BUY,2443.00729147,4.0174403438
0xb4c5487f02e62b292d8fa6921de1cec1de716431,25840262,BUY,2443.96308188,0.1652723988
0x0635d83beaef1139c09a0d62aeec2c55bbd459ee,25840262,SELL,2441.52132975,0.0003345414
0x0e7b1ec67233b2aef7e49a8efb030c2f338405f7,25840262,SELL,2441.52164955,0.0002025303
0xbd81fe5aa1c42eda7112fd109d25c10fcd2d8ba4,25840263,SELL,2441.52390530,0.0062814482
0x5b43453fce04b92e190f391a83136bfbecedefd1,25840265,BUY,2444.38007091,14.9518908123
0xd9d8f818a7a71ed0e1fe936b991508b0e88b1609,25840270,BUY,2445.71781196,33.3336182745
0x4b03c323b67f297fba42ef9541ae445ab29552b5,25840271,BUY,2446.64229808,0.0035528700
0xb36ce3f521a1ff4b0cffb82ddd71f0a51fcf56ce,25840271,BUY,2446.73722873,3.4260298043
0xc3e5857815195930af18eb33dba9d8067506973a,25840272,SELL,2444.38434178,0.0612388623
0xed223cd674e966db29aecb89430dfa0e231cd3f2,25840273,BUY,2446.85066907,0.0000265014
0xd986bd69492f785c9b00152e95e361e900546045,25840273,SELL,2444.38161606,0.0005205852
0x11d1dc2455c93b593e7fa62b6dbaff77658083fc,25840273,SELL,2444.38244552,0.0003481701
0x09b7735f580e6c3763084622b763a3e32019d021,25840273,SELL,2444.49501878,0.0008736091
0x19509ffd472cc4982198ae48ca35b44534c90fb7,25840274,BUY,2449.95414930,0.0003943870
0xebedc8e9ff409b23dd251f87ccbffa8075f87255,25840275,BUY,2450.26284722,11.1774119446
0xb516eed08a8498babea855642dccf15986075660,25840275,BUY,2450.81341498,8.6100000000
0xc8df1a5953aa7f62a35ff1501e0c10eb3c33ebfe,25840276,BUY,2451.11625463,2.2713305264
0xa253f061ecb7de301aea857c81319a3286023010,25840278,BUY,2451.24433596,0.0000116325
0x6f0a91ef8adeb54db0e63be507747ab9a31d3926,25840279,BUY,2451.35508860,6.2742206474
0x9eb9e9b2ba5c2665a16beaa8e137410358b6beaf,25840283,BUY,2451.70596877,6.3264838751
0xeaa9ebddd373c4bd8bb92dfcc9c7e7fcdb268e51,25840284,BUY,2451.95989728,2.7863028044
0xeaa9ebddd373c4bd8bb92dfcc9c7e7fcdb268e51,25840289,BUY,2452.31791147,10.0583934708
0xbd81fe5aa1c42eda7112fd109d25c10fcd2d8ba4,25840294,SELL,2452.31761456,0.0000546715
0x48b8470fd956b5778fded969cfa8e0fefd24c55e,25840295,SELL,2451.94212556,11.0543797472
0xeaa9ebddd373c4bd8bb92dfcc9c7e7fcdb268e51,25840296,SELL,2451.45469702,6.3813587316
0x6f0a91ef8adeb54db0e63be507747ab9a31d3926,25840297,SELL,2450.48113118,28.5758140857
0x5b43453fce04b92e190f391a83136bfbecedefd1,25840298,SELL,2449.62515371,2.1721551756
0x8d7b8b84c1c11e123590ec13cf7b0db2be89b866,25840299,SELL,2449.55792145,0.2437832618
0x4337021d22bcd0775a0fd1b4a6665051dc15d995,25840300,SELL,2449.54646524,0.1677643118
0x7ca6ee2ec77f0c1220f1181285e6b22653bff2d6,25840300,SELL,2449.53613743,0.2033888561
0xc8df1a5953aa7f62a35ff1501e0c10eb3c33ebfe,25840301,SELL,2449.46206574,2.4586000209
0xc002a2ad0fe7578acf89d5ad714cde3223665e78,25840301,SELL,2449.38926810,0.0006102787
0xaedce07a16eb2f17977a9b13a800d364e3d62058,25840301,SELL,2449.27242856,4.2005172822
0xb36ce3f521a1ff4b0cffb82ddd71f0a51fcf56ce,25840302,SELL,2449.05995968,3.4397101454
0xc8df1a5953aa7f62a35ff1501e0c10eb3c33ebfe,25840306,SELL,2448.83310307,4.7216033018
0x6f0a91ef8adeb54db0e63be507747ab9a31d3926,25840308,SELL,2448.56263420,5.0099506227
0x7eba43b50224e4cf4635bb87f566db15fee9894d,25840308,BUY,2450.87376345,0.0007776357
0x5b43453fce04b92e190f391a83136bfbecedefd1,25840311,SELL,2447.90301388,18.7314147836
0xb36ce3f521a1ff4b0cffb82ddd71f0a51fcf56ce,25840313,SELL,2447.05001173,11.9822343759
0xb5919cf6dca19bb26dbc07ec198b271743a9c024,25840313,BUY,2449.16865077,0.0002615483
0x790f117af8169487725a1c3e92828176042cfc88,25840314,SELL,2446.61594906,3.6569149103
0xebedc8e9ff409b23dd251f87ccbffa8075f87255,25840315,SELL,2446.41438372,3.6106352721
0xc8ad355c8291cbd52e738ed1df1f5ccbbbbf00ee,25840316,SELL,2445.42315107,0.5387019537
0x790f117af8169487725a1c3e92828176042cfc88,25840317,SELL,2445.17429555,8.4406957371
0x8ffa6dab99f8afc64f61bef83f0966ed6362f24f,25840317,BUY,2447.39459644,0.4159140105
0x3fc133aa8405cd0f2b818e76c633fb67d33c93ea,25840318,SELL,2444.72293744,0.0008194900
0xa5a5491bca93dd4c076e4906e79e7673f4a5a142,25840319,SELL,2444.30546581,1.2758679648
0x5b43453fce04b92e190f391a83136bfbecedefd1,25840320,SELL,2444.04379771,8.1726212487
0xe72b71f97a4ceb0077e468054b788163e72abcc8,25840324,SELL,2443.60065659,9.6651092458
0xcb126f26941210deafc254592bebfbbb5c17c90c,25840329,SELL,2442.66894229,24.0000000000
0x574be013006558d0a5682a6b0508f02d147377bf,25840329,BUY,2444.44983002,0.0368181007
0xe9e8edab3b0f6f3fa964ca91f73e84765ea4cb5c,25840329,SELL,2442.00660020,0.0002948956
0x85d32fb33a1ece8db00abaeb6e84ca8805b71671,25840329,SELL,2442.00527344,0.0002959412
0xeed2b8ff58a4ac687f93049fad3270d8a733525c,25840329,SELL,2442.00560027,0.0004739191
0x8cf3b29ff88b4ab6b90f8f0b51c93af10a4d766b,25840329,BUY,2444.45836491,0.0001113977
0x84ae2983945c509953963f725c0988ebdd97f21f,25840329,SELL,2442.00549921,0.0005436016
0x09b7735f580e6c3763084622b763a3e32019d021,25840329,SELL,2442.00596041,0.0007716373
0xb886537563935290f182a042715e64ba15b511dc,25840330,BUY,2444.49791555,1.7052204772
0xc8df1a5953aa7f62a35ff1501e0c10eb3c33ebfe,25840333,BUY,2445.63454907,39.3094327191
0x5b43453fce04b92e190f391a83136bfbecedefd1,25840346,BUY,2448.29630714,14.8376619382
0xf9ad3a3f0a49d0b489211dc98960b2da016cc08a,25840346,BUY,2448.70850649,0.0044976517
0xd7040a105505eef85752a9e94128922fb9110b1e,25840346,BUY,2448.70881499,0.0019239768
0x337ea7fa3c6ac6aabcb48afc15482d3e11c767ae,25840347,BUY,2450.96526046,0.0000587201
0xc002a2ad0fe7578acf89d5ad714cde3223665e78,25840347,SELL,2448.51217046,0.0004662293
0xbce6b1a40eb91b8b06c422745c163ec03c1ccd86,25840351,SELL,2448.51487805,0.0984000000
0x131bb0a3defa4dee1861c8d3fc486f61c769d7b3,25840352,SELL,2448.31310897,2.2300000000
0xaf89c8eab66df7c7528a86ccf9b0c9d8f202cc88,25840352,SELL,2448.19771041,1.9230911556
0x05917c2b4811e78deaa4f68f3900242acfb9beab,25840359,SELL,2447.93143269,0.1726164317
0x55557c82938aba54e6fd096da2d7d89d0fc69c71,25840359,SELL,2447.92529388,0.0003147277
0x06d750203866eefac1ae922ef03bf6397b9ce79f,25840359,SELL,2447.92553170,0.0002274530
0x0635d83beaef1139c09a0d62aeec2c55bbd459ee,25840359,SELL,2447.92562434,0.0002546715
0xdb34fdbc17aee965b61d0618dce9260d8969720d,25840359,SELL,2447.92384812,0.0002424348
0xce54f65abb8b61b83c14cbe97de97fce75bbf556,25840359,BUY,2450.37897538,0.0948210919
0x47da8dba29f6ed62fcd95acdaaeda07d6a947147,25840360,SELL,2447.93061549,0.0439292516
0x2d27241351649ba6e491bb1e220c898528ba868e,25840368,SELL,2447.48499163,16.0000000000
0x4b836925773417c9d8c76c4770d502a005da9029,25840373,BUY,2450.26261466,16.3637941975
0x574be013006558d0a5682a6b0508f02d147377bf,25840373,SELL,2448.26744078,0.0111209391
0x85f6cbb2d5cdd9ab13a79002d565bc51a0b266cc,25840373,SELL,2448.26530832,0.0006584540
0xd19feac523007808bce0a2a57d68288a339149a7,25840373,SELL,2448.26619415,0.0012431340
0xd986bd69492f785c9b00152e95e361e900546045,25840373,SELL,2448.26591530,0.0008563379
0xdc86f7b9371a40e9324471555653e8a920f16e6c,25840374,BUY,2450.71747654,0.0007737187
0x091023c38f51b094acc9e6e5a00e82f6fcc88d1b,25840375,SELL,2448.26510929,0.0387349988
0x92985e9b2b49cf23a58b04756eb06fcfdebb0998,25840375,SELL,2448.26310000,0.0333333333
0x8084d4b8b42c92b1cb54e06f5eb3cf0b34ecb46c,25840378,SELL,2448.00798408,9.1500351133
0x18dd3c14e34c1bc379f7538068c59160d9f68e25,25840382,BUY,2450.21685096,0.0000581316
0x51301f41c8f83fbdffaeee11f846e9c114fb8046,25840384,BUY,2451.02827438,29.6412585116
0x0df744c4b8d0bef1e1e3cc24fd7881088a4791b4,25840387,BUY,2451.88948658,1.2885231819
0xebedc8e9ff409b23dd251f87ccbffa8075f87255,25840388,BUY,2452.24618615,11.5091299056
0x7d8419824064798b404c3ac3abcc709198e55491,25840389,BUY,2452.59327710,0.9418169158
0x1bc51175b2a693fbdcfc7a38eff7e1f6bed173c1,25840393,BUY,2452.72977277,0.1618491704
0x10a72e2349b59b8cb60e758fbe7d63dd55031f34,25840394,SELL,2450.28165859,0.0159634117
0x51301f41c8f83fbdffaeee11f846e9c114fb8046,25840400,SELL,2450.20685612,2.6732428357
0x2287e7feedc7ae214b3745ad93b6474894af18d8,25840402,BUY,2452.53652954,0.0001816609
0xff7f9d5c460bab690e6b6bb57ef01d69a9e946eb,25840402,SELL,2450.08152620,0.0004968222
0x0868af197e7ad257c18a7cc7306577fe292d7607,25840402,BUY,2452.53974016,0.0001860594
0xb76c7bbf93f0c41be4f098508f0a5a821c9387ea,25840402,SELL,2450.08082195,0.0002220229
0x6f0a91ef8adeb54db0e63be507747ab9a31d3926,25840403,SELL,2449.74080608,12.3045613145
0xd9366e6595ab1a5c137c605a6b90737aa8725f0f,25840404,SELL,2449.37163117,0.6144433049
0x177f84a4346906fe8fc751a8c4202496c68cea3e,25840405,SELL,2449.32938734,0.9037178394
0x14cc5b78636edaa74e8f57e7a32f08f8e9215b17,25840406,SELL,2449.27240644,1.1441707262
0x433702873e33d4846d399a75aaf96eacf181d0b2,25840408,SELL,2449.21948092,0.7580131040
0x8e6eab4ccdb2ba8c07f6d1ce3a3dd0f991c7624d,25840408,SELL,2449.14894588,1.7782772201
0xebedc8e9ff409b23dd251f87ccbffa8075f87255,25840412,SELL,2449.00603003,3.3641198458
0x36b5e5d8081535e0d9b1deab3ad4a4e8ab890be1,25840414,SELL,2448.79368064,4.2163130000
0x94b7213d430dcd9a9e436e72c763b3a03b8b82b6,25840414,SELL,2448.67641563,0.0004472114
0x811edab75dc60fec930617cfc2d0c83fa4165d5f,25840414,BUY,2451.13599455,0.0000072901
0x19e0c2cdef378459d86854da0b27b31b1fff790f,25840420,SELL,2448.53033042,4.8000000000
0xcde89f2f6ee755ef007e0d5eb312fd9a6c2ce193,25840420,BUY,2450.85289812,0.0001226500
0xf1f06cb04007a4c7af65f5df4c31e030b16cbfa6,25840422,BUY,2450.85059060,0.1223929048
0xabe0df3389d7407d4ba83464266e239dc26dce3b,25840425,BUY,2450.85694472,0.0002719045
0x25039438290bdc35d1eed16961990d759bb498bd,25840425,BUY,2450.24782335,6.3333943020
0x5b43453fce04b92e190f391a83136bfbecedefd1,25840426,BUY,2450.69937439,9.8952805172
0xc8df1a5953aa7f62a35ff1501e0c10eb3c33ebfe,25840427,BUY,2451.26222989,10.3275580565
0x08b9efba614e16c5ecf6e34414f75efe5ad03432,25840427,BUY,2451.55027337,0.0176551550
0x37ed00aea9463db78dc9b05ce86d37326f7d297b,25840428,BUY,2451.62454911,2.6512109594
0x6f0a91ef8adeb54db0e63be507747ab9a31d3926,25840429,BUY,2451.76080235,2.2392558498
0x315d2ee4fccda0def532ef4108ff57204f8d9eba,25840431,BUY,2451.82345083,0.0086669727
0x223f5116e7231a8565e609a7c4e8977f0d96f148,25840433,BUY,2451.82944403,0.0001558865
0xcad97616f91872c02ba3553db315db4015cbe850,25840433,BUY,2451.84759589,0.8576631784
0x4eacca2e8590151791da0ee35653063e855a4a8f,25840436,BUY,2451.87269081,0.0005191036
0xf341ba3681ab35e2ae7c403306297fdd630bf0f9,25840437,SELL,2449.42012231,0.0003013354
0x8002258579b1b7ee53c0e888aa39a0cea59bd08d,25840437,SELL,2449.41967929,0.0002721347
0x11d1dc2455c93b593e7fa62b6dbaff77658083fc,25840437,SELL,2449.41879026,0.0002293148
0xeaa9ebddd373c4bd8bb92dfcc9c7e7fcdb268e51,25840441,SELL,2449.10274171,11.4134841213
0xfcfee4726b59b02b5aaed7bc996ee468157886c6,25840444,BUY,2451.23606974,0.0006119362
0x3e00d14c2fc4bada34f57fdadb8e2fb2341eae90,25840449,SELL,2448.77827612,0.2829841990
0x5b43453fce04b92e190f391a83136bfbecedefd1,25840450,SELL,2448.71389312,2.0335001819
0x8a73185ecc9fa7a6417272656fb045318e9e0878,25840450,SELL,2448.48468646,6.2137963305
0x395e9b25043842dde5bcdfe18ec125bde88067f5,25840453,BUY,2450.77072890,0.3040214028
0xe2d1c6dba4645dff5d1961c9081a2bc9f69da82a,25840453,SELL,2447.84007853,0.0014878366
0x23819c47fe0a492d3e82ad27ebc5eb89ab0c8096,25840453,BUY,2450.29226100,0.0000659791
0xfd54b984ca2a71cd12b069b288f9bbaa57419d93,25840453,SELL,2447.83964608,0.0004022621
0xe1c7e3c89a07414cd63667b2c041b05e6fb82872,25840453,SELL,2447.83813583,0.0003504447
0xe82555c9f2e78490ffffc692c092ce4ff78d0040,25840453,SELL,2447.83864016,0.0005612829
0xf70da97812cb96acdf810712aa562db8dfa3dbef,25840454,SELL,2447.81093149,1.0459064473
0xdd435c84f7ad442bafe6b57816bb2d31eea9cb02,25840456,SELL,2447.76556293,0.5872904186
0x2413f27f2ecbc789deda0647ef033ae8d43effdd,25840456,SELL,2447.72151212,0.9986000000
0xc623b0b546bf3031ba88a583a46d5180df8d67c2,25840462,BUY,2450.05030252,0.0098131777
0x7120a640d108551e53e219c2c36dab848396d0e1,25840463,SELL,2447.59891434,0.0102389100
0x73532784030de2da9cd4e62a8384c90219f4d55f,25840463,BUY,2450.04925713,0.0408155059
0xbda9e68d08c90375fab61c6f9784ef00fe0c395c,25840463,BUY,2450.06017586,0.0000291544
0x5b43453fce04b92e190f391a83136bfbecedefd1,25840465,BUY,2450.54582400,17.8065411047
0xa8094e6f90e931c402552bf84eab7475579fd267,25840469,BUY,2451.66753780,0.0000092386
0xc54191f0163dba0f580f4231d6611f9bcde8d8a8,25840469,SELL,2449.14329681,0.0009085814
0x3540ac8fd1f12f4403e9d0a24a4ea1b85d2d1523,25840469,SELL,2449.14254474,0.0011063182
0x3235e2bb4cb9cc783249de63c53daac173842b8b,25840469,BUY,2451.60055905,0.0001030825
0x5b43453fce04b92e190f391a83136bfbecedefd1,25840470,BUY,2452.01719169,15.1745738154
0xfffffee6d1b0585e45a55b89c27aeb8c00efb44a,25840470,SELL,2449.98806155,0.0060783545
0x6d36fce33e283cfd7b2b5e224e135e0e45db1ec7,25840478,BUY,2452.38115298,0.0002885102
0xab8a461a5675c939265d5b464069309f80dd4d1e,25840478,BUY,2452.38048761,0.0001109012
0x2f4e1a92dd8d3a57328c5a87cd6dcdb49ac8be7b,25840479,BUY,2452.38057008,0.0076194683
0x51301f41c8f83fbdffaeee11f846e9c114fb8046,25840481,BUY,2452.49154799,3.9735895249
0xa8852ec07fc620ac2b15fcfa88a01a171cd2b01e,25840481,SELL,2450.14690811,0.0002403235
0xea4221eb7e6e630705430691d91462e105812b58,25840483,SELL,2451.20386415,0.0954912590
0x96665e103e5b7e377b60fa1c5fbf3af495e199f8,25840485,SELL,2451.63549739,0.0115231000
0x8316174a0f13c9aae7f2409a19ebd8ec8c69aaf4,25840485,BUY,2454.79621016,25.2140997545
0x9b4c6d57f4991cedf3a6a23d194c5a14567ae9e8,25840495,BUY,2455.42211524,0.0001073966
0xd3bbe070207847f56702df4ceb02f6a04b5c301f,25840495,BUY,2455.42821266,0.0001141499
0x4b03c323b67f297fba42ef9541ae445ab29552b5,25840496,SELL,2452.76307416,7.2348038031
0x13fc2c5dd18ff86ffb617cf4070a0d5343e82ed7,25840499,SELL,2452.27172945,0.0666440220
0x942a367c806c87de512f0df46e586cfe65d2bb58,25840500,SELL,2452.02794067,3.0557028742
0xe66983f7f49c29878f862d7375aecc5f704e7eed,25840501,SELL,2451.94026850,0.0003910552
0x81dc771e308c76c3e06f635abed7fb24830fb824,25840502,SELL,2451.68693535,9.1232566465
0x940a9d583d6efc0236477b30527087fc6c571c99,25840502,SELL,2451.22988969,3.6484507710
0x5b43453fce04b92e190f391a83136bfbecedefd1,25840504,SELL,2451.00250456,4.5146545923
0xe97efe1d6fb234cba89be9674d57c443e5a230ed,25840509,SELL,2450.04530323,3.1828385968
0x790f117af8169487725a1c3e92828176042cfc88,25840511,SELL,2449.84456049,4.0289706756
0x71effccf59a7ad2f2e2fd55820d727d8b24d106d,25840511,SELL,2449.73221466,0.0007333136
0x84ae2983945c509953963f725c0988ebdd97f21f,25840511,BUY,2452.19355678,0.0000890125
0x5806f16e6bf62947bf35c10d0d517038f5728124,25840511,BUY,2452.19130173,0.0001062001
0x23e843d01477c47156da00787ec09ac4719879de,25840511,SELL,2449.73084845,0.0003329182
0x11d1dc2455c93b593e7fa62b6dbaff77658083fc,25840511,BUY,2452.18733023,0.0002683894
0x0000b8258eb0a75e660317f914294fd2482a453e,25840515,SELL,2449.51149252,7.9369374148
0x22f19a9f9eec3ca3d2d6952231eac99cbd1cf2be,25840516,SELL,2449.28981529,0.0283893819
0xea4221eb7e6e630705430691d91462e105812b58,25840517,SELL,2449.28660324,0.0879126329
0x9eb9e9b2ba5c2665a16beaa8e137410358b6beaf,25840525,SELL,2448.99756700,10.0332970155
0xf8876f7120fd55b9cb39d5c1abd6769d1833d4d0,25840525,BUY,2451.17437436,0.0001811927
0xd6c3d0f6bee31b28d3dc2b18b53ea26c03bc8fd5,25840525,SELL,2448.71800155,0.0014193545
0x1e9f3d67a0ad523b365fe81f9bc63d176b2af1b6,25840525,BUY,2451.17596211,0.0000965541
0x980e205121337febf6dc5c03dea0cd1e8ecac823,25840525,BUY,2451.17094086,0.0001450176
0xc13a590fd5ec2c9fbd39515fb9d8a4df38aa3409,25840525,BUY,2451.17570456,0.0000267818
0x522b3474b3da7e23ee87aedc6a4ccddfb6693983,25840525,SELL,2448.71714735,0.0003164077
0x21ca77e17db7d73b02274c9fdd3b7bed2f0e1d6a,25840525,SELL,2448.71718716,0.0002815258
0xc623b0b546bf3031ba88a583a46d5180df8d67c2,25840526,BUY,2451.16929978,0.0088591327
0x320b953a6ec1161136042dffa24cec73b3c891bb,25840527,SELL,2448.02342385,7.3279675175
0x134215819032c6d9eec2d386ffc01e50e26e1dad,25840529,SELL,2447.81700773,0.1021318175
0x7c7d6046049428bddc890d1ce8dd62201d94b7fd,25840533,SELL,2447.81383863,0.0066998874
0x17e3b714eba7ceea7326c82405ab34de198b44bb,25840536,SELL,2447.73046500,3.0000000000
0x574be013006558d0a5682a6b0508f02d147377bf,25840537,SELL,2447.64692074,0.0022389908
0x4050cfaa17062d4b94a48777e990c76989a74170,25840538,SELL,2447.64693507,0.0022503197
0xf898fd9c180c92bcb6db69e7d8f8e00ef0568869,25840539,BUY,2450.20009171,0.0021310109
0xc0ffee48a9e45ad104a5b38c0844aacc5b82e6f8,25840541,BUY,2450.20158067,0.0003937525
0x5b43453fce04b92e190f391a83136bfbecedefd1,25840544,BUY,2450.64127292,15.8580616618
0xd9d8f818a7a71ed0e1fe936b991508b0e88b1609,25840546,BUY,2451.45420848,13.3483438127
0x266f3472b22d6da2f578240425cc06023e863819,25840546,SELL,2449.37419783,0.0007889350
0xbe670ec7be3282f7dac518ec155d9fd92670f02a,25840546,SELL,2449.37285550,0.0004375720
0x6f0a91ef8adeb54db0e63be507747ab9a31d3926,25840547,BUY,2452.37511131,19.7035033462
0x5b43453fce04b92e190f391a83136bfbecedefd1,25840548,BUY,2453.03901041,2.0706025336
0xd88f4367c59e17ff12f73f8b224412949831090d,25840548,SELL,2450.63313250,0.4000000000
0x5d167d64f9b10170165abd91d02d3fa4aa3161d3,25840553,SELL,2450.60507266,0.6076673017
0x6f63d6bc239030951f694a6da78b2d4d54e6fe97,25840555,SELL,2450.58808693,0.0023324103
0x07899818875c20b3e97bd908f7300030819a28bd,25840557,SELL,2450.55502323,1.1850332800
0x9eb9e9b2ba5c2665a16beaa8e137410358b6beaf,25840558,SELL,2450.22801217,10.5601444202
0xeaa9ebddd373c4bd8bb92dfcc9c7e7fcdb268e51,25840559,SELL,2449.85220526,2.9398623282
0x5cce27f1bb5bfe5c5865960b9be5f65682b7c348,25840559,SELL,2449.73169281,1.3900000000
0xbb2036bc1d647192d0072f3ae09f94ff1f6aa635,25840561,SELL,2449.10986958,10.1076917906
0xc3959d4e9fa6c47849ff1dd3d7050f71f58b955f,25840564,SELL,2448.60468470,7.5706600391
0x0e7b1ec67233b2aef7e49a8efb030c2f338405f7,25840570,BUY,2450.84756791,0.0000284885
0x6531fa67100271bfe8b09e775ea2d060762a8bc1,25840570,BUY,2450.84858686,0.0000870176
0x470d4f35d3d72e04e64cf384279d7408313ab965,25840570,BUY,2450.93150449,0.0000114283
0xcbc08d94ba4537f9d300990fa23579ce0860f37e,25840570,SELL,2448.39327740,0.0011509466
0x091179e3c74e33545ce8cc07fa385827256cb84f,25840571,BUY,2450.84532004,0.0360094508
0x091179e3c74e33545ce8cc07fa385827256cb84f,25840571,SELL,2448.39514774,0.0325885530
0x18f96764c0785767e794f82e89b8b34f922dc8bf,25840575,BUY,2450.84522431,0.0005281088
0xcc6a751a0e644b445984d74f176e9babf46b2a97,25840576,SELL,2448.31779915,2.7210152858
0xdd6961f21f4430bcd9d1ebe51a4a4cdfff348b22,25840577,SELL,2448.11850321,0.0002855454
0xa63b5772048313601e86be3f9c21fdc55475a1a1,25840577,SELL,2448.11967138,0.0004781127
0x7a66d480017cd40eac251311f79a518924433f24,25840577,BUY,2450.57505823,0.0002056840
0x55557c82938aba54e6fd096da2d7d89d0fc69c71,25840577,BUY,2450.57383590,0.0000545244
0x680dc561d5f000678719ae836b52394332ed6838,25840577,BUY,2450.57239327,0.0002232438
0xfddd9684c2b8332d9b0020e61ba1e96dc549f3d4,25840577,SELL,2448.11978406,0.0005294578
0xc54191f0163dba0f580f4231d6611f9bcde8d8a8,25840577,SELL,2448.11986418,0.0004675184
0x43088e19003e5c3648ff3ddda98fac09e1a9f409,25840577,BUY,2450.57736376,0.0000292103
0xb3e2cf292bc551700a045c1cb66bcbf0e1c53b78,25840577,SELL,2448.11781497,0.0002228304
0x33eca0b1bc3a0055604a9364ec3e96a94bea3044,25840577,SELL,2448.11836617,0.0004963363
0x16a4de5c6e1b122db199f752f478090edb35b5e8,25840577,SELL,2448.11766094,0.0003016550
0xd364b963cfc8002f35c65c6465227a310b7dd7ea,25840579,SELL,2448.26720592,0.3250897451
0xebce867d20b3509a6ffb6f4181098245b5756aa8,25840579,SELL,2447.95065245,11.0687981712
0xb36ce3f521a1ff4b0cffb82ddd71f0a51fcf56ce,25840580,SELL,2447.54407001,3.5679616290
0x5322a172dd516da4a8922931e4d89abdb2b20d29,25840582,BUY,2449.90427707,0.0000689439
0xfd54b984ca2a71cd12b069b288f9bbaa57419d93,25840582,BUY,2449.90544944,0.0000972405
0xb254202b1f88d14f92dd088b4ff8d5a69779fa6f,25840583,SELL,2447.39104281,2.0171427200
0x79b9019b595ba86de448c10605a56a6855b5fa24,25840583,SELL,2447.32919048,0.2100000000
0x951965b80fd320e7fcb5611bda4b3247b0151a7e,25840593,BUY,2449.82295910,0.0001044684
0x0ca6278e1464bd6d80f1d4aa51a396593f68755f,25840593,SELL,2447.37075099,0.0003192120
0xe66983f7f49c29878f862d7375aecc5f704e7eed,25840593,SELL,2447.37015767,0.0003085737
0x70986467385b255bd846c0ea607042c2bd4bba1d,25840593,BUY,2449.82249388,0.0001420458
0xd6c3d0f6bee31b28d3dc2b18b53ea26c03bc8fd5,25840593,SELL,2447.37139710,0.0004896940
0x27f0fe8718f10330c1957ae99e69ec6cce569284,25840598,BUY,2449.82311356,0.0003867557
0xb3e2cf292bc551700a045c1cb66bcbf0e1c53b78,25840598,BUY,2449.83979393,0.0000450805
0x42adab6fdd9e1459976caa0d28f74049d5a93518,25840598,SELL,2447.37291947,0.0011198874
0x0b7b0a7dd9255ace3bb49cd276d0b607bddd58df,25840598,SELL,2447.37155855,0.0001376714
0xa8094e6f90e931c402552bf84eab7475579fd267,25840598,SELL,2447.37125412,0.0005082376
0x8a73185ecc9fa7a6417272656fb045318e9e0878,25840601,BUY,2449.74022289,0.0014920231
0xb28837949e7a3f1ac862036e8a0ae392c9ff9bb4,25840601,BUY,2449.36571515,0.0524858931
0x5b43453fce04b92e190f391a83136bfbecedefd1,25840605,BUY,2449.96556498,21.5158865502
0xb254202b1f88d14f92dd088b4ff8d5a69779fa6f,25840606,SELL,2448.11303632,0.0396700800
0xd51e2dabbb4046710dc805a26c3cee02cff7ec91,25840609,BUY,2450.58641791,0.8809695660
0x5e2a3daaf86cede3392f77616cede2de0d3bd3a0,25840610,BUY,2450.70195518,3.2710278967
0xada5bb90d0de0bd1b6f3938708f49295a8d1f7cb,25840612,BUY,2450.79347489,0.0171485164
0x55557c82938aba54e6fd096da2d7d89d0fc69c71,25840614,BUY,2450.80826596,0.0000596848
0x987796138809a62e603e3e30393fa6d092dd0653,25840614,SELL,2448.34292598,0.0012462061
0xeced276bedef25502486c81d51338efee6c6babb,25840614,SELL,2448.34234131,0.0003025500
0x497d020233aaf9c2b19b98a8054f967c1fd56373,25840614,SELL,2448.34037329,0.0002735494
0xb36ce3f521a1ff4b0cffb82ddd71f0a51fcf56ce,25840616,BUY,2451.43694955,13.3155364090
0x9eb9e9b2ba5c2665a16beaa8e137410358b6beaf,25840619,BUY,2452.12636776,11.4303562629
0xc8564726aaa50cf006ea28c5ef2dadd85a26b723,25840620,BUY,2452.44528920,0.0086855573
0x033def0fd85a520da1457d3959aed3de2d8e550d,25840620,BUY,2452.49282272,1.6987007242
0x9eb9e9b2ba5c2665a16beaa8e137410358b6beaf,25840622,BUY,2452.77745341,8.5098110711
0x9a2bab7bfb2bc803a3c88b37de67c1d1f8c54612,25840623,SELL,2450.56181504,0.0175484800
0xeaa9ebddd373c4bd8bb92dfcc9c7e7fcdb268e51,25840623,BUY,2453.06974771,2.0071879198
0xcd205653259718e0e03600ff5f3c0a40e8f7df03,25840623,BUY,2453.13192226,0.0000932869
0xaa10b7e182b995ecb51c338c269a49da4fcc29a1,25840623,SELL,2450.67147770,0.0004172236
0x5b43453fce04b92e190f391a83136bfbecedefd1,25840626,SELL,2450.46458808,7.4911366854
0xabe0df3389d7407d4ba83464266e239dc26dce3b,25840627,SELL,2450.12541500,4.0000000000
0x05c8c49dacd63d131e1af490869db1cc42f624d1,25840627,SELL,2449.90600878,3.8819576947
0xb658b412691e9b5f6455f908882d9261987adf38,25840627,SELL,2449.79205194,0.2121364128
0x25b6f5f1525f0074d53570ea2fb4cd9ee545b296,25840627,SELL,2449.74378460,1.5221585753
0x51301f41c8f83fbdffaeee11f846e9c114fb8046,25840628,SELL,2448.94801114,27.0876569928
0xd7e1236c08731c3632519dcd1a581bfe6876a3b2,25840628,BUY,2450.64522644,0.0040805580
0xb886537563935290f182a042715e64ba15b511dc,25840629,SELL,2448.03286896,2.3916680700
0xc8df1a5953aa7f62a35ff1501e0c10eb3c33ebfe,25840631,SELL,2446.94885379,36.6275486404
0xa60ded4c899e7560dc4ca56b57fbab25c90addeb,25840632,SELL,2445.92042701,0.4564831773
0xeed7a527399e4ebb3e36e4a97c09de86ca994b24,25840632,SELL,2445.83104261,2.7675991052
0x6f0a91ef8adeb54db0e63be507747ab9a31d3926,25840633,SELL,2445.59080077,5.8986811684
0x3ba8ef9af9810d87926a516f1a97dc9b0a51748d,25840634,SELL,2445.37586376,1.8557074719
0x574be013006558d0a5682a6b0508f02d147377bf,25840638,BUY,2447.63758899,0.0249219902
0xd91b5aafd578955def280944b2d1f5d3c59334e4,25840638,SELL,2445.19055828,0.0009811031
0x63608872bb5788b5e3bfa486d4824571c0ca03cc,25840638,BUY,2447.63833279,0.0040814580
0x5e3ed5e76104c507659783fa6f81e81caa44671b,25840638,SELL,2445.18912450,0.0003236191
0x59be5f35e63699aad4ce03f404e819d8d1817371,25840638,BUY,2447.64476836,0.0001284357
0xce5ad9b052f8da5e26baffc3877615db64f797f2,25840638,SELL,2445.19061918,0.0003494451
0x9891463adca6ec31a8ababc59954e8307787ebc5,25840638,SELL,2445.18950307,0.0003883335
0x41aeff0aa9b986fb6245850610166e086a92b8bc,25840638,SELL,2445.18803083,0.0002662311
0x964dfe13f93d28c068b61c64c79d0b35e62d9619,25840638,BUY,2447.63946863,0.0003045069
0x2988f8ed396a7541a03c7e78483fa987a172803d,25840639,BUY,2447.63970970,0.0001681416
0x81dc771e308c76c3e06f635abed7fb24830fb824,25840644,SELL,2441.71739577,9.9680425045
0xcde89f2f6ee755ef007e0d5eb312fd9a6c2ce193,25840644,BUY,2443.88639621,0.0005514430
0xeaa9ebddd373c4bd8bb92dfcc9c7e7fcdb268e51,25840645,SELL,2440.85117082,21.4909771854
0x14dd5ad54bc717871eb1450d0eebbdae602e58ee,25840646,SELL,2439.56217322,0.3932140593
0x1d48112936a20e24422c869cd70f66240c4811f6,25840648,BUY,2441.99761224,0.0001664133
0xebedc8e9ff409b23dd251f87ccbffa8075f87255,25840650,BUY,2443.16187713,22.1947921747
0x48008c6b5dd7e044d9deb94c3cd1f0238a8c9bfc,25840650,SELL,2441.26315913,2.4500876149
0xcb7f4f854298a268e73f2ce1e04d005f0f0d7995,25840654,SELL,2441.15961754,1.3104830323
0xca7ded7e4f4ba8ab3b10009236ae6d1b95094589,25840654,SELL,2441.12308447,0.0157942110
0xa3ed882ca8e7f71d85ac5b373c2366cfeb23a6ed,25840654,BUY,2443.56975126,0.0002039307
0x55557c82938aba54e6fd096da2d7d89d0fc69c71,25840654,SELL,2441.12245568,0.0002612786
0xeced276bedef25502486c81d51338efee6c6babb,25840654,SELL,2441.12225282,0.0004092622
0x3a42fe2b66a1b8715f7871d094cee0e867bdc8ad,25840656,SELL,2441.10044169,0.8052564800
0x5b43453fce04b92e190f391a83136bfbecedefd1,25840658,SELL,2440.77357151,2.4059421544
0xd9d8f818a7a71ed0e1fe936b991508b0e88b1609,25840659,SELL,2439.43039198,46.4199555729
0x2c5e078be0137049f6fdf92ab01792563e698e6b,25840662,SELL,2438.15390000,0.0100000000
0xce54f65abb8b61b83c14cbe97de97fce75bbf556,25840662,SELL,2438.13798648,0.5726840559
0xc623b0b546bf3031ba88a583a46d5180df8d67c2,25840665,BUY,2440.56333687,0.0406475847
0x6639c00cbbca606f5ff4cd52f3fee77448a2ea62,25840670,SELL,2440.96674539,0.3472000000
0xc8df1a5953aa7f62a35ff1501e0c10eb3c33ebfe,25840674,BUY,2443.61830594,7.9181961041
0xca90930a4fb81a541fd3e9aeab301e0f5005c289,25840675,SELL,2441.56715719,0.0310221055
0x03a34905a7375aa3c5f819bcb4569c6897e0f561,25840677,SELL,2441.47868865,3.1823627415
0x89e31cce4ac46c803c5745850173a428fc791e50,25840677,BUY,2443.83816926,0.0002680386
0x579f2d0ff4c8268ee92cdf8a30b2a4aa9234cd54,25840677,BUY,2443.83718916,0.0003410489
0x84ae2983945c509953963f725c0988ebdd97f21f,25840677,BUY,2443.84224875,0.0001694164
0x81b16f56010f800cc5c89d8f0e0bc5afcf730e0a,25840677,SELL,2441.39221098,0.0002153661
0x66bc4515b8535a884fb9a5271ccad50cc6746f48,25840677,BUY,2443.84851979,0.0000737419
0xa63b5772048313601e86be3f9c21fdc55475a1a1,25840677,BUY,2443.84742104,0.0000786743
0xbafae3263b70e1de1cc9cf2609aefb88dcfcad5a,25840677,BUY,2443.83643092,0.0001145723
0xe2d1c6dba4645dff5d1961c9081a2bc9f69da82a,25840677,BUY,2443.84053145,0.0001933072
0x2cea77a52d51f0c3ada3736afef96761b8fd8ec2,25840677,SELL,2441.39277459,0.0006386633
0x5b43453fce04b92e190f391a83136bfbecedefd1,25840680,BUY,2443.88023373,1.5904998201
0x6f0a91ef8adeb54db0e63be507747ab9a31d3926,25840681,BUY,2444.47635824,19.9846163369
0xbee841c6900a1947443f5ce6f72f774ecdce9541,25840681,BUY,2445.03118896,0.0001168337
0xf0d1bf66a6832ce4264151e31df2136fa5e9f0d3,25840682,SELL,2442.99615236,0.5710000000
0x7d4a81c93f04d7c6c82a89abeea2a3eacb265913,25840683,BUY,2445.45445285,0.0001575899
0x5b43453fce04b92e190f391a83136bfbecedefd1,25840684,BUY,2447.59696276,77.2603746668
0x1a8de3a5e4958df97d05fc9ed7be7299c021ac47,25840685,BUY,2453.60910370,64.0204571857
0x8a73185ecc9fa7a6417272656fb045318e9e0878,25840685,SELL,2452.78331323,5.8251429586
0x620ee0fe91d2e148434dd74ec8afc768edfc6675,25840685,SELL,2452.38142184,0.6627573935
0xf07b4d27cae6571857e51ab3fb209f5226de2d88,25840685,SELL,2451.23268476,0.4199253932
0xf07b4d27cae6571857e51ab3fb209f5226de2d88,25840685,SELL,2451.19536290,0.9198453559
0xf07b4d27cae6571857e51ab3fb209f5226de2d88,25840685,SELL,2451.16514365,0.1649756745
0xf07b4d27cae6571857e51ab3fb209f5226de2d88,25840685,SELL,2451.15943400,0.0399942618
0xad926e7d4c7b4207e0a98b56eaa282d6f28bbceb,25840686,BUY,2452.37242999,0.3873799870
0x4e4b6bb9b261d05c8f9f843f64a9219cd13386d4,25840686,SELL,2449.91795658,0.4850687052
0x4b03c323b67f297fba42ef9541ae445ab29552b5,25840687,SELL,2449.70184601,6.2160108190
0xce54f65abb8b61b83c14cbe97de97fce75bbf556,25840688,SELL,2449.47422730,0.0018644867
0x51301f41c8f83fbdffaeee11f846e9c114fb8046,25840690,SELL,2449.18870537,10.2597519880
0x0aba07d001ecd48c23a9eb117df5af663f3b4400,25840690,SELL,2448.89066873,0.4589653929
0x43f0665f3a38f66fffde59a3549292e8a5592646,25840691,SELL,2448.68454426,6.1266113813
0x8310ea7ec55a7ad6a4288af683155a124a524a09,25840691,SELL,2448.51051515,0.1350401638
0xced7222fd0bfd1fe17e33b686f136586c447d362,25840692,SELL,2448.43844509,2.4528913161
0x46950b3a02cf46a9be894a5e64aa712acc67c923,25840696,SELL,2448.34997863,0.6644959745
0x66871650e679d92693d16783f88b94c48a237413,25840696,BUY,2450.78257216,0.0319285770
0x921c88c5b30f36e36c0e0c42eb22d6f9a6ab2911,25840697,SELL,2448.15399255,6.3806234994
0x574be013006558d0a5682a6b0508f02d147377bf,25840703,BUY,2450.42642499,0.0081618447
0x6f0a91ef8adeb54db0e63be507747ab9a31d3926,25840704,SELL,2447.46348403,18.4841174413
0xbee841c6900a1947443f5ce6f72f774ecdce9541,25840704,BUY,2445.52129993,3.5872292354
0xbee841c6900a1947443f5ce6f72f774ecdce9541,25840704,BUY,2445.72012211,3.5862143259
0xc443e318493f98dc95beca1dec7ca14dc48655eb,25840704,BUY,2445.85940397,1.4385359593
0x2f251ee31dba0955930f2e820137fb48da988e17,25840705,BUY,2446.78052783,0.5253423629
0x9b92bdf14e6d76f0ef3252a403ef8fee68aa4152,25840707,BUY,2446.82481877,0.7126005657
0x5ed864e8f37dcb4f79c5172a815d1b3a9147eaab,25840708,BUY,2446.86725564,0.8173413414
0xeab7366a09ce1a2cd7e114ee231055ef29599d32,25840710,BUY,2446.89244663,0.0002181645
0x22c46ddda93ca0bc44d15ca7447e4ff3d8699c6f,25840713,BUY,2447.26923348,13.5955260822
0x979159f671779a9be573c8a1217ddbe9990e24f9,25840714,SELL,2445.19572140,0.1339330059
0x43f0665f3a38f66fffde59a3549292e8a5592646,25840717,BUY,2447.63976471,0.0004140385
0x574be013006558d0a5682a6b0508f02d147377bf,25840718,BUY,2447.30559980,0.0057205769
0x2d233e6255c9fde9d5614b821ab8509be0c71ecd,25840718,SELL,2444.85807301,0.0005077673
0x9e8c63ec1bb0070ccc47908c81654ad1844126ee,25840718,SELL,2444.85837193,0.0010533138
0x5e3ed5e76104c507659783fa6f81e81caa44671b,25840718,BUY,2447.31513760,0.0000648740
0x7b9c69e1aafd9a064b5c96e8dadb7d5ab77bdc22,25840718,BUY,2447.30653258,0.0002106900
0xed4362cda5c560db3c0086805ac93a38d7fb6a60,25840718,BUY,2447.30979156,0.0001946439
0x2df95819949047512fc4708996e9569ca10affd9,25840718,BUY,2447.31258305,0.0000910076
0xb3e2cf292bc551700a045c1cb66bcbf0e1c53b78,25840718,BUY,2447.31562122,0.0000518764
0x6bad27d60b3d44e7b506886757f0ded49907dcf8,25840718,BUY,2447.31116338,0.0001171457
0x811edab75dc60fec930617cfc2d0c83fa4165d5f,25840718,BUY,2447.31926756,0.0000072737
0x607ec8984bb6060313f9abf09b4b19b4b208c57c,25840718,SELL,2444.85830412,0.0012333872
0x922d1a6471ffd75875ad66376b70cb815f0cee09,25840718,BUY,2447.30771779,0.0001623359
0x85f6cbb2d5cdd9ab13a79002d565bc51a0b266cc,25840718,BUY,2447.30585560,0.0001642181
0x940d1fce9d9a3b32cbb8e75ee44d4f6bd5eb32f1,25840718,SELL,2444.85855606,0.0003849634
0x4559ac8ca80f334734cef2dbc86950736c7ef88d,25840718,SELL,2444.85732610,0.0003218302
0x0561e116ddcc5cbd57b0b03a4b985e246ad2399f,25840718,SELL,2444.85703087,0.0003983865
0x33eca0b1bc3a0055604a9364ec3e96a94bea3044,25840718,SELL,2444.85871726,0.0006109343
0x71effccf59a7ad2f2e2fd55820d727d8b24d106d,25840723,SELL,2444.85855669,0.0004465195
0xbb7d27120ac3a0d86e92c1666282e0fc9f3eed7e,25840723,SELL,2444.85763010,0.0375831246
0x8eca1e5fe0f4915059f3de4a6d8cf1051a6417f3,25840724,SELL,2444.68662280,6.1363413315
0x00000000d4ce9b514045a6c2049d249575588c20,25840731,SELL,2444.64311388,0.0093300846
0x00000000d4ce9b514045a6c2049d249575588c20,25840731,BUY,2447.09105116,0.0004146241
0x24e0e70267a2ffa87ea8069f1f8a2e92fd6e3f45,25840733,BUY,2447.09509728,0.0000943674
0x979159f671779a9be573c8a1217ddbe9990e24f9,25840737,SELL,2444.64250625,0.0134509917
0xdf8adfe10d4a4d9f0fc4d3e377a6e8d5730eb40c,25840737,SELL,2444.61032844,1.1499999993
0x5b43453fce04b92e190f391a83136bfbecedefd1,25840738,SELL,2444.49868324,2.8806641171
0xbc10178f12a6ae4fe5a7ca87ab0aa44c5de76fcc,25840741,SELL,2444.51018490,0.1227239722
0x4337013ef5cd421cef649fc58c1b0defd37bbeb1,25840744,SELL,2444.32648663,0.0236234833
0xbe735f8cb7852130cfa07aa74c6690348cc0c4eb,25840748,BUY,2446.78060769,0.0000137989
0x522b3474b3da7e23ee87aedc6a4ccddfb6693983,25840748,BUY,2446.78738362,0.0000524647
0x00000000216d0d765f8cf13a21cbab92f2aa0062,25840749,BUY,2446.78098357,0.0000949272
0x6f0a91ef8adeb54db0e63be507747ab9a31d3926,25840753,BUY,2446.82026034,9.4762138441
0x8d8d5b393d7fabdd28bff2fa8912921641364fed,25840756,SELL,2444.63645162,0.0048906000
0xd91b5aafd578955def280944b2d1f5d3c59334e4,25840756,BUY,2447.08410989,0.0001649253
0x337ea7fa3c6ac6aabcb48afc15482d3e11c767ae,25840756,BUY,2447.09529458,0.0000436902
0x33eca0b1bc3a0055604a9364ec3e96a94bea3044,25840756,BUY,2447.08349376,0.0003602480
0xca4e50a447acc567d50955639ce327e572ac1722,25840756,SELL,2444.63500234,0.0002496005
0x213b607fb531aa0e76fd0e2860204ef943333cc6,25840756,SELL,2444.63434717,0.0003715824
0xc8df1a5953aa7f62a35ff1501e0c10eb3c33ebfe,25840759,SELL,2444.25789726,13.6642081306
0xc227de7d89e48f57cbd8b0739f6180a6c196953f,25840760,SELL,2443.86026664,0.6953100000
0x81dc771e308c76c3e06f635abed7fb24830fb824,25840766,BUY,2445.40997831,5.8638003518
0x6a2d2c964d63331df9e9aea30794840ac6b9a7b8,25840766,BUY,2445.57420114,0.0617268043
0x330681d53da9826a11e4a78856a48230cadf1f80,25840767,BUY,2445.57967688,0.0000552965
0x54049feeeab450b6f8b74cf151558f032c89b3b5,25840767,SELL,2443.12678334,0.0008264520
0x522b3474b3da7e23ee87aedc6a4ccddfb6693983,25840767,SELL,2443.12478673,0.0001716953
0x1e9f3d67a0ad523b365fe81f9bc63d176b2af1b6,25840767,BUY,2445.58968678,0.0000419428
0x59be5f35e63699aad4ce03f404e819d8d1817371,25840767,SELL,2443.12665378,0.0003567183
0x86f7ebca29d472c66a113cf52bc06aebe8707f1e,25840767,SELL,2443.12561352,0.0004591610
0x9eb9e9b2ba5c2665a16beaa8e137410358b6beaf,25840767,BUY,2445.61191605,1.4168337164
0xfeed4c53d827aebebed6066788065ea1027c7e70,25840769,BUY,2445.79367232,0.0015684823
0xfeed4c53d827aebebed6066788065ea1027c7e70,25840769,BUY,2445.79348381,0.0031369648
0xbb7d27120ac3a0d86e92c1666282e0fc9f3eed7e,25840771,SELL,2443.66035049,0.0390064748
0x9b2b3f464baf2d3c512d87ba52efc77dff897b16,25840772,BUY,2446.21811236,4.0877868570
0x708bb8b1513be9a57dcfa64f89c87747d413660f,25840777,SELL,2443.88064306,0.4292000000
0xf6f757c34a8b699deeb2f54fb7545cb100db52dd,25840777,BUY,2446.31573471,0.0001045388
0x10a72e2349b59b8cb60e758fbe7d63dd55031f34,25840777,SELL,2443.86795415,0.0284909424
0xebedc8e9ff409b23dd251f87ccbffa8075f87255,25840778,BUY,2446.64641425,12.0266548009
0x24f4671db5626fe5962bfaedc7594f31c741047a,25840778,BUY,2446.98408366,0.1474223529
0xd140070ad24809909b28bcb848dbf13455f1c2ff,25840778,BUY,2446.98932545,0.0000073490
0x9e8c63ec1bb0070ccc47908c81654ad1844126ee,25840778,BUY,2446.99031081,0.0001550223
0x33eca0b1bc3a0055604a9364ec3e96a94bea3044,25840778,BUY,2446.99055808,0.0003956399
0x3235e2bb4cb9cc783249de63c53daac173842b8b,25840778,SELL,2444.54026166,0.0002830966
0x95dd8db1c0c066eba8c37cd1c6b4c895500b20f2,25840779,BUY,2446.99073641,0.0002952602
0x5cbb37c6ff1b0ba190baa10de611de2555b0987a,25840779,SELL,2444.54083810,0.0354727717
0x9eb9e9b2ba5c2665a16beaa8e137410358b6beaf,25840780,BUY,2447.07265487,3.1152152143
0x02f3f114b44523fa98bfdf9eb0b26c8725558b08,25840782,SELL,2444.70873064,0.1371720000
0x5b43453fce04b92e190f391a83136bfbecedefd1,25840787,BUY,2447.50526791,12.7507050629
0x8b2efb5293326e1766cb5d0855032f150a72b705,25840788,BUY,2447.87486529,0.5673953827
0xa4a81b6915ff619b667154ba9bc462342afbd7ce,25840789,BUY,2448.12164717,0.2614249148
0xc8df1a5953aa7f62a35ff1501e0c10eb3c33ebfe,25840793,SELL,2445.64347279,1.4693895983
0x6d36fce33e283cfd7b2b5e224e135e0e45db1ec7,25840793,SELL,2445.60092219,0.0004570926
0xbdf17851a1fa431794296caa9bba50f2313bea12,25840793,BUY,2448.06303828,0.0000646760
0xdd6961f21f4430bcd9d1ebe51a4a4cdfff348b22,25840793,SELL,2445.59940410,0.0002178071
0xc13a590fd5ec2c9fbd39515fb9d8a4df38aa3409,25840793,SELL,2445.60097146,0.0005694453
0x6f0a91ef8adeb54db0e63be507747ab9a31d3926,25840794,SELL,2445.36943018,8.4109055659
0xb97e511558fb97c87a9d4d87cf622dcfc644394a,25840801,BUY,2446.55816947,0.0019572406
0xa646f9cc3ef9930c82e6599746cf2c8d76060ac1,25840803,SELL,2444.11148469,0.0161661828
0xe7b8a3d2ede44524d786196ced199b63c7e4e48e,25840808,SELL,2444.10987927,0.0417334400
0x1bfabdb5f8e61a243c2d668e4565eaa4f7017ab4,25840809,BUY,2446.55780993,0.0000945864
0x474e0c3b07735e44e6c9bf06c7851b76b3144e99,25840809,BUY,2446.56220270,0.0000869375
0xd6c3d0f6bee31b28d3dc2b18b53ea26c03bc8fd5,25840809,SELL,2444.10735329,0.0006134681
0xeced276bedef25502486c81d51338efee6c6babb,25840809,SELL,2444.10799902,0.0002449744
0xe0a985de04a3a291b47d1e869b087fb62bda88aa,25840809,BUY,2446.56037013,0.0000862497
0xf9ad3a3f0a49d0b489211dc98960b2da016cc08a,25840810,BUY,2446.55900371,0.0001800198
0x6e15a020dc2ba9127d027fefcdc1eec39cfda96c,25840814,BUY,2447.18314038,1.3109472467
0x89ad78feb40769d20fb3d97229eaf07d6ffcb277,25840814,BUY,2447.32942378,3.9687349057
0x9eb9e9b2ba5c2665a16beaa8e137410358b6beaf,25840816,BUY,2448.08724644,23.3229769446
0xef1c5a5ce65ce7293532849977d92f10345b8221,25840816,SELL,2446.28361872,0.0004099553
0xe71ce2964e63001b5f65c04427ab7b7d1c99eb6e,25840816,SELL,2446.28557158,0.0002222848
0x26057f44d4977c67feb9d008652af6f7d9c026f4,25840816,BUY,2448.73487855,0.0001313711
0xbb7d27120ac3a0d86e92c1666282e0fc9f3eed7e,25840816,SELL,2446.28446997,0.0404067557
0xeaa9ebddd373c4bd8bb92dfcc9c7e7fcdb268e51,25840818,BUY,2447.50350784,5.6670445115
0x0640f8405903053ec2a33b40858e478ceadcdc8c,25840818,BUY,2447.69353400,1.1900878911
0xb36ce3f521a1ff4b0cffb82ddd71f0a51fcf56ce,25840819,BUY,2448.33940995,22.1089295945
0x8b2efb5293326e1766cb5d0855032f150a72b705,25840829,BUY,2451.04227829,0.0148087429
0xb36ce3f521a1ff4b0cffb82ddd71f0a51fcf56ce,25840833,BUY,2452.16927832,6.4500708429
0xac92ebdce3fac4fa5cc9196b625b5420ac65ea27,25840836,BUY,2452.35220615,0.1223315310
0x574be013006558d0a5682a6b0508f02d147377bf,25840836,SELL,2449.90338391,0.0022063184
0xfc9928f6590d853752824b0b403a6ae36785e535,25840838,BUY,2452.38774833,0.0095653161
0x5cac31ee4783d40b8d20ef989969b6abe534cb52,25840838,SELL,2449.93560674,0.0005534239
0x5b43453fce04b92e190f391a83136bfbecedefd1,25840841,BUY,2452.55499492,6.0097912579
0x92985e9b2b49cf23a58b04756eb06fcfdebb0998,25840841,SELL,2450.26946154,0.0260000000
0x6a2d2c964d63331df9e9aea30794840ac6b9a7b8,25840846,SELL,2451.44971741,0.0615273207
0xc002a2ad0fe7578acf89d5ad714cde3223665e78,25840849,BUY,2453.90267347,0.0003215103
0x9457cfb4cb4b59e8863e7232ec85e97fda517e6e,25840849,SELL,2451.44763669,0.0009318217
0xa553a768c249d8a37358b081cebdba8c45c78b54,25840849,SELL,2451.44602321,0.0002062758
0x987796138809a62e603e3e30393fa6d092dd0653,25840849,BUY,2453.90409423,0.0002829051
0x089102c26bb3e666592d1788ddc51be3b8c737f4,25840849,SELL,2451.44390180,0.0002001555
0xbc2cbf7c555011340305b2d3beae7c79578da7e6,25840849,SELL,2451.44499480,0.0003254097
0x1f07693ba31962da67526017a9c24565643464e2,25840849,SELL,2451.44681026,0.0008719842
0x2c5e078be0137049f6fdf92ab01792563e698e6b,25840853,SELL,2451.44710000,0.0100000000
0x5c096ef846447cb935c5d247e4ab2a867ecc33a9,25840854,BUY,2453.90197017,0.0001888083
0x8dbee8f3917049bc30fef01924a7ac79d16cf2b9,25840854,BUY,2453.90108704,0.0003119241
0x4cffd847fcbeef62b8c701fd188c0ad19c87f22b,25840859,BUY,2454.45723192,0.0001651762
0xa3ed882ca8e7f71d85ac5b373c2366cfeb23a6ed,25840859,BUY,2454.45774533,0.0003139512
0x523c54a60dca04b488de29a8ddcffd7eedf90e86,25840859,SELL,2452.00118074,0.0009866537
0x3a159fcc4bc891a5a329fd0684cc37d9a84a11d9,25840859,BUY,2454.46396075,0.0000250853
0x016e22d5c8c20b1f252ef48829ed54f50802b753,25840859,SELL,2452.00133343,0.0005044797
0xdf6153dcb1fe36d5775f7bcbe8c0228969617fc5,25840859,SELL,2452.00062178,0.0004841292
0x4335791d25611df9608613778a4643786670a27b,25840859,SELL,2451.99862942,0.0002251645
0xbb7d27120ac3a0d86e92c1666282e0fc9f3eed7e,25840859,SELL,2452.00026861,0.0419645831
0x8a73185ecc9fa7a6417272656fb045318e9e0878,25840859,BUY,2454.45684409,0.0001583935
0x2e0feee51c2cb6ffb54304098fb4fd6cbb40c793,25840860,SELL,2451.99898734,0.0039500000
0xa902479cab22abf7c2b3008b20919405a8c961da,25840861,SELL,2451.99888042,0.0003859333
0xeaa9ebddd373c4bd8bb92dfcc9c7e7fcdb268e51,25840863,BUY,2455.77893031,7.2110283191
0xebedc8e9ff409b23dd251f87ccbffa8075f87255,25840864,BUY,2456.21978053,8.5091246035
0x5b43453fce04b92e190f391a83136bfbecedefd1,25840865,BUY,2456.93985192,17.1565634816
0x14577050dee56c8a279a9d65b13d3c04d1d07c2d,25840866,BUY,2457.56181659,4.9790599204
0x6f0a91ef8adeb54db0e63be507747ab9a31d3926,25840870,BUY,2458.12477617,15.0701407415
0xe66983f7f49c29878f862d7375aecc5f704e7eed,25840870,BUY,2458.54970589,0.0003363271
0x81f958b1e9cc5040d9e8e62197b4e39834a1f10e,25840870,SELL,2456.08720904,0.0003376419
0x94b7213d430dcd9a9e436e72c763b3a03b8b82b6,25840870,SELL,2456.08851331,0.0003056014
0x42adab6fdd9e1459976caa0d28f74049d5a93518,25840870,SELL,2456.08962537,0.0009611693
0x9d6434eedb1b7912f5b296de3026ebeb6d114858,25840870,SELL,2456.08885547,0.0002059710
0xc002a2ad0fe7578acf89d5ad714cde3223665e78,25840870,SELL,2456.08943445,0.0002170450
0xd6f9d6420cafbd84d1e3f1098d2ba609ac78b72c,25840870,BUY,2458.55626677,0.0000945364
0x1e9f3d67a0ad523b365fe81f9bc63d176b2af1b6,25840870,SELL,2456.08810085,0.0002120698
0x474e0c3b07735e44e6c9bf06c7851b76b3144e99,25840870,SELL,2456.08853925,0.0005060062
0xf70da97812cb96acdf810712aa562db8dfa3dbef,25840873,SELL,2455.38924790,24.9900000000
0xf70da97812cb96acdf810712aa562db8dfa3dbef,25840875,SELL,2453.91833785,27.5000000000
0x5e2a3daaf86cede3392f77616cede2de0d3bd3a0,25840875,BUY,2456.30825832,25.1394725014
0x35eaff329ba177abe7bcf752eeaa20332d0c1da6,25840875,BUY,2457.42225543,14.5615724648
0xeaa9ebddd373c4bd8bb92dfcc9c7e7fcdb268e51,25840876,BUY,2458.76879400,33.3856926863
0x29717bdae22b0e0d1c4c70ddd92dafaeea3b0939,25840878,BUY,2462.08320819,0.0102943694
0x480a15f9fdb1757d1db6cedc620772553f496637,25840880,SELL,2459.62100000,0.0100000000
0xe7e7ca0e19f023d09542bfebe4fe0b8ae8ea5d03,25840881,BUY,2462.43951347,0.0000018888
0xe7e7ca0e19f023d09542bfebe4fe0b8ae8ea5d03,25840881,SELL,2459.62075875,0.0000035945
0xbb7d27120ac3a0d86e92c1666282e0fc9f3eed7e,25840881,SELL,2459.61952393,0.0435833266
0xebedc8e9ff409b23dd251f87ccbffa8075f87255,25840884,BUY,2462.43158539,7.2618707610
0xeab7366a09ce1a2cd7e114ee231055ef29599d32,25840889,BUY,2462.81661438,0.0002194638
0xb36ce3f521a1ff4b0cffb82ddd71f0a51fcf56ce,25840891,BUY,2463.04904281,8.3822032538
0x51301f41c8f83fbdffaeee11f846e9c114fb8046,25840892,BUY,2464.56767796,45.6550359989
0x4b03c323b67f297fba42ef9541ae445ab29552b5,25840892,BUY,2465.95696938,3.8340296033
0xebedc8e9ff409b23dd251f87ccbffa8075f87255,25840893,BUY,2466.27510922,7.4938077524
0x0000007ac1a9553d4bca454634cb435f1999544b,25840894,SELL,2464.01994459,0.0264488736
0x9379e546675db383365f8718342a92ac3ba3a4f8,25840901,SELL,2462.62403567,3.0000000000
0x6ea0347b7bf0dbb55e85ae1d0ba58412cdf33db7,25840905,SELL,2462.33818312,7.1392860000
0xf7eb7d9aba99d7cdf6eabe96bf80d46208f7daad,25840910,SELL,2462.13399427,0.0006716970
0xf184c1a8ba77c97b878562342a6fe9852ebb1cf8,25840910,BUY,2464.59971380,0.0001467581
0x4cffd847fcbeef62b8c701fd188c0ad19c87f22b,25840910,BUY,2464.60116386,0.0001951792
0x7eba43b50224e4cf4635bb87f566db15fee9894d,25840910,SELL,2462.13288722,0.0003451552
0x3b727c0b7d3eb416c95e78d8dfbca6616297864d,25840910,SELL,2462.13082023,0.0002607303
0x0561e116ddcc5cbd57b0b03a4b985e246ad2399f,25840910,SELL,2462.13222325,0.0002123070
0x996607af90377f6f01028fb1e0367d372b05f148,25840910,SELL,2462.13340420,0.0006284582
0xa9366a248d6bf427e9337d7f91a323490dd6b303,25840910,SELL,2462.13426466,0.0008121113
0x31ca979d58cbe25c2ec7f38f449f116221130c3e,25840910,SELL,2462.13416445,0.0010812465
0xb8122a0e70fa5b855f64bb2f32bc0449117062cb,25840910,SELL,2462.13391039,0.0007843599
0xc9cf5ceea3e40d18e9660bff1f6106ff88c4c89d,25840910,SELL,2462.13334919,0.0002372711
0x5b43453fce04b92e190f391a83136bfbecedefd1,25840911,BUY,2464.63304413,1.2386034068
0x92985e9b2b49cf23a58b04756eb06fcfdebb0998,25840914,SELL,2462.78484156,0.0320833333
0x4337017d2e3f5e4160a27f6fdbdc38719343c62f,25840918,SELL,2462.76439731,1.6107117211
0x20d325dc040c6bb4517afb0a3a364b959095dd71,25840919,SELL,2462.71906245,0.0068432154
0x20d325dc040c6bb4517afb0a3a364b959095dd71,25840919,SELL,2462.71876491,0.0029292009
0xa0be44b12c6a7b26443820223fba79ad08cec692,25840920,SELL,2462.71633011,0.0846441453
0x09756c9f3a542cc5ecef78f83c8ed6f48c241be4,25840921,SELL,2462.04259147,0.2979000000
0x7abfe03949efa657e717f16d7eddc44ee94d702e,25840924,SELL,2461.63268085,0.3455790235
0xbee841c6900a1947443f5ce6f72f774ecdce9541,25840931,BUY,2463.86631106,0.0029119019
0x2a1c60f9a48ba0bb1a8ba26cf71c06f4384fe86d,25840935,BUY,2463.87095076,0.0000670835
0x2cea77a52d51f0c3ada3736afef96761b8fd8ec2,25840935,BUY,2463.87166652,0.0001163190
0x4d68f54b4852d6cc428c12f9dd59b84652351b40,25840935,SELL,2461.40107784,0.0002278970
0x09e90eb62e358c4e1eef86a883f8dc58c712dff0,25840935,SELL,2461.40140462,0.0002778027
0x82b36fcaa9e111b0df27d86d067b1d8af6a849dd,25840935,SELL,2461.40211536,0.0003728241
0xe0a985de04a3a291b47d1e869b087fb62bda88aa,25840935,SELL,2461.40099193,0.0003740207
0xfddd9684c2b8332d9b0020e61ba1e96dc549f3d4,25840935,BUY,2463.86807538,0.0001077408
0x4d16ebd8a910425aa05d52385cf4ec3a05e1be30,25840937,BUY,2463.86590570,0.0068206070
0x4d16ebd8a910425aa05d52385cf4ec3a05e1be30,25840937,BUY,2463.87812457,0.0000578710
0xf70da97812cb96acdf810712aa562db8dfa3dbef,25840940,BUY,2463.86649720,0.0207730326
0xebedc8e9ff409b23dd251f87ccbffa8075f87255,25840941,BUY,2464.07081598,7.2560693386
0x3331d49c3bb3dda001acabd09e5cdb0eb80f7e09,25840942,BUY,2464.30796932,1.1976265490
0x03d9964f4d93a24b58c0fc3a8df3474b59ba8557,25840942,BUY,2464.34173406,0.0006938141
0xeaa9ebddd373c4bd8bb92dfcc9c7e7fcdb268e51,25840943,BUY,2464.50289979,5.7489915148
0x6c6fecdd559871f9b199420b103a93e3b8838311,25840944,BUY,2464.77368826,0.0408074889
0xfffdc552b772a1f2e33ad9d22e5f5426b1ca77e1,25840945,BUY,2464.90399720,0.8273571865
0xc8df1a5953aa7f62a35ff1501e0c10eb3c33ebfe,25840946,BUY,2465.03229680,3.7441734816
0x834d10cef4e5a75d3edddcbb1c5a94f8094e5713,25840946,SELL,2462.67200000,0.0300000000
0xbb7d27120ac3a0d86e92c1666282e0fc9f3eed7e,25840946,SELL,2462.66984750,0.0475942328
0x77dfeadd047839ef231cef078bc00111c1d9c555,25840948,BUY,2465.13422697,0.0415825065
0xbeebecd068387b21961580af1b5d43a4b8ed6dfe,25840948,BUY,2465.16953323,1.2169548421
0x266f3472b22d6da2f578240425cc06023e863819,25840948,BUY,2465.20679036,0.0002541101
0xd9048d2df9a3bc82b7c9d721e0d01777d77bb399,25840948,BUY,2465.20798161,0.0001325933
0xd745cf69e019e7278039b32244e69e0d7fa063d8,25840948,SELL,2462.73873384,0.0010573915
0x2a4e48cd85a85643471aca12fa79aaf6fcb322dc,25840948,SELL,2462.73862473,0.0009855959
0xff7f9d5c460bab690e6b6bb57ef01d69a9e946eb,25840948,SELL,2462.73725829,0.0004502149
0x2a1c60f9a48ba0bb1a8ba26cf71c06f4384fe86d,25840948,SELL,2462.73619886,0.0002466606
0xa414f5eb2f6ab81eaf7b9cc2ceb411769e9f8509,25840948,SELL,2462.73852533,0.0002748664
0xa44191b93a1ce437e62fe9d720bafdf840efbd1b,25840948,SELL,2462.73771668,0.0005383265
0x057e76a23eacdbba4076ab79c04d67114eafb467,25840951,SELL,2462.72257936,0.5793149419
0xba325093f3da06d5b0425d8b8668a77be04de466,25840956,BUY,2465.18543380,0.5178234061
0xeab7366a09ce1a2cd7e114ee231055ef29599d32,25840957,SELL,2462.27618816,5.4572843508
0x0986dcd5d8079d8cc9c93b31aa9adb6680b9e1e5,25840959,BUY,2464.59696593,0.0000917874
0x3b727c0b7d3eb416c95e78d8dfbca6616297864d,25840959,SELL,2462.12179132,0.0002112402
0x89e31cce4ac46c803c5745850173a428fc791e50,25840959,BUY,2464.58753738,0.0003310026
0x6b1d516be64de37e54b7961bc098d1b7b387bc00,25840959,BUY,2464.58780797,0.0001946670
0xab41c88b14161316f7551b892de4ab34631b276b,25840959,SELL,2462.11998750,0.0002276258
0x2c7c6d22fa48fbf60052b47a49375b51770f26b6,25840959,SELL,2462.12046692,0.0002152649
0xebedc8e9ff409b23dd251f87ccbffa8075f87255,25840964,SELL,2461.30899974,4.6050533311
0x5b43453fce04b92e190f391a83136bfbecedefd1,25840967,SELL,2460.88865093,10.3520118756
0x566e85619fb6d5acd1d51882d70a8b28c79d85e9,25840967,SELL,2460.48908914,3.8684496343
0x81dc771e308c76c3e06f635abed7fb24830fb824,25840969,SELL,2460.21700590,5.8172503778
0xa8ecbc0cb4c0c5b0a5a8c4d3e6028451540a66a9,25840969,BUY,2462.51717919,0.0004655639
0x5b43453fce04b92e190f391a83136bfbecedefd1,25840972,SELL,2459.68484129,9.2932226265
0xa2764538be8a92ff563048ad4316000000947f0e,25840972,BUY,2461.88920792,0.0001757122
0x6f0a91ef8adeb54db0e63be507747ab9a31d3926,25840973,SELL,2458.87311978,19.6151999304
0x9c82b458fde221f200000069ce8122469fc9f1a3,25840973,SELL,2458.27765344,1.5860033127
0x4b03c323b67f297fba42ef9541ae445ab29552b5,25840974,SELL,2457.29815968,2.7970502989
0x566e85619fb6d5acd1d51882d70a8b28c79d85e9,25840975,SELL,2457.10149914,0.8333476528
0xb36ce3f521a1ff4b0cffb82ddd71f0a51fcf56ce,25840976,SELL,2456.79300720,10.1606504463
0x51301f41c8f83fbdffaeee11f846e9c114fb8046,25840979,SELL,2456.05224176,8.1386659816
0x266f3472b22d6da2f578240425cc06023e863819,25840979,SELL,2455.79884623,0.0003564795
0x19329de1e7103050257f2f58298dd37eef49f0de,25840979,SELL,2455.80039477,0.0005724924
0x9457cfb4cb4b59e8863e7232ec85e97fda517e6e,25840979,BUY,2458.26348898,0.0002026186
0x9891463adca6ec31a8ababc59954e8307787ebc5,25840979,BUY,2458.26091338,0.0002948210
0xcc6dc9623a08469c0aa63a138aefdc390843c1b1,25840979,BUY,2458.26284787,0.0001078514
0x4d68f54b4852d6cc428c12f9dd59b84652351b40,25840979,BUY,2458.26378424,0.0000842668
0x433702256b464248dcbe403c1334757be4ed9f26,25840979,SELL,2455.70341901,3.4832480835
0xe0a985de04a3a291b47d1e869b087fb62bda88aa,25840979,SELL,2455.60192176,0.0002330976
0x5cac31ee4783d40b8d20ef989969b6abe534cb52,25840979,SELL,2455.60457431,0.0004523782
0xbb7d27120ac3a0d86e92c1666282e0fc9f3eed7e,25840979,SELL,2455.60430453,0.0497093374
0xf39d8e3f51d09985ec5705a17802a973b4c468b5,25840979,SELL,2455.60037014,0.0002821424
0x0f730fde3331c7968d4efb2856005d129f7ecf34,25840979,SELL,2455.60256082,0.0005662903
0x56c262027e0de4aea31d2489529cb25d23e58a8b,25840982,BUY,2458.03323976,0.0063475858
0x652d463c1d14baeee120e99a58126eb1877654d6,25840982,SELL,2455.57552433,0.0016525800
0x9eb9e9b2ba5c2665a16beaa8e137410358b6beaf,25840983,BUY,2458.15182235,4.2235689011
0x3ee92cd00993a4488ae153ab41ac7947cbcbc1de,25840987,BUY,2458.27401181,0.0025149617
0xfb05502b9cd8e54ddaa866c88b1a3bc6d6364ff0,25840987,BUY,2458.45009356,6.2774019865
0xed374c1e1ebd4faa46abc69bea8b9c45878e53a2,25840988,BUY,2458.69201368,2.3343875512
0xcd205653259718e0e03600ff5f3c0a40e8f7df03,25840991,BUY,2458.76722263,0.0000742531
0x82b36fcaa9e111b0df27d86d067b1d8af6a849dd,25840991,SELL,2456.29697088,0.0003649860
0x651a2033b2499602c74160e32004a5448cc910ad,25840991,SELL,2456.29843314,0.0003987553
0x039752a819b0a1dc964a118188a7a40fc0a5309a,25840991,BUY,2458.75852393,0.0002942310
0x51301f41c8f83fbdffaeee11f846e9c114fb8046,25840995,BUY,2459.02586898,9.5497658667
0x091179e3c74e33545ce8cc07fa385827256cb84f,25840998,SELL,2456.83454049,0.0345411804
0x0bf93ea5a1fa4ce3dd22c7ffd314462d3869777f,25841000,SELL,2456.76343840,2.5000000000
0x5b43453fce04b92e190f391a83136bfbecedefd1,25841004,BUY,2459.27432685,4.3592194697
0x29717bdae22b0e0d1c4c70ddd92dafaeea3b0939,25841007,BUY,2459.94203635,0.0151970191
0x31cced70d7ec383c0663b29d5ba9ef22fc07ac19,25841007,BUY,2459.94275531,0.0016053975
0xc292d3730bdf4a463c5e587a014cf804f32c4ae8,25841009,BUY,2460.83951976,0.0081273077
0x174b9b2cb7d8a545b129c203fa721582e241138b,25841010,SELL,2458.37901761,0.0163878400
0xb36ce3f521a1ff4b0cffb82ddd71f0a51fcf56ce,25841010,BUY,2460.96721915,4.5644074397
0x798b5af8149bd996a34f4f48886994d56cc1b7e9,25841010,BUY,2461.15117139,1.9747000353
0x51301f41c8f83fbdffaeee11f846e9c114fb8046,25841012,BUY,2461.42139935,7.6350324743
0x7d8f6522ff026b87e3ae7b202b1afd21191af30a,25841012,BUY,2461.70691200,2.5185776462
0x00000000005a07151ea1d4421aa1bd87946f4bb6,25841013,BUY,2461.78199180,0.0000615306
0x13d3372f854610416343fc384af1bce78eb2d931,25841013,BUY,2461.77900437,0.0454955542
0xde4b205f5719bf8cf4312b55c97bb5b46e8110f7,25841016,BUY,2461.78670481,0.0000767808
0x6c4aa0614894d70833a29435038867911aef92c2,25841016,BUY,2461.78211069,0.0001200553
0x1286daa40ddd8997ac99388fa1dcc1cea6db47e2,25841016,BUY,2461.78329636,0.0002017923
0xf70b263df19b05c0674d2fcef0f15c3e99a0b9df,25841016,SELL,2459.31680617,0.0002265645
0xbbd116fad1e8b7013b9de4b82c2353f87d7abf98,25841016,SELL,2459.31810932,0.0002619812
0x59be5f35e63699aad4ce03f404e819d8d1817371,25841016,BUY,2461.78079686,0.0002541705
0x3deb53565e775511bc459809e9beb1c5347425bc,25841016,SELL,2459.31839025,0.0002858341
0x00000000fdcc435ecadf76e11b42decea3dca807,25841018,SELL,2460.10572571,0.2651200000
0xc292d3730bdf4a463c5e587a014cf804f32c4ae8,25841022,BUY,2462.56165437,0.0038531490
0x33d9d368975bce2a7f6eba1bc155476ec44e0fa0,25841022,SELL,2460.09907844,0.0012676477
0xa24cb61cd4278211ec5f8189b2c7cf3ae24660b2,25841022,SELL,2460.09867502,0.0008177428
0x71effccf59a7ad2f2e2fd55820d727d8b24d106d,25841022,BUY,2462.56441307,0.0003175949
0xbb7d27120ac3a0d86e92c1666282e0fc9f3eed7e,25841024,SELL,2460.09800088,0.0517979983
0x43f0665f3a38f66fffde59a3549292e8a5592646,25841025,BUY,2462.55900364,0.0005731574
0x7ad7b1ecf1aa6e1044a5879a9b474b5e1d4a0e2a,25841028,BUY,2462.55967522,0.0405997865
0xbee841c6900a1947443f5ce6f72f774ecdce9541,25841028,BUY,2462.56269180,0.0000162185
0xb8f73f69c6ff894b544bb585946edb16b13aec3a,25841032,SELL,2460.06759239,1.1134222163
0x5b785ead0374420fef0e87538b65361046aed043,25841036,SELL,2459.89523077,0.0065000000
0x366f599b926c74f58422a94e78915c4ce529499f,25841038,SELL,2459.84199806,1.8905901122
0xc8df1a5953aa7f62a35ff1501e0c10eb3c33ebfe,25841040,SELL,2459.46914625,11.3882294965
0x27d86f01c55779e2867fac77ac06065a58bb9dc7,25841046,BUY,2459.88137523,0.0000942358
0x81f958b1e9cc5040d9e8e62197b4e39834a1f10e,25841046,SELL,2457.41898030,0.0003769365
0xa9366a248d6bf427e9337d7f91a323490dd6b303,25841046,BUY,2459.88320758,0.0002952636
0x59be5f35e63699aad4ce03f404e819d8d1817371,25841046,BUY,2459.88323920,0.0002076550
0xf7eb7d9aba99d7cdf6eabe96bf80d46208f7daad,25841046,SELL,2457.41903881,0.0003890012
0x341c580fcad726e94a29806066a667bec0492459,25841046,SELL,2457.41892079,0.0002733494
0x3deb53565e775511bc459809e9beb1c5347425bc,25841046,BUY,2459.88995506,0.0000976137
0x02fbe1f75e54a684d19c7945340a33c25564adb2,25841046,SELL,2457.42041338,0.0006745545
0x0a02c471fb47dc9fc90dacd87480e2e9c0121083,25841046,SELL,2457.41965346,0.0006269157
0x31ca979d58cbe25c2ec7f38f449f116221130c3e,25841046,SELL,2457.42076187,0.0008459154
0xe4c51b9b1dced942e0c02fab17244c5478825b07,25841046,SELL,2457.41925918,0.0005455076
0xe21a14f83f22738e65f3ef24525b7cee32356183,25841047,BUY,2459.88291578,0.0002028003
0x83bc93981cc6c82c836de3991a5e9a5eda58d332,25841048,BUY,2459.88074913,0.0218455391
0xc8df1a5953aa7f62a35ff1501e0c10eb3c33ebfe,25841050,BUY,2459.96047840,2.8147540291
0xeaa9ebddd373c4bd8bb92dfcc9c7e7fcdb268e51,25841054,BUY,2461.89054140,10.6206574502
0x330a931ef8bec2ae1fe3aa136239cf374359fc25,25841054,BUY,2462.24629758,2.0306660649
0x099dae759f35d3a4d83fa805971377bfc8aaed66,25841055,BUY,2462.46505447,0.3654874202
0x5a1f007fd7b11d3557c8f07b4bc72e53bf0466e2,25841056,BUY,2462.47557241,0.0081219080
0x5b43453fce04b92e190f391a83136bfbecedefd1,25841057,BUY,2462.53970613,2.2719056716
0xa60ded4c899e7560dc4ca56b57fbab25c90addeb,25841058,BUY,2462.61519647,0.4117251861
0x099dae759f35d3a4d83fa805971377bfc8aaed66,25841061,BUY,2462.64962261,0.8121333955
0x9eb9e9b2ba5c2665a16beaa8e137410358b6beaf,25841062,BUY,2462.89365197,7.8618750182
0x2a73cf4acd03a04910ccd7e0f8b99f5f3665df10,25841062,BUY,2463.11996016,0.0001617262
0x2a4e48cd85a85643471aca12fa79aaf6fcb322dc,25841062,BUY,2463.11547793,0.0001907211
0x9d414c2ebf75c56ecaec0c60c1c862ff6f1edf49,25841062,SELL,2460.65149079,0.0003835155
0xac05f15b650a12aaa9a8bdf28e2cd938adb686b3,25841062,BUY,2463.12102129,0.0000509001
0x069dee4012da63a925091636eba8e54c6da1bc27,25841062,BUY,2463.11942042,0.0000962694
0xd0d8dc516890665c31f67196ff1fc094508f6f1a,25841062,SELL,2460.65077083,0.0003383820
0xcdb936fb81e9edef57d21dfb38d48eeeaf6864a5,25841062,SELL,2460.64642211,0.0001482940
0x73711bcccc6b2b49f4ff0acee981eed98045c5a7,25841062,SELL,2460.64971274,0.0002835186
0x3055bc8db0a3998500bef8bc0980f03f47f8a3d4,25841064,BUY,2463.15555482,1.4489543679
0xf73644da46ab85da864fc4284322f489134ee82c,25841065,BUY,2463.22633442,0.0039176262
0x497d020233aaf9c2b19b98a8054f967c1fd56373,25841068,SELL,2460.76372223,0.0003916512
0x58143334bab47d8edfa46cb2d518e88eb44c3d62,25841068,BUY,2463.22908985,0.0001369170
0x0f730fde3331c7968d4efb2856005d129f7ecf34,25841068,SELL,2460.76236239,0.0007080940
0x680dc561d5f000678719ae836b52394332ed6838,25841068,SELL,2460.76320752,0.0008282942
0xe2d1c6dba4645dff5d1961c9081a2bc9f69da82a,25841071,SELL,2461.56243178,0.0002870356
0xd7e1236c08731c3632519dcd1a581bfe6876a3b2,25841076,SELL,2461.55660000,0.3200000000
0x2e333e2e8298e1a93dbb17e9a88aef6f90b51f35,25841079,SELL,2461.54660614,0.0360064558
0xee6b2d31be8bf500ccdc6db9f9265de4df7d44a3,25841083,BUY,2465.25225792,0.0000924855
0xa44191b93a1ce437e62fe9d720bafdf840efbd1b,25841083,BUY,2465.25317403,0.0002294223
0x419480b79da2ccf0cd033f353b1b7804f8ceda06,25841083,BUY,2465.25686964,0.0000784016
0x94d050ef5eb0c74911b45aad59b35005a61343d2,25841083,SELL,2462.78709169,0.0003979305
0x5f2ff7a8a031842cdd6dc100f2a66b79266e61e0,25841083,SELL,2462.78697279,0.0007115183
0x82b36fcaa9e111b0df27d86d067b1d8af6a849dd,25841083,BUY,2465.25791409,0.0001461596
0x0bcd51f17fd57d23355600f886dc64a3b17a6653,25841083,SELL,2462.78561843,0.0004068596
0xab8a461a5675c939265d5b464069309f80dd4d1e,25841083,SELL,2462.78568357,0.0004775235
0x1a178e19dcf78f5745f71fd3e1375a9d459bd972,25841083,SELL,2462.78398776,0.0002070372
0xcde89f2f6ee755ef007e0d5eb312fd9a6c2ce193,25841087,BUY,2466.31226561,0.0002786241
0x4e631c6faf7575572e646bdc1c1bd8044a607976,25841093,SELL,2463.82179356,0.8298606358
0xc8df1a5953aa7f62a35ff1501e0c10eb3c33ebfe,25841094,BUY,2466.94468688,24.2222495003
0x20d325dc040c6bb4517afb0a3a364b959095dd71,25841095,BUY,2467.61976028,0.0029292009
0x20d325dc040c6bb4517afb0a3a364b959095dd71,25841095,BUY,2467.61950773,0.0048940941
0xc36dd0912de664c700430b197bfabb2f0e64760c,25841095,SELL,2465.14997485,0.0002858390
0xa24cb61cd4278211ec5f8189b2c7cf3ae24660b2,25841095,BUY,2467.62078781,0.0001805537
0xaa2cf866407dd41599ea41f65f21cb120cef1432,25841095,SELL,2465.15003004,0.0002957057
0xeb0d4d796b842470d7ca2f00b552d6d495eb3f27,25841095,BUY,2467.62037000,0.0002697064
0x51301f41c8f83fbdffaeee11f846e9c114fb8046,25841096,BUY,2468.16759138,19.4936360935
0xb87240dc91dead3cc6918c5c71ad17cc13a20ab3,25841097,SELL,2466.24438173,0.1182444044
0x191ff6b76e12d6ca035e74cb2394ac566435ed02,25841099,BUY,2468.74457301,1.2590909363
0x1f1e45d8d00d45ccb675e1e7650efb9306b99e78,25841100,SELL,2466.42678657,0.0005111775
0x6f0a91ef8adeb54db0e63be507747ab9a31d3926,25841101,BUY,2469.53415032,22.6546434852
0x315d2ee4fccda0def532ef4108ff57204f8d9eba,25841103,SELL,2467.70099164,0.0099635888
0x3474b54ab24c99785c878d24caab9a8b53ddb921,25841104,SELL,2467.69797644,0.0002011142
0x53a1843fcb29fa25bfcff608c5cbddcc49eb3e80,25841104,SELL,2467.69715014,0.0002619730
0xf5654957ca170b6549a360fc7bb819240c11040e,25841109,SELL,2467.66887988,1.1345081756
0x79dc2f5a5a47e9597e83dd2f9cfcfbb3bb4b42a7,25841109,SELL,2467.63620015,0.0274400444
0x79dc2f5a5a47e9597e83dd2f9cfcfbb3bb4b42a7,25841109,BUY,2470.13814271,0.0000283855
0x4022229f29abbdb60f1fbea969c1a5b41378ba54,25841109,SELL,2467.62814615,0.2600000000
0x00000000bb95aa2c4c7600365a0f46ccf2f64ca8,25841112,BUY,2471.53637322,0.0000002670
0x598139dc62144d65ea3c84b4d2c3abda843c1f3b,25841123,BUY,2468.02728614,0.0000174589
0x26dee96917b3db7746eaa9411f85cf8230c8a9ee,25841123,BUY,2468.00306108,0.0001148925
0x92bca6dda29c893874179fd09eacfbbc4e09c874,25841123,BUY,2468.01200844,0.0000714940
0xbafae3263b70e1de1cc9cf2609aefb88dcfcad5a,25841123,BUY,2468.00375611,0.0002337055
0x2796b6c50e90cc2d03715d6f3b570d30cc0c5947,25841127,BUY,2468.00192655,0.0266609662
0x4a102aa0e40950cda073fc40ce2166e3e3399542,25841127,SELL,2465.53446754,0.0283498710
0x8316174a0f13c9aae7f2409a19ebd8ec8c69aaf4,25841127,BUY,2468.08695851,3.0546042476
0xf7eb7d9aba99d7cdf6eabe96bf80d46208f7daad,25841129,BUY,2468.30371148,0.0001340637
0x2a4e48cd85a85643471aca12fa79aaf6fcb322dc,25841129,BUY,2468.30111057,0.0003730975
0x3540ac8fd1f12f4403e9d0a24a4ea1b85d2d1523,25841129,SELL,2465.83113664,0.0003693546
0xe20446cccbfd5f9038e747f1dea8016ecbd94ae5,25841134,BUY,2468.43743502,0.0000280607
0x091179e3c74e33545ce8cc07fa385827256cb84f,25841138,SELL,2465.92102294,0.0336677242
0xdfb53665427649cbd0a43d8aaf97ac129ecf4fd7,25841145,SELL,2465.91979645,0.0038426420
0x9eb9e9b2ba5c2665a16beaa8e137410358b6beaf,25841148,BUY,2468.49624329,3.1411617713
0xeaa9ebddd373c4bd8bb92dfcc9c7e7fcdb268e51,25841149,BUY,2468.73072164,5.1951548468
0xaba427c0ac83e0beb86d1f508ab692a10bf9e8f7,25841156,SELL,2466.37586423,1.1654330853
0x4d16ebd8a910425aa05d52385cf4ec3a05e1be30,25841156,SELL,2466.33325596,0.3515337256
0xeed7a527399e4ebb3e36e4a97c09de86ca994b24,25841158,SELL,2466.28660602,1.2113307889
0x75c581df0eafc0e24beb146afabed8c9b01d353e,25841158,SELL,2466.14465535,3.8428136125
0x6f0a91ef8adeb54db0e63be507747ab9a31d3926,25841161,SELL,2465.43816995,11.9082433203
0x9eb9e9b2ba5c2665a16beaa8e137410358b6beaf,25841162,SELL,2465.01449966,3.1850959360
0x22011d87def9c41ee2cd13feb1c40ab0b31a09e3,25841162,SELL,2466.02328995,1.7416101971
0xe85091501587b32a323be2512b36fab392d7c6bc,25841162,SELL,2465.63648308,12.0341612085
0xc48a579132fe3a30427c7db61f5f9178efcab867,25841162,SELL,2465.22461529,2.6368643460
0x828f15977cb5bae245ff1822c4f1e8f072cf241d,25841163,SELL,2464.91911278,4.0078854283
0x2447d3240142eb297deb422ffb2ffc83a0faca96,25841163,SELL,2464.80518796,0.0004513310
0x996607af90377f6f01028fb1e0367d372b05f148,25841163,BUY,2467.27336804,0.0000721387
0x0561e116ddcc5cbd57b0b03a4b985e246ad2399f,25841163,BUY,2467.27701427,0.0002448740
0x6b79c018278df95a93b4e2d4a2b631900dc574a1,25841163,SELL,2464.80439989,0.0004266984
0x3503b1257f446798685085d6dd5ef3fef31ffa73,25841163,SELL,2464.80602152,0.0005737137
0xc86e84d7c0d4fb95be7766ac3affc4ab912f55a6,25841163,SELL,2465.31160494,0.0002531250
0x02fbe1f75e54a684d19c7945340a33c25564adb2,25841163,BUY,2467.78530650,0.0001471919
0x8d83ffb1f524a6896575e0d34adfe1f94118b627,25841163,SELL,2465.31537708,0.0002645467
0x6b2dcb0007fb5ba255d70973ba5858abb6a22f3c,25841163,BUY,2467.81636657,0.0000284012
0x28241b17da6085c35466d209cf7ff532f6ca01fd,25841163,SELL,2465.31527094,0.0005148425
0x9d414c2ebf75c56ecaec0c60c1c862ff6f1edf49,25841163,BUY,2467.78703624,0.0001082176
0x59be5f35e63699aad4ce03f404e819d8d1817371,25841163,SELL,2465.31538969,0.0002678371
0x6bad27d60b3d44e7b506886757f0ded49907dcf8,25841163,SELL,2465.31387998,0.0002020972
0x9b4c6d57f4991cedf3a6a23d194c5a14567ae9e8,25841163,SELL,2465.31405783,0.0002945681
0x5cac31ee4783d40b8d20ef989969b6abe534cb52,25841163,SELL,2465.31341003,0.0002326702
0xdb56e225967d7c68f984b3f1dfd3a24ec5cc5c1d,25841163,BUY,2467.78899533,0.0001104624
0x64b36b4a463b1d5ebd0f1f8f6977236f2637d4ab,25841166,SELL,2465.31253615,0.1047777181
0x81dc771e308c76c3e06f635abed7fb24830fb824,25841170,SELL,2465.22999032,2.8361662930
0xec56b970ed8393a6f20f6e8997f4c32bd3529e4b,25841170,SELL,2465.14990712,0.0012560340
0xc4b7f480e92d4556111240fc0305675cb3bd2373,25841170,SELL,2465.14922902,0.0007050186
0x6b79c018278df95a93b4e2d4a2b631900dc574a1,25841170,BUY,2467.62080840,0.0001988138
0x53e99ce04afd1524dd48774d0870740f67f93548,25841170,SELL,2465.14823856,0.0002660899
0xcecb0c8ee5871348b097123f34009bd0692885b9,25841171,SELL,2465.05648678,3.3401546367
0xb36ce3f521a1ff4b0cffb82ddd71f0a51fcf56ce,25841173,SELL,2464.45567311,13.0225058386
0x81dc771e308c76c3e06f635abed7fb24830fb824,25841174,SELL,2463.93218043,5.6388254995
0x5e8381077866763692f151ca44cce0435a76d78c,25841176,SELL,2463.27089535,9.4910391838
0xe96d3a63a9c4e070c2ea85579dc427a4ca4c02fa,25841177,SELL,2462.67352391,0.1388800000
0xf80f39eec7a8faa9c1ce1d501d68f50b04db3ceb,25841178,SELL,2462.66940503,0.0071721600
0xe97efe1d6fb234cba89be9674d57c443e5a230ed,25841178,SELL,2462.24620731,2.9737816646
0xb6192acb17cdc2d9289dfd6a66d52330c52fd7fa,25841178,SELL,2462.10448789,2.0845000000
0x95dd8db1c0c066eba8c37cd1c6b4c895500b20f2,25841180,BUY,2464.52062706,0.3792827992
0xb8122a0e70fa5b855f64bb2f32bc0449117062cb,25841180,BUY,2464.53591917,0.0001269261
0xbbd116fad1e8b7013b9de4b82c2353f87d7abf98,25841180,SELL,2462.06521636,0.0002575090
0x647d6a8c8e09c17629c1526e5b933d4a6cb8fc0f,25841180,BUY,2464.53987795,0.0000701068
0x0eb7619092065939ad7bd290e2039684072bc84c,25841182,SELL,2462.02846405,1.3850658613
0x817f289cebfec0e167b5836672233199a9157ebf,25841182,SELL,2461.94998520,1.4163488316
0x95dd8db1c0c066eba8c37cd1c6b4c895500b20f2,25841182,BUY,2464.28108641,0.0809253032
0x2a35252907ecf3a2ff854e1142739a126a5873fa,25841182,BUY,2464.28460905,0.0448689407
0x4d92a9835f4768aac92531cf1a638e444912dada,25841187,BUY,2464.05899116,0.0051352943
0x7073928aa37b1648e3390f5a5977aa512ea63192,25841191,BUY,2464.22247375,5.8240179399
0x8a5251266a879e74420eb4c3ecb3b566bf4fa03f,25841192,BUY,2464.38989385,0.1437957483
0x574be013006558d0a5682a6b0508f02d147377bf,25841192,SELL,2461.92970349,0.0021986789
0x574be013006558d0a5682a6b0508f02d147377bf,25841192,SELL,2461.92966918,0.0021879898
0x574be013006558d0a5682a6b0508f02d147377bf,25841192,SELL,2461.92777196,0.0759649626
0x6b79c018278df95a93b4e2d4a2b631900dc574a1,25841192,SELL,2461.92320841,0.0003696167
0x3503b1257f446798685085d6dd5ef3fef31ffa73,25841192,SELL,2461.92416563,0.0004094882
0x2a1c60f9a48ba0bb1a8ba26cf71c06f4384fe86d,25841192,SELL,2461.92034559,0.0001861579
0xfbbc2bf73881f5281d50889a8ccda4bf9887b6b7,25841192,SELL,2461.92473027,0.0004393684
0xbbd116fad1e8b7013b9de4b82c2353f87d7abf98,25841192,SELL,2461.92139172,0.0002026218
0x95dd8db1c0c066eba8c37cd1c6b4c895500b20f2,25841193,BUY,2464.39049424,0.0006713019
0x20d325dc040c6bb4517afb0a3a364b959095dd71,25841194,SELL,2461.95026392,0.0049053639
0x20d325dc040c6bb4517afb0a3a364b959095dd71,25841194,SELL,2461.94976440,0.0107658265
0x0ea3fea86ca932e0bce0e9839517e4e200032e8b,25841196,SELL,2461.94819554,0.0468048500
0xb51c3d558bbdd67a9c5fe73c08dd687f6aef7a82,25841199,BUY,2464.44347744,1.1684353268
0x19509ffd472cc4982198ae48ca35b44534c90fb7,25841203,BUY,2464.48001854,0.0001609999
0x5e2a3daaf86cede3392f77616cede2de0d3bd3a0,25841206,BUY,2464.49540847,0.6833125816
0x2cda1ddbc0872cb96c29011aba0e06e0129d325c,25841208,BUY,2464.83504710,11.4205031903
0x5b43453fce04b92e190f391a83136bfbecedefd1,25841209,BUY,2465.58091041,15.1517174619
0x5f53fec23d748e6657dc5df94659c19d223bbf8f,25841209,BUY,2466.00915504,0.1003451214
0x0ad9bb2b1350f06183629f8ed07fd59c010f1016,25841215,BUY,2466.03004126,0.0000543534
0x1f1e45d8d00d45ccb675e1e7650efb9306b99e78,25841215,SELL,2463.54592251,0.0003823911
0x65397d8163cc4d506a565e3efed153a7cd38f228,25841215,BUY,2466.01346376,0.0002413916
0x5ff6ceabd9ffd66d0241dabc7ac1911131db94f8,25841215,SELL,2463.54644933,0.0010272256
0xf74df26029dbc14a0bd91606375537f4c4fac53b,25841215,BUY,2466.03811599,0.0000317659
0x4cffd847fcbeef62b8c701fd188c0ad19c87f22b,25841215,BUY,2466.01691836,0.0001680094
0x500ba6a9dcd58c8a973e437465cdb0e6fc18363a,25841215,SELL,2463.54556120,0.0003204511
0x7c496e96922469c3a1e8e73a2dd45eb68b3d040a,25841215,BUY,2466.01700689,0.0001704169
0xf8d8021ae88ca96678c64133d7ba97cdfa67bb23,25841215,SELL,2463.54569518,0.0002453874
0xe82555c9f2e78490ffffc692c092ce4ff78d0040,25841215,BUY,2466.01199470,0.0001459697
0x20d325dc040c6bb4517afb0a3a364b959095dd71,25841219,BUY,2466.01224860,0.0107658265
0x20d325dc040c6bb4517afb0a3a364b959095dd71,25841219,BUY,2466.01272068,0.0029217424
0xa0b35632261d39edfd76e5bccc5de0782f87a6b2,25841220,SELL,2463.54479014,0.0872960000
0x27174049afb909bdf1e0cd5ef4f3821c69ddc425,25841222,SELL,2463.52440312,0.6400000000
0x5c8e47d95714c0dd48c7b0c91b0228ccd3dfbfbe,25841223,BUY,2465.97332603,0.0002511154
0x31ca979d58cbe25c2ec7f38f449f116221130c3e,25841223,SELL,2463.50510880,0.0003917240
0x613a1abd3cabf360c87e83ef5c3bc951af92a84a,25841223,SELL,2463.50536289,0.0001608667
0x5e2a3daaf86cede3392f77616cede2de0d3bd3a0,25841224,BUY,2466.11686399,5.1652489803
0xf58f806e1ebf8e23ada8766384cb0673a5a076fe,25841227,BUY,2467.00720551,0.0000681506
0xf9ad3a3f0a49d0b489211dc98960b2da016cc08a,25841228,BUY,2466.99705383,0.0001689463
0x5b43453fce04b92e190f391a83136bfbecedefd1,25841232,SELL,2464.38746002,4.9663031786
0x81dc771e308c76c3e06f635abed7fb24830fb824,25841235,SELL,2464.11728074,4.6648711110
0xa7a9d4615cdc25d84bb4b756f2073e247a5ce397,25841235,BUY,2466.45985235,0.2698843212
0xf233dc856a56ddc62ae7f1817ff379da994df22b,25841235,SELL,2463.99627982,0.0035410958
0x4337034c17597470b36ce40a761f2e9f55a2df48,25841235,SELL,2463.96512283,1.1092464446
0x4cbf431fd9d26dfc6c7abbd4957f126e45f97219,25841235,BUY,2466.41075677,0.3902431894
0xd16b3e3d046e50a16475bdda9929fcb9c50dddf8,25841235,BUY,2466.42192683,0.0000567539
0x3fb4dafb666aa9eded27fd3acbcbea39cd08c4d8,25841235,SELL,2463.95415010,0.0005605031
0x90a7fda5498dbeb7c82ade07e0ad9ea5fcaee7ea,25841235,SELL,2463.95498035,0.0002377892
0x82b36fcaa9e111b0df27d86d067b1d8af6a849dd,25841235,SELL,2463.95468606,0.0003912130
0xe2d1c6dba4645dff5d1961c9081a2bc9f69da82a,25841235,SELL,2463.95278918,0.0002924106
0x33d9d368975bce2a7f6eba1bc155476ec44e0fa0,25841235,SELL,2463.95493338,0.0006278017
0xe1c7e3c89a07414cd63667b2c041b05e6fb82872,25841235,SELL,2463.95473921,0.0003813670
0x53e99ce04afd1524dd48774d0870740f67f93548,25841235,SELL,2463.95318011,0.0002264284
0x1756dedecc3c45450c1e5a022435b4bb077eac45,25841235,SELL,2463.95298419,0.0002652741
0x6bc49853828a16114fd56ae11587b1a60373f51f,25841236,SELL,2463.95544164,0.0101440000
0x058cbba2c8a27ce33c82d5d863218c679ca1abbc,25841239,SELL,2463.93537635,0.7071099882
0xb886537563935290f182a042715e64ba15b511dc,25841239,SELL,2463.83943724,2.7136695200
0xfa5287b6efd536d1e6101ef65942e1c012230186,25841242,SELL,2462.79210910,0.0045862097
0x20d325dc040c6bb4517afb0a3a364b959095dd71,25841245,SELL,2462.79308217,0.0029255621
0x20d325dc040c6bb4517afb0a3a364b959095dd71,25841245,SELL,2462.79284844,0.0029549684
0xdd6961f21f4430bcd9d1ebe51a4a4cdfff348b22,25841253,BUY,2465.14685654,0.0002089604
0x266f3472b22d6da2f578240425cc06023e863819,25841253,BUY,2465.14538769,0.0003811228
0xd6668e60f2ceaa27c0fcda7374aaea3a8bd94af4,25841253,BUY,2465.14917968,0.0000226360
0x32d4bf418dbcb5e1cfc85c588f06184ee9a81c97,25841253,SELL,2462.67960511,0.0003047132
0x85c96eec789f0f85ba81d95b749d6c64a93098bd,25841253,SELL,2462.68015198,0.0007937840
0xf3e57ae74711bdb6ad9f42193a6a366cc315d040,25841253,SELL,2462.67802516,0.0004687466
0xc36dd0912de664c700430b197bfabb2f0e64760c,25841259,BUY,2465.16007282,0.0000416650
0x0481c467abd2de99020b30635773d5ba02098ec7,25841265,BUY,2465.12937827,0.0270032647
0x9235910f410478b89f86e06be0e4535335af6dea,25841265,BUY,2465.13053266,0.0002425016
0xb36ce3f521a1ff4b0cffb82ddd71f0a51fcf56ce,25841266,BUY,2465.36500666,8.3677217630
0x4cbf431fd9d26dfc6c7abbd4957f126e45f97219,25841266,BUY,2465.60885147,0.3183797785
0x5c096ef846447cb935c5d247e4ab2a867ecc33a9,25841267,BUY,2465.62054289,0.0002339030
0x9eb9e9b2ba5c2665a16beaa8e137410358b6beaf,25841270,BUY,2465.81868636,7.1544185583
0xc8df1a5953aa7f62a35ff1501e0c10eb3c33ebfe,25841272,BUY,2466.92823392,32.3423645014
0xef8af4fd8732aae4797a3b2ed2b4521fb78f2307,25841273,BUY,2467.83771532,0.0190277641
0xef8af4fd8732aae4797a3b2ed2b4521fb78f2307,25841273,BUY,2467.83867895,0.0025958249
0xd9c746b09f12fa1b1377cb1ba38f52ecd68af971,25841273,SELL,2465.59659710,0.0002608083
0x1f07693ba31962da67526017a9c24565643464e2,25841273,SELL,2465.59769552,0.0005422835
0x42adab6fdd9e1459976caa0d28f74049d5a93518,25841273,BUY,2468.06714576,0.0003724728
0x9235910f410478b89f86e06be0e4535335af6dea,25841275,BUY,2468.07025879,0.0002553999
0xb19a069e291dc5499d9763a5419e77dbdc74277e,25841275,SELL,2465.59911686,0.0137028310
0xf6ab0b18e4018d92e74362e97dfabc9a829a02b6,25841275,SELL,2465.59815091,0.0013922605
0x3331d49c3bb3dda001acabd09e5cdb0eb80f7e09,25841276,BUY,2468.11679410,1.8001861563
0x5c096ef846447cb935c5d247e4ab2a867ecc33a9,25841276,BUY,2468.16939146,0.0002313812
0xb36ce3f521a1ff4b0cffb82ddd71f0a51fcf56ce,25841277,BUY,2468.23188378,2.2922053540
0x81dc771e308c76c3e06f635abed7fb24830fb824,25841278,BUY,2468.62996510,11.8620124040
0x1f07693ba31962da67526017a9c24565643464e2,25841278,BUY,2468.96532404,0.0004975019
0xe15b8aba87e3d2051a764dc5a365db90e833fbf6,25841278,SELL,2466.49401190,0.0007526615
0xc13e5b24bc14f07fd51a4f2df6fa5a81e45ee6a1,25841278,SELL,2466.49371531,0.0005780351
0xd745cf69e019e7278039b32244e69e0d7fa063d8,25841278,SELL,2466.49345913,0.0004308919
0x95dd8db1c0c066eba8c37cd1c6b4c895500b20f2,25841283,BUY,2469.17908704,0.5505562995
0x7bfe03f21ed87d3309b7229314ce776140343ca2,25841286,SELL,2464.73295629,0.0004145613
0xb36ce3f521a1ff4b0cffb82ddd71f0a51fcf56ce,25841288,BUY,2469.64802407,8.3058632121
0x9235910f410478b89f86e06be0e4535335af6dea,25841288,BUY,2469.88441344,0.0002698790
0x53d98d7cf2e3d03ef031fdec197792d0c713303d,25841289,BUY,2469.88533687,0.1267265307
0x29affb5348d30008f09c35d3f3eac9027a25f9de,25841290,SELL,2467.42768532,0.0004008235
0xd74f6346a536284cabcfc0b6e15560a2bde3b10d,25841290,SELL,2467.42891182,0.0002905466
0xab8a461a5675c939265d5b464069309f80dd4d1e,25841290,BUY,2469.90182543,0.0002754846
0x9eb9e9b2ba5c2665a16beaa8e137410358b6beaf,25841290,BUY,2469.93421201,1.2524162538
0xc8df1a5953aa7f62a35ff1501e0c10eb3c33ebfe,25841291,BUY,2470.45193297,17.1392491074
0x2f8579db1d4f57de1e89c61af7d439df484baf7c,25841292,BUY,2470.93983391,0.2257976667
0x28241b17da6085c35466d209cf7ff532f6ca01fd,25841295,BUY,2471.12100222,0.0001382826
0xe1a18126b8bcf3e7d37b264f6c610b699dae12dd,25841295,SELL,2468.64937826,0.0007680536
0xe2ef593c7442abc12beed572b062edd3939747fc,25841295,BUY,2471.12500036,0.0001257411
0xb7a46b43f37b1ed90c9850f48c31420fef51553b,25841295,BUY,2471.12024878,0.0001383623
0xfb05502b9cd8e54ddaa866c88b1a3bc6d6364ff0,25841300,SELL,2468.37333420,9.8188578349
0x0f730fde3331c7968d4efb2856005d129f7ecf34,25841301,SELL,2468.09558125,0.0005732768
0xe9fbf1ffa65ae5d0553c2b8579b87e7736010467,25841305,SELL,2468.09411232,0.1108607300
0xd9d8f818a7a71ed0e1fe936b991508b0e88b1609,25841306,BUY,2471.02602969,16.5201447429
0xf3e57ae74711bdb6ad9f42193a6a366cc315d040,25841306,BUY,2471.49262971,0.0002422621
0x19329de1e7103050257f2f58298dd37eef49f0de,25841306,BUY,2471.49100925,0.0002498597
0x2872d84a005d65192f38813cef4caa0903fcfa33,25841306,BUY,2471.49699295,0.0000941522
0xd745cf69e019e7278039b32244e69e0d7fa063d8,25841310,BUY,2471.51481042,0.0004046110
0x929b40d2ed1327e1ee9dd2a953c41ea5db4b05d2,25841310,SELL,2469.03896482,0.0003166382
0xaa2cf866407dd41599ea41f65f21cb120cef1432,25841310,BUY,2471.51589312,0.0001791293
0x6b79c018278df95a93b4e2d4a2b631900dc574a1,25841310,BUY,2471.51278452,0.0003138636
0xab41c88b14161316f7551b892de4ab34631b276b,25841310,SELL,2469.03910188,0.0002865868
0xb04e00e3e0f31073464804fe4182844ac2f7d418,25841314,BUY,2472.69944511,0.0010110408
0xc8df1a5953aa7f62a35ff1501e0c10eb3c33ebfe,25841326,BUY,2472.78346680,3.0058350275
0x574be013006558d0a5682a6b0508f02d147377bf,25841326,SELL,2470.39446476,0.0255514149
0x26075fa3eb075063c1ab36f88d7d860bd62b12c5,25841326,SELL,2470.39166121,0.0003564350
0x89e31cce4ac46c803c5745850173a428fc791e50,25841326,SELL,2470.39322786,0.0002531301
0x74466dfd4040c8922ea0e8a97b79b14b1e53d8f5,25841326,SELL,2470.39297307,0.0007154756
0x0258953faaf7590ac727af3f87c8d7a46f914d09,25841326,SELL,2470.39329372,0.0017139445
0x5fc4e5f09dfc86d2d0455be507648c6bb191b249,25841326,BUY,2472.88956891,0.0000277744
0x680dc561d5f000678719ae836b52394332ed6838,25841326,SELL,2470.39192757,0.0003235843
0xebedc8e9ff409b23dd251f87ccbffa8075f87255,25841329,BUY,2473.10754821,8.6488161238
0xf31f6997b851210ca14a3a6c5470b43f805b3b8f,25841331,SELL,2470.87600806,0.0188480000
0x4337001fff419768e088ce247456c1b892888084,25841331,SELL,2470.86365441,0.4245987896
0x6f0a91ef8adeb54db0e63be507747ab9a31d3926,25841332,BUY,2473.82373510,17.8553671817
0x2b7526344c7e5afcdc6f0f850d12134712865a97,25841332,BUY,2474.32949451,0.0001342909
0xeab7366a09ce1a2cd7e114ee231055ef29599d32,25841336,BUY,2474.32336075,0.0075629246
0x432a72ee6f24646c33b1e58b774619247917749d,25841338,SELL,2471.83968369,0.3624894769
0x562e8ab844dd22363a2045c5efd7d9fe74c7f082,25841341,SELL,2471.61594333,0.3645258012
0x9e8c63ec1bb0070ccc47908c81654ad1844126ee,25841341,BUY,2474.07967199,0.0002092964
0xd9c746b09f12fa1b1377cb1ba38f52ecd68af971,25841341,SELL,2471.60521951,0.0003662850
0x9ddc99cd49c9155620ca67cf4bb53d510e0ae316,25841342,SELL,2471.50230892,3.7000000000
0x83cac374c24da9fd01ac0ecda1e01c7f4bde4a40,25841347,SELL,2471.15669960,8.6778384521
0x607ec8984bb6060313f9abf09b4b19b4b208c57c,25841350,BUY,2473.38993840,0.0002170430
0x83cac374c24da9fd01ac0ecda1e01c7f4bde4a40,25841352,SELL,2470.72615985,6.7475070115
0x80a861b359b38f4feb4430e22f9db42338ca295b,25841354,SELL,2470.51741784,0.0002819802
0xce03481f6f3a4d4869b7a95fa22cba3b32bfce57,25841354,SELL,2470.51829579,0.0002390863
0xd06e5412cf27e8581cd571e6c72fdfe7525982cc,25841354,SELL,2470.51870204,0.0002413186
0xc7c36630ca555ae0f1717f7a4972b0c20580c2b5,25841354,SELL,2470.51912432,0.0002079575
0xf2e3dcb8aebf306bf68f5de3b42ca49def7d14f8,25841362,BUY,2473.36636112,13.3697116169
0x2df95819949047512fc4708996e9569ca10affd9,25841362,SELL,2471.26319899,0.0002621064
0x6b1d516be64de37e54b7961bc098d1b7b387bc00,25841362,SELL,2471.26394960,0.0002097077
0xd16b3e3d046e50a16475bdda9929fcb9c50dddf8,25841362,BUY,2473.75054494,0.0000865859
0xbed041f44f84764215ea1929e0293baa977e02c3,25841362,SELL,2471.26561534,0.0002658666
0x91119c2be031be8e41d84eb8a01220732395ce36,25841362,BUY,2473.74502757,0.0000950227
0x8dca3b3c501c09c69033089938be3a1ed50741bd,25841363,BUY,2473.74287821,0.0001815039
0x4d92a9835f4768aac92531cf1a638e444912dada,25841363,BUY,2473.74028623,0.0050755765
0x73a5aa93bced4a7a3cf6853cdb8813e078c420e0,25841366,SELL,2471.25529753,0.4289318069
0x5764697cc0aa9db1166b0cfba803833366fb1d7b,25841367,SELL,2470.75479968,9.9014191466
0x59e8d6f220ca9b63b5183b0e034fae81d4c25d93,25841370,SELL,2470.47613587,0.0836970230
0xce54f65abb8b61b83c14cbe97de97fce75bbf556,25841374,SELL,2470.37030013,3.7250000000
0x51301f41c8f83fbdffaeee11f846e9c114fb8046,25841376,SELL,2470.00211519,9.4718709353
0x0d4a29333a57222a48a5042bdb9a571f82f021f5,25841377,SELL,2469.73221334,0.2036325761
0x5f474a37eb84cfef98010f465a36c46f12c032b1,25841378,SELL,2469.35815200,0.2500000000
0xfa88b3c24630af92dab439257d843377cda37a9f,25841378,SELL,2469.20671574,5.1809536992
0xdfb5b051c5372c811b06dc5ab625a0db43cfe74b,25841378,BUY,2471.55744701,0.8692673402
0x0914ab1b94fab7fb10ab817d5f67b086125b70fe,25841378,BUY,2471.58198112,0.0001609969
0x1a178e19dcf78f5745f71fd3e1375a9d459bd972,25841378,BUY,2471.58745429,0.0001006835
0x28241b17da6085c35466d209cf7ff532f6ca01fd,25841378,SELL,2469.10765374,0.0002244937
0x497d020233aaf9c2b19b98a8054f967c1fd56373,25841378,SELL,2469.10854906,0.0002391321
0x0a02c471fb47dc9fc90dacd87480e2e9c0121083,25841378,BUY,2471.58450084,0.0001751989
0xd7ba0f6d302900414f5e1ed2c86b10457fc73a52,25841378,BUY,2471.58415424,0.0001809026
0x7753a5b81e0add2d6965bcf94616d83d8af53192,25841379,BUY,2471.58170651,0.0002419491
0x199eeffb014e3df899f79140a8eb0f85fb1b4e06,25841385,SELL,2469.10516500,0.2000000000
0x3d85ef524b73b8f9426ab6f17cadfcba6af2d380,25841390,SELL,2469.07781374,0.7810213167
0x58c553578a7871b2288582c3af2c5d867c5005a7,25841390,SELL,2469.00288777,1.9064171870
0x81dc771e308c76c3e06f635abed7fb24830fb824,25841391,BUY,2471.76187512,12.2234111312
0x658bee60de84cbb1248b302a1171dae8ad912e89,25841391,SELL,2469.29674601,12.0138063819
0xf9ad3a3f0a49d0b489211dc98960b2da016cc08a,25841391,BUY,2471.51023695,2.7811873324
0x21ca77e17db7d73b02274c9fdd3b7bed2f0e1d6a,25841391,BUY,2471.58953426,0.0001309166
0x640463f26245b6ad95b46c160f0d4545a25a6d94,25841391,SELL,2469.11688781,0.0002903277
0x500ba6a9dcd58c8a973e437465cdb0e6fc18363a,25841391,BUY,2471.59157738,0.0000645430
0x6a6c2f4645fd5e279fb54daba25755ca911e86f5,25841391,BUY,2471.60357540,0.0000455461
0x9b4c6d57f4991cedf3a6a23d194c5a14567ae9e8,25841391,BUY,2471.58903768,0.0001592631
0xd17f9ff28373b1f82541a08c091da7c1e8218628,25841391,SELL,2469.11598583,0.0005179449
0xa5a5491bca93dd4c076e4906e79e7673f4a5a142,25841394,BUY,2471.78741436,0.0028089001
0x4cbf431fd9d26dfc6c7abbd4957f126e45f97219,25841397,BUY,2471.79793583,0.3802899850
0x039752a819b0a1dc964a118188a7a40fc0a5309a,25841400,BUY,2471.81049898,0.0001615714
0x81f958b1e9cc5040d9e8e62197b4e39834a1f10e,25841400,BUY,2471.81134494,0.0000888041
0xe82555c9f2e78490ffffc692c092ce4ff78d0040,25841400,SELL,2469.33566848,0.0002282573
0x651a2033b2499602c74160e32004a5448cc910ad,25841400,SELL,2469.33696337,0.0002924170
0x2872d84a005d65192f38813cef4caa0903fcfa33,25841400,SELL,2469.33554928,0.0005441804
0x3fb4dafb666aa9eded27fd3acbcbea39cd08c4d8,25841400,SELL,2469.33559673,0.0001998266
0x8d83ffb1f524a6896575e0d34adfe1f94118b627,25841400,SELL,2469.33475489,0.0003828140
0x4cbf431fd9d26dfc6c7abbd4957f126e45f97219,25841408,BUY,2471.81942356,0.3919177877
0xa5c2234af09fbc1fec8a79fe7f9b53e374719674,25841409,BUY,2471.94666687,4.1640488134
0x9b5c59664eac894eae9d0881a08ff289cc83ad46,25841410,SELL,2469.45186670,5.0077914827
0xc801ce5d3e2df2303fffefc60b6c783f19e0ba56,25841410,SELL,2469.22707866,3.0532643649
0xebedc8e9ff409b23dd251f87ccbffa8075f87255,25841414,BUY,2471.67977762,2.3935013207
0x59e8d6f220ca9b63b5183b0e034fae81d4c25d93,25841415,SELL,2469.27300955,0.0889012038
0x87bc63ed17be045a35a7e4a8ad53bc95a8981b9a,25841416,BUY,2471.87306944,4.7055457094
0x8309781179c01f0b225b4c931204589fba71b3d2,25841418,BUY,2472.02408021,0.7012869445
0x929b40d2ed1327e1ee9dd2a953c41ea5db4b05d2,25841418,SELL,2469.57200832,0.0004009760
0x640463f26245b6ad95b46c160f0d4545a25a6d94,25841418,SELL,2469.57180406,0.0005119479
0x3a159fcc4bc891a5a329fd0684cc37d9a84a11d9,25841418,SELL,2469.57068528,0.0002135019
0x330681d53da9826a11e4a78856a48230cadf1f80,25841418,SELL,2469.57120336,0.0003295572
0x29affb5348d30008f09c35d3f3eac9027a25f9de,25841418,SELL,2469.57138176,0.0002146385
0x9d53ee512fd625b882d47d897dada962f2d29b18,25841419,SELL,2469.41141078,5.7619711458
0x4f5b1fe42019cc23f86ca0fa3945d9f27f5a1948,25841421,SELL,2468.83148540,15.0000000000
0x4211e77b874c6982aef05dd0dfc6fea53eccaae4,25841421,BUY,2470.88790679,0.2551748294
0xa908c9bc484841a7e7f417ffc68a4f48dfb7ff05,25841421,BUY,2470.89622212,0.0007892877
0xb257d3168908b8d1c3fb5e71ea11053463cc455d,25841423,BUY,2470.89628356,0.0404667673
0x26ff577818a40d1333944b7492e23619303f5d84,25841426,BUY,2470.89768240,0.0016185518
0x945445c10690ba85dc2e53068c3b75a9a72b24ec,25841427,BUY,2470.90453478,0.2496380116
0x81a244fe80264676526db58a7541779a80339309,25841428,BUY,2471.02888358,4.1658584161
0xf73644da46ab85da864fc4284322f489134ee82c,25841428,BUY,2471.15692239,0.3804088650
0x2ca276b5644057649150c615747d026fed3fa0f0,25841428,BUY,2471.16914108,0.0534160118
0x81dc771e308c76c3e06f635abed7fb24830fb824,25841429,BUY,2471.47931496,11.0113166670
0x3f35e157d28f5c89f8fc2d4b156d272456dba3aa,25841430,SELL,2469.31548603,0.0048687100
0xd9d8f818a7a71ed0e1fe936b991508b0e88b1609,25841433,BUY,2472.30170051,18.4371078977
0x17222617419e584d61034e1a6d7cf28e8f861f63,25841433,BUY,2471.34853726,1.6283093697
0xfc9928f6590d853752824b0b403a6ae36785e535,25841433,BUY,2471.41648788,0.8040756881
0x8eca1e5fe0f4915059f3de4a6d8cf1051a6417f3,25841433,BUY,2471.60886173,6.0854500932
0x8eca1e5fe0f4915059f3de4a6d8cf1051a6417f3,25841433,SELL,2469.30709526,0.0185496600
0x0ea041260095b20feda41ef4fdbef7d801f4c438,25841434,BUY,2472.64483331,0.0021698385
0xf39d8e3f51d09985ec5705a17802a973b4c468b5,25841436,BUY,2472.65255801,0.0000924319
0x0302a77f23925a60b345d1086aee4e3dc8ae92ea,25841436,BUY,2472.65240628,0.0000257234
0x23501d3149f0e3661ea89ad41d71422f24d7ebe7,25841436,SELL,2470.16960386,0.0002211030
0x35ef59ade2ba99abe27cef10567e8b510d700d45,25841436,SELL,2470.17170781,0.0006174882
0xc00e0f71f1a213633af860054455f641a3866ce8,25841436,SELL,2470.17178306,0.0008083078
0x37b67d641ec7cd6a8a52388d18827b32e0446c32,25841436,SELL,2470.17149311,0.0008597083
0x8cea4f20c59f2643a22e6fe57b3f4712be50bd0c,25841436,SELL,2470.17246914,0.0004300234
0x5b43453fce04b92e190f391a83136bfbecedefd1,25841437,BUY,2472.74137703,3.4645136857
0x1860d88506c21da0d58371959e838fd18107ca1e,25841446,SELL,2470.36570468,0.0007924373
0xf7eb7d9aba99d7cdf6eabe96bf80d46208f7daad,25841446,SELL,2470.36366769,0.0002641052
0x731b0d3bd7b94be71971d954c9399c1c08ce4c40,25841446,BUY,2472.84666010,0.0000554240
0xd74f6346a536284cabcfc0b6e15560a2bde3b10d,25841446,SELL,2470.36562064,0.0003187540
0xabb2acd3be814a80e502575d6c1dc5f789e9cd10,25841450,SELL,2470.36534861,0.0019977179
0xaf606275e24fd27206df317b075a48c0750f82fb,25841460,BUY,2472.85399268,0.5721513297
0xbacceeaddca82cff20b025b507b559eeec601453,25841463,BUY,2472.87229198,0.0000855705
0x5fc4e5f09dfc86d2d0455be507648c6bb191b249,25841463,BUY,2472.87316382,0.0000193609
0x1e9f3d67a0ad523b365fe81f9bc63d176b2af1b6,25841463,BUY,2472.88459000,0.0000631465
0x66977bf1a8fac51f6a88306c1fe0bbe6ddb0b0d8,25841463,SELL,2470.39681296,0.0002220344
0x761ef5c6cb1a733f9441f7b60f230ec0fab15004,25841463,BUY,2472.87108972,0.0000468637
0xd745cf69e019e7278039b32244e69e0d7fa063d8,25841463,SELL,2470.39715041,0.0002166947
0x8d83ffb1f524a6896575e0d34adfe1f94118b627,25841463,SELL,2470.39641685,0.0002136572
0x85c96eec789f0f85ba81d95b749d6c64a93098bd,25841463,SELL,2470.39738388,0.0007041142
0x25564e6d553b5205a141e8b4fa11f6b649ffa195,25841466,SELL,2470.66679091,0.2172385147
0x5b43453fce04b92e190f391a83136bfbecedefd1,25841470,BUY,2477.67758668,138.2208381614
0x37b776425f7f01e9ae72440ddcd8e7885393f597,25841470,BUY,2481.70598598,5.1590202874
0xd37e02228f6f78d48092dafb5c2ae12123dea693,25841471,SELL,2479.22384608,5.1990859346
0x025080f14aa3305049f9ce08d7b92368d54cb9b6,25841472,SELL,2479.06565300,0.4263775466
0x025080f14aa3305049f9ce08d7b92368d54cb9b6,25841472,SELL,2479.05007725,0.1274815285
0x025080f14aa3305049f9ce08d7b92368d54cb9b6,25841472,SELL,2479.01083303,1.2683053818
0x025080f14aa3305049f9ce08d7b92368d54cb9b6,25841472,SELL,2478.97214492,0.1073668135
0x025080f14aa3305049f9ce08d7b92368d54cb9b6,25841472,SELL,2478.96619876,0.1043102888
0x025080f14aa3305049f9ce08d7b92368d54cb9b6,25841472,SELL,2478.96047978,0.0988118839
0x025080f14aa3305049f9ce08d7b92368d54cb9b6,25841472,SELL,2478.95636716,0.0476541292
0x025080f14aa3305049f9ce08d7b92368d54cb9b6,25841472,SELL,2478.95360589,0.0504877912
0x55f59c7874bb197a43094505ea4dd04c24dbfc25,25841472,SELL,2478.93852215,0.4861414376
0xff83d6e3a1172ff9463c0cee4124dceade3e7afa,25841472,BUY,2482.01986297,21.8074222985
0x61563c1bb93a009d43ad41104b65fb959e69b143,25841472,SELL,2480.12951385,0.8071436636
0x97e94ae5a07f015751a9b9959c007c6759b44930,25841472,SELL,2480.10649187,0.0110707311
0x877de639be016122bb09177e1bb0fe44ba363ab3,25841472,SELL,2480.09128340,0.5294529612
0x004b38217d000000001e4f000034a6f30026bf1c,25841472,SELL,2480.07612372,0.0093402375
0xe75ed6f453c602bd696ce27af11565edc9b46b0d,25841473,SELL,2480.07363816,0.0789999962
0xe75ed6f453c602bd696ce27af11565edc9b46b0d,25841473,SELL,2480.07107777,0.0119999996
0xeede84157426f50bc7bda6b86909062ed638a121,25841473,SELL,2480.06489678,0.2076824629
0x2f4e1a92dd8d3a57328c5a87cd6dcdb49ac8be7b,25841473,SELL,2480.05867842,0.0133284310
0x1b1548763f8d5d6d3c37ad500f389b57e107bbff,25841473,SELL,2480.05126800,0.2500000000
0x4cbf431fd9d26dfc6c7abbd4957f126e45f97219,25841475,BUY,2482.53637067,0.3630359702
0xee0eab37608e6b237d9cfcc00533a3588d06d74f,25841475,SELL,2480.06128423,0.1202692816
0xfbda3d6bee0fee34de82cd1f738c468fdf31f32d,25841475,SELL,2480.03562022,0.7921055585
0x67c9cc4af1bd9ec25d004d5c94d360009fab163c,25841475,SELL,2480.00977838,0.1263775110
0xe20446cccbfd5f9038e747f1dea8016ecbd94ae5,25841475,SELL,2480.00573157,0.0020238800
0xbaa50abd74de3416bcaeaece2406e5195309f66b,25841475,SELL,2479.99885593,0.2576793330
0x0beea0e1f3d79cb55633530e291336dab9a7d82d,25841476,SELL,2479.98341997,0.2909726618
0x7641d6cb962fd05ce707decd005982164cb02c70,25841477,SELL,2479.80550967,0.0326396375
0xf310818d64068f8cee5fc5ded155f90e0970b801,25841478,SELL,2479.80421388,0.0104801782
0xf8b64b6015f6feb1fbe79bb512f1113e829ddd96,25841481,SELL,2479.45016971,1.1209462819
0x5b43453fce04b92e190f391a83136bfbecedefd1,25841482,SELL,2479.20761486,7.5038709407
0xb886537563935290f182a042715e64ba15b511dc,25841482,SELL,2478.90929140,3.1053572100
0xb84376d61bff1961552535566b9d364493f0bc39,25841484,SELL,2478.80148700,0.7289712095
0xcd205653259718e0e03600ff5f3c0a40e8f7df03,25841484,BUY,2481.26452409,0.0001994346
0x1ccb08fa89ba19acce14a7e6033587e65591e31f,25841484,SELL,2478.77984917,0.0005144781
0xc4b7f480e92d4556111240fc0305675cb3bd2373,25841484,BUY,2481.26188308,0.0002780263
0xe0a985de04a3a291b47d1e869b087fb62bda88aa,25841484,BUY,2481.26185101,0.0002353238
0x996607af90377f6f01028fb1e0367d372b05f148,25841484,SELL,2478.78009933,0.0008213209
0x73711bcccc6b2b49f4ff0acee981eed98045c5a7,25841484,BUY,2481.26467292,0.0000868376
0x26075fa3eb075063c1ab36f88d7d860bd62b12c5,25841484,BUY,2481.26235763,0.0001208333
0x81f958b1e9cc5040d9e8e62197b4e39834a1f10e,25841484,SELL,2478.78037952,0.0002711277
0x6b1d516be64de37e54b7961bc098d1b7b387bc00,25841484,BUY,2481.26172508,0.0002466245
0x762df7c0d229f32ab5a903fbe8b597cf8263bc65,25841486,BUY,2481.26728366,0.2014881433
0x2f8579db1d4f57de1e89c61af7d439df484baf7c,25841486,BUY,2481.27315634,0.0014700256
0xcc708a199b8565c09ba2c0bd5fefa53aaf2036dc,25841487,SELL,2478.78786427,0.1607906851
0xd9d8f818a7a71ed0e1fe936b991508b0e88b1609,25841489,SELL,2478.50781199,9.8081366955
0x51301f41c8f83fbdffaeee11f846e9c114fb8046,25841491,SELL,2477.88224706,12.4672721687
0xa20f1aa18a302cc05278c9d021486d24f92cc5b5,25841491,SELL,2477.45419575,2.7793188612
0xeaa9ebddd373c4bd8bb92dfcc9c7e7fcdb268e51,25841492,SELL,2476.91486363,16.4378366887
0x5e2a3daaf86cede3392f77616cede2de0d3bd3a0,25841493,SELL,2476.37332806,2.8626531927
0x1c184d3f8f3b42b6c9fa986e67a627dd01f1e671,25841493,SELL,2476.25656483,1.2998003833
0x62e4ad372480d9fb8f76734528b245a83d39e0a3,25841493,SELL,2476.16710949,1.8894540046
0x4b03c323b67f297fba42ef9541ae445ab29552b5,25841494,SELL,2475.96850926,5.1916881939
0x56791213c275527dd2ea605b7c81c0c3696058de,25841496,SELL,2475.31488747,18.1200000000
0x23819c47fe0a492d3e82ad27ebc5eb89ab0c8096,25841497,BUY,2477.28878134,0.0001382875
0x701170623c79427a22a17ae656808450b25c3923,25841497,BUY,2477.28867433,0.0001037251
0x0b8864f782443b0f9804b879c91e417aea1fd318,25841497,BUY,2477.28641423,0.0002295790
0x9acc2d979d33ee32f03b511ef4bc0e9bf6b3a22b,25841497,SELL,2474.80593863,0.0002986679
0x33d9d368975bce2a7f6eba1bc155476ec44e0fa0,25841497,BUY,2477.28635243,0.0003407604
0x3705121529bf40d77e8e7b625120551b151d9af2,25841498,BUY,2477.29812926,0.5154332847
0x8181af86fc8d62c8ed8f2c784b604fe1d94f7524,25841503,BUY,2478.45365898,0.4349486205
0x088e79f5d3dcd52b2302f283f42ca6d2907e572b,25841505,BUY,2478.45446244,0.0000864519
0x089102c26bb3e666592d1788ddc51be3b8c737f4,25841505,BUY,2478.44611538,0.0002006616
0x9457cfb4cb4b59e8863e7232ec85e97fda517e6e,25841505,SELL,2475.96650648,0.0004904234
0xf184c1a8ba77c97b878562342a6fe9852ebb1cf8,25841505,SELL,2475.96658444,0.0002202707
0x33eca0b1bc3a0055604a9364ec3e96a94bea3044,25841505,SELL,2475.96383738,0.0002757520
0x2447d3240142eb297deb422ffb2ffc83a0faca96,25841505,BUY,2478.45574182,0.0000695683
0x315d2ee4fccda0def532ef4108ff57204f8d9eba,25841507,BUY,2478.44522855,0.0290925731
0xa8780dc604faecc02cbfaeea026aecdd1dfd4257,25841509,SELL,2473.84311292,75.8411002819
0xe151d6c6aaa382f43abd6ed920e63850eda5eb48,25841510,BUY,2476.95731832,0.0407925580
0xf536aa2c44bda1909ccf17850dd24bb6eb8c6e6d,25841511,SELL,2474.48068635,0.0002325110
0xc7ffb13cd46468088fd2651eaf7beaaa7233e7f5,25841511,BUY,2476.96005944,0.0002233710
0x5fc4e5f09dfc86d2d0455be507648c6bb191b249,25841511,SELL,2474.47858221,0.0002385828
0xa893cca5e212abd42e88808b29cf78bc5ae12ae2,25841513,SELL,2474.48185484,0.0039680000
0x56c262027e0de4aea31d2489529cb25d23e58a8b,25841513,BUY,2476.95932941,0.0394814085
0x8ffa6dab99f8afc64f61bef83f0966ed6362f24f,25841513,BUY,2476.97143389,0.3918739513
0x1e566b79fe30c18ba24316091372d32c2a5e646d,25841513,BUY,2477.01319528,1.0963195603
0xbf8743b342cb2ba5e5186e302fa20f579c21d9ac,25841513,BUY,2477.07228357,1.0092559739
0x7efdc7e61231adf328cd1e422ee60473ca24aeab,25841515,BUY,2477.56582566,0.0008072439
0x705cd5a51e3cef1744235dc5d0397e65e62baab3,25841515,BUY,2477.56737366,0.0001499632
0xdd6961f21f4430bcd9d1ebe51a4a4cdfff348b22,25841515,SELL,2475.08568933,0.0002633093
0x82b36fcaa9e111b0df27d86d067b1d8af6a849dd,25841515,SELL,2475.08805213,0.0002618982
0x17023425685c331073d0546f95c8f283de029e96,25841519,BUY,2472.17450658,0.7369281364
0x17023425685c331073d0546f95c8f283de029e96,25841519,BUY,2472.23465928,1.4132821837
0x343a94eed8a3fa0ab5160b8a954058882e41d923,25841519,BUY,2472.36763668,2.1210130133
0x9c98c36a3b357339c42f922875b6e1ac95097f2e,25841519,BUY,2472.51066177,2.9907648619
0xeaa9ebddd373c4bd8bb92dfcc9c7e7fcdb268e51,25841520,BUY,2473.36248372,27.4424665700
0xa4a81b6915ff619b667154ba9bc462342afbd7ce,25841521,BUY,2474.13314745,0.0808363928
0x35ecb46581ce87a52353c3cce9870b60955f8257,25841521,BUY,2474.23211481,3.4522207556
0xad1ae0b68648f520d723917d76cb03d4d0de4e00,25841523,BUY,2474.38958104,0.1481059409
0xb0a8fe71008b60b881456945b9ec0bdd142458bc,25841526,BUY,2474.39498742,0.0448998646
0x315d2ee4fccda0def532ef4108ff57204f8d9eba,25841526,SELL,2471.91927259,0.1141553861
0x0c54c39c7743a8fde796cd6a8808bd6b4f01e748,25841527,BUY,2474.39603089,0.0001431594
0x5e8da70ab7dfdc0850d2e75d2236db83d63fa1fb,25841531,BUY,2473.59010354,5.1988476149
0x29f4ae448cfe9eb55d095d09d5f0e8cadb700565,25841532,SELL,2470.21799150,3.9246922678
0x8cea4f20c59f2643a22e6fe57b3f4712be50bd0c,25841534,BUY,2472.58084136,0.0001180443
0x970f2d5850a004dce5f8b1df1bc5e178b8200939,25841534,SELL,2470.10794082,0.0004025209
0x9cf213ede0c03f9acb88a9a9083c4c9beced7fcc,25841534,BUY,2472.58502865,0.0000346492
0x3474b54ab24c99785c878d24caab9a8b53ddb921,25841534,SELL,2470.10670698,0.0002077785
0xaa2cf866407dd41599ea41f65f21cb120cef1432,25841534,SELL,2470.10523239,0.0002129525
0x81ded46282cbf69c3de6ce1b3ed3b9fb6cdd747d,25841535,SELL,2470.10728268,0.0370950394
0x29f4ae448cfe9eb55d095d09d5f0e8cadb700565,25841536,SELL,2470.00148300,3.7504496847
0x9eb9e9b2ba5c2665a16beaa8e137410358b6beaf,25841537,SELL,2469.85837705,1.3720064440
0xc8df1a5953aa7f62a35ff1501e0c10eb3c33ebfe,25841538,SELL,2469.11671098,25.1623401145
0x67f9b3e561383493b3f874feae0c53c2cd23851d,25841540,BUY,2471.48008423,21.3066526783
0x51301f41c8f83fbdffaeee11f846e9c114fb8046,25841542,SELL,2469.39519259,7.5208670697
0xff08f3eb5949a84e4ceeffe1e825a9c1f0c1cf4c,25841542,SELL,2469.18175892,0.1216847949
0x8b87ea1f0b6975877911aff4d2dc2a7f61fa9826,25841543,SELL,2469.16720500,0.4000000000
0x2eee8eb498a9d3cd6734293c99c3051f5db4fb70,25841544,SELL,2469.15194221,0.1470825686
0x56791213c275527dd2ea605b7c81c0c3696058de,25841546,SELL,2468.67035888,17.0462952000
0x4337001fff419768e088ce247456c1b892888084,25841546,SELL,2468.18893328,0.0794689715
0xe6786b71a8c6733daecc8d6b340ac7c4bdd03f95,25841546,SELL,2468.17464592,0.4289250000
0xf70b263df19b05c0674d2fcef0f15c3e99a0b9df,25841546,BUY,2470.63858362,0.0001522598
0xfa849b72d8eff3fa18ea060176edca29e4904d32,25841546,SELL,2468.15865117,0.0002143634
0x69c864dfaec175ff41839619377b968c220fe42a,25841546,BUY,2470.63312969,0.0001116645
0x4335791d25611df9608613778a4643786670a27b,25841546,BUY,2470.64023619,0.0000353997
0x29affb5348d30008f09c35d3f3eac9027a25f9de,25841546,SELL,2468.16195145,0.0003996549
0x91626dd785f7f866abe69b011fe236b4f78fc3e6,25841546,SELL,2468.16127694,0.0003760998
0xdcf4b4e817d96572ccb986eb569b3644922eeefc,25841546,SELL,2468.16056585,0.0002980499
0xa44191b93a1ce437e62fe9d720bafdf840efbd1b,25841546,SELL,2468.16227842,0.0003273460
0x42adab6fdd9e1459976caa0d28f74049d5a93518,25841546,SELL,2468.16000595,0.0003002249
0xd9d8f818a7a71ed0e1fe936b991508b0e88b1609,25841549,BUY,2470.93862453,10.8665092141
0x8c2db8cd21c2635aec354f48f2529d738dc8c46b,25841550,BUY,2471.26019622,0.5462083863
0x43f0665f3a38f66fffde59a3549292e8a5592646,25841550,BUY,2471.27685577,0.0002562861
0x0886c5c241df7a42dedaaf187e78f8466eb88be7,25841553,SELL,2468.79098589,0.4960000000
0x330681d53da9826a11e4a78856a48230cadf1f80,25841556,BUY,2471.25510918,0.0000892951
0x5b43453fce04b92e190f391a83136bfbecedefd1,25841565,BUY,2471.34552576,3.4844109515
0xf7863ee8d297e8cbf102c7cac8f9bd66e4be8867,25841566,BUY,2471.45208456,0.3266329690
0x5b43453fce04b92e190f391a83136bfbecedefd1,25841567,BUY,2471.65813376,7.0525784974
0xdeda0a855d5f29491e13781fddd7ca33a88a1e02,25841567,BUY,2471.85535047,0.0028694652
0xd9d8f818a7a71ed0e1fe936b991508b0e88b1609,25841570,BUY,2472.17040573,11.2837087368
0x524ca5d1b5172c0a25244c6bc49c7371d0bb020d,25841570,BUY,2472.51276242,0.9717590180
0xf73644da46ab85da864fc4284322f489134ee82c,25841570,BUY,2472.54043389,0.0186973687
0x3503b1257f446798685085d6dd5ef3fef31ffa73,25841570,BUY,2472.54347435,0.0003342000
0xebedc8e9ff409b23dd251f87ccbffa8075f87255,25841571,BUY,2472.96459545,15.1596537557
0xab8a461a5675c939265d5b464069309f80dd4d1e,25841571,BUY,2473.39102817,0.0001468417
0x19329de1e7103050257f2f58298dd37eef49f0de,25841571,SELL,2470.91187328,0.0002661778
0x73711bcccc6b2b49f4ff0acee981eed98045c5a7,25841571,SELL,2470.91387599,0.0003174837
0x35c1f4202a0f7e1cd0056c1951e67f732769f390,25841571,BUY,2473.39454383,0.0000667754
0x7c7b5cbdb5fb83471828732be91ab11f91ffee2a,25841571,SELL,2470.91346161,0.0004689901
0x54049feeeab450b6f8b74cf151558f032c89b3b5,25841571,SELL,2470.91533862,0.0005383357
0x2df95819949047512fc4708996e9569ca10affd9,25841571,BUY,2473.38899117,0.0001503067
0xa44191b93a1ce437e62fe9d720bafdf840efbd1b,25841571,BUY,2473.39071008,0.0001944836
0x330681d53da9826a11e4a78856a48230cadf1f80,25841571,SELL,2470.91493784,0.0002188574
0xc8df1a5953aa7f62a35ff1501e0c10eb3c33ebfe,25841572,BUY,2473.51436311,4.5124169475
0x3af24b14590917bf0d07b03bf1114cec3b69ae94,25841572,SELL,2471.15829424,0.3294674558
0x1a8de3a5e4958df97d05fc9ed7be7299c021ac47,25841573,SELL,2470.30642217,30.1968520000
0x5b43453fce04b92e190f391a83136bfbecedefd1,25841577,BUY,2473.25433028,9.7962372540
0xdef00328d13bb601615ecdcbca4c53cf10b6c098,25841578,BUY,2473.52929259,0.0404280638
0x5b43453fce04b92e190f391a83136bfbecedefd1,25841579,BUY,2473.61729819,3.1074715542
0xb4011351a0bdfd4bb245a8249972fda329888f21,25841579,BUY,2473.84279565,4.0318206414
0xe15b8aba87e3d2051a764dc5a365db90e833fbf6,25841586,BUY,2473.96680588,0.0001014767
0x65455f1af80ffab0dfc7bed88ee30bd1e98f85c8,25841586,BUY,2473.96760717,0.0000241458
0x607a13d4e1fd76154d3500b601c04aa583960f68,25841586,SELL,2471.48595439,0.0003078929
0x607ec8984bb6060313f9abf09b4b19b4b208c57c,25841586,SELL,2471.48842734,0.0004121043
0x89717bd382f65b471be443e3c9836c5935e9e67a,25841588,BUY,2473.96404475,0.0701707854
0xffa2ca338a4117e82ab2f41f5c8ab524958bf0bd,25841590,SELL,2471.46702417,0.9180417589
0x49719d256a5ea16bfa579ea16e95bea9fa41a452,25841592,SELL,2471.44081022,0.0200990162
0x7a668e24054178f7dc565edab0616eb42179463e,25841593,SELL,2471.43253017,0.2770543750
0x74466dfd4040c8922ea0e8a97b79b14b1e53d8f5,25841595,BUY,2473.90226854,0.0001627538
0x7c496e96922469c3a1e8e73a2dd45eb68b3d040a,25841595,SELL,2471.42456936,0.0002166378
0x1931967c295d466fa00052089e73e7e710650d94,25841595,SELL,2471.42282651,0.0003773515
0x929b40d2ed1327e1ee9dd2a953c41ea5db4b05d2,25841595,SELL,2471.42234161,0.0002140294
0xc00e0f71f1a213633af860054455f641a3866ce8,25841595,BUY,2473.89828246,0.0001163928
0x6d2ccc86fa7afcf6b1b79a32e3167d98ec97df85,25841596,BUY,2473.89837999,0.0084596587
0x87949195662eac6b32943747b404fdbd0a40c2d5,25841597,SELL,2471.42062874,0.1650872358
0x12c324df7eb609d7f9e1de085cf1b964a0848a62,25841598,BUY,2473.89607372,0.2425060787
0x7753a5b81e0add2d6965bcf94616d83d8af53192,25841602,SELL,2471.23830926,6.8509013471
0x9eb9e9b2ba5c2665a16beaa8e137410358b6beaf,25841607,SELL,2470.70520346,12.2498555447
0x65397d8163cc4d506a565e3efed153a7cd38f228,25841616,BUY,2472.83932659,0.0002451340
0x330681d53da9826a11e4a78856a48230cadf1f80,25841616,BUY,2472.83807248,0.0001646659
0xf39d8e3f51d09985ec5705a17802a973b4c468b5,25841616,SELL,2470.36099325,0.0002627644
0xd74f6346a536284cabcfc0b6e15560a2bde3b10d,25841616,BUY,2472.83904552,0.0002459829
0xfd252d6feabb87f14e0f1fb6f0ff60873b5708cc,25841616,SELL,2470.36246459,0.0005178722
0x4d68f54b4852d6cc428c12f9dd59b84652351b40,25841616,BUY,2472.84054181,0.0001256616
0x250b8beb183fe01166add031285ac37dbbe85ae5,25841616,SELL,2470.36184876,0.0006706791
0x81b16f56010f800cc5c89d8f0e0bc5afcf730e0a,25841616,SELL,2470.36109877,0.0002952799
0x6b79c018278df95a93b4e2d4a2b631900dc574a1,25841616,BUY,2472.83576493,0.0001746566
0x315d2ee4fccda0def532ef4108ff57204f8d9eba,25841617,BUY,2472.83569133,0.0067556551
0x315d2ee4fccda0def532ef4108ff57204f8d9eba,25841617,BUY,2472.83615654,0.0043150518
0x315d2ee4fccda0def532ef4108ff57204f8d9eba,25841617,BUY,2472.83632014,0.0041802532
0x5e3ed5e76104c507659783fa6f81e81caa44671b,25841619,SELL,2470.36068970,0.0002044171
0x6f63d6bc239030951f694a6da78b2d4d54e6fe97,25841623,SELL,2470.24121797,4.4044633774
0x5ed864e8f37dcb4f79c5172a815d1b3a9147eaab,25841625,SELL,2470.10249960,0.5679999997
0xb8c3b3b7473185be2bdff3cb310d6bc82c8cdfb3,25841627,SELL,2470.00201026,3.0344400000
0xfb7450822aa723ae10ec2e0815259ba86a9f4918,25841627,SELL,2469.91713508,0.0029547092
0x92985e9b2b49cf23a58b04756eb06fcfdebb0998,25841631,SELL,2469.91690909,0.0018333333
0xf0fa62e0563e67e0b4c926b8944c7383db29de9a,25841631,SELL,2469.89526575,0.7828132568
0x17222617419e584d61034e1a6d7cf28e8f861f63,25841633,SELL,2469.86574341,0.2756788833
0x43f0665f3a38f66fffde59a3549292e8a5592646,25841634,SELL,2469.68865585,6.0738473825
0x574be013006558d0a5682a6b0508f02d147377bf,25841635,SELL,2469.51899033,0.0021881277
0xfabc6241c764edb7144c76a9fc03504e90dfca26,25841635,SELL,2469.51901302,0.0040210944
0x574be013006558d0a5682a6b0508f02d147377bf,25841639,SELL,2469.51853171,0.0021631557
0x23819c47fe0a492d3e82ad27ebc5eb89ab0c8096,25841639,SELL,2469.51752512,0.0003721994
0x0561e116ddcc5cbd57b0b03a4b985e246ad2399f,25841639,BUY,2471.99303486,0.0001929176
0x1ccb08fa89ba19acce14a7e6033587e65591e31f,25841639,BUY,2471.99523698,0.0001273101
0xf536aa2c44bda1909ccf17850dd24bb6eb8c6e6d,25841639,BUY,2471.99200022,0.0000492801
0xf74df26029dbc14a0bd91606375537f4c4fac53b,25841639,SELL,2469.51747225,0.0002282515
0x91626dd785f7f866abe69b011fe236b4f78fc3e6,25841639,SELL,2469.51849600,0.0003243705
0xaa2cf866407dd41599ea41f65f21cb120cef1432,25841639,BUY,2471.99052845,0.0002151416
0x0d78402c50d4fe8b1126862d45ebf84c3f1a6ba0,25841639,BUY,2471.99125279,0.0001616644
0xf9da23ad9b1d262dcecc68ad01538d1992281f35,25841642,SELL,2469.51478964,0.1419458662
0x60544a8d9bc0f14471e55c702b7c698bfc61d663,25841642,SELL,2469.51053281,0.0015136886
0x81dc771e308c76c3e06f635abed7fb24830fb824,25841644,SELL,2469.12720494,13.7533860747
0xed70de933036d169b210fc12de10af0087b5b28f,25841645,SELL,2468.71952295,0.8292122823
0x86f7ebca29d472c66a113cf52bc06aebe8707f1e,25841645,BUY,2471.16706518,0.0002217029
0x63e11e3dfc96d006580fafd1514c3d1ee41b2d34,25841645,SELL,2468.69567712,0.0004631632
0x7e51b9243b3b121d82e3dcdb4ceb4c91f687493d,25841645,SELL,2468.69511512,0.0007335130
0x3235e2bb4cb9cc783249de63c53daac173842b8b,25841645,SELL,2468.69456018,0.0002105117
0x0914ab1b94fab7fb10ab817d5f67b086125b70fe,25841650,SELL,2468.69447006,0.0002056585
0x5e2a3daaf86cede3392f77616cede2de0d3bd3a0,25841653,BUY,2471.49473637,11.7055312731
0x315d2ee4fccda0def532ef4108ff57204f8d9eba,25841654,SELL,2469.35023980,0.0064896505
0x5b43453fce04b92e190f391a83136bfbecedefd1,25841655,BUY,2471.97912945,5.6483909604
0x4f69275fdd3bafdc55255c5f51c2f6687d8e8bb1,25841655,BUY,2472.18270525,1.6406421982
0x7ea49f025d36450ffe9c5b99749f2fa7c11cfd58,25841656,BUY,2472.22876902,0.0071301804
0x5e2a3daaf86cede3392f77616cede2de0d3bd3a0,25841657,BUY,2472.36613497,4.9027171290
0x04ad8e8940fb5811ca98ba0758238e1c0894a988,25841658,SELL,2470.03100000,0.0020000000
0x9eb9e9b2ba5c2665a16beaa8e137410358b6beaf,25841660,BUY,2472.76583969,9.4081658532
0x71effccf59a7ad2f2e2fd55820d727d8b24d106d,25841661,BUY,2473.02972844,0.0004056551
0x6389834a9687fd652f771169d58875b0806019ad,25841661,BUY,2473.13779732,0.0000014864
0x7e51b9243b3b121d82e3dcdb4ceb4c91f687493d,25841661,SELL,2470.55567590,0.0009080500
0x23819c47fe0a492d3e82ad27ebc5eb89ab0c8096,25841661,SELL,2470.55595609,0.0004030587
0xa24cb61cd4278211ec5f8189b2c7cf3ae24660b2,25841661,SELL,2470.55392325,0.0002164519
0xd7ba0f6d302900414f5e1ed2c86b10457fc73a52,25841661,SELL,2470.55406371,0.0002878694
0x3482d9a357ba687c57237ec1587e9f7484856f0e,25841662,BUY,2473.02914052,0.0013767565
0x3482d9a357ba687c57237ec1587e9f7484856f0e,25841662,BUY,2473.03793546,0.0000738529
0xeaa9ebddd373c4bd8bb92dfcc9c7e7fcdb268e51,25841663,BUY,2473.25773693,8.1939546580
0x6f0a91ef8adeb54db0e63be507747ab9a31d3926,25841664,BUY,2473.70740733,7.8925904996
0x44cd33e4ff2a518fa57903471b49ad4caa7f8804,25841664,BUY,2474.00491006,2.7474707412
0x94d050ef5eb0c74911b45aad59b35005a61343d2,25841666,BUY,2474.08548791,0.0002450073
0xbed041f44f84764215ea1929e0293baa977e02c3,25841666,BUY,2474.08376478,0.0000645657
0x929b40d2ed1327e1ee9dd2a953c41ea5db4b05d2,25841666,BUY,2474.08255305,0.0001898486
0x81f958b1e9cc5040d9e8e62197b4e39834a1f10e,25841666,BUY,2474.08189454,0.0001939928
0x5b43453fce04b92e190f391a83136bfbecedefd1,25841669,BUY,2474.17978942,3.5044292246
0x5ced3797fb5c7c9c43910be23368179888b61c82,25841673,SELL,2471.80399431,0.0002590618
0xc9a6da67c80f93bc9739de98e3fbc957d884ca26,25841681,BUY,2475.07598724,28.4324185705
0x6e2c8549ecc8615f14351889066a4ef196a688cd,25841681,SELL,2473.38737072,0.3257656688
0xdcf4b4e817d96572ccb986eb569b3644922eeefc,25841681,BUY,2474.99473566,0.0001496621
0x31ca979d58cbe25c2ec7f38f449f116221130c3e,25841681,BUY,2474.99103180,0.0005600950
0x21378e678a111691a60fa688c72d61439e124c8f,25841682,SELL,2472.34983910,5.9137448923
0x197b1345595f90664cdb6c14218d597e43beb4de,25841684,SELL,2472.16694011,0.3101324678
0x4337032d9c9291f05bebded166d947f22b25fa00,25841684,SELL,2472.15774363,0.0185916575
0x6f0a91ef8adeb54db0e63be507747ab9a31d3926,25841685,SELL,2471.75675117,14.3396641629
0xc982025876fc23374ab744ead57fe2bf743641fc,25841685,SELL,2471.32042637,1.2859378104
0x27d86f01c55779e2867fac77ac06065a58bb9dc7,25841685,BUY,2473.75879887,0.0000323099
0x6eb234c8458f50b10b839246801c22a800b5540c,25841687,SELL,2471.27521194,0.3337168973
0x1285f6e33294c50d0fea426768f919d6cd2982d0,25841687,SELL,2471.26519757,0.0239026888
0xb29adef3d51188e32e4fcc1aab465f52c2589be4,25841691,SELL,2474.67066379,0.6394428286
0x51d4b1dfa3b8f5d93fc6bfe8466d333eb29be62b,25841691,SELL,2474.54067433,4.0067706758
0xc801ce5d3e2df2303fffefc60b6c783f19e0ba56,25841691,SELL,2474.34141126,3.1161174581
0xbf5643a8ccd713897bb0a3f294def9c8588b17f8,25841691,SELL,2474.23491655,0.6909960399
0x66aff629c61ff204547fa73f0192085ea8cc95cc,25841691,SELL,2474.20090991,0.5247769685
0x66aff629c61ff204547fa73f0192085ea8cc95cc,25841691,BUY,2476.66670637,0.0002019703
0x567ccffad113f74357fc54863e5fcda75e190819,25841691,SELL,2474.18132194,0.1758791545
0x31189ef74cd427c846ed92014f113e5c2e074bb3,25841691,SELL,2474.13743537,0.7739322677
0x5b43453fce04b92e190f391a83136bfbecedefd1,25841692,SELL,2472.78956298,47.4464449942
0x21378e678a111691a60fa688c72d61439e124c8f,25841693,SELL,2471.10770671,12.7660718452
0xf009283c72b7950e69a76df39d2de96d42ec4643,25841693,BUY,2473.22547254,0.0000993472
0x81dc771e308c76c3e06f635abed7fb24830fb824,25841694,SELL,2470.58165356,6.0830023259
0x78ed42b4d49327787fdff7292a241a99ddd0107d,25841698,SELL,2470.02777224,10.7700000000
0x1449dafaed4095d4f40ace30144e12088f08eb07,25841698,SELL,2469.69947600,1.0000000000
0x76c11a26873e97c070af00f5596391bd75bfd688,25841702,BUY,2472.14680396,0.0002081054
0x51301f41c8f83fbdffaeee11f846e9c114fb8046,25841704,SELL,2469.49037637,6.4986011728
0x6f63d6bc239030951f694a6da78b2d4d54e6fe97,25841705,BUY,2471.78065473,0.0048014616
0xd1959a9634c0b54b7433756bbd20d8744e895278,25841707,SELL,2468.75104827,7.5000000000
0xf9da23ad9b1d262dcecc68ad01538d1992281f35,25841710,BUY,2471.01178245,0.0402264371
0xe4c51b9b1dced942e0c02fab17244c5478825b07,25841710,BUY,2471.02308453,0.0000762640
0xb9dfad09a8a4b17e7b2a329e4dab405def83b324,25841710,BUY,2471.01340958,0.0174122892
0x5792f5cb5ae4716100c504211349ddb63eb1d828,25841714,BUY,2471.01488466,0.0346502874
0xce54f65abb8b61b83c14cbe97de97fce75bbf556,25841719,SELL,2468.52871273,0.5953220327
0x7753a5b81e0add2d6965bcf94616d83d8af53192,25841723,BUY,2470.67679654,0.0004041306
0xa0a65c2f23a2261caa3e1278aca4972f656967cd,25841724,BUY,2470.67519154,0.0003706772
0x574be013006558d0a5682a6b0508f02d147377bf,25841724,SELL,2468.20462329,0.0021876104
0xc83da92d809fc5adb2bfe373de612d03cafd4a32,25841727,SELL,2467.76722177,1.4700000000
0xff58b64e0f09ac6f13d7a197c074865b6cf1a3c8,25841727,SELL,2467.65721046,2.4445454630
0x315d2ee4fccda0def532ef4108ff57204f8d9eba,25841731,BUY,2470.05844093,0.0160955337
0xeaa9ebddd373c4bd8bb92dfcc9c7e7fcdb268e51,25841738,SELL,2467.03561602,12.1310063542
0x9eb9e9b2ba5c2665a16beaa8e137410358b6beaf,25841739,SELL,2466.34447669,12.4762105573
0x331f50da11dba3ce4fc5fdae9167a2f7158ab506,25841740,SELL,2465.77013314,7.9772920548
0x9eb9e9b2ba5c2665a16beaa8e137410358b6beaf,25841742,SELL,2464.62123339,24.0828343122
0xebedc8e9ff409b23dd251f87ccbffa8075f87255,25841744,SELL,2463.76702000,6.3700589604
0x4337020f43d3d7d2f5e4160397efea49aefa5e7d,25841744,BUY,2466.05421323,0.0120683093
0xd71f115b09cd381f6ff289dd30c3a18a3bd64ae2,25841744,BUY,2466.15184982,3.4661137710
0x1cb0f2ee4d8b787b815ec71a16c68c5f711b58fa,25841744,SELL,2463.75351111,1.0714250075
0xb36ce3f521a1ff4b0cffb82ddd71f0a51fcf56ce,25841745,SELL,2463.31988393,14.3950335388
0xbeebccabd268567e8335f8b4128f6d255dea6544,25841745,BUY,2465.38241664,0.0004732722
0xeede84157426f50bc7bda6b86909062ed638a121,25841745,SELL,2462.90739419,0.3210958410
0xeaa9ebddd373c4bd8bb92dfcc9c7e7fcdb268e51,25841746,SELL,2462.42332280,16.9539161445
0xe4b850f87b83b2dc395537c5c35db3acda4ad273,25841747,SELL,2460.34253689,2.1797415297
0x5b43453fce04b92e190f391a83136bfbecedefd1,25841749,BUY,2462.78011905,1.3038902832
0x315d2ee4fccda0def532ef4108ff57204f8d9eba,25841750,BUY,2462.81714900,0.0112745800
0xb36ce3f521a1ff4b0cffb82ddd71f0a51fcf56ce,25841752,BUY,2463.28177266,16.5033685635
0xab41c88b14161316f7551b892de4ab34631b276b,25841752,BUY,2463.74764073,0.0002229778
0x63e11e3dfc96d006580fafd1514c3d1ee41b2d34,25841752,BUY,2463.75510543,0.0000749539
0xb99b53226aa19f4a4ed52b63324d12483d045dce,25841752,SELL,2461.28165478,0.0005387335
0xaa2cf866407dd41599ea41f65f21cb120cef1432,25841752,SELL,2461.28227768,0.0003469350
0xab8a461a5675c939265d5b464069309f80dd4d1e,25841752,SELL,2461.28085893,0.0002088933
0x6f55a3f1d60dd53c3fa94991be41a57c3b6c0d9f,25841752,BUY,2463.75606575,0.0000934143
0x018f6d02fe46fc04a5caf6eec8396c52fca3519b,25841752,BUY,2463.75568629,0.0001014987
0x7a66d480017cd40eac251311f79a518924433f24,25841752,BUY,2463.74972228,0.0001278912
0x497d020233aaf9c2b19b98a8054f967c1fd56373,25841752,BUY,2463.74714043,0.0002052183
0x6b79c018278df95a93b4e2d4a2b631900dc574a1,25841752,SELL,2461.28208211,0.0002098215
0x1931967c295d466fa00052089e73e7e710650d94,25841752,BUY,2463.75187673,0.0000856515
0xc54191f0163dba0f580f4231d6611f9bcde8d8a8,25841752,SELL,2461.28074670,0.0002158275
0xebedc8e9ff409b23dd251f87ccbffa8075f87255,25841753,BUY,2464.12293194,13.4126200530
0x3e2e9b76df34553381f766904b9d0812a72b1f92,25841754,SELL,2462.03475000,0.0200000000
0xf73644da46ab85da864fc4284322f489134ee82c,25841756,BUY,2464.50345666,0.1904278116
0x6f0a91ef8adeb54db0e63be507747ab9a31d3926,25841757,BUY,2464.84224830,11.8842552205
0xebedc8e9ff409b23dd251f87ccbffa8075f87255,25841758,BUY,2465.47799524,10.7681579078
0x8a6715d941345b9220f647c3aa35a028d734873e,25841760,SELL,2463.53455571,4.3734600000
0xeaa9ebddd373c4bd8bb92dfcc9c7e7fcdb268e51,25841760,BUY,2466.06167680,6.5698065281
0x51301f41c8f83fbdffaeee11f846e9c114fb8046,25841762,BUY,2468.79360189,1.9185430331
0xa1de68d07945b1ff1222a73418fa295cf02ed102,25841763,BUY,2468.85339634,0.2072425948
0x8ffa6dab99f8afc64f61bef83f0966ed6362f24f,25841763,SELL,2466.37955037,0.4070437090
0xfcd31202cc179c7cb85de0f9a212524f530f6cad,25841765,BUY,2468.84203389,0.2025240956
0x5ed864e8f37dcb4f79c5172a815d1b3a9147eaab,25841766,BUY,2468.85407151,0.2252775190
0x4337016838785634c63fce393bfc6222564436c4,25841769,SELL,2466.41084121,0.3883598215
0x445e426acbaf2952d80847b1aac50e7364fe78bd,25841770,BUY,2468.85322547,0.0002691059
0xab8a461a5675c939265d5b464069309f80dd4d1e,25841770,BUY,2468.85223116,0.0001294095
0x6b1d516be64de37e54b7961bc098d1b7b387bc00,25841770,SELL,2466.37935360,0.0002502470
0x973db0f41c7a0f9b0af553b65910c5420adccf5f,25841775,SELL,2466.33629630,0.0074250000
0x7abfe03949efa657e717f16d7eddc44ee94d702e,25841778,BUY,2468.82716050,0.8101012627
0x4497b173fcf0e78dd874f5ae18cb207cf1593fa5,25841779,BUY,2468.87424665,0.7268742527
0x13cd049019f0d58524642408224f096ec2d523ac,25841781,SELL,2466.41633357,0.3587766400
0x574be013006558d0a5682a6b0508f02d147377bf,25841783,SELL,2466.40491511,0.0473557871
0xc7c36630ca555ae0f1717f7a4972b0c20580c2b5,25841783,BUY,2468.89244073,0.0000374496
0xaf94d4db2b392fa32bff6faf0a47aecc2ba229cd,25841783,SELL,2466.40199072,0.0004303163
0x31ca979d58cbe25c2ec7f38f449f116221130c3e,25841783,SELL,2466.40062030,0.0002633425
0x32d4bf418dbcb5e1cfc85c588f06184ee9a81c97,25841783,BUY,2468.88765649,0.0000431899
0x4a4837590e39fda6acec3c953be33911cd68a847,25841784,BUY,2468.88295908,0.3966791680
0x81dc771e308c76c3e06f635abed7fb24830fb824,25841785,BUY,2469.10024710,7.3289536766
0x31ca979d58cbe25c2ec7f38f449f116221130c3e,25841787,SELL,2466.83580635,0.0002883431
0x9457cfb4cb4b59e8863e7232ec85e97fda517e6e,25841787,SELL,2466.83761782,0.0003976528
0x9eb9e9b2ba5c2665a16beaa8e137410358b6beaf,25841789,BUY,2469.49808431,6.8149742063
0x6e2c8549ecc8615f14351889066a4ef196a688cd,25841791,BUY,2469.69471574,0.1735999159
0x6924e1dafbbe3bbee7b1cb9083a8ea57d859df0a,25841796,SELL,2467.22789764,0.0929231200
0x5e2a3daaf86cede3392f77616cede2de0d3bd3a0,25841798,SELL,2466.98894733,8.4130227780
0x9625612c932c100a166c75923984e85e1d40c6af,25841798,SELL,2466.75121926,0.0499689000
0xabe0df3389d7407d4ba83464266e239dc26dce3b,25841799,SELL,2466.63266475,4.0000000000
0x526af419d6d7c8fcfeab03e6e0b3c78dda1932d3,25841799,SELL,2466.50941537,0.3885020653
0x526af419d6d7c8fcfeab03e6e0b3c78dda1932d3,25841799,SELL,2466.49582882,0.0950796877
0xf01272bc0c1870e03966094f24794f4079d39ba8,25841799,SELL,2466.38848157,3.7277154725
0xdcae87821fa6caea05dbc2811126f4bc7ff73bd1,25841799,SELL,2466.22762250,2.0000000000
0x73be8d258d02628814b8603119380b038cd1ca06,25841799,SELL,2466.11844873,1.8875899531
0x193cdf732e105cf84cd25d493a9140cd4dfdcfe2,25841801,SELL,2466.05738397,0.2869136690
0x7753a5b81e0add2d6965bcf94616d83d8af53192,25841804,BUY,2468.52410232,0.0000596231
0x81dc771e308c76c3e06f635abed7fb24830fb824,25841810,SELL,2465.77389587,9.8098785008
0x5c096ef846447cb935c5d247e4ab2a867ecc33a9,25841810,BUY,2467.96787213,0.0721530308
0x5c096ef846447cb935c5d247e4ab2a867ecc33a9,25841810,SELL,2465.50070018,0.0652984929
0xcde89f2f6ee755ef007e0d5eb312fd9a6c2ce193,25841811,SELL,2465.32006218,6.3705202813
0xc13e5b24bc14f07fd51a4f2df6fa5a81e45ee6a1,25841814,BUY,2467.08811215,0.0000632255
0xfa849b72d8eff3fa18ea060176edca29e4904d32,25841814,BUY,2467.10669822,0.0000303453
0x6b1d516be64de37e54b7961bc098d1b7b387bc00,25841814,BUY,2467.08931609,0.0001927287
0xe82555c9f2e78490ffffc692c092ce4ff78d0040,25841814,BUY,2467.09022250,0.0001432278
0x1bfabdb5f8e61a243c2d668e4565eaa4f7017ab4,25841814,BUY,2467.08934658,0.0003336292
0x31ca979d58cbe25c2ec7f38f449f116221130c3e,25841814,BUY,2467.08810265,0.0005220341
0x48b8470fd956b5778fded969cfa8e0fefd24c55e,25841815,SELL,2464.39206286,8.1807330152
0x4dfc201fe85e85c593190a7e82ddca6319526799,25841818,SELL,2464.15479206,0.2400640000
0xbb7d27120ac3a0d86e92c1666282e0fc9f3eed7e,25841821,SELL,2464.14655111,0.0535538282
0x1f1e45d8d00d45ccb675e1e7650efb9306b99e78,25841824,BUY,2466.61342988,0.0002670597
0xa5fccd6d59f59b8ee1b4226e4bc6a064da86a495,25841824,SELL,2464.14462222,0.0002102251
0xaf94d4db2b392fa32bff6faf0a47aecc2ba229cd,25841824,SELL,2464.14175687,0.0002094721
0xeede84157426f50bc7bda6b86909062ed638a121,25841825,BUY,2466.61786021,0.2431237139
0x929b40d2ed1327e1ee9dd2a953c41ea5db4b05d2,25841826,BUY,2466.62618873,0.0002380940
0xd06e5412cf27e8581cd571e6c72fdfe7525982cc,25841826,BUY,2466.64954480,0.0000270237
0x877de639be016122bb09177e1bb0fe44ba363ab3,25841826,BUY,2466.62976488,0.1801047398
0x0ea041260095b20feda41ef4fdbef7d801f4c438,25841831,BUY,2466.68589727,0.0002658356
0xebedc8e9ff409b23dd251f87ccbffa8075f87255,25841832,BUY,2466.84875056,5.8144875051
0x82abb50c95df977e73318e1ec233dec6900260e6,25841833,SELL,2464.48792912,2.0597500000
0x9626d68fd08b21b1e709d0306c5268ea2746bb90,25841835,SELL,2464.42993952,0.0019840000
0xb36ce3f521a1ff4b0cffb82ddd71f0a51fcf56ce,25841836,BUY,2467.52378654,22.3282261791
0x9eb9e9b2ba5c2665a16beaa8e137410358b6beaf,25841838,BUY,2468.21144677,2.1349267584
0x2f8579db1d4f57de1e89c61af7d439df484baf7c,25841838,BUY,2468.27192700,0.0146980941
0x5b43453fce04b92e190f391a83136bfbecedefd1,25841840,BUY,2468.69176683,14.9154221960
0x30730623da1ebda7c558d6fb918ae7efd6b96e15,25841841,BUY,2469.19384532,2.9357630065
0x976134696c8ed9b13a77ba58415659a440da5e37,25841842,BUY,2469.28539218,0.3321213042
0xf39d8e3f51d09985ec5705a17802a973b4c468b5,25841842,BUY,2469.29848002,0.0001501953
0x44a4f15d7ab313c19e4bbb36e889c07319660dff,25841843,BUY,2469.33121319,1.2956385105
0xbee841c6900a1947443f5ce6f72f774ecdce9541,25841850,BUY,2469.67131836,0.0000966525
0x56c262027e0de4aea31d2489529cb25d23e58a8b,25841866,BUY,2469.81370783,0.2017497224
0xb886537563935290f182a042715e64ba15b511dc,25841866,BUY,2469.84853377,1.0360033366
0x2f4e1a92dd8d3a57328c5a87cd6dcdb49ac8be7b,25841867,BUY,2469.87830130,0.0191234475
0xabb2acd3be814a80e502575d6c1dc5f789e9cd10,25841869,BUY,2469.90004113,0.5236712233
0xfcd31202cc179c7cb85de0f9a212524f530f6cad,25841874,BUY,2470.09442411,0.1686845094
0xca7ded7e4f4ba8ab3b10009236ae6d1b95094589,25841874,BUY,2470.09958769,0.0013412313
0x9ec5987e13883f10908b941a53210892edfc5c33,25841877,SELL,2467.55277222,3.2400000000
0xe56a930e92c86c0edcaed959eff28358c18c1516,25841883,SELL,2467.69613060,0.0002105202
0x28ca9f71519d1b1fdd59725492d734fa4a0ef7da,25841883,SELL,2467.69790159,0.0002861071
0x1d95b4e27433f7a9476f8531a06afdd63b5d8d19,25841883,SELL,2467.69807418,0.0002740246
0x0bb870610573290c69b50de5f23677cb8347423c,25841889,SELL,2467.69880000,0.0050000000
0x8a4cb49c9316f99a6a5f0acdb06003da31f807fb,25841893,BUY,2470.16833620,0.0001052556
0xbb7d27120ac3a0d86e92c1666282e0fc9f3eed7e,25841893,SELL,2467.69837579,0.0135476970
0xeaa9ebddd373c4bd8bb92dfcc9c7e7fcdb268e51,25841902,BUY,2470.36283509,1.1544108021
0xebedc8e9ff409b23dd251f87ccbffa8075f87255,25841909,BUY,2470.61557104,7.0137093776
0x607a13d4e1fd76154d3500b601c04aa583960f68,25841909,BUY,2470.82432935,0.0000545441
0xd9d8f818a7a71ed0e1fe936b991508b0e88b1609,25841910,BUY,2471.28048203,16.6276237472
0x080ffeaf914180e18f69092d66de11925434b540,25841919,BUY,2472.32690846,1.0313999392
0x5c096ef846447cb935c5d247e4ab2a867ecc33a9,25841922,BUY,2472.49261135,0.0001335895
0xf0d83ab0077cf53cb7f3f0042aa550b426759d1e,25841924,BUY,2472.48713580,0.0000396079
0xfcf50f1a2e4f9e44cae2d5f02a33c9cd02c210ed,25841924,BUY,2472.52005903,1.2103036289
0xebedc8e9ff409b23dd251f87ccbffa8075f87255,25841926,BUY,2472.61230400,2.0914800483
0xeede84157426f50bc7bda6b86909062ed638a121,25841933,BUY,2472.68080510,0.1986616562
0xfa6fd48c4a52aed2a21ac915e3bc334e2ece1b9d,25841936,BUY,2472.69290558,0.2388981817
0x574be013006558d0a5682a6b0508f02d147377bf,25841938,SELL,2470.36971898,0.0021898451
0xb11698574f59d63ad8e8ef197262927c2b609c10,25841938,SELL,2470.36901855,0.0008276699
0xaa2cf866407dd41599ea41f65f21cb120cef1432,25841938,BUY,2472.84281254,0.0001745635
0x3ee92cd00993a4488ae153ab41ac7947cbcbc1de,25841939,BUY,2472.84386971,0.0002277030
0x5b43453fce04b92e190f391a83136bfbecedefd1,25841942,BUY,2472.87757640,1.2788427754
0x6b3d7fc80479fa864986a513e5cef2cbcb0420b8,25841942,BUY,2472.95271902,1.0109372414
0x0bb870610573290c69b50de5f23677cb8347423c,25841943,SELL,2470.51040000,0.0100000000
0x2618867420ec7a30a05397f2ebb471dc284091cb,25841944,BUY,2472.98841259,0.2026951362
0x8c09bf2142f74d2fdef3bfb22d4b5da5ec3962cb,25841947,SELL,2470.51938116,0.0002484457
0x3eb5ba7f608609cdc9375c8f8f93861af0b69b1b,25841949,SELL,2469.28164581,44.4197223177
0x5e2a3daaf86cede3392f77616cede2de0d3bd3a0,25841949,BUY,2471.05827826,19.5800132775
0xa406ce92fecf216aadfb49e78ef1ac9962a13060,25841950,SELL,2469.13622372,0.0014067300
0xeede84157426f50bc7bda6b86909062ed638a121,25841950,SELL,2469.12887328,0.2739082222
0x3ee92cd00993a4488ae153ab41ac7947cbcbc1de,25841954,BUY,2471.59486934,0.0002187470
0x1cb0f2ee4d8b787b815ec71a16c68c5f711b58fa,25841954,BUY,2471.60650471,0.5266626344
0xada5bb90d0de0bd1b6f3938708f49295a8d1f7cb,25841954,BUY,2471.62149963,0.0061111780
0x2fe6520635f011daeb3474404c2bdd191c9846cd,25841957,BUY,2471.53293818,0.5705646060
0xebedc8e9ff409b23dd251f87ccbffa8075f87255,25841960,BUY,2472.35307547,25.8104832931
0x1cb0f2ee4d8b787b815ec71a16c68c5f711b58fa,25841962,BUY,2473.95716071,0.6752948153
0x2102c32a09cbced4146c3db2d27ae21a185bda43,25841968,BUY,2476.97049407,0.0011256170
0xd04aeef352932fbdc00a42605434384865dacbe1,25841969,SELL,2472.59151993,157.3600000000
0x4b03c323b67f297fba42ef9541ae445ab29552b5,25841969,BUY,2474.42633137,134.4398689872
0xf0777aff9301ff7d0af60e49b49488aa0861e63f,25841969,SELL,2475.49363761,7.8194867884
0xb36ce3f521a1ff4b0cffb82ddd71f0a51fcf56ce,25841970,BUY,2478.32680878,20.5051256743
0x5b43453fce04b92e190f391a83136bfbecedefd1,25841975,BUY,2482.65096721,40.4014756741
0xd37e02228f6f78d48092dafb5c2ae12123dea693,25841976,BUY,2483.97952339,6.8032175249
0x6f0a91ef8adeb54db0e63be507747ab9a31d3926,25841979,BUY,2485.14796355,4.6682304648
0x2d165c5899fc126317a2783a70c304f3aee4a66c,25841980,BUY,2485.28227639,0.0003003059
0x7bf30399dba8051c2bf191afe2cd07ea4e064625,25841987,BUY,2484.36747964,18.7837703550
0xbeebccabd268567e8335f8b4128f6d255dea6544,25841989,SELL,2485.97741772,2.2663732252
0x448a08d6f0ba1d38604579bea4319f051789dbd3,25841994,BUY,2489.04552184,0.0001060423
0xa35e598d877501a80c14430d9361f4540f4d4d61,25841995,SELL,2486.19555713,12.8615223760
0x6f0a91ef8adeb54db0e63be507747ab9a31d3926,25842000,BUY,2490.42241889,80.2086986999
0xf9ad3a3f0a49d0b489211dc98960b2da016cc08a,25842001,SELL,2490.15208877,0.4170686540
0x1d425d5c3fe77f5f91f5582f2a98d4a94cb0549b,25842002,SELL,2489.37533506,2.7959681174
0x4563e2b4af5cd152482831ad0bb043080886fa26,25842003,SELL,2488.84130375,0.0011157586
0x8ffa6dab99f8afc64f61bef83f0966ed6362f24f,25842008,BUY,2493.85288690,0.7639223729
0xa883710b6dbf008a1cc25722c54583e35884a209,25842010,SELL,2491.24955122,4.6703168642
0x790f117af8169487725a1c3e92828176042cfc88,25842010,SELL,2490.64374496,16.8642766734
0x790f117af8169487725a1c3e92828176042cfc88,25842011,BUY,2492.86971516,7.3910802028
0x51a3c407f130163b28b762513864e596a1de1bd9,25842013,BUY,2493.07769261,0.0014546446
0x5b43453fce04b92e190f391a83136bfbecedefd1,25842018,BUY,2493.37475171,10.5702952466
0x3e9dd6087bb8769cc59b4c5dba978f3f5dadaf16,25842025,BUY,2494.60428032,5.4273218000
0xc79ccae75ab10d280e2e4e6362973158b39be4a1,25842027,SELL,2492.07732076,6.6000000000
0x9eb9e9b2ba5c2665a16beaa8e137410358b6beaf,25842030,SELL,2489.49411412,24.5384514182
0x5ed864e8f37dcb4f79c5172a815d1b3a9147eaab,25842030,SELL,2488.79945664,0.2011251793
0x3e6b6af56b764510e6fc76e4dae2f69c226d7d1e,25842031,SELL,2488.79022804,0.1281513240
0xd90acddac86eeeaba70f35a218929c795621607e,25842035,BUY,2492.42252704,6.0901984994
0xada5bb90d0de0bd1b6f3938708f49295a8d1f7cb,25842035,SELL,2490.10177839,0.0009991977
0xe1a56ea785c1ebfe33a5bbb9e29c910cbfbba965,25842036,SELL,2489.98899741,4.0168341207
0xeaa9ebddd373c4bd8bb92dfcc9c7e7fcdb268e51,25842044,BUY,2494.03213313,18.8238960844
0x81dc771e308c76c3e06f635abed7fb24830fb824,25842050,SELL,2491.20078453,19.1996995453
0xb00439e6f77af558c79005ee9d158df547490e88,25842052,SELL,2490.58964395,2.5318027220
0xf9ad3a3f0a49d0b489211dc98960b2da016cc08a,25842054,BUY,2493.01231821,0.0006226359
0x5326d12d12866f8260a6ab3fb9846f52034bce72,25842054,BUY,2493.01157726,0.0220329502
0xd37e02228f6f78d48092dafb5c2ae12123dea693,25842056,BUY,2493.20336114,6.7935225742
0xd0a4c57bfe6d45428b13475acab5e3d901b893a8,25842058,BUY,2494.91078882,3.3033960051
0xb8f73f69c6ff894b544bb585946edb16b13aec3a,25842061,SELL,2495.35989122,1.3490297159
0x17222617419e584d61034e1a6d7cf28e8f861f63,25842064,SELL,2492.96049952,0.0028925974
0x6411083c1b501e083ae22b0cfa155c0804291cb5,25842066,SELL,2492.91822128,1.4949158433
0x750800ef0dadcb472a3c6b07972272ab3994d4c0,25842066,SELL,2492.87534012,0.0003283453
0x95c7df7ff59c560fa3726588629a7c9fe41b586c,25842066,SELL,2492.87469977,0.0002079671
0xc2d4917992115b47717690f2c9c23000adf7124d,25842071,SELL,2492.87309211,0.1404275200
0xb36ce3f521a1ff4b0cffb82ddd71f0a51fcf56ce,25842080,BUY,2498.61634517,4.8693524997
0xc2fabeacd56fcfbd75de27ea9ea9d771de35f190,25842080,BUY,2498.78408066,0.0000148532
0xebedc8e9ff409b23dd251f87ccbffa8075f87255,25842082,BUY,2500.11292343,48.1128105654
0x1d4bf71cc46464e2e5b67e474debb3948b1aee87,25842083,BUY,2501.47536428,0.0013038689
0xd7e1236c08731c3632519dcd1a581bfe6876a3b2,25842083,SELL,2498.97173624,0.0855788627
0x17222617419e584d61034e1a6d7cf28e8f861f63,25842086,SELL,2498.96232627,0.0119555212
0xefbf07ff3a5bdc81bc40b1707ac155feb6a7276c,25842087,SELL,2498.05609523,32.0154240162
0x4e2002d48cfac22c7c0ef271c191dc19ff25d2f0,25842090,SELL,2496.52502294,0.0240334062
0x00000000bb95aa2c4c7600365a0f46ccf2f64ca8,25842091,BUY,2499.02294019,0.0026591809
0x51eef4301739cc9faf4dc4bd7f9354c121574de4,25842094,SELL,2495.69254259,9.0137825289
0x0d4a29333a57222a48a5042bdb9a571f82f021f5,25842097,SELL,2495.29989624,0.2012734168
0x5caa2b55aa4ac56d4798ed70eaf35b9b58c32cf2,25842098,BUY,2497.83149675,1.4116244449
0x35a75573544a1667135ca1003a9ac1333ef532b8,25842100,SELL,2495.16542352,7.3577126490
0xe85091501587b32a323be2512b36fab392d7c6bc,25842110,BUY,2494.88180365,17.5555050351
0xe1a56ea785c1ebfe33a5bbb9e29c910cbfbba965,25842110,BUY,2495.49073983,4.0072282539
0xb5b87fc92e35d8bd32541363ad0f0e1f829fa89c,25842112,BUY,2497.64208269,0.6030525949
0x77746d6ffa0bf81eda08b16826d9b1e3068b593c,25842115,BUY,2498.75262576,1.1525136856
0x6f0a91ef8adeb54db0e63be507747ab9a31d3926,25842117,BUY,2499.87034789,13.1947281477
0xd92c4e3e434e2d05062c7b842a16ccd3e7a5b9b2,25842118,BUY,2500.91216751,23.7009842701
0x6f0a91ef8adeb54db0e63be507747ab9a31d3926,25842123,SELL,2498.26233027,10.9580332467
0xebedc8e9ff409b23dd251f87ccbffa8075f87255,25842124,SELL,2497.47824179,16.8420693363
0xab41c88b14161316f7551b892de4ab34631b276b,25842126,SELL,2496.17614834,0.0002149592
0x51503b1212738f398debe52add56c9d979fcd257,25842128,SELL,2495.76890968,0.5984020581
0x3e2e9b76df34553381f766904b9d0812a72b1f92,25842132,BUY,2497.72058234,0.0189215216
0x81dc771e308c76c3e06f635abed7fb24830fb824,25842134,SELL,2495.10006493,2.3584251220
0x5dbce812228bd08bfd4f08a2b6a1dbb613046afe,25842137,BUY,2497.22020769,0.0545969733
0x68595651a3ba7ddb4bb243bd1e8183b0dd90991c,25842137,BUY,2497.22310269,0.0475647326
0xa6f6ba57f89307a0ba23e1827e1c70c4352e7efa,25842137,BUY,2497.22946337,0.0362270854
0xc5e6439b0b752fb5915f15cabea88cf69dcac155,25842138,BUY,2497.23141365,0.0004833821
0x4d92a9835f4768aac92531cf1a638e444912dada,25842138,BUY,2497.23140624,0.0302807657
0x574be013006558d0a5682a6b0508f02d147377bf,25842143,SELL,2494.55338612,0.0617873547
0x50a3b01f9d86b47fad210d400fa4381a468ccb3b,25842144,SELL,2493.42610425,39.7500000000
0xca7ded7e4f4ba8ab3b10009236ae6d1b95094589,25842145,BUY,2496.62127347,0.2385743141
0xabb2acd3be814a80e502575d6c1dc5f789e9cd10,25842146,SELL,2492.32352635,0.0000002556
0x18dd3c14e34c1bc379f7538068c59160d9f68e25,25842148,BUY,2496.76772860,0.0117968759
0x574be013006558d0a5682a6b0508f02d147377bf,25842148,BUY,2496.76892648,0.0332429642
0xc13e5b24bc14f07fd51a4f2df6fa5a81e45ee6a1,25842148,BUY,2496.77435016,0.0001165700
0x3af24b14590917bf0d07b03bf1114cec3b69ae94,25842151,SELL,2494.22542624,1.7150131255
0xe20446cccbfd5f9038e747f1dea8016ecbd94ae5,25842156,SELL,2494.15490788,0.7697764016
0x49a782c2660e77dded753bb88ac57619298ad50e,25842156,BUY,2496.62923921,0.0060081007
0x43370146366cfea21302962ae3a558d72bbcc487,25842163,SELL,2493.87534546,0.0736531857
0x4337020f43d3d7d2f5e4160397efea49aefa5e7d,25842164,SELL,2493.85494096,0.6456815128
0x574be013006558d0a5682a6b0508f02d147377bf,25842170,SELL,2493.24022962,0.0021639940
0xe82555c9f2e78490ffffc692c092ce4ff78d0040,25842170,BUY,2495.73623190,0.0001297689
0x701170623c79427a22a17ae656808450b25c3923,25842170,BUY,2495.73922455,0.0002237574
0xab8a461a5675c939265d5b464069309f80dd4d1e,25842170,SELL,2493.23742104,0.0001822121
0x7667c6bc6740117eb4ae4426594d8242cb3c9fb9,25842170,SELL,2493.24048504,0.0002299361
0xebedc8e9ff409b23dd251f87ccbffa8075f87255,25842171,SELL,2493.01216649,8.0993147901
0xeab7366a09ce1a2cd7e114ee231055ef29599d32,25842179,BUY,2494.39160649,0.0003519163
0xf79a32b893b793ff4964134273b9c0ab8e9b4005,25842179,SELL,2491.82230057,1.9901156904
0x6b79c018278df95a93b4e2d4a2b631900dc574a1,25842183,SELL,2491.58457149,0.0002255348
0x81e3add2b2b6ee38558c8c5a347d4f79e7aeb98e,25842185,BUY,2494.08089007,0.0148466492
0x3e0f19b546a2f76a13ed8d8187ecfca502f7872e,25842194,BUY,2494.85805427,0.0000592022
0x2e5ef37ade8afb712b8be858fec7389fe32857e2,25842196,SELL,2492.23559911,4.4586703175
0x5d88859fed8ac6a073241a387a78727e90523d64,25842197,SELL,2491.92295593,7.8842331274
0xa594a83eccfe5fc56e5e2400bf9abbdd7781a2d9,25842197,BUY,2494.36183968,5.9351371006
0xb36ce3f521a1ff4b0cffb82ddd71f0a51fcf56ce,25842200,BUY,2495.71610198,9.0229888039
0x5b43453fce04b92e190f391a83136bfbecedefd1,25842203,BUY,2496.93348480,2.6531834962
0x6f0a91ef8adeb54db0e63be507747ab9a31d3926,25842204,BUY,2497.13819217,2.3451823921
0x35a75573544a1667135ca1003a9ac1333ef532b8,25842208,BUY,2498.24847189,9.7974075023
0x806404c5de3e5a95f489c833b173b3481a0aac5c,25842211,BUY,2498.62494753,3.4373155401
0xbb7c879dac26f01ee309449bdabf4815f686ea0f,25842216,SELL,2495.44915749,0.9175000000
0x9b864dde6ed1c21608b1665a0ac0faa4f7e36e6e,25842216,SELL,2495.25273543,3.9990000000
0x0ac432fb3ed633a00026b0c339f871918ff1c460,25842217,SELL,2495.13103874,0.2865432716
0x574be013006558d0a5682a6b0508f02d147377bf,25842221,SELL,2495.83782122,0.0337133917
0x81e3add2b2b6ee38558c8c5a347d4f79e7aeb98e,25842223,BUY,2498.34398722,0.3293547843
0xebedc8e9ff409b23dd251f87ccbffa8075f87255,25842234,BUY,2497.46767562,18.5905499107
0x5b43453fce04b92e190f391a83136bfbecedefd1,25842238,BUY,2499.98194590,39.2683790989
0x7073928aa37b1648e3390f5a5977aa512ea63192,25842239,BUY,2501.42855824,6.2821031911
0x88836c6dd6b81c44407c96bd5074e3beadf43e96,25842245,SELL,2498.86168253,7.9717779724
0x315d2ee4fccda0def532ef4108ff57204f8d9eba,25842246,SELL,2498.63446951,0.0049576227
0x741294fdb5b4badda5e452370689f0419e3818f9,25842251,BUY,2501.12791068,0.0000125603
0x74466dfd4040c8922ea0e8a97b79b14b1e53d8f5,25842251,BUY,2501.11225456,0.0000858374
0x0780c15b34288161e869e373e4b19bb8aba88d3f,25842255,SELL,2500.20881034,1.2192760054
0x315d2ee4fccda0def532ef4108ff57204f8d9eba,25842257,SELL,2501.06321657,0.0114043771
0xfffffee6d1b0585e45a55b89c27aeb8c00efb44a,25842258,SELL,2501.06265477,0.0036126508
0xfffffee6d1b0585e45a55b89c27aeb8c00efb44a,25842258,SELL,2501.06245748,0.0051878237
0xe1cbeb328fea82bcae681c920d5c79178f068a10,25842259,SELL,2501.14063250,0.0002073370
0xeaa9ebddd373c4bd8bb92dfcc9c7e7fcdb268e51,25842260,BUY,2503.78745972,4.8380820189
0x81dc771e308c76c3e06f635abed7fb24830fb824,25842261,BUY,2504.34824555,14.7503347682
0x7049477e4d95b612805813d6bed048c781c49632,25842263,BUY,2505.71272656,0.0001072074
0x1ac54fd2749c920e8374a1937c5a83624a8c4b6e,25842263,BUY,2505.70747838,0.0396694350
0xa8e73a289666d4ca7d16e35e9523f4c249e9f131,25842263,SELL,2503.20235294,0.0008500000
0x6bf97afe2d2c790999cded2a8523009eb8a0823f,25842269,SELL,2503.82178243,0.5455172156
0x5c096ef846447cb935c5d247e4ab2a867ecc33a9,25842271,BUY,2506.31424257,0.0002477028
0xc8df1a5953aa7f62a35ff1501e0c10eb3c33ebfe,25842280,SELL,2501.92567911,12.3677033792
0x341c23862f92c889847b5a3df69180a0ea43aa4a,25842280,SELL,2501.37773840,6.7999600000
0x6f0a91ef8adeb54db0e63be507747ab9a31d3926,25842282,SELL,2500.88368561,10.4885760661
0x66bc7b3b89171007fd563fadfc6e24aee673b7ec,25842291,BUY,2502.92390597,6.5446709650
0xbee898bca98a5b6de7323eeca168a775c566b008,25842291,SELL,2500.60566614,0.1043498463
0x7753a5b81e0add2d6965bcf94616d83d8af53192,25842291,SELL,2500.07584438,4.7947799940
0x811b914ad942b918fa47258e4f9c2720e04c8046,25842296,SELL,2499.93848916,0.0018649559
0x2d233e6255c9fde9d5614b821ab8509be0c71ecd,25842296,SELL,2499.93767030,0.0005250547
0x6e255ee487ecc0f0a1a242949b1096b533c8409b,25842299,SELL,2499.93776818,0.0322438870
0x4cd4499d6e6a0eb8995a2cabd400d1ad35c4d03e,25842301,BUY,2502.43906702,0.0121508301
0x724fc4573e77e6c3a6e7ea31259ba0723d13cb4e,25842301,SELL,2499.81156819,4.4184440770
0xab9ee4f33dcb4c730fb3b92bee0d801dce9eacf7,25842302,SELL,2497.20937843,0.0002701556
0xebedc8e9ff409b23dd251f87ccbffa8075f87255,25842304,BUY,2501.58746429,58.2086461396
0xeaa9ebddd373c4bd8bb92dfcc9c7e7fcdb268e51,25842306,BUY,2503.32403067,2.6529894259
0xa67d7eb4dc68fa6ce8e34ef8cadaf075b9893fbb,25842306,SELL,2500.89705075,0.0187023004
0x9eb9e9b2ba5c2665a16beaa8e137410358b6beaf,25842309,BUY,2503.70956612,10.1672697898
0xc8df1a5953aa7f62a35ff1501e0c10eb3c33ebfe,25842310,BUY,2504.86265854,30.1650244821
0x81dc771e308c76c3e06f635abed7fb24830fb824,25842311,BUY,2506.80335010,37.6546725037
0xcd67a0cb66b0df9f8121ea8c6525e357e9e1c2d7,25842312,SELL,2505.49105948,0.0327978600
0x9eb9e9b2ba5c2665a16beaa8e137410358b6beaf,25842313,BUY,2508.57711823,20.2247351913
0xb36ce3f521a1ff4b0cffb82ddd71f0a51fcf56ce,25842319,SELL,2508.29794792,10.8917717585
0x1ac54fd2749c920e8374a1937c5a83624a8c4b6e,25842319,BUY,2510.49798813,0.0791874763
0x6742b2dfcce0bbbfb343f69a0f2bec402a776c43,25842320,SELL,2507.49807104,0.1830000000
0xae2fc483527b8ef99eb5d9b44875f005ba1fae13,25842321,SELL,2507.39217489,3.5143717518
0x81dc771e308c76c3e06f635abed7fb24830fb824,25842325,BUY,2509.44169431,19.3214114948
0x51301f41c8f83fbdffaeee11f846e9c114fb8046,25842326,BUY,2511.22683420,42.8662643355
0xa65c231b297659bd802536a647d89554545fa1eb,25842326,BUY,2512.76453231,10.5776021045
0xd7e47303ffcbb74e5d11261e30ed46fba19be613,25842329,SELL,2510.54729167,0.1512210135
0x0000000000dd63950cac3e5f8499204774a8f851,25842329,BUY,2513.08534870,0.0000147687
0x09df642e9001c2020bac1c9f5e0b15ff44b8e86b,25842329,SELL,2510.54010407,0.0987172085
0x26a94decc0da1c7bd8de571be4b8b60344cd2095,25842333,BUY,2512.32704028,0.0002999761
0x448d5180fd32518ac8466699a442d78d55bb7f6c,25842333,BUY,2512.33533756,0.0000830005
0x68a09958a79b793f7492db69d5c09a49bb4a4b5a,25842333,BUY,2512.33276066,0.0000720808
0xc7c36630ca555ae0f1717f7a4972b0c20580c2b5,25842333,SELL,2509.81192686,0.0002027012
0x3e0f19b546a2f76a13ed8d8187ecfca502f7872e,25842333,SELL,2509.81318119,0.0002371794
0x27fa4a76f27514174bf271b440cdfd3089fdf39a,25842336,SELL,2509.46971261,12.0011000000
0x5c096ef846447cb935c5d247e4ab2a867ecc33a9,25842341,SELL,2513.00104615,0.0512112302
0xd9d8f818a7a71ed0e1fe936b991508b0e88b1609,25842342,SELL,2512.35845704,22.0895320229
0xc8df1a5953aa7f62a35ff1501e0c10eb3c33ebfe,25842344,SELL,2511.10152653,4.4391889592
0x7fb1e40160bd2c5d5bc0c5c6bb4d1c54b4339fd1,25842347,SELL,2509.27932900,8.0000000000
0x4c1aed6376802c6db50728a4f1bf5d981425d308,25842350,SELL,2509.02584211,18.1725123443
0x2204e7b8b8ee5b84210b23f3e14f64cd8581c831,25842350,SELL,2508.41807900,3.0000000000
0x51301f41c8f83fbdffaeee11f846e9c114fb8046,25842351,SELL,2508.17195308,5.5889242676
0xebedc8e9ff409b23dd251f87ccbffa8075f87255,25842362,BUY,2507.17380242,11.4717879543
0x1ea0096fcc43535a9a957cf0f67b70d3e52b7440,25842367,BUY,2508.84765330,1.9989927856
0xe534fcf786bf1485e92c80504e23ed69c8805e3e,25842368,SELL,2506.39703615,0.0019982700
0x50bf934781f63028c5c8ef49c4affe19a86d99b6,25842373,SELL,2505.82730735,19.9431131808
0x1ac54fd2749c920e8374a1937c5a83624a8c4b6e,25842374,BUY,2507.76498558,0.0396368881
0xabb2acd3be814a80e502575d6c1dc5f789e9cd10,25842376,SELL,2504.06188329,0.0000002556
0x49ed6953fa6d5f1b36892a89ff0e8b916df97002,25842378,BUY,2508.04886894,9.8687571325
0x701170623c79427a22a17ae656808450b25c3923,25842382,SELL,2505.29642938,0.0002228132
0x9cb4a4a0dbab1ae66d2343c6b5d20f04632a66ef,25842382,BUY,2507.80840981,0.0001184138
0x47da8dba29f6ed62fcd95acdaaeda07d6a947147,25842385,BUY,2508.16348837,0.0082515191
0xb65e4310029f2cf6b47f55084a05c0facd4379bb,25842387,SELL,2504.77657105,0.7477500000
0xd05c8738244a116cf5dafa52d7094291c9e3aef2,25842388,BUY,2507.26759264,0.0000881374
0x7bf30399dba8051c2bf191afe2cd07ea4e064625,25842391,SELL,2502.53122990,17.3416714654
0x7753a5b81e0add2d6965bcf94616d83d8af53192,25842392,BUY,2503.74566397,0.0001492488
0xebedc8e9ff409b23dd251f87ccbffa8075f87255,25842394,SELL,2501.00394557,7.4956488382
0x51301f41c8f83fbdffaeee11f846e9c114fb8046,25842395,SELL,2500.63354719,5.4900703453
0xeaa9ebddd373c4bd8bb92dfcc9c7e7fcdb268e51,25842398,SELL,2500.23789378,8.3844459270
0x0ff4c489f379218f6a49788dda641cf33deb71f6,25842403,SELL,2499.69236347,0.2005131237
0x062ab0e5f1b3127e87c6bebe21093f988210a0e4,25842408,SELL,2500.83635995,0.0006246726
0x811b914ad942b918fa47258e4f9c2720e04c8046,25842408,BUY,2503.34177272,0.0002657811
0xeaa9ebddd373c4bd8bb92dfcc9c7e7fcdb268e51,25842410,SELL,2500.12900091,11.2166099493
0x4337020f43d3d7d2f5e4160397efea49aefa5e7d,25842411,SELL,2499.79895927,0.3598295730
0x2f8579db1d4f57de1e89c61af7d439df484baf7c,25842411,BUY,2502.23358892,0.0048017020
0x6eb5074720000002327b363e9630ca4797c6d43b,25842412,BUY,2502.23379499,0.0058683449
0xeaa9ebddd373c4bd8bb92dfcc9c7e7fcdb268e51,25842414,SELL,2499.37994203,3.8645248342
0x9eb9e9b2ba5c2665a16beaa8e137410358b6beaf,25842415,SELL,2499.05521813,7.5310347144
0xebedc8e9ff409b23dd251f87ccbffa8075f87255,25842419,SELL,2497.47318781,5.5138689717
0xf9a76b6cc35e701da5dfb3617c82fb3ccb0af856,25842426,BUY,2499.81923336,0.0002467654
0x5c161dfeb2c76a1c71cfb77c6b9306a465073550,25842426,SELL,2497.31677312,0.0009375851
0x5934e06498db785ff26807161ce9d09063231321,25842427,SELL,2497.05402762,9.3539830427
0x1ac54fd2749c920e8374a1937c5a83624a8c4b6e,25842427,BUY,2499.29018030,0.0397712922
0x6f0a91ef8adeb54db0e63be507747ab9a31d3926,25842432,SELL,2495.21439210,6.7670828276
0x091179e3c74e33545ce8cc07fa385827256cb84f,25842433,SELL,2495.02147827,0.0277750896
0x3aa90778657dd85db1c17541e1ee53681eb71db4,25842438,BUY,2497.54093453,0.0008860796
0xebedc8e9ff409b23dd251f87ccbffa8075f87255,25842443,BUY,2497.58985603,1.7392365025
0x9eb9e9b2ba5c2665a16beaa8e137410358b6beaf,25842444,BUY,2498.33132415,24.3456781877
0x1ac54fd2749c920e8374a1937c5a83624a8c4b6e,25842447,SELL,2497.17291990,0.1461165305
0xc1945e2b1dfd4c2ff1cd41233deec0b43221be49,25842456,BUY,2499.67918366,0.0000619031
0xbb52d41ad691623711db4a4f0db9a95aac93cdcc,25842456,BUY,2499.67228243,0.0002521719
0xdb34fdbc17aee965b61d0618dce9260d8969720d,25842456,BUY,2499.66980519,0.0002758628
0xcc8f163453670296f5717e50dfc126c1d5f9a6dc,25842456,SELL,2497.16912430,0.0005762105
0xd19feac523007808bce0a2a57d68288a339149a7,25842456,SELL,2497.16975806,0.0004296993
0x64e8a89bcbbf2e78990e6a1362a989da997c2f13,25842466,SELL,2496.28614697,4.8167698225
0xbf3d054daffb3c77c5332cfe8acb7dc24d3a9446,25842466,SELL,2496.13624010,0.4956250000
0xf9ad3a3f0a49d0b489211dc98960b2da016cc08a,25842468,BUY,2498.39504697,0.0004235931
0x81dc771e308c76c3e06f635abed7fb24830fb824,25842474,SELL,2495.71741590,3.4227420491
0xae317b3b2459e7a6d37b362781e0de2cca914b3f,25842474,SELL,2495.61976093,0.0002682981
0xde6f1fb3cb68c6491caa6a69c90018bfa28d493a,25842474,BUY,2498.11888761,0.0001599684
0xd5de4af40048742e0c093f1f187e944f373a37a2,25842474,SELL,2495.60605058,0.4985904000
0xeaa9ebddd373c4bd8bb92dfcc9c7e7fcdb268e51,25842477,SELL,2493.64290071,9.1776473574
0xfa6fd48c4a52aed2a21ac915e3bc334e2ece1b9d,25842484,BUY,2495.46541270,0.1323362814
0x8daa5f1d6000089cbf9583ae9cc836ee6a76fe3b,25842486,SELL,2491.38509049,2.6946651887
0xeaa9ebddd373c4bd8bb92dfcc9c7e7fcdb268e51,25842490,SELL,2490.73246327,10.5180006602
0x0f053e31010fd346f3f7c59d71a19566b41cabd4,25842492,BUY,2492.93203142,0.0987630115
0x574be013006558d0a5682a6b0508f02d147377bf,25842497,SELL,2490.44062039,0.0664831033
0x574be013006558d0a5682a6b0508f02d147377bf,25842497,SELL,2490.43642608,0.0827327868
0xe3e9e941ea6db3b9e986b614af2af756f4fd4b27,25842497,SELL,2490.43351175,0.0010315048
0xb7a99e2a66ffa6617f590a5136ef51adc0f432fa,25842497,SELL,2490.43272172,0.0003130376
0x732eed0b035ddec409a7b2bc6038b18c009374f7,25842502,SELL,2490.43174074,0.0270000000
0xc8111d00351765c64d301cdfc1848bf5ff2e23a2,25842505,BUY,2492.97914103,1.9850511348
0x0280b5a5292f815f2e5392006c6cd0c0bd5edaa9,25842505,BUY,2493.03542744,0.0007931484
0x4337009be43c7ecc9bfbde0f1780553aa065187e,25842505,SELL,2490.52767365,0.5321877874
0x81dc771e308c76c3e06f635abed7fb24830fb824,25842510,SELL,2490.26934444,8.6636952068
0x7ca6ee2ec77f0c1220f1181285e6b22653bff2d6,25842517,BUY,2492.01421064,0.2006409104
0x4ecec3b941e4c5f93cd8baf0187c122c0ff06948,25842517,BUY,2492.02419747,0.1543325556
0x987d38620319e0dec77fce6ea845773a63bae012,25842522,SELL,2490.54652163,0.0002498046
0x0fecd9daded0cb861ca73ca3a8b0fa9924dbfd8d,25842523,BUY,2494.25873954,2.8756154609
0x5b43453fce04b92e190f391a83136bfbecedefd1,25842526,BUY,2494.64393006,10.1105996973
0x81e3add2b2b6ee38558c8c5a347d4f79e7aeb98e,25842536,SELL,2490.77622607,0.1576245846
0x6acc3bb61a98da2c1baa6f59d7db2f7cf47f28e1,25842539,BUY,2492.73388673,0.0003060355
0x043aac412d479c21d61ca554186d40db06429a99,25842539,BUY,2492.74806674,0.0000277256
0xb889f8a09b43dd4f8ad73e0045d94b3a990b3ba2,25842539,BUY,2492.73229766,0.0001371736
0x7753a5b81e0add2d6965bcf94616d83d8af53192,25842545,BUY,2492.73354314,0.0005810196
0xf502d421c4a1975c851c811a5e5552d104dcfab4,25842554,SELL,2492.87087325,0.0013478087
0x8459ac2d2ec6c5726f18d6291f472c7149807660,25842554,SELL,2492.87008548,0.0006722805
0x68a406cfdda30d3a5b068e0ba0c09d4da0939bd5,25842562,BUY,2494.75620804,0.0002013327
0x1860d88506c21da0d58371959e838fd18107ca1e,25842562,BUY,2494.75389116,0.0002521355
0xc1c9147e0b26d3fb03b78fee9d7f4ef88315b9eb,25842562,SELL,2492.25714717,0.0003245528
0x9506cfc79db8b0fdac703fbd3e3697142b158070,25842562,SELL,2492.25682545,0.0339646485
0xeaa9ebddd373c4bd8bb92dfcc9c7e7fcdb268e51,25842563,SELL,2492.19206316,2.2643466916
0xb36ce3f521a1ff4b0cffb82ddd71f0a51fcf56ce,25842564,SELL,2491.88177880,8.7457624946
0x573a98c4b4f59c2ab7d5a2f5f1faeddf6b62c6e2,25842565,BUY,2494.13254312,0.0001207265
0xebedc8e9ff409b23dd251f87ccbffa8075f87255,25842566,SELL,2491.00200474,22.5044290014
0x5b43453fce04b92e190f391a83136bfbecedefd1,25842567,SELL,2490.13880782,8.2116278043
0x5c096ef846447cb935c5d247e4ab2a867ecc33a9,25842583,BUY,2491.04705370,0.0000308007
0xfb32b2613e2dfd54e50f91eedd1b4548651a1957,25842589,BUY,2491.76825315,0.0001061483
0xa0b768bfb126afcf4497b6061bd721e3a5f18565,25842589,BUY,2491.76159227,0.0001709068
0x47101fc99d4c0c6170bbc1458d7b1636496f2e93,25842589,BUY,2491.76409652,0.0002274208
0x2576538fc3a8332b90b5463a6227eb62c2ecdd9d,25842589,SELL,2489.26916563,0.0005850894
0x0397dd8782b8be3ba9f5f416373ca63d198f4f48,25842589,SELL,2489.26685999,0.0002715952
0x433702948d7be4201a2bcee6c349ad807c547a5d,25842596,BUY,2491.76142714,0.0043425249
0x0000000000d2492efc939be52291b4e8e919fb47,25842599,BUY,2491.76654496,0.0001406849
0x8ffa6dab99f8afc64f61bef83f0966ed6362f24f,25842605,SELL,2489.26002060,0.3452671894
0x10c34e4ca5efa425cab1b5a057a43463697e5eec,25842605,SELL,2489.24959885,0.0009472087
0x0d2a8fbb701caf991948dd0443827642562460b0,25842605,SELL,2489.24817614,0.0002020674
0x4f54f1e99a608df27151b549e49e7b17fd6801a6,25842607,SELL,2489.25178661,0.0012134317
0x4f54f1e99a608df27151b549e49e7b17fd6801a6,25842607,SELL,2489.24974529,0.0003252522
0x95dd8db1c0c066eba8c37cd1c6b4c895500b20f2,25842611,BUY,2491.74361235,0.0019082332
0x0413e9283ecaf9f9ce7b2ef859afbcf8c7116cec,25842618,BUY,2493.64682373,0.0001857681
0x7011f9098ec3b5306f1153e27b8adcf266f5b45d,25842618,BUY,2493.64838079,0.0002207268
0x92fe6cf1564d8059e86b93ccddc992f81a4ae3cc,25842620,BUY,2493.90250389,0.2390928326
0xa35caf2bba30ec00ae3901cec6c39b187ee45c06,25842623,SELL,2491.31468447,0.0007394979
0xb7a99e2a66ffa6617f590a5136ef51adc0f432fa,25842623,BUY,2493.81253219,0.0002471429
0xb36ce3f521a1ff4b0cffb82ddd71f0a51fcf56ce,25842626,BUY,2494.02397475,7.6159707390
0x9eb9e9b2ba5c2665a16beaa8e137410358b6beaf,25842630,BUY,2494.59255509,3.0281775160
0xda093e623d3e68f34303ef6ce8061fdbe90036b5,25842636,SELL,2492.18363164,0.0009175472
0xf502d421c4a1975c851c811a5e5552d104dcfab4,25842636,BUY,2494.67870748,0.0002757389
0x9eb9e9b2ba5c2665a16beaa8e137410358b6beaf,25842639,BUY,2494.88938652,7.4695082182
0x790f117af8169487725a1c3e92828176042cfc88,25842641,BUY,2495.54694400,1.8086215572
0x5b43453fce04b92e190f391a83136bfbecedefd1,25842643,BUY,2495.72418830,3.5795297617
0xa60ded4c899e7560dc4ca56b57fbab25c90addeb,25842644,BUY,2495.88496740,2.1125492216
0xf73644da46ab85da864fc4284322f489134ee82c,25842644,BUY,2495.94478356,0.0049920976
0x9ac9996bdd91c6b1329e158fe60c4809467563de,25842647,SELL,2493.98587453,0.0004095352
0xfb32b2613e2dfd54e50f91eedd1b4548651a1957,25842647,SELL,2493.98660677,0.0003934652
0xa64af6648d75818c44486ab4b539fd4016411d0f,25842647,SELL,2493.98557740,0.0005035181
0x741fea7c6ca113ce978ff7a6093861eb8ae71691,25842654,BUY,2497.35625622,0.3420901563
0x9eb9e9b2ba5c2665a16beaa8e137410358b6beaf,25842659,BUY,2500.03177054,16.9958541658
0x67cac6244fca3f1feb2549c3c77d30e729248314,25842659,BUY,2500.51251572,0.0004955732
0x1a9a2fa7246e781fce3a5933777dfff3af0524ea,25842660,SELL,2497.63714764,13.2874552652
0xefd7239d8b453df2904da791b19af65e33eed9b3,25842660,BUY,2499.76936730,0.2727496604
0xf502d421c4a1975c851c811a5e5552d104dcfab4,25842661,BUY,2500.34665086,0.0004082054
0x1955a4b9d3586b02675794c70f8984aeaf694823,25842665,BUY,2500.35608037,0.0000650155
0x1ac54fd2749c920e8374a1937c5a83624a8c4b6e,25842666,SELL,2497.84417890,0.0394150195
0x43370371e0bb085d04d02a815230aaf67b35ef25,25842668,SELL,2497.09980592,0.0043165267
0x5b43453fce04b92e190f391a83136bfbecedefd1,25842669,BUY,2499.72334915,4.4092756451
0x7cd2e1f1872852d24514736c4af65dd058bb182b,25842670,BUY,2499.88177781,0.3005131165
0x574be013006558d0a5682a6b0508f02d147377bf,25842672,SELL,2498.17430642,0.0021606359
0xb28837949e7a3f1ac862036e8a0ae392c9ff9bb4,25842673,BUY,2500.76798153,0.0764250616
0xfc9928f6590d853752824b0b403a6ae36785e535,25842673,SELL,2498.27006781,0.0009999631
0xe19635704ae3b77bc993358ff515d10cceae0ce1,25842675,BUY,2500.85219678,2.9031334372
0x6ad61fb27aa589aef552e4b57bfe31698b960f4e,25842678,SELL,2498.43392716,0.0005402288
0x26a94decc0da1c7bd8de571be4b8b60344cd2095,25842678,SELL,2498.43281847,0.0002293914
0xf4f7d4dd847c13631f31a7604507630a9ba005f7,25842678,BUY,2500.93611717,0.0003171177
0x6ba6d6eb3e453eea1a93b76d8161144b67a7e916,25842678,SELL,2498.43399499,0.0002068268
0x50bf934781f63028c5c8ef49c4affe19a86d99b6,25842688,BUY,2502.59307786,7.8678691966
0xeaa9ebddd373c4bd8bb92dfcc9c7e7fcdb268e51,25842690,SELL,2500.18524466,4.5780769831
0xcbc76807fdc08e28ad16ec905a10205f9092bbe9,25842691,SELL,2500.04674794,0.2808674916
0xebedc8e9ff409b23dd251f87ccbffa8075f87255,25842693,SELL,2499.33275571,8.7805898566
0x2acfc7694c0b1df4ccb8ce6378ffecd30ef553bb,25842693,SELL,2499.07844856,0.1435792559
0xa8ecbc0cb4c0c5b0a5a8c4d3e6028451540a66a9,25842694,BUY,2501.58151434,0.0000819490
0x6f0a91ef8adeb54db0e63be507747ab9a31d3926,25842700,SELL,2498.42409373,5.2015538677
0xf53ee647b25f90a39a0de39ae64a247bbaacdd89,25842706,BUY,2500.78173386,0.0001450678
0x1860d88506c21da0d58371959e838fd18107ca1e,25842706,SELL,2498.27590572,0.0004626619
0xf86f2fce12c3e8159899ff95bf0d950097678fb8,25842706,SELL,2498.27704153,0.0006630253
0x6f0a91ef8adeb54db0e63be507747ab9a31d3926,25842710,BUY,2501.37164193,12.9605341964
0xeaa9ebddd373c4bd8bb92dfcc9c7e7fcdb268e51,25842713,BUY,2502.15947920,7.3808107898
0x9eb9e9b2ba5c2665a16beaa8e137410358b6beaf,25842715,BUY,2503.03990214,6.1401302711
0xc8df1a5953aa7f62a35ff1501e0c10eb3c33ebfe,25842717,BUY,2503.37162464,5.4730425128
0x6f0a91ef8adeb54db0e63be507747ab9a31d3926,25842718,BUY,2503.65691509,4.5128162772
0x9eb9e9b2ba5c2665a16beaa8e137410358b6beaf,25842723,BUY,2505.70322045,10.3959640561
0xbee841c6900a1947443f5ce6f72f774ecdce9541,25842725,BUY,2506.00118389,0.0003430294
0x062ab0e5f1b3127e87c6bebe21093f988210a0e4,25842728,BUY,2506.00208364,0.0002686502
0xec56b970ed8393a6f20f6e8997f4c32bd3529e4b,25842728,SELL,2503.49517726,0.0006606959
0xb36ce3f521a1ff4b0cffb82ddd71f0a51fcf56ce,25842730,SELL,2502.91469450,20.3247877843
0xe85091501587b32a323be2512b36fab392d7c6bc,25842738,BUY,2504.69612941,1.0001226754
0xeaa9ebddd373c4bd8bb92dfcc9c7e7fcdb268e51,25842739,BUY,2504.81188362,3.0483632463
0x7448a2b47d09209230fb75f34d56d552f004baa2,25842740,BUY,2505.32771201,1.0413548130
0x81dc771e308c76c3e06f635abed7fb24830fb824,25842741,BUY,2506.54622410,72.5144557350
0x581528b39eb517bfe392f6a847d5fbc6f65219de,25842742,BUY,2507.30154873,1.1020507906
0x02ab69f610e34211e749bee493fd0138fe5c818f,25842743,SELL,2504.81061576,0.0048085827
0x4f54f1e99a608df27151b549e49e7b17fd6801a6,25842745,SELL,2504.82581000,0.0016721043
0x4f54f1e99a608df27151b549e49e7b17fd6801a6,25842745,SELL,2504.82545233,0.0012219167
0x64e8a89bcbbf2e78990e6a1362a989da997c2f13,25842754,BUY,2507.42326029,8.5661001571
0xeaa9ebddd373c4bd8bb92dfcc9c7e7fcdb268e51,25842756,BUY,2508.30063914,42.8176116547
0x3203e4dc21054a0a31d5ccc6d0e9187d9b687250,25842756,SELL,2506.26185448,0.0010152407
0x47f8d339a50d6e3b46fbceb581936cbfd7270d8f,25842758,BUY,2510.30580504,1.5416583745
0xd7e47303ffcbb74e5d11261e30ed46fba19be613,25842760,BUY,2510.37067427,0.0000478125
0x672d39a229d104b31bdde971f6eb5088e41b2df9,25842760,BUY,2510.35295194,0.1015102362
0x979159f671779a9be573c8a1217ddbe9990e24f9,25842761,SELL,2507.84418751,0.0006830672
0x81dc771e308c76c3e06f635abed7fb24830fb824,25842762,BUY,2510.44107560,3.0202156612
0xa5a5491bca93dd4c076e4906e79e7673f4a5a142,25842763,SELL,2508.01748346,0.0102136625
0xeaa9ebddd373c4bd8bb92dfcc9c7e7fcdb268e51,25842764,BUY,2510.66879116,4.9415623868
0xebedc8e9ff409b23dd251f87ccbffa8075f87255,25842769,SELL,2508.79881384,23.5133387686
0x041f7e03feb2e276f11c5cfc2cb08c0d50dc4e1a,25842769,SELL,2508.08483245,1.3828398127
0xebedc8e9ff409b23dd251f87ccbffa8075f87255,25842772,SELL,2506.52634066,1.2366326740
0xaa2eb2ecc04069ad8c9ce48c18e0e580f35f2fe0,25842772,SELL,2506.48830338,0.0003574914
0xdad5bf286bba4def2289721b23021d952de2f4d1,25842774,BUY,2509.00741504,0.0000498910
0xa1dc82545ab9df30e88eab66d41c7668596ef289,25842774,SELL,2505.95290349,4.7471771223
0xbbde9f0c24b6f59d7e828bb4e129992be0cdc237,25842775,SELL,2504.78637269,117.3469760472
0xd90acddac86eeeaba70f35a218929c795621607e,25842780,BUY,2505.63801399,0.7481776627
0x6f63d6bc239030951f694a6da78b2d4d54e6fe97,25842781,BUY,2505.66013927,0.0244226138
0xdb61db256a30f3ef46110b8e2520aaec0db08153,25842781,BUY,2505.74784368,3.0422428096
0x2c1b3240631826cd4f9a894a207c09b6e861dce8,25842784,SELL,2503.54512598,7.9224709633
0x11ba2854c76f7596095e30e8019269ea6defdb21,25842786,SELL,2503.19297667,1.8000000000
0x4337005db25dbad41da5692ba1188751ee5d98b6,25842790,SELL,2503.10026454,0.0024292667
0xeaa9ebddd373c4bd8bb92dfcc9c7e7fcdb268e51,25842793,BUY,2506.88034956,1.6774022991
0xfc07f3a0a665765b8dd34913cfba7e865b099e47,25842794,SELL,2504.37201574,2.6632364385
0x2896f175338fefc10838f37fc885aa246c073e68,25842797,BUY,2506.85472855,0.2004012439
0x811b914ad942b918fa47258e4f9c2720e04c8046,25842802,SELL,2504.01259392,0.0010065552
0xe594bd24d67a33091a85f2d9bfb7aad959671e10,25842802,SELL,2504.01284497,0.0005578949
0x94ff1cf59f9df3ca2432257e9204ad1a59a1313f,25842809,SELL,2503.95724154,0.1772009600
0x5e2a3daaf86cede3392f77616cede2de0d3bd3a0,25842810,BUY,2507.12881328,1.1439546069
0xee6b2d31be8bf500ccdc6db9f9265de4df7d44a3,25842811,SELL,2504.90548232,0.0002970064
0x5b43453fce04b92e190f391a83136bfbecedefd1,25842813,BUY,2507.45130723,4.0788830900
0x1b9ae6cc81da993aeef153bb3d407f9ee4dcdb23,25842813,BUY,2507.50607525,1.6455173312
0xfc07f3a0a665765b8dd34913cfba7e865b099e47,25842813,SELL,2505.00156118,1.3986541543
0x2073b66eca135cd534abe94bce997297dcc49d94,25842816,SELL,2505.06176489,0.0086254500
0x749fe1885440ba5ec7381c9fde06fd05b83c4c5c,25842816,BUY,2507.56945477,0.0790829337
0x5b43453fce04b92e190f391a83136bfbecedefd1,25842818,BUY,2507.88390640,14.2567672864
0x29a7d5669c08e765e3214eac4a1b409fa9a987d8,25842819,BUY,2508.08838629,7.1093456971
0x749fe1885440ba5ec7381c9fde06fd05b83c4c5c,25842819,BUY,2508.15719933,0.0790644450
0x749fe1885440ba5ec7381c9fde06fd05b83c4c5c,25842819,BUY,2508.16362161,0.1976606058
0xccfdc55f3219a9cb5cce713f05c45e5ea3e7b22e,25842819,BUY,2508.19370905,0.0000187167
0x028cd459311204e4b467a8be3616331410c978f1,25842826,BUY,2508.15996352,0.0001496240
0x9ac9996bdd91c6b1329e158fe60c4809467563de,25842828,SELL,2505.65014076,0.0003520986
0x811b914ad942b918fa47258e4f9c2720e04c8046,25842828,SELL,2505.64913023,0.0003808267
0x3468b8a6cf064bcaa7eb217cdf0e670e18f1d47f,25842828,SELL,2505.65013462,0.0004414910
0x6f0a91ef8adeb54db0e63be507747ab9a31d3926,25842830,SELL,2504.78380227,90.7466870051
0xf5fcc682316ef743a80110dcf1e2ed28c2ad4086,25842831,SELL,2503.79528780,12.7793457528
0xe1a91105d24b9620494e560be465c779bf718935,25842831,BUY,2506.19472792,0.0000606804
0xf4941a6b0138ff012494672a611fc1df985582d0,25842831,BUY,2506.20256101,0.0000375947
0x571b01c14d4b5ebb9cef01c9d41b6a2fc930c0f8,25842832,BUY,2506.44957937,39.6999987492
0x571b01c14d4b5ebb9cef01c9d41b6a2fc930c0f8,25842832,BUY,2506.84059489,0.0728623421
0x571b01c14d4b5ebb9cef01c9d41b6a2fc930c0f8,25842832,SELL,2504.33438230,0.0715255735
0x25ed9bb400c5be8b76d83b2bbbed4ac1c1c4379c,25842833,SELL,2504.28919865,0.1697236790
0x6f0a91ef8adeb54db0e63be507747ab9a31d3926,25842834,SELL,2504.09414406,19.5289879281
0xfd69c03f17b7705673c2d4260c7d512ed636ab83,25842834,SELL,2503.90763878,0.0024677196
0x510221813f79c4eae2e8709616520d1d836e5208,25842835,BUY,2504.66216038,0.0000177377
0xc3959d4e9fa6c47849ff1dd3d7050f71f58b955f,25842836,BUY,2504.45945102,0.9258020249
0x8d36163e8b2e4f47a0c22d6554449c606fe02425,25842837,BUY,2505.13315169,0.0000841269
0x417025fdcf8d216855a062f4bb3fdc273a52a620,25842839,BUY,2505.62475485,0.5189421594
0x4c5213672f972ae8e3d39d7e3e83d47d39e2f739,25842841,BUY,2506.31310869,2.0811868545
0x2b8bc202d18b08d1a8d3d8b55a9569e6a9b8526c,25842844,SELL,2503.52697351,19.3179900000
0xdd2d158a5083ef7d32f059c312eebb788867ad24,25842846,SELL,2502.28148126,16.9510009536
0x811b914ad942b918fa47258e4f9c2720e04c8046,25842852,SELL,2501.24804565,0.0004909741
0xd219728d010913886a3023a8f39f59c610b500d4,25842853,BUY,2503.38884248,0.0000661212
0xf73644da46ab85da864fc4284322f489134ee82c,25842857,BUY,2502.64091737,0.0098935488
0x719e7fe896dbf644859a13111dcaf5f18bf0c74c,25842857,BUY,2502.64145041,0.0043597536
0x54311711f6f2b02cdb2b4a437999b225d7ae487b,25842860,SELL,2500.69940013,0.3541049356
0x00d9ff58dc96c87e21ebcffdb8f5bd85df2e2e65,25842866,SELL,2500.74425392,0.0019048933
0xcc8f163453670296f5717e50dfc126c1d5f9a6dc,25842866,BUY,2503.24778313,0.0000926093
0x7bf30399dba8051c2bf191afe2cd07ea4e064625,25842867,BUY,2503.94523702,24.4543474832
0xdad5bf286bba4def2289721b23021d952de2f4d1,25842869,BUY,2505.59479147,0.0000568304
0x5b43453fce04b92e190f391a83136bfbecedefd1,25842871,BUY,2507.86429321,65.8645359724
0x1c3bbadc2f9163fb038180caade4045f8fc95512,25842871,BUY,2508.54508586,5.2755441278
0x6f0a91ef8adeb54db0e63be507747ab9a31d3926,25842875,BUY,2509.50628291,7.3308149050
0x265093acf17892db3776e212cfcfd4002a475125,25842875,SELL,2507.20652970,0.0009635800
0xb5dc983e1f379e93473e9c3c0e9e564657834895,25842875,SELL,2507.20675105,0.0003619438
0x51301f41c8f83fbdffaeee11f846e9c114fb8046,25842878,BUY,2509.85899537,4.9771250493
0x7b2054f72aab694283f7a87acca8045ff4466ad9,25842882,BUY,2509.61407388,0.0001357627
0xc8df1a5953aa7f62a35ff1501e0c10eb3c33ebfe,25842883,SELL,2506.76502063,11.7176769219
0xb36ce3f521a1ff4b0cffb82ddd71f0a51fcf56ce,25842884,SELL,2505.94288266,34.0798744944
0x790f117af8169487725a1c3e92828176042cfc88,25842884,SELL,2505.57206295,3.5220878994
0xe1a56ea785c1ebfe33a5bbb9e29c910cbfbba965,25842884,SELL,2505.50026086,3.9924867685
0xdc86f7b9371a40e9324471555653e8a920f16e6c,25842886,BUY,2507.08811452,0.0000290636
0xd0a6db95f52d2a0285bf2f920c9bd527407b47a8,25842888,SELL,2504.55756263,0.5350094256
0x4337032d9c9291f05bebded166d947f22b25fa00,25842889,SELL,2504.52377594,3.0030857939
0x048f5d93b4d2784c9e87c05af48826431efa7674,25842889,SELL,2504.49230703,0.2922260667
0x7073928aa37b1648e3390f5a5977aa512ea63192,25842891,SELL,2504.37472934,12.0215420505
0x953572ff7c79479e50be86d13af9a19f73a4c6b8,25842894,SELL,2502.37227224,9.8975356680
0xa0b768bfb126afcf4497b6061bd721e3a5f18565,25842913,BUY,2503.01112828,0.0003046191
0xbbc55a110f4ae2518530ae7da5a8ff20b1204df3,25842913,BUY,2503.01775798,0.0000483868
0x8d5184078e33d67128965f6e4e4cb15e5f927499,25842913,SELL,2500.50356722,0.0003115828
0xb53c46d6c677f30a891ada9abf82d4c31cc181e1,25842913,SELL,2500.50411792,0.0004677441
0x7753a5b81e0add2d6965bcf94616d83d8af53192,25842924,BUY,2503.36233684,0.0002768505
0x8247c3ad4085c06f7ae6317b6a2b1ae14b770969,25842924,SELL,2500.85746730,0.0006528341
0x594c151eb23e9c66b0ca6a67a58f21efc0b9076b,25842924,SELL,2500.85638824,0.0006929242
0x3bb9d6a5bfadb20df35e75658a00f6036417b113,25842924,SELL,2500.85588904,0.0003567799
0x6f0a91ef8adeb54db0e63be507747ab9a31d3926,25842926,BUY,2505.03706169,7.2025552895
0x5c4406d015e99a3c217296447bbda537ecd3047c,25842929,BUY,2506.54234190,3.0151474239
0x9256c2322129612cae46da93e1e1f50832748e7d,25842939,BUY,2506.58496162,0.0000678716
0x068b623b5cc23300f6a44b1fe31bb213db031c33,25842944,SELL,2503.86870980,20.5843047957
0x6ba6d6eb3e453eea1a93b76d8161144b67a7e916,25842947,BUY,2504.93720827,0.0002535265
0x9c6825c145875b289a0bd88ea362073ab3e2f42f,25842952,SELL,2501.41915933,0.0004296113
0x5a62ae739a4b8e8d357b35547be58eac3c4b36ad,25842954,SELL,2501.18995992,8.0551939380
0xbc0f164dc809720ee80569c79660f2f5aa9dce0d,25842954,SELL,2500.76643324,6.8021615209
0x2deeeeeb6281a359bc42f2b0f409a92493b2e774,25842961,SELL,2499.77106992,0.0005545672
0xeaa9ebddd373c4bd8bb92dfcc9c7e7fcdb268e51,25842963,SELL,2499.63895428,4.6942929330
0xada5bb90d0de0bd1b6f3938708f49295a8d1f7cb,25842963,SELL,2499.50356705,0.0587715865
0x953572ff7c79479e50be86d13af9a19f73a4c6b8,25842967,SELL,2499.43506542,2.3460440986
0xe4faaa80ccf723976655c1815386d1b13303cc64,25842979,BUY,2501.61360021,0.0016643989
0x05212522e46c3ae5ed322c18b47c3c6e6c00def1,25842982,BUY,2501.76112882,0.1261311163
0xda093e623d3e68f34303ef6ce8061fdbe90036b5,25842982,BUY,2501.76761063,0.0002464601
0xb72351e449adb20fccf37cac2e5e0b4abed9b039,25842987,BUY,2501.76491236,0.0079304014
0xb12f4baeb61c8fd0692ea6ab9577b5f1c3c77315,25842989,BUY,2501.76736645,0.0000647099
0xb65a1d68fe530f028c911159a06c417f045be086,25842989,SELL,2499.26472986,0.0002356473
0xfa5a2c4367b465e0157dabb74cbba5805811a5b5,25842989,BUY,2501.76683820,0.0005610575
0xb72351e449adb20fccf37cac2e5e0b4abed9b039,25842992,BUY,2501.77494881,0.2951571908
0x2868c6ef106b660f2f4a013b827de70451cee291,25843001,SELL,2498.69967028,0.0002634190
0x3730022035716be9c0f08e9f077ff5caf28cc0c1,25843001,SELL,2498.70144674,0.0005886349
0xa2039e98be6a921a78ce36dd48286ddea55638bc,25843006,SELL,2498.63504873,2.3784515750
0xda5bdbe4d105d959b97ade7a4dee2339a8c84bbb,25843007,SELL,2498.52602564,1.6468570000
0xff1a0062bcaf48c4d35b2137ea9843a74e766fcb,25843008,SELL,2496.78791795,60.0000000000
0x4b2e310b10c9e7cd048c7378c24be1f806659d4f,25843008,BUY,2498.32170903,25.8242120136
0xbeef1aae567dc59b8ebe153089057c08ed932542,25843009,BUY,2496.21702842,19.9871188827
0xbeef1aae567dc59b8ebe153089057c08ed932542,25843009,BUY,2497.63506000,29.9636567979
0xbeef1aae567dc59b8ebe153089057c08ed932542,25843009,BUY,2498.76927320,9.9833520107
0xbeef1aae567dc59b8ebe153089057c08ed932542,25843009,BUY,2499.05207181,0.0378174585
0x51301f41c8f83fbdffaeee11f846e9c114fb8046,25843009,BUY,2499.35374779,10.6587644640
0x888c62b2361c193329e8934d85ceb04a5fd4bba0,25843013,BUY,2496.02182497,30.7336049142
0x2f1fff56fb0969d34972c2646c0d8f3541111f1e,25843013,BUY,2496.99135923,0.0499531060
0xff1a0062bcaf48c4d35b2137ea9843a74e766fcb,25843014,SELL,2492.31148457,77.4000000000
0xa902479cab22abf7c2b3008b20919405a8c961da,25843014,BUY,2493.44548464,29.1378629257
0xb77057bfa0623ff7ec4116bfec2aaf4dcdfd41d9,25843014,BUY,2496.63930958,0.4957122317
0xb77057bfa0623ff7ec4116bfec2aaf4dcdfd41d9,25843014,BUY,2496.66110406,0.2718220278
0xc91d8f544898cd9c9d38fdd477b7930710e3f830,25843015,BUY,2493.41555237,4.4827783216
0xc91d8f544898cd9c9d38fdd477b7930710e3f830,25843015,BUY,2493.72961383,6.6768432839
0xc91d8f544898cd9c9d38fdd477b7930710e3f830,25843015,BUY,2494.01643414,3.4981986588
0xc91d8f544898cd9c9d38fdd477b7930710e3f830,25843015,BUY,2494.16144347,1.6444500967
0x49719d256a5ea16bfa579ea16e95bea9fa41a452,25843015,BUY,2494.21412060,0.0865202383
0x53706e1a50e21d81f4e85f2aa69633ae4a869017,25843015,BUY,2494.50621339,0.6638956107
0x333c92538e7f47d17c79e5975d4e40e901427558,25843016,BUY,2495.66035859,0.0500233189
0xfc1bb45d36b867692933642afe7b19baaaade604,25843016,BUY,2492.87210039,0.9648536303
0x20d501f81341de698df6df659d425e634892f8a0,25843016,BUY,2493.72495656,4.7566023473
0x48b8470fd956b5778fded969cfa8e0fefd24c55e,25843016,BUY,2494.36449611,3.2072297423
0x6d1ff977357b215cd1739660d49e794a676c3e03,25843016,BUY,2494.82336439,0.2346307439
0x18f96764c0785767e794f82e89b8b34f922dc8bf,25843016,BUY,2494.83516852,0.0990977761
0x417025fdcf8d216855a062f4bb3fdc273a52a620,25843016,BUY,2494.90354667,0.0789541352
0xc0defae83d2f76fb796190cbdea67c667dacc46e,25843016,BUY,2494.90851928,0.0969535056
0x480a15f9fdb1757d1db6cedc620772553f496637,25843016,BUY,2495.59472807,0.1500276510
0xc35190879d38e1c117e47996073b3f4dc5b0853c,25843016,BUY,2495.60065273,0.0601057705
0x7bf30399dba8051c2bf191afe2cd07ea4e064625,25843017,BUY,2496.03807577,15.4254693359
0x8d0521c7748e47369794cd346fb61ad31b0a2b03,25843017,BUY,2496.47738562,0.0851199379
0xff1a0062bcaf48c4d35b2137ea9843a74e766fcb,25843018,SELL,2491.72939299,80.0000000000
0xc98ba84ac58857bb6ac03a7e6bcce6a7522f8dac,25843018,BUY,2496.25723370,1.2111340867
0x791b42ce39b677bcb667583c022a1fcd950f5021,25843018,SELL,2493.79524854,0.0003275024
0x7b2054f72aab694283f7a87acca8045ff4466ad9,25843018,SELL,2493.79535101,0.0002411401
0xff1a0062bcaf48c4d35b2137ea9843a74e766fcb,25843021,SELL,2491.12323688,110.0000000000
0xf325989cf4ee110fadd25d4967f28c17b5b90c4f,25843021,BUY,2491.22118379,13.3757199115
0xf325989cf4ee110fadd25d4967f28c17b5b90c4f,25843021,BUY,2491.82966651,8.2850475193
0xf325989cf4ee110fadd25d4967f28c17b5b90c4f,25843021,BUY,2492.06752437,0.1798973016
0xf325989cf4ee110fadd25d4967f28c17b5b90c4f,25843021,BUY,2492.08185376,0.3301695339
0x000000000121d39fc0e48f7aa4fa1fbb819c377c,25843024,BUY,2496.24722709,0.8212789670
0xfc4852253407c685f8bda910cd1159939b989a59,25843024,BUY,2496.27206710,0.0027927973
0xfc4852253407c685f8bda910cd1159939b989a59,25843024,BUY,2496.27233999,0.0017935623
0xebedc8e9ff409b23dd251f87ccbffa8075f87255,25843026,BUY,2496.44656684,1.6485771319
0x3248615cdfdd531cb7ed81c6f4900be7f91a720d,25843027,SELL,2494.59079862,0.0003082161
0x3131f201bc68c615e289fcfdd6ead12e8a94c768,25843029,BUY,2493.68893302,118.5822806893
0xc740014f85fa2f701da0ef58bfa3c8d4f907d7f3,25843031,BUY,2494.95277663,1.2107062993
0xff1a0062bcaf48c4d35b2137ea9843a74e766fcb,25843032,SELL,2489.82821935,94.8000000000
0xeaa9ebddd373c4bd8bb92dfcc9c7e7fcdb268e51,25843035,BUY,2495.41693892,4.3029443026
0x0397dd8782b8be3ba9f5f416373ca63d198f4f48,25843035,SELL,2493.04281454,0.0006105022
0xb7bbab70003eea9ed12e4424498827dba449863d,25843035,SELL,2493.04207163,0.0002243817
0x6f0a91ef8adeb54db0e63be507747ab9a31d3926,25843036,BUY,2493.89456156,2.2365436210
0xd034065a2df27dfe9400030a659e5509bcb6a8f5,25843036,BUY,2494.07073759,1.5379965116
0x1ab6d62037fa7deaa29cb54ce10eb8020633f71d,25843037,BUY,2494.75573221,22.7486086759
0xf1d1aba8bd488c0f0b1ea4d2085b243091f9d410,25843037,BUY,2495.40850695,0.0000691217
0x02139ab36e4b3dd88c286c5c53306f08258e4d53,25843038,BUY,2495.39864152,0.0373393343
0xff1a0062bcaf48c4d35b2137ea9843a74e766fcb,25843040,SELL,2491.34204642,66.5420000000
0x6f0a91ef8adeb54db0e63be507747ab9a31d3926,25843043,BUY,2494.76002457,2.7137039476
0xaed4cd211719e1f955834e2254f223e205efd0c9,25843043,BUY,2494.84003832,0.0000967321
0xbee12bd9a3b777b29fecf6097f18aec13db6e013,25843044,BUY,2494.89949693,2.2322317391
0xeea9bef29f7af113daafffeffbdf483db151dd1f,25843045,BUY,2495.82770388,30.6425005697
0xdd2d158a5083ef7d32f059c312eebb788867ad24,25843045,BUY,2497.18991352,17.4164200406
0x6f0a91ef8adeb54db0e63be507747ab9a31d3926,25843055,SELL,2495.11321959,2.5028606073
0x6ad61fb27aa589aef552e4b57bfe31698b960f4e,25843055,BUY,2497.54304716,0.0001636488
0xd140070ad24809909b28bcb848dbf13455f1c2ff,25843055,BUY,2497.81121518,0.0000032877
0x5b43453fce04b92e190f391a83136bfbecedefd1,25843056,SELL,2494.91070649,4.6294847250
0x24ba492c733bd2dcd9bbb82701ee319372d502b6,25843056,SELL,2494.77889640,0.0165623242
0x5926a5244bc6bec6c5b1892288db2e4b858f7583,25843058,SELL,2494.05380375,0.4199279123
0xabb2acd3be814a80e502575d6c1dc5f789e9cd10,25843059,BUY,2496.50401487,8.9670791714
0x3468b8a6cf064bcaa7eb217cdf0e670e18f1d47f,25843060,BUY,2496.46501293,0.0001832387
0xf0da142a9c945bb1d7b991953a456b68465f5c71,25843061,SELL,2493.95620136,0.4046241973
0xeaa9ebddd373c4bd8bb92dfcc9c7e7fcdb268e51,25843063,SELL,2493.75026035,3.7026640970
0x5ed35a54d2cfeb531c9070ed4dfc27c305344ada,25843065,SELL,2493.24431225,0.0275399088
0x95dd8db1c0c066eba8c37cd1c6b4c895500b20f2,25843069,BUY,2495.75388474,0.5387316114
0xca1a9369ab0340725f14477b5974886557063367,25843070,SELL,2493.09280033,0.0003984003
0x17476e9296a266e47f4924b91d147f71eb55fc05,25843071,BUY,2495.59852775,0.0000746995
0x95dd8db1c0c066eba8c37cd1c6b4c895500b20f2,25843073,BUY,2495.59902800,0.4060981619
0x5b43453fce04b92e190f391a83136bfbecedefd1,25843078,BUY,2495.78495457,6.1812533407
0x5e2a3daaf86cede3392f77616cede2de0d3bd3a0,25843078,BUY,2496.00323186,1.5511280825
0x52652cc02ec71e8565a70e82f66b1066cf0152f2,25843079,BUY,2496.35998854,11.0451739599
0x9da5ddd3e86c2d4efff948fc9d255fdb3f91d701,25843081,BUY,2498.96634596,0.0001073620
0xe20446cccbfd5f9038e747f1dea8016ecbd94ae5,25843082,SELL,2496.38808247,0.0186516577
0x085fb8287c34e0bdf2e2e1459238d5d881b44b6a,25843082,SELL,2496.38434749,0.1154143457
0x9b2b3f464baf2d3c512d87ba52efc77dff897b16,25843083,SELL,2496.32059074,1.1062830392
0x47101fc99d4c0c6170bbc1458d7b1636496f2e93,25843084,SELL,2496.28562760,0.0004965081
0xb36ce3f521a1ff4b0cffb82ddd71f0a51fcf56ce,25843086,SELL,2494.98347905,14.5465748779
0x354d1ef143bc6f81924c01261cf55b5ab1d7f448,25843087,BUY,2497.06756058,0.0079170930
0xb36ce3f521a1ff4b0cffb82ddd71f0a51fcf56ce,25843093,SELL,2493.12994900,9.2791308501
0xdf67d17712dd422c4f84888fd9d0e62a17a1aba5,25843097,SELL,2492.22514173,0.0502368000
0xa127edc40fea07cdff89f8d812931f612ec13fa6,25843099,SELL,2492.18883290,0.6061974775
0x749fe1885440ba5ec7381c9fde06fd05b83c4c5c,25843103,SELL,2492.14181677,0.3004165738
0x7f7a01103cdd4be0e594c1e78d2dbd2cf13362d0,25843105,SELL,2492.12714608,0.2204975500
0x47101fc99d4c0c6170bbc1458d7b1636496f2e93,25843107,SELL,2492.11834143,0.0003694596
0x6b2d67881b8bf6d66b2ab480bc94b2aba10b9c6b,25843107,SELL,2492.11851234,0.0002075612
0x6c77106d04edf500dbba336cd48c74a12f90148b,25843107,SELL,2492.12060486,0.0002393303
0xc50d9ebbb0e2d80e8856d8e269da937f0ebeade0,25843113,BUY,2494.61767287,0.0034826724
0x953572ff7c79479e50be86d13af9a19f73a4c6b8,25843120,SELL,2492.11749374,1.9651654841
0xc1595a1cc7c06f81b112418156b9d0640eb2aa0d,25843120,SELL,2492.06023992,0.0004876580
0xaa2eed37a204135cba301f5426b2de5c59835e00,25843120,SELL,2492.06053388,0.0002316128
0x8b906c704f55d660b855fe44c18a7221467276a8,25843123,BUY,2494.55960410,0.0000943313
0x2868c6ef106b660f2f4a013b827de70451cee291,25843126,BUY,2494.56742758,0.0000595839
0xddd405336c13db1ccbf577f64b43890d9c386f7d,25843127,SELL,2490.43656524,57.8214792041
0x0640f8405903053ec2a33b40858e478ceadcdc8c,25843127,BUY,2492.28337024,1.2017403505
0xa8ecbc0cb4c0c5b0a5a8c4d3e6028451540a66a9,25843128,BUY,2492.45826033,0.0001200831
0x6f0a91ef8adeb54db0e63be507747ab9a31d3926,25843130,BUY,2493.12111069,25.5916912827
0x37b716ac29d8ed21ddf623d9745378d543f25d90,25843133,SELL,2491.34734379,0.0007073510
0x3bade64311cc5f34936c7eb80d12803690b6ac0c,25843136,BUY,2493.85495669,0.0000436264
0xc3b53d0a60bb5769280dc5af9f8e64bae4d084d0,25843138,SELL,2491.34711202,0.0008517830
0x13c4711d19bba8f5f91ee8fe62926b2f1050f35a,25843140,BUY,2493.84529576,0.1476612489
0xebedc8e9ff409b23dd251f87ccbffa8075f87255,25843143,SELL,2490.71929672,22.6681668959
0x21378e678a111691a60fa688c72d61439e124c8f,25843145,SELL,2489.20383508,9.4932219869
0x81dc771e308c76c3e06f635abed7fb24830fb824,25843149,BUY,2492.21534219,8.7932514298
0xf6b4cbf5f6211645cb251ab5e111f0a8881259ec,25843153,BUY,2492.57632990,4.0503445559
0x10c34e4ca5efa425cab1b5a057a43463697e5eec,25843154,BUY,2492.69149318,0.0002236414
0x790f117af8169487725a1c3e92828176042cfc88,25843168,SELL,2492.73892924,2.4917900114
0xb36ce3f521a1ff4b0cffb82ddd71f0a51fcf56ce,25843169,SELL,2492.07050196,21.2387372128
0x2deeeeeb6281a359bc42f2b0f409a92493b2e774,25843169,BUY,2493.97022588,0.0000902926
0x9c6825c145875b289a0bd88ea362073ab3e2f42f,25843169,BUY,2493.97251484,0.0000989017
0xb36ce3f521a1ff4b0cffb82ddd71f0a51fcf56ce,25843171,SELL,2489.74273585,9.2197596846
0x98592d4b75c38b5964987d1628613fe3f7753698,25843172,SELL,2489.34719826,4.8769171157
0x35709dca0ca1089b8cc82ce3ba5a8324f53ed78f,25843172,SELL,2489.19327714,0.6098358584
0x6f0a91ef8adeb54db0e63be507747ab9a31d3926,25843179,BUY,2491.62815314,4.2969599414
0x953572ff7c79479e50be86d13af9a19f73a4c6b8,25843182,SELL,2489.09145708,5.9456397345
0x81dc771e308c76c3e06f635abed7fb24830fb824,25843185,BUY,2491.20312063,23.9909239444
0x218762d6b22519ad283dd3d7ff9f7f090eb40114,25843187,BUY,2491.87984110,0.0001041049
0x5ae025a83cf86113802eebab969b5fb742e97331,25843187,SELL,2489.38564525,0.0007436337
0x8f3ac035ccf139da8120c497dacf318be73034c4,25843187,SELL,2489.38504692,0.0004632040
0xeaa9ebddd373c4bd8bb92dfcc9c7e7fcdb268e51,25843190,SELL,2489.07118086,11.2140345084
0xc1c9147e0b26d3fb03b78fee9d7f4ef88315b9eb,25843190,SELL,2488.75636177,0.0004895799
0xbb65535ce56c1323949f9186a9bc0d0f1e02f2c4,25843190,SELL,2488.75642178,0.0002019908
0x50b3d0463cb6fb0d458456bae1096ba21d3580ab,25843190,BUY,2491.24862948,0.0000585393
0x0d54b2d929a84f1369255185ec558ff3f98b89e1,25843195,SELL,2488.40450400,0.0012681033
0x5d42951731ebcf9ecbd07dd6192a22eec37ba948,25843204,BUY,2489.59756017,0.7679173163
0x8459ac2d2ec6c5726f18d6291f472c7149807660,25843204,BUY,2489.62052978,0.0002407266
0x265093acf17892db3776e212cfcfd4002a475125,25843204,BUY,2489.62156514,0.0001651633
0x27f0fe8718f10330c1957ae99e69ec6cce569284,25843204,SELL,2487.12762472,0.0003400630
0x69f0dea137761837eaa4ecf937820e8b8031149f,25843204,SELL,2487.12960420,0.0002168930
0xe21a14f83f22738e65f3ef24525b7cee32356183,25843205,BUY,2490.10997142,0.0003991792
0xeaa9ebddd373c4bd8bb92dfcc9c7e7fcdb268e51,25843206,BUY,2490.35723346,8.8085875923
0x1bda9bca525eeaaaccd4c4c03e6f517b5edf9b64,25843206,SELL,2488.85080068,0.0004265945
0x3f37606736e78864b3ed719b01e4b4825e6aa680,25843206,BUY,2491.35981804,0.0000071210
0xbeef1aae567dc59b8ebe153089057c08ed932542,25843210,BUY,2491.15318883,0.0001347348
0xeec956e3875ecfc6b41ce3eb22241374995e57d0,25843218,SELL,2488.42024000,1.1000000000
0x8feaeea90d3a79c6cd3ea71d2fff2f9467fed7fa,25843220,BUY,2490.87997164,0.0008332449
0x34036033615d9de9e678d33350b9e41e23f2f51d,25843220,BUY,2490.84784701,0.0294533583
0x574be013006558d0a5682a6b0508f02d147377bf,25843221,SELL,2489.39645141,0.0411358098
0xc8426fc858d8e816c0482e7b8229febd9c8a6006,25843226,BUY,2491.93363896,0.0001539909
0xce2e64a1a5412b7bf2c279e43c32244e76dfa004,25843226,BUY,2491.93476583,0.0000544902
0xc0e4307863940468df35a27236f3d5b2e64d81dd,25843226,SELL,2489.43974947,0.0002452170
0xada5bb90d0de0bd1b6f3938708f49295a8d1f7cb,25843226,BUY,2491.95513076,0.7950886698
0x0afa3a877055f93c87381a7407db9c3d8c1bff47,25843228,BUY,2492.65520568,0.0003661806
0x223f5116e7231a8565e609a7c4e8977f0d96f148,25843228,BUY,2492.66179388,0.0000366652
0xd9d8f818a7a71ed0e1fe936b991508b0e88b1609,25843230,BUY,2493.04033459,13.7578039304
0x7bf30399dba8051c2bf191afe2cd07ea4e064625,25843233,BUY,2494.02953833,11.1922152573
0x8d36163e8b2e4f47a0c22d6554449c606fe02425,25843236,BUY,2494.79191224,0.0002628191
0x6f0a91ef8adeb54db0e63be507747ab9a31d3926,25843237,BUY,2495.12800853,11.9491237007
0x1ae7ad7b5515f81db1efa9c4b024adf15d3b4901,25843240,BUY,2495.48278640,0.0000474165
0x5ac68b9d961bd5b7883c9dd34f69de50cdeaa33f,25843244,BUY,2495.48394876,0.0002096756
0xedd8d28cd832f96f9496e421b12ea531d775a09c,25843245,BUY,2495.48758688,0.0001340592
0xbee4b69f6821ee7196182788392ff188bac99011,25843247,BUY,2495.62656534,5.1168518657
0x331d9a049d496385998067abf6cbb6371c8d2466,25843248,BUY,2496.53058432,4.4822852194
0x51301f41c8f83fbdffaeee11f846e9c114fb8046,25843254,BUY,2496.91040725,6.6113700997
0xcad97616f91872c02ba3553db315db4015cbe850,25843255,BUY,2497.36109650,0.0055842657
0x4215f2014239cf0e1a8617b31fcaf88aac6e4779,25843259,SELL,2495.66435128,0.2493418058
0xcef75365458d5f6533029484fc4d94db403815dd,25843262,BUY,2498.70241011,2.0010723553
0xaa2eb2ecc04069ad8c9ce48c18e0e580f35f2fe0,25843264,BUY,2500.07382824,0.0001724441
0xc2efdaf9efb2d3a71716808138ef87e4a1a60ac9,25843264,BUY,2500.07512240,0.0000813484
0x51301f41c8f83fbdffaeee11f846e9c114fb8046,25843266,BUY,2500.26321001,6.8009169578
0xb36ce3f521a1ff4b0cffb82ddd71f0a51fcf56ce,25843267,BUY,2501.46808436,35.7297143429
0x5b43453fce04b92e190f391a83136bfbecedefd1,25843268,BUY,2503.01226571,18.4446059372
0x5b43453fce04b92e190f391a83136bfbecedefd1,25843269,BUY,2504.03607788,17.4162069202
0x81dc771e308c76c3e06f635abed7fb24830fb824,25843270,BUY,2504.97604816,15.4884575888
0x749fe1885440ba5ec7381c9fde06fd05b83c4c5c,25843274,BUY,2505.43151105,0.0175593221
0xc0ffeeb180b16d93f8e9713ac7a5d29f43338643,25843274,BUY,2505.43571697,0.0001297331
0xdb0e558e59cc03cf59c5c839bd91e7b055fc3ba4,25843275,BUY,2505.43266351,0.0000414882
0x9109104c065bdfd6f80afa2536e1ce8b4d266b1f,25843283,SELL,2503.02636944,0.0002655829
0xb12f4baeb61c8fd0692ea6ab9577b5f1c3c77315,25843283,SELL,2503.02749318,0.0008227644
0x2e7d6b45adec90ee1e8839627c9304984149c36c,25843283,SELL,2503.02733084,0.0008667041
0x84fb4bc276f21126ad4f1e80137378d498563b2e,25843283,SELL,2503.02740307,0.0010985022
0x5b43453fce04b92e190f391a83136bfbecedefd1,25843285,SELL,2501.79189728,43.3335302701
0xf73644da46ab85da864fc4284322f489134ee82c,25843287,BUY,2501.57960053,0.0090023120
0x33dbbc9a285b290b8d7d337d3a56ec4b359fe72e,25843291,SELL,2498.73662393,11.6475068798
0xf9ad3a3f0a49d0b489211dc98960b2da016cc08a,25843295,BUY,2501.08602844,6.3237931007
0x4b03c323b67f297fba42ef9541ae445ab29552b5,25843295,BUY,2501.37286452,3.7787586389
0x4b03c323b67f297fba42ef9541ae445ab29552b5,25843295,BUY,2501.50387289,0.0000376765
0x5fc2abd00309df6f7ec13db287adcd49bd171e87,25843297,SELL,2498.97591106,0.0002729770
0xa54d0e3d7af65ac79ca18e5e1d4fcb6038096502,25843297,SELL,2498.97892662,0.0003754706
0xdd9ca63877441e0000003bed4379836d147978a4,25843300,BUY,2501.48392078,0.0002144311
0xdd9ca63877441e0000003bed4379836d147978a4,25843300,BUY,2501.57365423,0.0000014879
0x315d2ee4fccda0def532ef4108ff57204f8d9eba,25843305,SELL,2498.93028825,0.0119646571
0x091179e3c74e33545ce8cc07fa385827256cb84f,25843314,SELL,2498.16946938,0.0104851438
0x4f52fa651c943931bc87a40557e314f15ed9c430,25843321,BUY,2501.36636510,2.8880055720
0xe098bb7b05df6a38d6d8d5ead5f04e0480bd1708,25843321,BUY,2501.58591126,0.0001137998
0x6cb871ab6af4313611513e8b3ea3893208d1ba09,25843321,BUY,2501.58482715,0.0002078854
0x3c0afde07da6a1f231b7b7ee5c1c9f9f3a1cdc9a,25843321,BUY,2501.58104371,0.0000703039
0x39d41f3febe5c54aad81fbec43bef823f97d369e,25843327,SELL,2499.03502441,0.0527049600
0x81a244fe80264676526db58a7541779a80339309,25843333,SELL,2497.77189821,4.1693674184
0xebedc8e9ff409b23dd251f87ccbffa8075f87255,25843335,SELL,2497.59996965,1.9323774734
0x804cebbec007358dc1dac710a0a03c1364d09c4e,25843335,SELL,2497.54532486,0.0005751627
0x9109104c065bdfd6f80afa2536e1ce8b4d266b1f,25843335,BUY,2500.06163716,0.0000394690
0xec56b970ed8393a6f20f6e8997f4c32bd3529e4b,25843335,SELL,2497.54520241,0.0002422427
0xe77fda2a670441198730c7bdc025bb58751caf28,25843335,SELL,2497.54490175,0.0012848538
0xc8df1a5953aa7f62a35ff1501e0c10eb3c33ebfe,25843336,SELL,2497.10485497,15.6359495807
0xeaa9ebddd373c4bd8bb92dfcc9c7e7fcdb268e51,25843341,SELL,2495.84936098,1.9521986704
0xf262bc650ff463ef9e50fdb439a138b5044b89ee,25843341,SELL,2495.53406665,9.1579000000
0xc06ca385bc708cf09a3d7052ec24217395db6b72,25843347,BUY,2497.47272244,0.0001687206
0xd759b4df8a7ea1ba4f333365f91bcd7f8accb16d,25843347,SELL,2494.97147178,0.0003140866
0x81dc771e308c76c3e06f635abed7fb24830fb824,25843349,SELL,2494.79864773,6.1807035566
0xeaa9ebddd373c4bd8bb92dfcc9c7e7fcdb268e51,25843351,SELL,2493.75280181,30.7398106037
0xcd2301f8d9c922e8cba4453a19a424dd972e7462,25843353,SELL,2492.68136545,2.0810280800
0x4e0d51b003331882381cad8a9e30474234298f64,25843354,SELL,2492.22838236,14.0000000000
0x6cb871ab6af4313611513e8b3ea3893208d1ba09,25843358,SELL,2493.19306490,0.0003901852
0xba90683094b9184782846a9c9870c7dc66b6b78e,25843358,SELL,2493.19245045,0.0002264402
0x7ed11783b631c896616bab9bf47a3201e5e41c04,25843360,SELL,2493.19347909,0.0002742804
0x6830b640c283979227891975d1e9c6e5af76481a,25843360,BUY,2495.69084862,0.0000624368
0xec03e4d1546b570ecd25c0d370ffefda1f34ac5d,25843362,SELL,2493.44604870,2.3447695125
0x0f9e0814e7f9c1a5906cb1e9691ea82b27b5dd9d,25843367,BUY,2497.99661548,0.2841309654
0x51301f41c8f83fbdffaeee11f846e9c114fb8046,25843370,BUY,2498.52500889,6.0572933587
0xb36ce3f521a1ff4b0cffb82ddd71f0a51fcf56ce,25843372,BUY,2498.98803480,10.3231723201
0xf425024a181dbaecab53079c213d32001f49102b,25843376,BUY,2500.82046330,2.2307595978
0x81dc771e308c76c3e06f635abed7fb24830fb824,25843377,BUY,2501.53869008,23.0668408615
0x068b623b5cc23300f6a44b1fe31bb213db031c33,25843378,BUY,2502.30275367,3.6711978934
0xb36ce3f521a1ff4b0cffb82ddd71f0a51fcf56ce,25843383,BUY,2503.92804371,7.7516027087
0x81dc771e308c76c3e06f635abed7fb24830fb824,25843384,BUY,2504.78077947,22.1006445641
0x088e79f5d3dcd52b2302f283f42ca6d2907e572b,25843386,SELL,2503.23386149,0.0002476612
0x433702256b464248dcbe403c1334757be4ed9f26,25843386,SELL,2503.22351798,0.4017997741
0xed0be5bb6341829629e5a19300f3fef7490bb5e7,25843394,BUY,2505.73888074,0.0001061463
0xcdd38bfdd064da7a583f5026731be8fd742b34cf,25843394,SELL,2503.23324088,0.0008038975
0x9eb9e9b2ba5c2665a16beaa8e137410358b6beaf,25843394,SELL,2503.20217180,1.1014321600
0x2fe6520635f011daeb3474404c2bdd191c9846cd,25843397,BUY,2504.90581464,0.1412141678
0x6f0a91ef8adeb54db0e63be507747ab9a31d3926,25843407,BUY,2503.39635744,1.8130402245
0x194cf1b8727f1593660a2358e0fe59130710667b,25843407,BUY,2503.45105773,0.0003036684
0xb9f5f907ecdffaa267ab67d45bdac661d0acdfe6,25843410,SELL,2500.94495918,0.0009981739
0xf1d1aba8bd488c0f0b1ea4d2085b243091f9d410,25843411,BUY,2503.44923784,0.0401694580
0xf1d1aba8bd488c0f0b1ea4d2085b243091f9d410,25843411,SELL,2500.94649542,0.0363533595
0x2e5ef37ade8afb712b8be858fec7389fe32857e2,25843413,SELL,2500.90308300,1.4868291092
0xcde89f2f6ee755ef007e0d5eb312fd9a6c2ce193,25843420,SELL,2500.66841733,6.7463757726
0xce269e6ce7e1ba8bd5c1b11c3933c3ebe95742d9,25843422,SELL,2499.59909351,4.4132373746
0xcde89f2f6ee755ef007e0d5eb312fd9a6c2ce193,25843424,BUY,2501.04203751,0.0001472782
0xe53debf3d4e78f8797972512e0883962c3b1def4,25843426,SELL,2497.63377484,0.0004691200
0x30e614914c7f1ea4a04fc85988793418066187cf,25843432,SELL,2499.16262876,0.0003205274
0x5b43453fce04b92e190f391a83136bfbecedefd1,25843433,BUY,2501.85515281,6.6755551780
0x3d03f8ec826df6cef898add75e0bba67737c2375,25843433,BUY,2502.05115845,0.1963791981
0x370a7e2d300c14d79d4a7ee07aaca46c4b3012cf,25843437,SELL,2499.54352646,0.4180201176
0x41a5851a75249307b90581b04eec618297487816,25843440,BUY,2502.03816854,0.0000430245
0xb2a6d9850e826ee7cf6090b8bc54e714e5f6b976,25843440,SELL,2499.53125409,0.0004055024
0x594c151eb23e9c66b0ca6a67a58f21efc0b9076b,25843440,SELL,2499.53190526,0.0002291633
0x6830b640c283979227891975d1e9c6e5af76481a,25843440,SELL,2499.53061562,0.0002119962
0xc1595a1cc7c06f81b112418156b9d0640eb2aa0d,25843448,SELL,2499.53091071,0.0003960843
0x043aac412d479c21d61ca554186d40db06429a99,25843448,BUY,2502.03878493,0.0001568793
0x90f887914fc178d9d6ec768bc511ae79e77f8003,25843448,SELL,2499.52922172,0.0002073875
0x81dc771e308c76c3e06f635abed7fb24830fb824,25843485,SELL,2501.94576358,17.9310046685
0x774bbde2c1462b695ccd7eba3370bdd8f1de5aef,25843487,BUY,2503.93093784,0.0001105194
0x0b3e50a48cc5366caeec5a2460bf7b652031cab9,25843487,BUY,2503.92844178,0.0001019762
0xb090f8b49470c93081d0e38517a673c536a25303,25843487,SELL,2501.42096142,0.0009630462
0xa82b8e367c2c11a53b9e66f935ad72ee01ef6955,25843487,SELL,2501.42000000,0.0003939259
0x94ff6cb565cf483676655d689f43eff6b0215b4d,25843487,SELL,2501.42042912,0.0006272112
0xa227110d64cf8e25f3aa5ad8ef1e6fca4b62d141,25843500,SELL,2500.91919192,0.0000990000
0xa227110d64cf8e25f3aa5ad8ef1e6fca4b62d141,25843500,SELL,2500.91919192,0.0000990000
0xa227110d64cf8e25f3aa5ad8ef1e6fca4b62d141,25843503,BUY,2503.42727817,0.0004944042
0x083965fd8e1d306e02d6927549f47e9038e3d439,25843508,SELL,2500.94401785,0.0002441574
0x3482d9a357ba687c57237ec1587e9f7484856f0e,25843508,BUY,2503.45004554,0.0019569350
0x3482d9a357ba687c57237ec1587e9f7484856f0e,25843508,BUY,2503.46338473,0.0000403086
0x574be013006558d0a5682a6b0508f02d147377bf,25843510,SELL,2500.94690172,0.0021632027
0x3331d49c3bb3dda001acabd09e5cdb0eb80f7e09,25843524,BUY,2502.41303589,2.2541989033
0xb9f5f907ecdffaa267ab67d45bdac661d0acdfe6,25843525,BUY,2502.48490056,0.0001096294
0x587efcb82dfa33e90cff5e48d6933e48cdb0d504,25843525,SELL,2499.97546742,0.0002611206
0x6cb871ab6af4313611513e8b3ea3893208d1ba09,25843525,SELL,2499.97330323,0.0003479461
0x962a628a823a8ea034458234c31f8b11dfdb762a,25843525,SELL,2499.97502334,0.0002100601
0xc8df1a5953aa7f62a35ff1501e0c10eb3c33ebfe,25843543,SELL,2499.92533050,1.7468318264
0xe9a241db157295f6b9978d95dd3aae8162119137,25843548,SELL,2497.99977818,4.1742289403
0x6f0a91ef8adeb54db0e63be507747ab9a31d3926,25843549,SELL,2497.65419666,10.3077917806
0x9eb9e9b2ba5c2665a16beaa8e137410358b6beaf,25843550,SELL,2496.91963705,20.4849800286
0xc8df1a5953aa7f62a35ff1501e0c10eb3c33ebfe,25843555,SELL,2496.16929304,10.9630339414
0x43f0665f3a38f66fffde59a3549292e8a5592646,25843555,BUY,2498.40452266,0.0001168598
0x51301f41c8f83fbdffaeee11f846e9c114fb8046,25843631,SELL,2494.06792511,4.0510049936
0x8df1928a93d13faae857322e4162fd94211b75c4,25843632,BUY,2496.47243527,0.2415751195
0x56c262027e0de4aea31d2489529cb25d23e58a8b,25843634,SELL,2493.98220040,0.0014910134
0x8a73185ecc9fa7a6417272656fb045318e9e0878,25843638,BUY,2496.34322131,0.0001341250
0xdf8adfe10d4a4d9f0fc4d3e377a6e8d5730eb40c,25843639,SELL,2493.82585426,0.7199999996
0xd2349f84d7573d61e98c59b6c9440bee0f725fd2,25843640,SELL,2493.77975590,1.1611042832
0x2155044050b66922f739f71060535f4a8477bbd1,25843640,SELL,2493.75178821,0.0002283519
0x587686c5c2e062292c70738b428cdd63f92b4f81,25843648,BUY,2496.24787615,0.0119205069
0x00000027f490acee7f11ab5fdd47209d6422c5a7,25843650,SELL,2493.54973097,0.7564955166
0x7ea49f025d36450ffe9c5b99749f2fa7c11cfd58,25843701,BUY,2495.80692255,0.0002182220
0x7ea49f025d36450ffe9c5b99749f2fa7c11cfd58,25843701,BUY,2495.80873420,0.0001604378
0x259e505dd5bb862a86cb788c315684d83138ee0b,25843705,SELL,2493.30768042,0.0004819429
0xdb0e558e59cc03cf59c5c839bd91e7b055fc3ba4,25843783,BUY,2496.04833048,0.0005127982
0x00000000216d0d765f8cf13a21cbab92f2aa0062,25843785,SELL,2493.55238324,0.0010463229
0x00000000216d0d765f8cf13a21cbab92f2aa0062,25843785,BUY,2496.17964817,0.0000072495
0xc8df1a5953aa7f62a35ff1501e0c10eb3c33ebfe,25843854,SELL,2493.86790219,7.5039122600
0x7c73ca875b124612a65f948c0408ed84479f282f,25843856,BUY,2496.15673502,0.0001379561
0x84fb4bc276f21126ad4f1e80137378d498563b2e,25843856,BUY,2496.15214286,0.0002497196
0x7b49bc3ebbdf7322f31c6449320382bbec3be1b6,25843884,SELL,2495.65079054,0.6834236058
0xc8df1a5953aa7f62a35ff1501e0c10eb3c33ebfe,25843885,SELL,2495.36316009,10.7484713940
0xab102c6d1bafa1c58739e45de6075e05083b7d08,25843885,SELL,2495.00293762,4.2640899418
0x6bfe5eb03579e86eec5aaeecf3a79b99c081582f,25843887,BUY,2497.40126275,0.0000798374
0xa86c23a73cb483e687b8e07d3c4e8481ffca2ad0,25843887,BUY,2497.40621021,0.0000469191
0xd895e5d52e40f89057d73633df4d0e20ff60f976,25843887,SELL,2494.90018239,0.0013470286
0xebd940439c7c08b85bc14c69537b991e46ac798b,25843887,SELL,2494.89843570,0.0002183500
0x1860d88506c21da0d58371959e838fd18107ca1e,25843887,SELL,2494.89786851,0.0002452028
0x5934e06498db785ff26807161ce9d09063231321,25843962,BUY,2491.63824896,40.0767221441
0xd7e1236c08731c3632519dcd1a581bfe6876a3b2,25843963,BUY,2492.60570452,0.1100330620
0xb19c265d240326578eeb346189ebd96ae84949a9,25843963,BUY,2492.61007204,0.0731515479
0xa870a36d98da52db37e10d4deb287a2f04c652ee,25843968,BUY,2492.61585871,0.0003903582
0x3ada1f9b0f7f34532a7148cd6cbe3837512cb2a2,25843968,BUY,2492.61788716,0.0001072359
0x790f117af8169487725a1c3e92828176042cfc88,25843984,SELL,2489.45382162,5.7040203657
0x091179e3c74e33545ce8cc07fa385827256cb84f,25844009,SELL,2489.16742570,0.0099382126
0xba007fa8814b1e7654d8b5f1d77f3469704bd791,25844059,SELL,2491.90984247,0.0156355581
0xd95c3b79ea4b5a8390ae9e175fc375885899b3e0,25844095,SELL,2491.43863501,0.0002263327
0x1d51bf8329c98dd95090904045857f3ffdd98f0a,25844100,SELL,2491.44054545,0.0495000000
0x6f0a91ef8adeb54db0e63be507747ab9a31d3926,25844137,SELL,2493.12975111,2.7807702507
0x4597a10df30031d96c3e0a084db4ba9bdb7b81cc,25844138,SELL,2492.67605699,0.0002457074
0xe06f653deb866c5bf125a5c25bf46efc96641eca,25844139,SELL,2492.63885229,1.6965941826
0xc0ffee1864731c3c33a1967fc8e0fbf454a6a006,25844142,BUY,2495.10012124,0.0001235257
0x363f5345d09f6d7e04c0be8233a65c0601b6d19c,25844143,BUY,2495.10165731,0.0000374105
0x3c0afde07da6a1f231b7b7ee5c1c9f9f3a1cdc9a,25844149,BUY,2495.09821289,0.0001308983
0x4e1e24a9c6f4ab962dfc43a9fc05170dca2585cf,25844201,SELL,2486.95861805,1.0359365147
0x586c6637be415a0cece0d0601922d2c6addc7b2a,25844205,BUY,2489.41949150,0.0199845788
0x81dc771e308c76c3e06f635abed7fb24830fb824,25844207,SELL,2486.67007047,4.1717082456
0x9eb9e9b2ba5c2665a16beaa8e137410358b6beaf,25844471,SELL,2484.60030725,12.2885696930
0x10c34e4ca5efa425cab1b5a057a43463697e5eec,25844486,SELL,2483.58573012,0.0002648473
0x889ba996b44bfd41da65c859641808440ade0eb6,25844491,SELL,2483.52519212,0.0050064175
0xb2e3978ddf13dc7210f8467baa5336509e5c26ca,25844493,SELL,2482.78744549,0.7634471100
0x574be013006558d0a5682a6b0508f02d147377bf,25844497,BUY,2485.25096880,0.0100593462
0x64f7b44f8b77fbb6b9e60c30cbb753ab682626e3,25844503,BUY,2485.25131178,0.0020118690
0x6f0a91ef8adeb54db0e63be507747ab9a31d3926,25844505,SELL,2482.00817543,12.4088814299
0x0e14a3e9af1afdfc60554e3e2a40c8284d647093,25844511,BUY,2484.58994327,0.0563473262
0x0e14a3e9af1afdfc60554e3e2a40c8284d647093,25844511,BUY,2484.59310392,0.0563472545
0xafe1ad9593beeb5b8999fd00000197528950fbd1,25844512,BUY,2484.60267156,0.2845525396
0x946aea7656d11b52f2677230987ebb01d551858d,25844517,BUY,2485.69565538,6.0510038743
0x946aea7656d11b52f2677230987ebb01d551858d,25844517,SELL,2483.37972034,0.0180984320
0x81a244fe80264676526db58a7541779a80339309,25844517,BUY,2486.11302293,8.8547289938
0xd364b963cfc8002f35c65c6465227a310b7dd7ea,25844519,BUY,2486.50083390,2.9362184892
0x8feaeea90d3a79c6cd3ea71d2fff2f9467fed7fa,25844521,BUY,2487.51374062,0.0000208554
0xebedc8e9ff409b23dd251f87ccbffa8075f87255,25844522,BUY,2487.86823576,12.7197965323
0x6acc3bb61a98da2c1baa6f59d7db2f7cf47f28e1,25844522,SELL,2485.73485602,0.0002625634
0x28ca9f71519d1b1fdd59725492d734fa4a0ef7da,25844522,BUY,2488.22759202,0.0002215079
0x5b43453fce04b92e190f391a83136bfbecedefd1,25844533,BUY,2489.11029968,30.8453576798
0xdeb8cb5dbc1d229a6c9d89a199a5c34c5f4ef795,25844538,SELL,2487.48138903,0.0987589600
0x51301f41c8f83fbdffaeee11f846e9c114fb8046,25844547,SELL,2486.50890924,9.7807352838
0xeaa9ebddd373c4bd8bb92dfcc9c7e7fcdb268e51,25844549,SELL,2486.06343904,6.1456155439
0x24e0e70267a2ffa87ea8069f1f8a2e92fd6e3f45,25844550,BUY,2488.37944296,0.0000618507
0x9eb9e9b2ba5c2665a16beaa8e137410358b6beaf,25844560,BUY,2488.85993150,17.1716264825
0xeaa9ebddd373c4bd8bb92dfcc9c7e7fcdb268e51,25844561,BUY,2489.72059000,13.5861956277
0xf90029931c7a9a27e350cd35c91cbedbb58350c4,25844561,BUY,2490.10191928,0.0405720775
0x6f0a91ef8adeb54db0e63be507747ab9a31d3926,25844562,BUY,2490.24565598,5.0954855568
0xdad5bf286bba4def2289721b23021d952de2f4d1,25844593,BUY,2497.07883845,0.0000734911
0x7cd2e1f1872852d24514736c4af65dd058bb182b,25844593,BUY,2497.08931596,0.4875344739
0x2eca2e56d3540d3fba3d3602a05328a51c404e05,25844594,BUY,2497.12761386,0.0000373373
0xd05c8738244a116cf5dafa52d7094291c9e3aef2,25844598,BUY,2496.83887467,0.0000263453
0x81dc771e308c76c3e06f635abed7fb24830fb824,25844603,SELL,2493.98466698,10.3638843555
0xce64c2b2f430594d6a58640ef12e445b50cd3564,25844605,SELL,2492.80490549,0.6317276364
0x18177b618bcbf8b110b2ba4dffd6851fd91a6c89,25844621,BUY,2496.00397279,2.3640764255
0x3215494ec66674bfe6776fdfc8489886a286eb8b,25844624,BUY,2496.77046192,1.7500249253
0x43f0665f3a38f66fffde59a3549292e8a5592646,25844630,BUY,2496.85861460,0.0017829135
0x553e491483f25b89d5d636c94897fb5d179400a6,25844652,SELL,2491.88807987,30.0000000000
0x8a73185ecc9fa7a6417272656fb045318e9e0878,25844693,SELL,2486.19581483,1.5511102545
0x6bf97afe2d2c790999cded2a8523009eb8a0823f,25844697,SELL,2485.96841213,4.7026241560
0x9235910f410478b89f86e06be0e4535335af6dea,25844699,BUY,2488.37253751,0.0000381366
0xabb2acd3be814a80e502575d6c1dc5f789e9cd10,25844702,BUY,2488.35912228,0.0009637086
0xeb543f6759743fcb718876a97f007fe190b82a1d,25844707,SELL,2485.31000000,0.0004000000
0xeb543f6759743fcb718876a97f007fe190b82a1d,25844708,SELL,2485.31000000,0.0004000000
0x62e4ad372480d9fb8f76734528b245a83d39e0a3,25844724,SELL,2484.56851426,3.2732718117
0xc68b47895e4e00fa023eb2980f92d35a2187d3cf,25844732,BUY,2486.77189746,0.0001309167
0x5c096ef846447cb935c5d247e4ab2a867ecc33a9,25844734,BUY,2487.29933971,0.0000576059
0xeaa9ebddd373c4bd8bb92dfcc9c7e7fcdb268e51,25844778,BUY,2486.63753587,2.2608750205
0x762df7c0d229f32ab5a903fbe8b597cf8263bc65,25844778,BUY,2486.70373631,0.1005238985
0xb36ce3f521a1ff4b0cffb82ddd71f0a51fcf56ce,25844779,BUY,2486.99243164,10.1966678102
0xcfd892ff1350533034744ab5b98ea7f8551d5317,25844779,BUY,2487.36570117,3.1149071009
0x81dc771e308c76c3e06f635abed7fb24830fb824,25844780,BUY,2487.74833837,10.5270786575
0xcb70eb982bdc3692e304c3b5d2a97e3800746f5d,25844780,BUY,2488.15472537,3.9587704923
0xb090f8b49470c93081d0e38517a673c536a25303,25844785,SELL,2485.77780952,0.0011255720
0x0e6447ba7af2aad3752239af32b3131452ac3cb5,25844785,BUY,2488.27958460,0.0000564370
0x43f0665f3a38f66fffde59a3549292e8a5592646,25844785,BUY,2488.26718914,0.0005491207
0x380075bda2e2ac9b3106d00ae2763cdfed5e5248,25844790,SELL,2485.46273340,0.5588100052
0x6addefba9c92f6086dd0628121a403c0a4c1aad3,25844790,BUY,2487.93563932,0.0444400511
0x95dd8db1c0c066eba8c37cd1c6b4c895500b20f2,25844790,BUY,2487.93708308,0.0052370593
0x8c227ed0de8de1e0d41f1a7c14591e9dbe260d86,25844795,BUY,2487.63338568,0.0132619281
0x8d7b910ba272b9521ac9de930a656a0b9c979ef3,25844824,SELL,2485.93640956,0.0600803441
0xbee841c6900a1947443f5ce6f72f774ecdce9541,25844827,BUY,2488.44260947,0.0000474574
0x4964b9edf1a7460662f9487e5848398fe3984ec1,25844828,BUY,2488.43874817,0.0000452227
0xe14718bef006e054065bd19b9afff936fd8a7ee8,25844828,SELL,2485.93397090,0.0009967035
0xefde6897d6f2971977d246336e77246d4ee3412d,25844839,SELL,2485.93447500,0.0171141755
0xb5be0bc64cc83c53ed309ce065212548685f7698,25844843,BUY,2488.43444628,0.0000334174
0xd895e5d52e40f89057d73633df4d0e20ff60f976,25844865,SELL,2487.04043057,0.0008313842
0x9dbc660d7d1c4ec3ff099c0adbcd6ae7232d085c,25844866,BUY,2489.69794838,6.0097651644
0xebedc8e9ff409b23dd251f87ccbffa8075f87255,25844877,BUY,2490.86182121,7.4727594279
0xac91f4901f07b1199ddf8c2bb8851c1913aecf0f,25844877,BUY,2491.19743832,4.5330742186
0xec03e4d1546b570ecd25c0d370ffefda1f34ac5d,25844878,SELL,2489.05493299,3.4467718013
0x5b43453fce04b92e190f391a83136bfbecedefd1,25844902,BUY,2492.37756154,3.9100142019
0xc87ad9552c914ff58efe61655ed2774dcb16a4d9,25844903,BUY,2492.49526037,0.0000286957
0x88504bba496cf77c46d7b5b44dced57a8b1afca3,25844904,SELL,2489.71818744,9.9125000000
0x3af24b14590917bf0d07b03bf1114cec3b69ae94,25844904,BUY,2491.93943171,0.2435588033
0x097976c65961e859d7fb55a1cbf420c127c805fc,25844910,SELL,2490.50738118,2.7190539406
0x0ff050733418ed31b359c935ea2273889674e7ef,25844923,BUY,2492.92393685,0.0018433202
0xc77a078a0e45bb30912c1e3bb0c20571e6728dfa,25844929,SELL,2490.42983042,0.0591823549
0xc623b0b546bf3031ba88a583a46d5180df8d67c2,25844949,BUY,2492.89128935,0.0047114040
0x7c8d53f9830bf2ea1bbec53e6f588b8f14970014,25844958,BUY,2492.82832066,0.0040115077
0x1f6c1eb450b5fa734df678650f856f1d7a5eacf0,25844975,BUY,2492.45201889,0.0004159294
0x097976c65961e859d7fb55a1cbf420c127c805fc,25844980,SELL,2489.94740611,0.4014465553
0x497c508c0f12dd765b5e638ce2626b9d3fbac7dd,25844984,BUY,2492.70306723,0.0040117093
0x0beea0e1f3d79cb55633530e291336dab9a7d82d,25844984,BUY,2492.75172252,1.7346079892
0x66aff629c61ff204547fa73f0192085ea8cc95cc,25844995,BUY,2494.06384816,0.0000654253
0xb36ce3f521a1ff4b0cffb82ddd71f0a51fcf56ce,25844996,BUY,2494.48246823,15.1362794451
0x72e5dc60d7f7009e4df877dc924ec02a9e580066,25845000,BUY,2495.18899035,4.0061093723
0xf85c64158fea32f4277a04d076b0bf678427b5b1,25845022,SELL,2492.55237400,0.0003207547
0x81dc771e308c76c3e06f635abed7fb24830fb824,25845031,SELL,2492.40302834,5.4234992212
0x40872447c9341e90845d5c7dbf1d8eea1e52098e,25845034,SELL,2492.24793636,0.0079580100
0x15d8bda51d79274fd67a7e86f62338188b90709c,25845052,SELL,2488.50012852,3.1933636651
0x370a7e2d300c14d79d4a7ee07aaca46c4b3012cf,25845081,BUY,2493.08028435,0.0009430194
0xe08601993c1cec2ed6a1d2461c01f714bdf414a4,25845111,BUY,2492.23417279,0.0000447972
